  0
SECTION
  2
HEADER
  9
$ANGBASE
  50
0.0
  9
$ANGDIR
  70
1
  9
$MEASUREMENT
  70
0
  0
ENDSEC
  0
SECTION
  2
TABLES
  0
TABLE
  2
LTYPE
  70
4
  0
LTYPE
  5
40F
  2
CONTINUOUS
  70
0
  3
Solid line
  72
65
  73
0
  40
0.0
  0
LTYPE
  5
410
  2
DASHDOT
 70
0
  3
Dash Dot ____ _ ____ _
 72
65
 73
4
 40
2.0
 49
1.25
 49
-0.25
 49
0.25
 49
-0.25
  0
LTYPE
  5
411
  2
DASHED
 70
0
  3
Dashed __ __ __ __ __
 72
65
 73
2
 40
0.75
 49
0.5
 49
-0.25
  0
LTYPE
  5
43B
  2
DOTTED
 70
0
  3
Dotted .  .  .  .
 72
65
 73
2
 40
0.2
 49
0.0
 49
-0.2
  0
ENDTAB
  0
TABLE
  2
STYLE
  70
4
  0
STYLE
  2
KICAD
  70
0
  40
0
  41
1
  42
1
  50
0
  71
0
  3
isocp.shx
  0
STYLE
  2
KICADB
  70
0
  40
0
  41
1
  42
1
  50
0
  71
0
  3
isocp.shx
  0
STYLE
  2
KICADI
  70
0
  40
0
  41
1
  42
1
  50
15
  71
0
  3
isocp.shx
  0
STYLE
  2
KICADBI
  70
0
  40
0
  41
1
  42
1
  50
15
  71
0
  3
isocp.shx
  0
ENDTAB
  0
TABLE
  2
LAYER
  70
1
  0
LAYER
  2
BLACK
  70
0
  62
7
  6
CONTINUOUS
  0
ENDTAB
  0
ENDSEC
  0
SECTION
  2
ENTITIES
0
LINE
8
BLACK
6
CONTINUOUS
10
1.2456861811023621
20
-0.2795647637795275
11
1.246071968503937
21
-0.2795647637795275
0
LINE
8
BLACK
6
CONTINUOUS
10
1.246071968503937
20
-0.2795647637795275
11
1.2464321259842519
21
-0.279713937007874
0
LINE
8
BLACK
6
CONTINUOUS
10
1.2464321259842519
20
-0.279713937007874
11
1.2468143307086614
21
-0.2797903937007874
0
LINE
8
BLACK
6
CONTINUOUS
10
1.2468143307086614
20
-0.2797903937007874
11
1.2471348031496063
21
-0.280005
0
LINE
8
BLACK
6
CONTINUOUS
10
1.2471348031496063
20
-0.280005
11
1.2474911811023621
21
-0.2801526377952756
0
LINE
8
BLACK
6
CONTINUOUS
10
1.2474911811023621
20
-0.2801526377952756
11
1.2477667322834645
21
-0.2804281889763779
0
LINE
8
BLACK
6
CONTINUOUS
10
1.2477667322834645
20
-0.2804281889763779
11
1.2480907086614172
21
-0.2806451574803149
0
LINE
8
BLACK
6
CONTINUOUS
10
1.2480907086614172
20
-0.2806451574803149
11
1.24830468503937
21
-0.2809661417322835
0
LINE
8
BLACK
6
CONTINUOUS
10
1.24830468503937
20
-0.2809661417322835
11
1.248577401574803
21
-0.2812388582677166
0
LINE
8
BLACK
6
CONTINUOUS
10
1.248577401574803
20
-0.2812388582677166
11
1.2487265354330708
21
-0.281598937007874
0
LINE
8
BLACK
6
CONTINUOUS
10
1.2487265354330708
20
-0.281598937007874
11
1.2489427952755905
21
-0.2819233070866142
0
LINE
8
BLACK
6
CONTINUOUS
10
1.2489427952755905
20
-0.2819233070866142
11
1.2490176377952755
21
-0.2823016535433071
0
LINE
8
BLACK
6
CONTINUOUS
10
1.2490176377952755
20
-0.2823016535433071
11
1.2491652755905511
21
-0.2826580708661418
0
LINE
8
BLACK
6
CONTINUOUS
10
1.2491652755905511
20
-0.2826580708661418
11
1.249166377952756
21
-0.2830535433070866
0
LINE
8
BLACK
6
CONTINUOUS
10
1.249166377952756
20
-0.2830535433070866
11
1.249240905511811
21
-0.2834302755905512
0
LINE
8
BLACK
6
CONTINUOUS
10
1.249240905511811
20
-0.2834302755905512
11
1.2491684251968505
21
-0.2837925196850394
0
LINE
8
BLACK
6
CONTINUOUS
10
1.2491684251968505
20
-0.2837925196850394
11
1.249240905511811
21
-0.3096728346456693
0
LINE
8
BLACK
6
CONTINUOUS
10
1.249240905511811
20
-0.3096728346456693
11
1.2491652755905511
21
-0.310440905511811
0
LINE
8
BLACK
6
CONTINUOUS
10
1.2491652755905511
20
-0.310440905511811
11
1.248577401574803
21
-0.3118601181102362
0
LINE
8
BLACK
6
CONTINUOUS
10
1.248577401574803
20
-0.3118601181102362
11
1.2474911811023621
21
-0.3129463385826772
0
LINE
8
BLACK
6
CONTINUOUS
10
1.2474911811023621
20
-0.3129463385826772
11
1.246071968503937
21
-0.3135342125984252
0
LINE
8
BLACK
6
CONTINUOUS
10
1.246071968503937
20
-0.3135342125984252
11
1.2445358267716535
21
-0.3135342125984252
0
LINE
8
BLACK
6
CONTINUOUS
10
1.2445358267716535
20
-0.3135342125984252
11
1.2431166141732284
21
-0.3129463385826772
0
LINE
8
BLACK
6
CONTINUOUS
10
1.2431166141732284
20
-0.3129463385826772
11
1.2420303937007873
21
-0.3118601181102362
0
LINE
8
BLACK
6
CONTINUOUS
10
1.2420303937007873
20
-0.3118601181102362
11
1.2414425196850394
21
-0.310440905511811
0
LINE
8
BLACK
6
CONTINUOUS
10
1.2414425196850394
20
-0.310440905511811
11
1.2413872047244094
21
-0.2906932677165354
0
LINE
8
BLACK
6
CONTINUOUS
10
1.2413872047244094
20
-0.2906932677165354
11
1.2081176771653543
21
-0.3129486220472441
0
LINE
8
BLACK
6
CONTINUOUS
10
1.2081176771653543
20
-0.3129486220472441
11
1.207436653543307
21
-0.3133117322834645
0
LINE
8
BLACK
6
CONTINUOUS
10
1.207436653543307
20
-0.3133117322834645
11
1.2070582677165353
21
-0.3133865748031496
0
LINE
8
BLACK
6
CONTINUOUS
10
1.2070582677165353
20
-0.3133865748031496
11
1.2067018897637796
21
-0.3135342125984252
0
LINE
8
BLACK
6
CONTINUOUS
10
1.2067018897637796
20
-0.3135342125984252
11
1.2063120078740157
21
-0.3135342125984252
0
LINE
8
BLACK
6
CONTINUOUS
10
1.2063120078740157
20
-0.3135342125984252
11
1.2059296850393701
21
-0.313609842519685
0
LINE
8
BLACK
6
CONTINUOUS
10
1.2059296850393701
20
-0.313609842519685
11
1.2055515354330708
21
-0.3135342125984252
0
LINE
8
BLACK
6
CONTINUOUS
10
1.2055515354330708
20
-0.3135342125984252
11
1.2051657480314961
21
-0.3135342125984252
0
LINE
8
BLACK
6
CONTINUOUS
10
1.2051657480314961
20
-0.3135342125984252
11
1.2048055511811024
21
-0.313385
0
LINE
8
BLACK
6
CONTINUOUS
10
1.2048055511811024
20
-0.313385
11
1.2044233858267717
21
-0.3133085826771653
0
LINE
8
BLACK
6
CONTINUOUS
10
1.2044233858267717
20
-0.3133085826771653
11
1.204102874015748
21
-0.313093937007874
0
LINE
8
BLACK
6
CONTINUOUS
10
1.204102874015748
20
-0.313093937007874
11
1.2037465354330708
21
-0.3129463385826772
0
LINE
8
BLACK
6
CONTINUOUS
10
1.2037465354330708
20
-0.3129463385826772
11
1.2034709448818897
21
-0.3126707480314961
0
LINE
8
BLACK
6
CONTINUOUS
10
1.2034709448818897
20
-0.3126707480314961
11
1.2031470078740156
21
-0.3124538188976378
0
LINE
8
BLACK
6
CONTINUOUS
10
1.2031470078740156
20
-0.3124538188976378
11
1.2029329921259841
21
-0.3121327952755906
0
LINE
8
BLACK
6
CONTINUOUS
10
1.2029329921259841
20
-0.3121327952755906
11
1.2026603149606299
21
-0.3118601181102362
0
LINE
8
BLACK
6
CONTINUOUS
10
1.2026603149606299
20
-0.3118601181102362
11
1.2025111417322834
21
-0.3115
0
LINE
8
BLACK
6
CONTINUOUS
10
1.2025111417322834
20
-0.3115
11
1.2022949212598424
21
-0.3111756692913386
0
LINE
8
BLACK
6
CONTINUOUS
10
1.2022949212598424
20
-0.3111756692913386
11
1.2022200393700788
21
-0.3107972834645669
0
LINE
8
BLACK
6
CONTINUOUS
10
1.2022200393700788
20
-0.3107972834645669
11
1.202072440944882
21
-0.310440905511811
0
LINE
8
BLACK
6
CONTINUOUS
10
1.202072440944882
20
-0.310440905511811
11
1.2020712992125984
21
-0.3100453937007874
0
LINE
8
BLACK
6
CONTINUOUS
10
1.2020712992125984
20
-0.3100453937007874
11
1.2019968110236221
21
-0.3096687007874016
0
LINE
8
BLACK
6
CONTINUOUS
10
1.2019968110236221
20
-0.3096687007874016
11
1.2020692519685039
21
-0.3093064173228346
0
LINE
8
BLACK
6
CONTINUOUS
10
1.2020692519685039
20
-0.3093064173228346
11
1.2019968110236221
21
-0.2834261417322835
0
LINE
8
BLACK
6
CONTINUOUS
10
1.2019968110236221
20
-0.2834261417322835
11
1.202072440944882
21
-0.2826580708661418
0
LINE
8
BLACK
6
CONTINUOUS
10
1.202072440944882
20
-0.2826580708661418
11
1.2026603149606299
21
-0.2812388582677166
0
LINE
8
BLACK
6
CONTINUOUS
10
1.2026603149606299
20
-0.2812388582677166
11
1.2037465354330708
21
-0.2801526377952756
0
LINE
8
BLACK
6
CONTINUOUS
10
1.2037465354330708
20
-0.2801526377952756
11
1.2051657480314961
21
-0.2795647637795275
0
LINE
8
BLACK
6
CONTINUOUS
10
1.2051657480314961
20
-0.2795647637795275
11
1.2067018897637796
21
-0.2795647637795275
0
LINE
8
BLACK
6
CONTINUOUS
10
1.2067018897637796
20
-0.2795647637795275
11
1.2081211023622047
21
-0.2801526377952756
0
LINE
8
BLACK
6
CONTINUOUS
10
1.2081211023622047
20
-0.2801526377952756
11
1.2092073228346456
21
-0.2812388582677166
0
LINE
8
BLACK
6
CONTINUOUS
10
1.2092073228346456
20
-0.2812388582677166
11
1.2097951968503937
21
-0.2826580708661418
0
LINE
8
BLACK
6
CONTINUOUS
10
1.2097951968503937
20
-0.2826580708661418
11
1.2098504724409449
21
-0.3024056692913386
0
LINE
8
BLACK
6
CONTINUOUS
10
1.2098504724409449
20
-0.3024056692913386
11
1.2431200393700788
21
-0.2801503543307087
0
LINE
8
BLACK
6
CONTINUOUS
10
1.2431200393700788
20
-0.2801503543307087
11
1.2438010629921259
21
-0.2797872440944882
0
LINE
8
BLACK
6
CONTINUOUS
10
1.2438010629921259
20
-0.2797872440944882
11
1.2441794094488188
21
-0.2797123622047244
0
LINE
8
BLACK
6
CONTINUOUS
10
1.2441794094488188
20
-0.2797123622047244
11
1.2445358267716535
21
-0.2795647637795275
0
LINE
8
BLACK
6
CONTINUOUS
10
1.2445358267716535
20
-0.2795647637795275
11
1.2449257086614174
21
-0.2795647637795275
0
LINE
8
BLACK
6
CONTINUOUS
10
1.2449257086614174
20
-0.2795647637795275
11
1.245308031496063
21
-0.2794891338582677
0
LINE
8
BLACK
6
CONTINUOUS
10
1.245308031496063
20
-0.2794891338582677
11
1.2456861811023621
21
-0.2795647637795275
0
LINE
8
BLACK
6
CONTINUOUS
10
0.3772697637795275
20
-0.2240814566929134
11
0.3814600787401575
21
-0.2267743700787402
0
LINE
8
BLACK
6
CONTINUOUS
10
0.3814600787401575
20
-0.2267743700787402
11
0.3847219291338583
21
-0.2305387795275591
0
LINE
8
BLACK
6
CONTINUOUS
10
0.3847219291338583
20
-0.2305387795275591
11
0.3867911417322835
21
-0.2350696850393701
0
LINE
8
BLACK
6
CONTINUOUS
10
0.3867911417322835
20
-0.2350696850393701
11
0.3875
21
-0.24
0
LINE
8
BLACK
6
CONTINUOUS
10
0.3875
20
-0.24
11
0.3870509842519685
21
-0.2431227952755906
0
LINE
8
BLACK
6
CONTINUOUS
10
0.3870509842519685
20
-0.2431227952755906
11
0.4225
21
-0.2783934251968504
0
LINE
8
BLACK
6
CONTINUOUS
10
0.4225
20
-0.2783934251968504
11
0.4225
21
-0.275
0
LINE
8
BLACK
6
CONTINUOUS
10
0.4225
20
-0.275
11
0.4775
21
-0.275
0
LINE
8
BLACK
6
CONTINUOUS
10
0.4775
20
-0.275
11
0.4775
21
-0.2851029527559055
0
LINE
8
BLACK
6
CONTINUOUS
10
0.4775
20
-0.2851029527559055
11
0.5225
21
-0.2850390157480315
0
LINE
8
BLACK
6
CONTINUOUS
10
0.5225
20
-0.2850390157480315
11
0.5225
21
-0.275
0
LINE
8
BLACK
6
CONTINUOUS
10
0.5225
20
-0.275
11
0.5775
21
-0.275
0
LINE
8
BLACK
6
CONTINUOUS
10
0.5775
20
-0.275
11
0.5775
21
-0.2851029527559055
0
LINE
8
BLACK
6
CONTINUOUS
10
0.5775
20
-0.2851029527559055
11
0.6224999999999999
21
-0.2850390157480315
0
LINE
8
BLACK
6
CONTINUOUS
10
0.6224999999999999
20
-0.2850390157480315
11
0.6224999999999999
21
-0.275
0
LINE
8
BLACK
6
CONTINUOUS
10
0.6224999999999999
20
-0.275
11
0.6775
21
-0.275
0
LINE
8
BLACK
6
CONTINUOUS
10
0.6775
20
-0.275
11
0.6775
21
-0.2850518503937008
0
LINE
8
BLACK
6
CONTINUOUS
10
0.6775
20
-0.2850518503937008
11
0.7225
21
-0.2850196456692913
0
LINE
8
BLACK
6
CONTINUOUS
10
0.7225
20
-0.2850196456692913
11
0.7225
21
-0.275
0
LINE
8
BLACK
6
CONTINUOUS
10
0.7225
20
-0.275
11
0.7775
21
-0.275
0
LINE
8
BLACK
6
CONTINUOUS
10
0.7775
20
-0.275
11
0.7775
21
-0.2850581102362205
0
LINE
8
BLACK
6
CONTINUOUS
10
0.7775
20
-0.2850581102362205
11
0.82186468503937
21
-0.2850399212598425
0
LINE
8
BLACK
6
CONTINUOUS
10
0.82186468503937
20
-0.2850399212598425
11
0.8225
21
-0.2850390157480315
0
LINE
8
BLACK
6
CONTINUOUS
10
0.8225
20
-0.2850390157480315
11
0.8225
21
-0.275
0
LINE
8
BLACK
6
CONTINUOUS
10
0.8225
20
-0.275
11
0.8774999999999999
21
-0.275
0
LINE
8
BLACK
6
CONTINUOUS
10
0.8774999999999999
20
-0.275
11
0.8774999999999999
21
-0.2850171259842519
0
LINE
8
BLACK
6
CONTINUOUS
10
0.8774999999999999
20
-0.2850171259842519
11
0.9162370078740157
21
-0.2850012598425197
0
LINE
8
BLACK
6
CONTINUOUS
10
0.9162370078740157
20
-0.2850012598425197
11
0.9168399606299212
21
-0.285
0
LINE
8
BLACK
6
CONTINUOUS
10
0.9168399606299212
20
-0.285
11
0.9168503149606299
21
-0.2850009842519685
0
LINE
8
BLACK
6
CONTINUOUS
10
0.9168503149606299
20
-0.2850009842519685
11
0.9193399606299213
21
-0.285
0
LINE
8
BLACK
6
CONTINUOUS
10
0.9193399606299213
20
-0.285
11
0.9212583858267717
21
-0.285188937007874
0
LINE
8
BLACK
6
CONTINUOUS
10
0.9212583858267717
20
-0.285188937007874
11
0.9225
21
-0.2851879133858268
0
LINE
8
BLACK
6
CONTINUOUS
10
0.9225
20
-0.2851879133858268
11
0.9225
21
-0.275
0
LINE
8
BLACK
6
CONTINUOUS
10
0.9225
20
-0.275
11
0.9774999999999999
21
-0.275
0
LINE
8
BLACK
6
CONTINUOUS
10
0.9774999999999999
20
-0.275
11
0.9774999999999999
21
-0.2851029527559055
0
LINE
8
BLACK
6
CONTINUOUS
10
0.9774999999999999
20
-0.2851029527559055
11
1.0225
21
-0.2850390157480315
0
LINE
8
BLACK
6
CONTINUOUS
10
1.0225
20
-0.2850390157480315
11
1.0225
21
-0.275
0
LINE
8
BLACK
6
CONTINUOUS
10
1.0225
20
-0.275
11
1.0774999999999999
21
-0.275
0
LINE
8
BLACK
6
CONTINUOUS
10
1.0774999999999999
20
-0.275
11
1.0774999999999999
21
-0.2850598818897638
0
LINE
8
BLACK
6
CONTINUOUS
10
1.0774999999999999
20
-0.2850598818897638
11
1.1225000000000001
21
-0.285022716535433
0
LINE
8
BLACK
6
CONTINUOUS
10
1.1225000000000001
20
-0.285022716535433
11
1.1225000000000001
21
-0.2775
0
LINE
8
BLACK
6
CONTINUOUS
10
1.1225000000000001
20
-0.2775
11
1.1775
21
-0.2775
0
LINE
8
BLACK
6
CONTINUOUS
10
1.1775
20
-0.2775
11
1.1775
21
-0.3125
0
LINE
8
BLACK
6
CONTINUOUS
10
1.1775
20
-0.3125
11
1.1225000000000001
21
-0.3125
0
LINE
8
BLACK
6
CONTINUOUS
10
1.1225000000000001
20
-0.3125
11
1.1225000000000001
21
-0.304832125984252
0
LINE
8
BLACK
6
CONTINUOUS
10
1.1225000000000001
20
-0.304832125984252
11
1.0774999999999999
21
-0.3048693307086614
0
LINE
8
BLACK
6
CONTINUOUS
10
1.0774999999999999
20
-0.3048693307086614
11
1.0774999999999999
21
-0.31
0
LINE
8
BLACK
6
CONTINUOUS
10
1.0774999999999999
20
-0.31
11
1.0225
21
-0.31
0
LINE
8
BLACK
6
CONTINUOUS
10
1.0225
20
-0.31
11
1.0225
21
-0.3049147637795275
0
LINE
8
BLACK
6
CONTINUOUS
10
1.0225
20
-0.3049147637795275
11
0.9774999999999999
21
-0.3049519291338583
0
LINE
8
BLACK
6
CONTINUOUS
10
0.9774999999999999
20
-0.3049519291338583
11
0.9774999999999999
21
-0.31
0
LINE
8
BLACK
6
CONTINUOUS
10
0.9774999999999999
20
-0.31
11
0.9225
21
-0.31
0
LINE
8
BLACK
6
CONTINUOUS
10
0.9225
20
-0.31
11
0.9225
21
-0.3049973622047244
0
LINE
8
BLACK
6
CONTINUOUS
10
0.9225
20
-0.3049973622047244
11
0.9193399606299213
21
-0.305
0
LINE
8
BLACK
6
CONTINUOUS
10
0.9193399606299213
20
-0.305
11
0.9174051968503937
21
-0.3048094094488189
0
LINE
8
BLACK
6
CONTINUOUS
10
0.9174051968503937
20
-0.3048094094488189
11
0.8774999999999999
21
-0.304825748031496
0
LINE
8
BLACK
6
CONTINUOUS
10
0.8774999999999999
20
-0.304825748031496
11
0.8774999999999999
21
-0.31
0
LINE
8
BLACK
6
CONTINUOUS
10
0.8774999999999999
20
-0.31
11
0.8225
21
-0.31
0
LINE
8
BLACK
6
CONTINUOUS
10
0.8225
20
-0.31
11
0.8225
21
-0.3048483070866141
0
LINE
8
BLACK
6
CONTINUOUS
10
0.8225
20
-0.3048483070866141
11
0.7775
21
-0.3048667716535433
0
LINE
8
BLACK
6
CONTINUOUS
10
0.7775
20
-0.3048667716535433
11
0.7775
21
-0.31
0
LINE
8
BLACK
6
CONTINUOUS
10
0.7775
20
-0.31
11
0.7225
21
-0.31
0
LINE
8
BLACK
6
CONTINUOUS
10
0.7225
20
-0.31
11
0.7225
21
-0.3048892913385827
0
LINE
8
BLACK
6
CONTINUOUS
10
0.7225
20
-0.3048892913385827
11
0.6775
21
-0.3049077559055118
0
LINE
8
BLACK
6
CONTINUOUS
10
0.6775
20
-0.3049077559055118
11
0.6775
21
-0.31
0
LINE
8
BLACK
6
CONTINUOUS
10
0.6775
20
-0.31
11
0.6224999999999999
21
-0.31
0
LINE
8
BLACK
6
CONTINUOUS
10
0.6224999999999999
20
-0.31
11
0.6224999999999999
21
-0.3049302755905512
0
LINE
8
BLACK
6
CONTINUOUS
10
0.6224999999999999
20
-0.3049302755905512
11
0.5775
21
-0.3049487401574803
0
LINE
8
BLACK
6
CONTINUOUS
10
0.5775
20
-0.3049487401574803
11
0.5775
21
-0.31
0
LINE
8
BLACK
6
CONTINUOUS
10
0.5775
20
-0.31
11
0.5225
21
-0.31
0
LINE
8
BLACK
6
CONTINUOUS
10
0.5225
20
-0.31
11
0.5225
21
-0.3049712992125984
0
LINE
8
BLACK
6
CONTINUOUS
10
0.5225
20
-0.3049712992125984
11
0.4775
21
-0.3049897244094488
0
LINE
8
BLACK
6
CONTINUOUS
10
0.4775
20
-0.3049897244094488
11
0.4775
21
-0.31
0
LINE
8
BLACK
6
CONTINUOUS
10
0.4775
20
-0.31
11
0.4225
21
-0.31
0
LINE
8
BLACK
6
CONTINUOUS
10
0.4225
20
-0.31
11
0.4225
21
-0.3025
0
LINE
8
BLACK
6
CONTINUOUS
10
0.4225
20
-0.3025
11
0.4205494881889764
21
-0.302307874015748
0
LINE
8
BLACK
6
CONTINUOUS
10
0.4205494881889764
20
-0.302307874015748
11
0.4205491338582677
21
-0.302307874015748
0
LINE
8
BLACK
6
CONTINUOUS
10
0.4205491338582677
20
-0.302307874015748
11
0.4184374803149606
21
-0.3014331496062992
0
LINE
8
BLACK
6
CONTINUOUS
10
0.4184374803149606
20
-0.3014331496062992
11
0.4169442913385827
21
-0.3008146850393701
0
LINE
8
BLACK
6
CONTINUOUS
10
0.4169442913385827
20
-0.3008146850393701
11
0.4169364960629921
21
-0.3008068897637795
0
LINE
8
BLACK
6
CONTINUOUS
10
0.4169364960629921
20
-0.3008068897637795
11
0.373062716535433
21
-0.2571538582677165
0
LINE
8
BLACK
6
CONTINUOUS
10
0.373062716535433
20
-0.2571538582677165
11
0.3724905118110236
21
-0.2573218897637795
0
LINE
8
BLACK
6
CONTINUOUS
10
0.3724905118110236
20
-0.2573218897637795
11
0.3675094881889764
21
-0.2573218897637795
0
LINE
8
BLACK
6
CONTINUOUS
10
0.3675094881889764
20
-0.2573218897637795
11
0.3627302362204725
21
-0.2559185433070866
0
LINE
8
BLACK
6
CONTINUOUS
10
0.3627302362204725
20
-0.2559185433070866
11
0.3585399212598425
21
-0.2532256299212599
0
LINE
8
BLACK
6
CONTINUOUS
10
0.3585399212598425
20
-0.2532256299212599
11
0.3552780708661417
21
-0.2494612204724409
0
LINE
8
BLACK
6
CONTINUOUS
10
0.3552780708661417
20
-0.2494612204724409
11
0.3532088582677165
21
-0.2449303149606299
0
LINE
8
BLACK
6
CONTINUOUS
10
0.3532088582677165
20
-0.2449303149606299
11
0.3525
21
-0.24
0
LINE
8
BLACK
6
CONTINUOUS
10
0.3525
20
-0.24
11
0.3532088582677165
21
-0.2350696850393701
0
LINE
8
BLACK
6
CONTINUOUS
10
0.3532088582677165
20
-0.2350696850393701
11
0.3552780708661417
21
-0.2305387795275591
0
LINE
8
BLACK
6
CONTINUOUS
10
0.3552780708661417
20
-0.2305387795275591
11
0.3585399212598425
21
-0.2267743700787402
0
LINE
8
BLACK
6
CONTINUOUS
10
0.3585399212598425
20
-0.2267743700787402
11
0.3627302362204725
21
-0.2240814566929134
0
LINE
8
BLACK
6
CONTINUOUS
10
0.3627302362204725
20
-0.2240814566929134
11
0.3675094881889764
21
-0.2226781102362205
0
LINE
8
BLACK
6
CONTINUOUS
10
0.3675094881889764
20
-0.2226781102362205
11
0.3724905118110236
21
-0.2226781102362205
0
LINE
8
BLACK
6
CONTINUOUS
10
0.3724905118110236
20
-0.2226781102362205
11
0.3772697637795275
21
-0.2240814566929134
0
LINE
8
BLACK
6
CONTINUOUS
10
1.2285649212598424
20
-0.2420070078740157
11
1.2286223622047243
21
-0.2419984645669291
0
LINE
8
BLACK
6
CONTINUOUS
10
1.2286223622047243
20
-0.2419984645669291
11
1.2287222834645668
21
-0.2420224803149606
0
LINE
8
BLACK
6
CONTINUOUS
10
1.2287222834645668
20
-0.2420224803149606
11
1.2291990551181102
21
-0.2420694488188976
0
LINE
8
BLACK
6
CONTINUOUS
10
1.2291990551181102
20
-0.2420694488188976
11
1.2295891732283464
21
-0.2422310236220472
0
LINE
8
BLACK
6
CONTINUOUS
10
1.2295891732283464
20
-0.2422310236220472
11
1.2368848818897638
21
-0.2439861417322834
0
LINE
8
BLACK
6
CONTINUOUS
10
1.2368848818897638
20
-0.2439861417322834
11
1.2369414566929133
21
-0.2440063385826772
0
LINE
8
BLACK
6
CONTINUOUS
10
1.2369414566929133
20
-0.2440063385826772
11
1.2369699212598424
21
-0.2440083858267716
0
LINE
8
BLACK
6
CONTINUOUS
10
1.2369699212598424
20
-0.2440083858267716
11
1.2370355905511812
21
-0.2440399606299213
0
LINE
8
BLACK
6
CONTINUOUS
10
1.2370355905511812
20
-0.2440399606299213
11
1.2376116929133858
21
-0.2442457874015748
0
LINE
8
BLACK
6
CONTINUOUS
10
1.2376116929133858
20
-0.2442457874015748
11
1.237886220472441
21
-0.2444491732283464
0
LINE
8
BLACK
6
CONTINUOUS
10
1.237886220472441
20
-0.2444491732283464
11
1.2414402362204724
21
-0.2461589763779528
0
LINE
8
BLACK
6
CONTINUOUS
10
1.2414402362204724
20
-0.2461589763779528
11
1.2417706299212599
21
-0.2463669291338583
0
LINE
8
BLACK
6
CONTINUOUS
10
1.2417706299212599
20
-0.2463669291338583
11
1.2418668503937007
21
-0.2464068110236221
0
LINE
8
BLACK
6
CONTINUOUS
10
1.2418668503937007
20
-0.2464068110236221
11
1.2419266929133859
21
-0.2464651968503937
0
LINE
8
BLACK
6
CONTINUOUS
10
1.2419266929133859
20
-0.2464651968503937
11
1.2420933858267715
21
-0.2465701181102362
0
LINE
8
BLACK
6
CONTINUOUS
10
1.2420933858267715
20
-0.2465701181102362
11
1.2424179133858266
21
-0.2469442913385827
0
LINE
8
BLACK
6
CONTINUOUS
10
1.2424179133858266
20
-0.2469442913385827
11
1.2462130314960629
21
-0.2506459842519685
0
LINE
8
BLACK
6
CONTINUOUS
10
1.2462130314960629
20
-0.2506459842519685
11
1.2467026377952755
21
-0.2512425590551181
0
LINE
8
BLACK
6
CONTINUOUS
10
1.2467026377952755
20
-0.2512425590551181
11
1.2467567716535433
21
-0.2513732283464567
0
LINE
8
BLACK
6
CONTINUOUS
10
1.2467567716535433
20
-0.2513732283464567
11
1.2468494881889765
21
-0.2514801574803149
0
LINE
8
BLACK
6
CONTINUOUS
10
1.2468494881889765
20
-0.2514801574803149
11
1.2470948031496063
21
-0.2521894094488189
0
LINE
8
BLACK
6
CONTINUOUS
10
1.2470948031496063
20
-0.2521894094488189
11
1.2472905118110236
21
-0.2526618110236221
0
LINE
8
BLACK
6
CONTINUOUS
10
1.2472905118110236
20
-0.2526618110236221
11
1.2472905118110236
21
-0.2527550393700788
0
LINE
8
BLACK
6
CONTINUOUS
10
1.2472905118110236
20
-0.2527550393700788
11
1.2490388582677165
21
-0.2578091732283465
0
LINE
8
BLACK
6
CONTINUOUS
10
1.2490388582677165
20
-0.2578091732283465
11
1.2491254330708661
21
-0.2581899606299213
0
LINE
8
BLACK
6
CONTINUOUS
10
1.2491254330708661
20
-0.2581899606299213
11
1.2491652755905511
21
-0.2582861023622047
0
LINE
8
BLACK
6
CONTINUOUS
10
1.2491652755905511
20
-0.2582861023622047
11
1.2491666929133858
21
-0.2583713385826771
0
LINE
8
BLACK
6
CONTINUOUS
10
1.2491666929133858
20
-0.2583713385826771
11
1.2492099999999999
21
-0.2585617322834646
0
LINE
8
BLACK
6
CONTINUOUS
10
1.2492099999999999
20
-0.2585617322834646
11
1.2491775196850394
21
-0.2590185039370079
0
LINE
8
BLACK
6
CONTINUOUS
10
1.2491775196850394
20
-0.2590185039370079
11
1.249240905511811
21
-0.2628037007874016
0
LINE
8
BLACK
6
CONTINUOUS
10
1.249240905511811
20
-0.2628037007874016
11
1.2492025984251969
21
-0.2631924015748032
0
LINE
8
BLACK
6
CONTINUOUS
10
1.2492025984251969
20
-0.2631924015748032
11
1.2492099999999999
21
-0.2632961417322834
0
LINE
8
BLACK
6
CONTINUOUS
10
1.2492099999999999
20
-0.2632961417322834
11
1.2491846062992125
21
-0.2633751968503937
0
LINE
8
BLACK
6
CONTINUOUS
10
1.2491846062992125
20
-0.2633751968503937
11
1.2491652755905511
21
-0.2635717716535433
0
LINE
8
BLACK
6
CONTINUOUS
10
1.2491652755905511
20
-0.2635717716535433
11
1.2489714173228346
21
-0.2640397244094488
0
LINE
8
BLACK
6
CONTINUOUS
10
1.2489714173228346
20
-0.2640397244094488
11
1.247164094488189
21
-0.2696729921259842
0
LINE
8
BLACK
6
CONTINUOUS
10
1.247164094488189
20
-0.2696729921259842
11
1.2468494881889765
21
-0.2703777165354331
0
LINE
8
BLACK
6
CONTINUOUS
10
1.2468494881889765
20
-0.2703777165354331
11
1.2467567716535433
21
-0.2704846062992126
0
LINE
8
BLACK
6
CONTINUOUS
10
1.2467567716535433
20
-0.2704846062992126
11
1.2467026377952755
21
-0.2706153149606299
0
LINE
8
BLACK
6
CONTINUOUS
10
1.2467026377952755
20
-0.2706153149606299
11
1.2460690551181102
21
-0.2712774803149606
0
LINE
8
BLACK
6
CONTINUOUS
10
1.2460690551181102
20
-0.2712774803149606
11
1.2458429921259841
21
-0.2715381889763779
0
LINE
8
BLACK
6
CONTINUOUS
10
1.2458429921259841
20
-0.2715381889763779
11
1.2457982677165353
21
-0.2715605118110236
0
LINE
8
BLACK
6
CONTINUOUS
10
1.2457982677165353
20
-0.2715605118110236
11
1.2443381889763778
21
-0.2730866535433071
0
LINE
8
BLACK
6
CONTINUOUS
10
1.2443381889763778
20
-0.2730866535433071
11
1.2437416141732283
21
-0.2735762992125984
0
LINE
8
BLACK
6
CONTINUOUS
10
1.2437416141732283
20
-0.2735762992125984
11
1.2423223622047244
21
-0.2741641338582677
0
LINE
8
BLACK
6
CONTINUOUS
10
1.2423223622047244
20
-0.2741641338582677
11
1.2407862204724409
21
-0.274164094488189
0
LINE
8
BLACK
6
CONTINUOUS
10
1.2407862204724409
20
-0.274164094488189
11
1.2393670078740158
21
-0.2735762598425197
0
LINE
8
BLACK
6
CONTINUOUS
10
1.2393670078740158
20
-0.2735762598425197
11
1.2382807874015749
21
-0.2724900393700787
0
LINE
8
BLACK
6
CONTINUOUS
10
1.2382807874015749
20
-0.2724900393700787
11
1.2376929527559055
21
-0.2710707874015748
0
LINE
8
BLACK
6
CONTINUOUS
10
1.2376929527559055
20
-0.2710707874015748
11
1.2376929921259843
21
-0.2695346456692913
0
LINE
8
BLACK
6
CONTINUOUS
10
1.2376929921259843
20
-0.2695346456692913
11
1.2382808267716534
21
-0.2681154330708662
0
LINE
8
BLACK
6
CONTINUOUS
10
1.2382808267716534
20
-0.2681154330708662
11
1.2400629133858267
21
-0.2662527165354331
0
LINE
8
BLACK
6
CONTINUOUS
10
1.2400629133858267
20
-0.2662527165354331
11
1.2414167322834646
21
-0.262033031496063
0
LINE
8
BLACK
6
CONTINUOUS
10
1.2414167322834646
20
-0.262033031496063
11
1.2413748818897639
21
-0.2595335433070866
0
LINE
8
BLACK
6
CONTINUOUS
10
1.2413748818897639
20
-0.2595335433070866
11
1.2399650787401575
21
-0.2554581102362204
0
LINE
8
BLACK
6
CONTINUOUS
10
1.2399650787401575
20
-0.2554581102362204
11
1.237248307086614
21
-0.252808188976378
0
LINE
8
BLACK
6
CONTINUOUS
10
1.237248307086614
20
-0.252808188976378
11
1.2343085039370079
21
-0.2513938976377953
0
LINE
8
BLACK
6
CONTINUOUS
10
1.2343085039370079
20
-0.2513938976377953
11
1.2277229527559055
21
-0.2498096456692913
0
LINE
8
BLACK
6
CONTINUOUS
10
1.2277229527559055
20
-0.2498096456692913
11
1.2230455118110235
21
-0.249865
0
LINE
8
BLACK
6
CONTINUOUS
10
1.2230455118110235
20
-0.249865
11
1.2164483858267716
21
-0.2515767716535433
0
LINE
8
BLACK
6
CONTINUOUS
10
1.2164483858267716
20
-0.2515767716535433
11
1.2137474409448819
21
-0.2529791338582677
0
LINE
8
BLACK
6
CONTINUOUS
10
1.2137474409448819
20
-0.2529791338582677
11
1.2111692125984252
21
-0.2556224803149606
0
LINE
8
BLACK
6
CONTINUOUS
10
1.2111692125984252
20
-0.2556224803149606
11
1.2098209448818897
21
-0.259824842519685
0
LINE
8
BLACK
6
CONTINUOUS
10
1.2098209448818897
20
-0.259824842519685
11
1.2098627952755905
21
-0.2623242913385826
0
LINE
8
BLACK
6
CONTINUOUS
10
1.2098627952755905
20
-0.2623242913385826
11
1.211260275590551
21
-0.2663641732283464
0
LINE
8
BLACK
6
CONTINUOUS
10
1.211260275590551
20
-0.2663641732283464
11
1.2124672047244094
21
-0.2675188582677165
0
LINE
8
BLACK
6
CONTINUOUS
10
1.2124672047244094
20
-0.2675188582677165
11
1.2129568503937007
21
-0.2681154330708662
0
LINE
8
BLACK
6
CONTINUOUS
10
1.2129568503937007
20
-0.2681154330708662
11
1.2135446850393701
21
-0.2695346850393701
0
LINE
8
BLACK
6
CONTINUOUS
10
1.2135446850393701
20
-0.2695346850393701
11
1.2135446850393701
21
-0.2710708267716536
0
LINE
8
BLACK
6
CONTINUOUS
10
1.2135446850393701
20
-0.2710708267716536
11
1.2129568503937007
21
-0.2724900393700787
0
LINE
8
BLACK
6
CONTINUOUS
10
1.2129568503937007
20
-0.2724900393700787
11
1.2118706299212598
21
-0.2735762598425197
0
LINE
8
BLACK
6
CONTINUOUS
10
1.2118706299212598
20
-0.2735762598425197
11
1.2104514173228347
21
-0.274164094488189
0
LINE
8
BLACK
6
CONTINUOUS
10
1.2104514173228347
20
-0.274164094488189
11
1.2089152755905512
21
-0.274164094488189
0
LINE
8
BLACK
6
CONTINUOUS
10
1.2089152755905512
20
-0.274164094488189
11
1.2074960236220471
21
-0.2735762598425197
0
LINE
8
BLACK
6
CONTINUOUS
10
1.2074960236220471
20
-0.2735762598425197
11
1.20502468503937
21
-0.2712118897637795
0
LINE
8
BLACK
6
CONTINUOUS
10
1.20502468503937
20
-0.2712118897637795
11
1.2045350787401574
21
-0.2706152755905512
0
LINE
8
BLACK
6
CONTINUOUS
10
1.2045350787401574
20
-0.2706152755905512
11
1.2044809448818898
21
-0.2704846062992126
0
LINE
8
BLACK
6
CONTINUOUS
10
1.2044809448818898
20
-0.2704846062992126
11
1.2043882283464566
21
-0.2703777165354331
0
LINE
8
BLACK
6
CONTINUOUS
10
1.2043882283464566
20
-0.2703777165354331
11
1.2041428346456693
21
-0.2696683464566929
0
LINE
8
BLACK
6
CONTINUOUS
10
1.2041428346456693
20
-0.2696683464566929
11
1.2039472047244095
21
-0.269196062992126
0
LINE
8
BLACK
6
CONTINUOUS
10
1.2039472047244095
20
-0.269196062992126
11
1.2039472047244095
21
-0.2691027952755906
0
LINE
8
BLACK
6
CONTINUOUS
10
1.2039472047244095
20
-0.2691027952755906
11
1.2021988582677166
21
-0.2640487007874016
0
LINE
8
BLACK
6
CONTINUOUS
10
1.2021988582677166
20
-0.2640487007874016
11
1.2021122440944882
21
-0.2636679133858268
0
LINE
8
BLACK
6
CONTINUOUS
10
1.2021122440944882
20
-0.2636679133858268
11
1.202072440944882
21
-0.2635717716535433
0
LINE
8
BLACK
6
CONTINUOUS
10
1.202072440944882
20
-0.2635717716535433
11
1.2020709842519686
21
-0.2634864960629921
0
LINE
8
BLACK
6
CONTINUOUS
10
1.2020709842519686
20
-0.2634864960629921
11
1.2020277165354329
21
-0.2632961023622047
0
LINE
8
BLACK
6
CONTINUOUS
10
1.2020277165354329
20
-0.2632961023622047
11
1.2020601574803149
21
-0.2628392913385827
0
LINE
8
BLACK
6
CONTINUOUS
10
1.2020601574803149
20
-0.2628392913385827
11
1.2019968110236221
21
-0.2590541732283465
0
LINE
8
BLACK
6
CONTINUOUS
10
1.2019968110236221
20
-0.2590541732283465
11
1.2020350787401575
21
-0.2586654330708661
0
LINE
8
BLACK
6
CONTINUOUS
10
1.2020350787401575
20
-0.2586654330708661
11
1.2020277165354329
21
-0.2585617716535433
0
LINE
8
BLACK
6
CONTINUOUS
10
1.2020277165354329
20
-0.2585617716535433
11
1.2020530708661417
21
-0.2584826771653543
0
LINE
8
BLACK
6
CONTINUOUS
10
1.2020530708661417
20
-0.2584826771653543
11
1.202072440944882
21
-0.2582861023622047
0
LINE
8
BLACK
6
CONTINUOUS
10
1.202072440944882
20
-0.2582861023622047
11
1.2022663385826771
21
-0.2578179527559055
0
LINE
8
BLACK
6
CONTINUOUS
10
1.2022663385826771
20
-0.2578179527559055
11
1.2040736220472441
21
-0.2521849212598425
0
LINE
8
BLACK
6
CONTINUOUS
10
1.2040736220472441
20
-0.2521849212598425
11
1.2043882283464566
21
-0.2514801574803149
0
LINE
8
BLACK
6
CONTINUOUS
10
1.2043882283464566
20
-0.2514801574803149
11
1.2044809448818898
21
-0.2513732283464567
0
LINE
8
BLACK
6
CONTINUOUS
10
1.2044809448818898
20
-0.2513732283464567
11
1.2045350787401574
21
-0.2512425984251969
0
LINE
8
BLACK
6
CONTINUOUS
10
1.2045350787401574
20
-0.2512425984251969
11
1.2050692913385828
21
-0.250694842519685
0
LINE
8
BLACK
6
CONTINUOUS
10
1.2050692913385828
20
-0.250694842519685
11
1.2053947244094487
21
-0.2503196850393701
0
LINE
8
BLACK
6
CONTINUOUS
10
1.2053947244094487
20
-0.2503196850393701
11
1.2054738582677165
21
-0.2502800787401575
0
LINE
8
BLACK
6
CONTINUOUS
10
1.2054738582677165
20
-0.2502800787401575
11
1.2087742125984251
21
-0.2468964566929134
0
LINE
8
BLACK
6
CONTINUOUS
10
1.2087742125984251
20
-0.2468964566929134
11
1.2090760236220472
21
-0.2466487401574803
0
LINE
8
BLACK
6
CONTINUOUS
10
1.2090760236220472
20
-0.2466487401574803
11
1.2091442519685038
21
-0.2465701181102362
0
LINE
8
BLACK
6
CONTINUOUS
10
1.2091442519685038
20
-0.2465701181102362
11
1.2092194488188976
21
-0.246531062992126
0
LINE
8
BLACK
6
CONTINUOUS
10
1.2092194488188976
20
-0.246531062992126
11
1.2093708267716534
21
-0.2464068503937008
0
LINE
8
BLACK
6
CONTINUOUS
10
1.2093708267716534
20
-0.2464068503937008
11
1.2098054330708661
21
-0.246226811023622
0
LINE
8
BLACK
6
CONTINUOUS
10
1.2098054330708661
20
-0.246226811023622
11
1.2135469291338583
21
-0.2442842125984252
0
LINE
8
BLACK
6
CONTINUOUS
10
1.2135469291338583
20
-0.2442842125984252
11
1.2136031496062991
21
-0.2442626771653543
0
LINE
8
BLACK
6
CONTINUOUS
10
1.2136031496062991
20
-0.2442626771653543
11
1.2136259842519685
21
-0.2442457874015748
0
LINE
8
BLACK
6
CONTINUOUS
10
1.2136259842519685
20
-0.2442457874015748
11
1.2136923228346457
21
-0.2442285433070866
0
LINE
8
BLACK
6
CONTINUOUS
10
1.2136923228346457
20
-0.2442285433070866
11
1.2142677559055117
21
-0.2440083858267716
0
LINE
8
BLACK
6
CONTINUOUS
10
1.2142677559055117
20
-0.2440083858267716
11
1.2146439370078741
21
-0.2439816141732283
0
LINE
8
BLACK
6
CONTINUOUS
10
1.2146439370078741
20
-0.2439816141732283
11
1.2218518110236221
21
-0.2421113779527559
0
LINE
8
BLACK
6
CONTINUOUS
10
1.2218518110236221
20
-0.2421113779527559
11
1.2219849212598426
21
-0.2420916535433071
0
LINE
8
BLACK
6
CONTINUOUS
10
1.2219849212598426
20
-0.2420916535433071
11
1.2220386220472441
21
-0.2420694488188976
0
LINE
8
BLACK
6
CONTINUOUS
10
1.2220386220472441
20
-0.2420694488188976
11
1.2221437007874016
21
-0.2420681889763779
0
LINE
8
BLACK
6
CONTINUOUS
10
1.2221437007874016
20
-0.2420681889763779
11
1.2226153149606298
21
-0.2419984645669291
0
LINE
8
BLACK
6
CONTINUOUS
10
1.2226153149606298
20
-0.2419984645669291
11
1.2230146850393699
21
-0.242057874015748
0
LINE
8
BLACK
6
CONTINUOUS
10
1.2230146850393699
20
-0.242057874015748
11
1.2284309842519685
21
-0.2419938188976378
0
LINE
8
BLACK
6
CONTINUOUS
10
1.2284309842519685
20
-0.2419938188976378
11
1.2285649212598424
21
-0.2420070078740157
0
LINE
8
BLACK
6
CONTINUOUS
10
0.77425
20
0.23105
11
0.7734794881889764
21
0.23105
0
LINE
8
BLACK
6
CONTINUOUS
10
0.7734794881889764
20
0.23105
11
0.7735
21
0.226
0
LINE
8
BLACK
6
CONTINUOUS
10
0.7735
20
0.226
11
0.773355905511811
21
0.2245368110236221
0
LINE
8
BLACK
6
CONTINUOUS
10
0.773355905511811
20
0.2245368110236221
11
0.772340748031496
21
0.2220860236220472
0
LINE
8
BLACK
6
CONTINUOUS
10
0.772340748031496
20
0.2220860236220472
11
0.7722360236220472
21
0.2218332283464567
0
LINE
8
BLACK
6
CONTINUOUS
10
0.7722360236220472
20
0.2218332283464567
11
0.6160517716535433
21
0.065445157480315
0
LINE
8
BLACK
6
CONTINUOUS
10
0.6160517716535433
20
0.065445157480315
11
0.6149152362204724
21
0.0645124409448819
0
LINE
8
BLACK
6
CONTINUOUS
10
0.6149152362204724
20
0.0645124409448819
11
0.6122116535433071
21
0.0633925590551181
0
LINE
8
BLACK
6
CONTINUOUS
10
0.6122116535433071
20
0.0633925590551181
11
0.4901722834645669
21
0.063251811023622
0
LINE
8
BLACK
6
CONTINUOUS
10
0.4901722834645669
20
0.063251811023622
11
0.459583779527559
21
0.0325
0
LINE
8
BLACK
6
CONTINUOUS
10
0.459583779527559
20
0.0325
11
0.4825
21
0.0325
0
LINE
8
BLACK
6
CONTINUOUS
10
0.4825
20
0.0325
11
0.4825
21
-0.0325
0
LINE
8
BLACK
6
CONTINUOUS
10
0.4825
20
-0.0325
11
0.4574041338582677
21
-0.0325
0
LINE
8
BLACK
6
CONTINUOUS
10
0.4574041338582677
20
-0.0325
11
0.4574538582677165
21
-0.0675
0
LINE
8
BLACK
6
CONTINUOUS
10
0.4574538582677165
20
-0.0675
11
0.4825
21
-0.0675
0
LINE
8
BLACK
6
CONTINUOUS
10
0.4825
20
-0.0675
11
0.4825
21
-0.1325
0
LINE
8
BLACK
6
CONTINUOUS
10
0.4825
20
-0.1325
11
0.4574440551181102
21
-0.1325
0
LINE
8
BLACK
6
CONTINUOUS
10
0.4574440551181102
20
-0.1325
11
0.4574884645669291
21
-0.2
0
LINE
8
BLACK
6
CONTINUOUS
10
0.4574884645669291
20
-0.2
11
0.4775
21
-0.2
0
LINE
8
BLACK
6
CONTINUOUS
10
0.4775
20
-0.2
11
0.4775
21
-0.235
0
LINE
8
BLACK
6
CONTINUOUS
10
0.4775
20
-0.235
11
0.4225
21
-0.235
0
LINE
8
BLACK
6
CONTINUOUS
10
0.4225
20
-0.235
11
0.4225
21
-0.2
0
LINE
8
BLACK
6
CONTINUOUS
10
0.4225
20
-0.2
11
0.4426316141732283
21
-0.2
0
LINE
8
BLACK
6
CONTINUOUS
10
0.4426316141732283
20
-0.2
11
0.4425872047244094
21
-0.1325
0
LINE
8
BLACK
6
CONTINUOUS
10
0.4425872047244094
20
-0.1325
11
0.4175
21
-0.1325
0
LINE
8
BLACK
6
CONTINUOUS
10
0.4175
20
-0.1325
11
0.4175
21
-0.0675
0
LINE
8
BLACK
6
CONTINUOUS
10
0.4175
20
-0.0675
11
0.4425444094488189
21
-0.0675
0
LINE
8
BLACK
6
CONTINUOUS
10
0.4425444094488189
20
-0.0675
11
0.4425213779527559
21
-0.0325
0
LINE
8
BLACK
6
CONTINUOUS
10
0.4425213779527559
20
-0.0325
11
0.4175
21
-0.0325
0
LINE
8
BLACK
6
CONTINUOUS
10
0.4175
20
-0.0325
11
0.4175
21
0.0325
0
LINE
8
BLACK
6
CONTINUOUS
10
0.4175
20
0.0325
11
0.4425041338582677
21
0.0325
0
LINE
8
BLACK
6
CONTINUOUS
10
0.4425041338582677
20
0.0325
11
0.4425
21
0.0335
0
LINE
8
BLACK
6
CONTINUOUS
10
0.4425
20
0.0335
11
0.442644094488189
21
0.0349631889763779
0
LINE
8
BLACK
6
CONTINUOUS
10
0.442644094488189
20
0.0349631889763779
11
0.4437639763779527
21
0.0376667716535433
0
LINE
8
BLACK
6
CONTINUOUS
10
0.4437639763779527
20
0.0376667716535433
11
0.481945157480315
21
0.0760517716535433
0
LINE
8
BLACK
6
CONTINUOUS
10
0.481945157480315
20
0.0760517716535433
11
0.4830816929133858
21
0.0769844881889764
0
LINE
8
BLACK
6
CONTINUOUS
10
0.4830816929133858
20
0.0769844881889764
11
0.4857852755905512
21
0.0781043700787402
0
LINE
8
BLACK
6
CONTINUOUS
10
0.4857852755905512
20
0.0781043700787402
11
0.6078379527559055
21
0.0782450787401575
0
LINE
8
BLACK
6
CONTINUOUS
10
0.6078379527559055
20
0.0782450787401575
11
0.758625
21
0.229228937007874
0
LINE
8
BLACK
6
CONTINUOUS
10
0.758625
20
0.229228937007874
11
0.7586176377952756
21
0.23105
0
LINE
8
BLACK
6
CONTINUOUS
10
0.7586176377952756
20
0.23105
11
0.75775
21
0.23105
0
LINE
8
BLACK
6
CONTINUOUS
10
0.75775
20
0.23105
11
0.75775
21
0.28895
0
LINE
8
BLACK
6
CONTINUOUS
10
0.75775
20
0.28895
11
0.77425
21
0.28895
0
LINE
8
BLACK
6
CONTINUOUS
10
0.77425
20
0.28895
11
0.77425
21
0.23105
0
LINE
8
BLACK
6
CONTINUOUS
10
0.7998499999999999
20
0.23085
11
0.7990524015748032
21
0.23085
0
LINE
8
BLACK
6
CONTINUOUS
10
0.7990524015748032
20
0.23085
11
0.7991
21
0.21585
0
LINE
8
BLACK
6
CONTINUOUS
10
0.7991
20
0.21585
11
0.7989559055118111
21
0.214386811023622
0
LINE
8
BLACK
6
CONTINUOUS
10
0.7989559055118111
20
0.214386811023622
11
0.7978360236220472
21
0.2116832283464567
0
LINE
8
BLACK
6
CONTINUOUS
10
0.7978360236220472
20
0.2116832283464567
11
0.6289273622047244
21
0.0425707480314961
0
LINE
8
BLACK
6
CONTINUOUS
10
0.6289273622047244
20
0.0425707480314961
11
0.6277908267716535
21
0.041638031496063
0
LINE
8
BLACK
6
CONTINUOUS
10
0.6277908267716535
20
0.041638031496063
11
0.6250872440944881
21
0.0405181496062992
0
LINE
8
BLACK
6
CONTINUOUS
10
0.6250872440944881
20
0.0405181496062992
11
0.6140309055118111
21
0.0403740551181102
0
LINE
8
BLACK
6
CONTINUOUS
10
0.6140309055118111
20
0.0403740551181102
11
0.612833937007874
21
0.0404919291338583
0
LINE
8
BLACK
6
CONTINUOUS
10
0.612833937007874
20
0.0404919291338583
11
0.6017997637795276
21
0.0403831496062992
0
LINE
8
BLACK
6
CONTINUOUS
10
0.6017997637795276
20
0.0403831496062992
11
0.5825
21
0.0210027559055118
0
LINE
8
BLACK
6
CONTINUOUS
10
0.5825
20
0.0210027559055118
11
0.5825
21
-0.0325
0
LINE
8
BLACK
6
CONTINUOUS
10
0.5825
20
-0.0325
11
0.5574041338582677
21
-0.0325
0
LINE
8
BLACK
6
CONTINUOUS
10
0.5574041338582677
20
-0.0325
11
0.5574538582677165
21
-0.0675
0
LINE
8
BLACK
6
CONTINUOUS
10
0.5574538582677165
20
-0.0675
11
0.5825
21
-0.0675
0
LINE
8
BLACK
6
CONTINUOUS
10
0.5825
20
-0.0675
11
0.5825
21
-0.1325
0
LINE
8
BLACK
6
CONTINUOUS
10
0.5825
20
-0.1325
11
0.5574440551181102
21
-0.1325
0
LINE
8
BLACK
6
CONTINUOUS
10
0.5574440551181102
20
-0.1325
11
0.5574884645669291
21
-0.2
0
LINE
8
BLACK
6
CONTINUOUS
10
0.5574884645669291
20
-0.2
11
0.5775
21
-0.2
0
LINE
8
BLACK
6
CONTINUOUS
10
0.5775
20
-0.2
11
0.5775
21
-0.235
0
LINE
8
BLACK
6
CONTINUOUS
10
0.5775
20
-0.235
11
0.5225
21
-0.235
0
LINE
8
BLACK
6
CONTINUOUS
10
0.5225
20
-0.235
11
0.5225
21
-0.2
0
LINE
8
BLACK
6
CONTINUOUS
10
0.5225
20
-0.2
11
0.5426316141732284
21
-0.2
0
LINE
8
BLACK
6
CONTINUOUS
10
0.5426316141732284
20
-0.2
11
0.5425872047244095
21
-0.1325
0
LINE
8
BLACK
6
CONTINUOUS
10
0.5425872047244095
20
-0.1325
11
0.5175
21
-0.1325
0
LINE
8
BLACK
6
CONTINUOUS
10
0.5175
20
-0.1325
11
0.5175
21
-0.0675
0
LINE
8
BLACK
6
CONTINUOUS
10
0.5175
20
-0.0675
11
0.5425444094488189
21
-0.0675
0
LINE
8
BLACK
6
CONTINUOUS
10
0.5425444094488189
20
-0.0675
11
0.5425213779527559
21
-0.0325
0
LINE
8
BLACK
6
CONTINUOUS
10
0.5425213779527559
20
-0.0325
11
0.5175
21
-0.0325
0
LINE
8
BLACK
6
CONTINUOUS
10
0.5175
20
-0.0325
11
0.5175
21
0.0325
0
LINE
8
BLACK
6
CONTINUOUS
10
0.5175
20
0.0325
11
0.5729793700787401
21
0.0325
0
LINE
8
BLACK
6
CONTINUOUS
10
0.5729793700787401
20
0.0325
11
0.593570748031496
21
0.0531773622047244
0
LINE
8
BLACK
6
CONTINUOUS
10
0.593570748031496
20
0.0531773622047244
11
0.5947072834645669
21
0.0541100787401575
0
LINE
8
BLACK
6
CONTINUOUS
10
0.5947072834645669
20
0.0541100787401575
11
0.5974108661417322
21
0.0552299606299213
0
LINE
8
BLACK
6
CONTINUOUS
10
0.5974108661417322
20
0.0552299606299213
11
0.6140309055118111
21
0.0553740551181102
0
LINE
8
BLACK
6
CONTINUOUS
10
0.6140309055118111
20
0.0553740551181102
11
0.6151520472440944
21
0.0552636220472441
0
LINE
8
BLACK
6
CONTINUOUS
10
0.6151520472440944
20
0.0552636220472441
11
0.6206788976377953
21
0.0553356692913386
0
LINE
8
BLACK
6
CONTINUOUS
10
0.6206788976377953
20
0.0553356692913386
11
0.7842291732283464
21
0.2190833070866142
0
LINE
8
BLACK
6
CONTINUOUS
10
0.7842291732283464
20
0.2190833070866142
11
0.7841918503937008
21
0.23085
0
LINE
8
BLACK
6
CONTINUOUS
10
0.7841918503937008
20
0.23085
11
0.78335
21
0.23085
0
LINE
8
BLACK
6
CONTINUOUS
10
0.78335
20
0.23085
11
0.78335
21
0.28875
0
LINE
8
BLACK
6
CONTINUOUS
10
0.78335
20
0.28875
11
0.7998499999999999
21
0.28875
0
LINE
8
BLACK
6
CONTINUOUS
10
0.7998499999999999
20
0.28875
11
0.7998499999999999
21
0.23085
0
LINE
8
BLACK
6
CONTINUOUS
10
0.82545
20
0.23085
11
0.8246024803149606
21
0.23085
0
LINE
8
BLACK
6
CONTINUOUS
10
0.8246024803149606
20
0.23085
11
0.8247
21
0.1672
0
LINE
8
BLACK
6
CONTINUOUS
10
0.8247
20
0.1672
11
0.824555905511811
21
0.165736811023622
0
LINE
8
BLACK
6
CONTINUOUS
10
0.824555905511811
20
0.165736811023622
11
0.8234360236220473
21
0.1630332283464567
0
LINE
8
BLACK
6
CONTINUOUS
10
0.8234360236220473
20
0.1630332283464567
11
0.6825
21
0.0219263385826772
0
LINE
8
BLACK
6
CONTINUOUS
10
0.6825
20
0.0219263385826772
11
0.6825
21
-0.0325
0
LINE
8
BLACK
6
CONTINUOUS
10
0.6825
20
-0.0325
11
0.6574041338582677
21
-0.0325
0
LINE
8
BLACK
6
CONTINUOUS
10
0.6574041338582677
20
-0.0325
11
0.6574538582677165
21
-0.0675
0
LINE
8
BLACK
6
CONTINUOUS
10
0.6574538582677165
20
-0.0675
11
0.6825
21
-0.0675
0
LINE
8
BLACK
6
CONTINUOUS
10
0.6825
20
-0.0675
11
0.6825
21
-0.1325
0
LINE
8
BLACK
6
CONTINUOUS
10
0.6825
20
-0.1325
11
0.6574440551181102
21
-0.1325
0
LINE
8
BLACK
6
CONTINUOUS
10
0.6574440551181102
20
-0.1325
11
0.6574884645669291
21
-0.2
0
LINE
8
BLACK
6
CONTINUOUS
10
0.6574884645669291
20
-0.2
11
0.6775
21
-0.2
0
LINE
8
BLACK
6
CONTINUOUS
10
0.6775
20
-0.2
11
0.6775
21
-0.235
0
LINE
8
BLACK
6
CONTINUOUS
10
0.6775
20
-0.235
11
0.6224999999999999
21
-0.235
0
LINE
8
BLACK
6
CONTINUOUS
10
0.6224999999999999
20
-0.235
11
0.6224999999999999
21
-0.2
0
LINE
8
BLACK
6
CONTINUOUS
10
0.6224999999999999
20
-0.2
11
0.6426316141732283
21
-0.2
0
LINE
8
BLACK
6
CONTINUOUS
10
0.6426316141732283
20
-0.2
11
0.6425872047244094
21
-0.1325
0
LINE
8
BLACK
6
CONTINUOUS
10
0.6425872047244094
20
-0.1325
11
0.6174999999999999
21
-0.1325
0
LINE
8
BLACK
6
CONTINUOUS
10
0.6174999999999999
20
-0.1325
11
0.6174999999999999
21
-0.0675
0
LINE
8
BLACK
6
CONTINUOUS
10
0.6174999999999999
20
-0.0675
11
0.6425444094488189
21
-0.0675
0
LINE
8
BLACK
6
CONTINUOUS
10
0.6425444094488189
20
-0.0675
11
0.6425213779527559
21
-0.0325
0
LINE
8
BLACK
6
CONTINUOUS
10
0.6425213779527559
20
-0.0325
11
0.6174999999999999
21
-0.0325
0
LINE
8
BLACK
6
CONTINUOUS
10
0.6174999999999999
20
-0.0325
11
0.6174999999999999
21
0.0325
0
LINE
8
BLACK
6
CONTINUOUS
10
0.6174999999999999
20
0.0325
11
0.6720629133858268
21
0.0325
0
LINE
8
BLACK
6
CONTINUOUS
10
0.6720629133858268
20
0.0325
11
0.8098368503937008
21
0.1704409842519685
0
LINE
8
BLACK
6
CONTINUOUS
10
0.8098368503937008
20
0.1704409842519685
11
0.8097443307086614
21
0.23085
0
LINE
8
BLACK
6
CONTINUOUS
10
0.8097443307086614
20
0.23085
11
0.8089499999999999
21
0.23085
0
LINE
8
BLACK
6
CONTINUOUS
10
0.8089499999999999
20
0.23085
11
0.8089499999999999
21
0.28875
0
LINE
8
BLACK
6
CONTINUOUS
10
0.8089499999999999
20
0.28875
11
0.82545
21
0.28875
0
LINE
8
BLACK
6
CONTINUOUS
10
0.82545
20
0.28875
11
0.82545
21
0.23085
0
LINE
8
BLACK
6
CONTINUOUS
10
0.85105
20
0.23085
11
0.8501819291338583
21
0.23085
0
LINE
8
BLACK
6
CONTINUOUS
10
0.8501819291338583
20
0.23085
11
0.8502999999999999
21
0.0928
0
LINE
8
BLACK
6
CONTINUOUS
10
0.8502999999999999
20
0.0928
11
0.850155905511811
21
0.091336811023622
0
LINE
8
BLACK
6
CONTINUOUS
10
0.850155905511811
20
0.091336811023622
11
0.8490360236220472
21
0.0886332283464567
0
LINE
8
BLACK
6
CONTINUOUS
10
0.8490360236220472
20
0.0886332283464567
11
0.7825
21
0.0219525196850394
0
LINE
8
BLACK
6
CONTINUOUS
10
0.7825
20
0.0219525196850394
11
0.7825
21
-0.0325
0
LINE
8
BLACK
6
CONTINUOUS
10
0.7825
20
-0.0325
11
0.7574041338582677
21
-0.0325
0
LINE
8
BLACK
6
CONTINUOUS
10
0.7574041338582677
20
-0.0325
11
0.7574538582677165
21
-0.0675
0
LINE
8
BLACK
6
CONTINUOUS
10
0.7574538582677165
20
-0.0675
11
0.7825
21
-0.0675
0
LINE
8
BLACK
6
CONTINUOUS
10
0.7825
20
-0.0675
11
0.7825
21
-0.1325
0
LINE
8
BLACK
6
CONTINUOUS
10
0.7825
20
-0.1325
11
0.7574440551181102
21
-0.1325
0
LINE
8
BLACK
6
CONTINUOUS
10
0.7574440551181102
20
-0.1325
11
0.7574884645669291
21
-0.2
0
LINE
8
BLACK
6
CONTINUOUS
10
0.7574884645669291
20
-0.2
11
0.7775
21
-0.2
0
LINE
8
BLACK
6
CONTINUOUS
10
0.7775
20
-0.2
11
0.7775
21
-0.235
0
LINE
8
BLACK
6
CONTINUOUS
10
0.7775
20
-0.235
11
0.7225
21
-0.235
0
LINE
8
BLACK
6
CONTINUOUS
10
0.7225
20
-0.235
11
0.7225
21
-0.2
0
LINE
8
BLACK
6
CONTINUOUS
10
0.7225
20
-0.2
11
0.7426316141732283
21
-0.2
0
LINE
8
BLACK
6
CONTINUOUS
10
0.7426316141732283
20
-0.2
11
0.7425872047244094
21
-0.1325
0
LINE
8
BLACK
6
CONTINUOUS
10
0.7425872047244094
20
-0.1325
11
0.7175
21
-0.1325
0
LINE
8
BLACK
6
CONTINUOUS
10
0.7175
20
-0.1325
11
0.7175
21
-0.0675
0
LINE
8
BLACK
6
CONTINUOUS
10
0.7175
20
-0.0675
11
0.7425444094488188
21
-0.0675
0
LINE
8
BLACK
6
CONTINUOUS
10
0.7425444094488188
20
-0.0675
11
0.7425213779527559
21
-0.0325
0
LINE
8
BLACK
6
CONTINUOUS
10
0.7425213779527559
20
-0.0325
11
0.7175
21
-0.0325
0
LINE
8
BLACK
6
CONTINUOUS
10
0.7175
20
-0.0325
11
0.7175
21
0.0325
0
LINE
8
BLACK
6
CONTINUOUS
10
0.7175
20
0.0325
11
0.772035748031496
21
0.0325
0
LINE
8
BLACK
6
CONTINUOUS
10
0.772035748031496
20
0.0325
11
0.8354400393700787
21
0.0960422047244094
0
LINE
8
BLACK
6
CONTINUOUS
10
0.8354400393700787
20
0.0960422047244094
11
0.8353247637795276
21
0.23085
0
LINE
8
BLACK
6
CONTINUOUS
10
0.8353247637795276
20
0.23085
11
0.83455
21
0.23085
0
LINE
8
BLACK
6
CONTINUOUS
10
0.83455
20
0.23085
11
0.83455
21
0.28875
0
LINE
8
BLACK
6
CONTINUOUS
10
0.83455
20
0.28875
11
0.85105
21
0.28875
0
LINE
8
BLACK
6
CONTINUOUS
10
0.85105
20
0.28875
11
0.85105
21
0.23085
0
LINE
8
BLACK
6
CONTINUOUS
10
0.8766499999999999
20
0.23085
11
0.875773937007874
21
0.23085
0
LINE
8
BLACK
6
CONTINUOUS
10
0.875773937007874
20
0.23085
11
0.8758916535433071
21
0.0325
0
LINE
8
BLACK
6
CONTINUOUS
10
0.8758916535433071
20
0.0325
11
0.8825
21
0.0325
0
LINE
8
BLACK
6
CONTINUOUS
10
0.8825
20
0.0325
11
0.8825
21
-0.0325
0
LINE
8
BLACK
6
CONTINUOUS
10
0.8825
20
-0.0325
11
0.8574041338582677
21
-0.0325
0
LINE
8
BLACK
6
CONTINUOUS
10
0.8574041338582677
20
-0.0325
11
0.8574538582677165
21
-0.0675
0
LINE
8
BLACK
6
CONTINUOUS
10
0.8574538582677165
20
-0.0675
11
0.8825
21
-0.0675
0
LINE
8
BLACK
6
CONTINUOUS
10
0.8825
20
-0.0675
11
0.8825
21
-0.1325
0
LINE
8
BLACK
6
CONTINUOUS
10
0.8825
20
-0.1325
11
0.8574440551181102
21
-0.1325
0
LINE
8
BLACK
6
CONTINUOUS
10
0.8574440551181102
20
-0.1325
11
0.8574884645669291
21
-0.2
0
LINE
8
BLACK
6
CONTINUOUS
10
0.8574884645669291
20
-0.2
11
0.8774999999999999
21
-0.2
0
LINE
8
BLACK
6
CONTINUOUS
10
0.8774999999999999
20
-0.2
11
0.8774999999999999
21
-0.235
0
LINE
8
BLACK
6
CONTINUOUS
10
0.8774999999999999
20
-0.235
11
0.8225
21
-0.235
0
LINE
8
BLACK
6
CONTINUOUS
10
0.8225
20
-0.235
11
0.8225
21
-0.2
0
LINE
8
BLACK
6
CONTINUOUS
10
0.8225
20
-0.2
11
0.8426316141732283
21
-0.2
0
LINE
8
BLACK
6
CONTINUOUS
10
0.8426316141732283
20
-0.2
11
0.8425872047244094
21
-0.1325
0
LINE
8
BLACK
6
CONTINUOUS
10
0.8425872047244094
20
-0.1325
11
0.8175
21
-0.1325
0
LINE
8
BLACK
6
CONTINUOUS
10
0.8175
20
-0.1325
11
0.8175
21
-0.0675
0
LINE
8
BLACK
6
CONTINUOUS
10
0.8175
20
-0.0675
11
0.8425444094488189
21
-0.0675
0
LINE
8
BLACK
6
CONTINUOUS
10
0.8425444094488189
20
-0.0675
11
0.8425213779527558
21
-0.0325
0
LINE
8
BLACK
6
CONTINUOUS
10
0.8425213779527558
20
-0.0325
11
0.8175
21
-0.0325
0
LINE
8
BLACK
6
CONTINUOUS
10
0.8175
20
-0.0325
11
0.8175
21
0.0325
0
LINE
8
BLACK
6
CONTINUOUS
10
0.8175
20
0.0325
11
0.861034842519685
21
0.0325
0
LINE
8
BLACK
6
CONTINUOUS
10
0.861034842519685
20
0.0325
11
0.8609171653543307
21
0.23085
0
LINE
8
BLACK
6
CONTINUOUS
10
0.8609171653543307
20
0.23085
11
0.86015
21
0.23085
0
LINE
8
BLACK
6
CONTINUOUS
10
0.86015
20
0.23085
11
0.86015
21
0.28875
0
LINE
8
BLACK
6
CONTINUOUS
10
0.86015
20
0.28875
11
0.8766499999999999
21
0.28875
0
LINE
8
BLACK
6
CONTINUOUS
10
0.8766499999999999
20
0.28875
11
0.8766499999999999
21
0.23085
0
LINE
8
BLACK
6
CONTINUOUS
10
0.90225
20
0.23085
11
0.9013772440944882
21
0.23085
0
LINE
8
BLACK
6
CONTINUOUS
10
0.9013772440944882
20
0.23085
11
0.9014979133858267
21
0.0589166929133858
0
LINE
8
BLACK
6
CONTINUOUS
10
0.9014979133858267
20
0.0589166929133858
11
0.9280092519685039
21
0.0325
0
LINE
8
BLACK
6
CONTINUOUS
10
0.9280092519685039
20
0.0325
11
0.9824999999999999
21
0.0325
0
LINE
8
BLACK
6
CONTINUOUS
10
0.9824999999999999
20
0.0325
11
0.9824999999999999
21
-0.0325
0
LINE
8
BLACK
6
CONTINUOUS
10
0.9824999999999999
20
-0.0325
11
0.9574041338582677
21
-0.0325
0
LINE
8
BLACK
6
CONTINUOUS
10
0.9574041338582677
20
-0.0325
11
0.9574538582677166
21
-0.0675
0
LINE
8
BLACK
6
CONTINUOUS
10
0.9574538582677166
20
-0.0675
11
0.9824999999999999
21
-0.0675
0
LINE
8
BLACK
6
CONTINUOUS
10
0.9824999999999999
20
-0.0675
11
0.9824999999999999
21
-0.1325
0
LINE
8
BLACK
6
CONTINUOUS
10
0.9824999999999999
20
-0.1325
11
0.9574440551181103
21
-0.1325
0
LINE
8
BLACK
6
CONTINUOUS
10
0.9574440551181103
20
-0.1325
11
0.9574884645669292
21
-0.2
0
LINE
8
BLACK
6
CONTINUOUS
10
0.9574884645669292
20
-0.2
11
0.9774999999999999
21
-0.2
0
LINE
8
BLACK
6
CONTINUOUS
10
0.9774999999999999
20
-0.2
11
0.9774999999999999
21
-0.235
0
LINE
8
BLACK
6
CONTINUOUS
10
0.9774999999999999
20
-0.235
11
0.9225
21
-0.235
0
LINE
8
BLACK
6
CONTINUOUS
10
0.9225
20
-0.235
11
0.9225
21
-0.2
0
LINE
8
BLACK
6
CONTINUOUS
10
0.9225
20
-0.2
11
0.9426316141732283
21
-0.2
0
LINE
8
BLACK
6
CONTINUOUS
10
0.9426316141732283
20
-0.2
11
0.9425872047244094
21
-0.1325
0
LINE
8
BLACK
6
CONTINUOUS
10
0.9425872047244094
20
-0.1325
11
0.9175
21
-0.1325
0
LINE
8
BLACK
6
CONTINUOUS
10
0.9175
20
-0.1325
11
0.9175
21
-0.0675
0
LINE
8
BLACK
6
CONTINUOUS
10
0.9175
20
-0.0675
11
0.9425444094488189
21
-0.0675
0
LINE
8
BLACK
6
CONTINUOUS
10
0.9425444094488189
20
-0.0675
11
0.9425213779527559
21
-0.0325
0
LINE
8
BLACK
6
CONTINUOUS
10
0.9425213779527559
20
-0.0325
11
0.9175
21
-0.0325
0
LINE
8
BLACK
6
CONTINUOUS
10
0.9175
20
-0.0325
11
0.9175
21
0.0219961023622047
0
LINE
8
BLACK
6
CONTINUOUS
10
0.9175
20
0.0219961023622047
11
0.8886966929133858
21
0.0506966929133858
0
LINE
8
BLACK
6
CONTINUOUS
10
0.8886966929133858
20
0.0506966929133858
11
0.8877639763779528
21
0.0518332283464567
0
LINE
8
BLACK
6
CONTINUOUS
10
0.8877639763779528
20
0.0518332283464567
11
0.8866440944881889
21
0.054536811023622
0
LINE
8
BLACK
6
CONTINUOUS
10
0.8866440944881889
20
0.054536811023622
11
0.8865203149606299
21
0.23085
0
LINE
8
BLACK
6
CONTINUOUS
10
0.8865203149606299
20
0.23085
11
0.8857499999999999
21
0.23085
0
LINE
8
BLACK
6
CONTINUOUS
10
0.8857499999999999
20
0.23085
11
0.8857499999999999
21
0.28875
0
LINE
8
BLACK
6
CONTINUOUS
10
0.8857499999999999
20
0.28875
11
0.90225
21
0.28875
0
LINE
8
BLACK
6
CONTINUOUS
10
0.90225
20
0.28875
11
0.90225
21
0.23085
0
LINE
8
BLACK
6
CONTINUOUS
10
0.92785
20
0.23085
11
0.9269894094488189
21
0.23085
0
LINE
8
BLACK
6
CONTINUOUS
10
0.9269894094488189
20
0.23085
11
0.9270967716535433
21
0.1333111417322835
0
LINE
8
BLACK
6
CONTINUOUS
10
0.9270967716535433
20
0.1333111417322835
11
1.0280644094488189
21
0.0325
0
LINE
8
BLACK
6
CONTINUOUS
10
1.0280644094488189
20
0.0325
11
1.0825
21
0.0325
0
LINE
8
BLACK
6
CONTINUOUS
10
1.0825
20
0.0325
11
1.0825
21
-0.0325
0
LINE
8
BLACK
6
CONTINUOUS
10
1.0825
20
-0.0325
11
1.0574041338582676
21
-0.0325
0
LINE
8
BLACK
6
CONTINUOUS
10
1.0574041338582676
20
-0.0325
11
1.0574538582677164
21
-0.0675
0
LINE
8
BLACK
6
CONTINUOUS
10
1.0574538582677164
20
-0.0675
11
1.0825
21
-0.0675
0
LINE
8
BLACK
6
CONTINUOUS
10
1.0825
20
-0.0675
11
1.0825
21
-0.1325
0
LINE
8
BLACK
6
CONTINUOUS
10
1.0825
20
-0.1325
11
1.0574440551181101
21
-0.1325
0
LINE
8
BLACK
6
CONTINUOUS
10
1.0574440551181101
20
-0.1325
11
1.0574884645669291
21
-0.2
0
LINE
8
BLACK
6
CONTINUOUS
10
1.0574884645669291
20
-0.2
11
1.0774999999999999
21
-0.2
0
LINE
8
BLACK
6
CONTINUOUS
10
1.0774999999999999
20
-0.2
11
1.0774999999999999
21
-0.235
0
LINE
8
BLACK
6
CONTINUOUS
10
1.0774999999999999
20
-0.235
11
1.0225
21
-0.235
0
LINE
8
BLACK
6
CONTINUOUS
10
1.0225
20
-0.235
11
1.0225
21
-0.2
0
LINE
8
BLACK
6
CONTINUOUS
10
1.0225
20
-0.2
11
1.0426316141732284
21
-0.2
0
LINE
8
BLACK
6
CONTINUOUS
10
1.0426316141732284
20
-0.2
11
1.0425872047244094
21
-0.1325
0
LINE
8
BLACK
6
CONTINUOUS
10
1.0425872047244094
20
-0.1325
11
1.0175000000000001
21
-0.1325
0
LINE
8
BLACK
6
CONTINUOUS
10
1.0175000000000001
20
-0.1325
11
1.0175000000000001
21
-0.0675
0
LINE
8
BLACK
6
CONTINUOUS
10
1.0175000000000001
20
-0.0675
11
1.0425444094488188
21
-0.0675
0
LINE
8
BLACK
6
CONTINUOUS
10
1.0425444094488188
20
-0.0675
11
1.0425213779527558
21
-0.0325
0
LINE
8
BLACK
6
CONTINUOUS
10
1.0425213779527558
20
-0.0325
11
1.0175000000000001
21
-0.0325
0
LINE
8
BLACK
6
CONTINUOUS
10
1.0175000000000001
20
-0.0325
11
1.0175000000000001
21
0.0220532677165354
0
LINE
8
BLACK
6
CONTINUOUS
10
1.0175000000000001
20
0.0220532677165354
11
0.9142966929133858
21
0.1250966929133858
0
LINE
8
BLACK
6
CONTINUOUS
10
0.9142966929133858
20
0.1250966929133858
11
0.9133639763779527
21
0.1262332283464567
0
LINE
8
BLACK
6
CONTINUOUS
10
0.9133639763779527
20
0.1262332283464567
11
0.912244094488189
21
0.128936811023622
0
LINE
8
BLACK
6
CONTINUOUS
10
0.912244094488189
20
0.128936811023622
11
0.9121318897637795
21
0.23085
0
LINE
8
BLACK
6
CONTINUOUS
10
0.9121318897637795
20
0.23085
11
0.91135
21
0.23085
0
LINE
8
BLACK
6
CONTINUOUS
10
0.91135
20
0.23085
11
0.91135
21
0.28875
0
LINE
8
BLACK
6
CONTINUOUS
10
0.91135
20
0.28875
11
0.92785
21
0.28875
0
LINE
8
BLACK
6
CONTINUOUS
10
0.92785
20
0.28875
11
0.92785
21
0.23085
0
LINE
8
BLACK
6
CONTINUOUS
10
0.95345
20
0.23085
11
0.9526335039370079
21
0.23085
0
LINE
8
BLACK
6
CONTINUOUS
10
0.9526335039370079
20
0.23085
11
0.9526925590551181
21
0.2077135039370079
0
LINE
8
BLACK
6
CONTINUOUS
10
0.9526925590551181
20
0.2077135039370079
11
1.12807968503937
21
0.0325
0
LINE
8
BLACK
6
CONTINUOUS
10
1.12807968503937
20
0.0325
11
1.1824999999999999
21
0.0325
0
LINE
8
BLACK
6
CONTINUOUS
10
1.1824999999999999
20
0.0325
11
1.1824999999999999
21
-0.0325
0
LINE
8
BLACK
6
CONTINUOUS
10
1.1824999999999999
20
-0.0325
11
1.1574041338582677
21
-0.0325
0
LINE
8
BLACK
6
CONTINUOUS
10
1.1574041338582677
20
-0.0325
11
1.1574538582677165
21
-0.0675
0
LINE
8
BLACK
6
CONTINUOUS
10
1.1574538582677165
20
-0.0675
11
1.1824999999999999
21
-0.0675
0
LINE
8
BLACK
6
CONTINUOUS
10
1.1824999999999999
20
-0.0675
11
1.1824999999999999
21
-0.1325
0
LINE
8
BLACK
6
CONTINUOUS
10
1.1824999999999999
20
-0.1325
11
1.1574440551181102
21
-0.1325
0
LINE
8
BLACK
6
CONTINUOUS
10
1.1574440551181102
20
-0.1325
11
1.157488464566929
21
-0.2
0
LINE
8
BLACK
6
CONTINUOUS
10
1.157488464566929
20
-0.2
11
1.1775
21
-0.2
0
LINE
8
BLACK
6
CONTINUOUS
10
1.1775
20
-0.2
11
1.1775
21
-0.235
0
LINE
8
BLACK
6
CONTINUOUS
10
1.1775
20
-0.235
11
1.1225000000000001
21
-0.235
0
LINE
8
BLACK
6
CONTINUOUS
10
1.1225000000000001
20
-0.235
11
1.1225000000000001
21
-0.2
0
LINE
8
BLACK
6
CONTINUOUS
10
1.1225000000000001
20
-0.2
11
1.1426316141732282
21
-0.2
0
LINE
8
BLACK
6
CONTINUOUS
10
1.1426316141732282
20
-0.2
11
1.1425872047244094
21
-0.1325
0
LINE
8
BLACK
6
CONTINUOUS
10
1.1425872047244094
20
-0.1325
11
1.1174999999999999
21
-0.1325
0
LINE
8
BLACK
6
CONTINUOUS
10
1.1174999999999999
20
-0.1325
11
1.1174999999999999
21
-0.0675
0
LINE
8
BLACK
6
CONTINUOUS
10
1.1174999999999999
20
-0.0675
11
1.1425444094488189
21
-0.0675
0
LINE
8
BLACK
6
CONTINUOUS
10
1.1425444094488189
20
-0.0675
11
1.1425213779527559
21
-0.0325
0
LINE
8
BLACK
6
CONTINUOUS
10
1.1425213779527559
20
-0.0325
11
1.1174999999999999
21
-0.0325
0
LINE
8
BLACK
6
CONTINUOUS
10
1.1174999999999999
20
-0.0325
11
1.1174999999999999
21
0.022069094488189
0
LINE
8
BLACK
6
CONTINUOUS
10
1.1174999999999999
20
0.022069094488189
11
0.9398966929133858
21
0.1994966929133858
0
LINE
8
BLACK
6
CONTINUOUS
10
0.9398966929133858
20
0.1994966929133858
11
0.9389639763779527
21
0.2006332283464567
0
LINE
8
BLACK
6
CONTINUOUS
10
0.9389639763779527
20
0.2006332283464567
11
0.937844094488189
21
0.2033368110236221
0
LINE
8
BLACK
6
CONTINUOUS
10
0.937844094488189
20
0.2033368110236221
11
0.9377738976377953
21
0.23085
0
LINE
8
BLACK
6
CONTINUOUS
10
0.9377738976377953
20
0.23085
11
0.9369499999999999
21
0.23085
0
LINE
8
BLACK
6
CONTINUOUS
10
0.9369499999999999
20
0.23085
11
0.9369499999999999
21
0.28875
0
LINE
8
BLACK
6
CONTINUOUS
10
0.9369499999999999
20
0.28875
11
0.95345
21
0.28875
0
LINE
8
BLACK
6
CONTINUOUS
10
0.95345
20
0.28875
11
0.95345
21
0.23085
0
LINE
8
BLACK
6
CONTINUOUS
10
1.2450285826771654
20
-0.2236661811023622
11
1.2456164566929133
21
-0.2239096850393701
0
LINE
8
BLACK
6
CONTINUOUS
10
1.2456164566929133
20
-0.2239096850393701
11
1.2456173228346457
21
-0.2239105511811024
0
LINE
8
BLACK
6
CONTINUOUS
10
1.2456173228346457
20
-0.2239105511811024
11
1.2480877559055117
21
-0.2262740551181102
0
LINE
8
BLACK
6
CONTINUOUS
10
1.2480877559055117
20
-0.2262740551181102
11
1.248577401574803
21
-0.2268706299212598
0
LINE
8
BLACK
6
CONTINUOUS
10
1.248577401574803
20
-0.2268706299212598
11
1.248577401574803
21
-0.2268706692913386
0
LINE
8
BLACK
6
CONTINUOUS
10
1.248577401574803
20
-0.2268706692913386
11
1.2491652755905511
21
-0.2282898818897638
0
LINE
8
BLACK
6
CONTINUOUS
10
1.2491652755905511
20
-0.2282898818897638
11
1.2491652755905511
21
-0.2298260236220472
0
LINE
8
BLACK
6
CONTINUOUS
10
1.2491652755905511
20
-0.2298260236220472
11
1.2490250000000001
21
-0.2301646456692913
0
LINE
8
BLACK
6
CONTINUOUS
10
1.2490250000000001
20
-0.2301646456692913
11
1.248577401574803
21
-0.2312452755905512
0
LINE
8
BLACK
6
CONTINUOUS
10
1.248577401574803
20
-0.2312452755905512
11
1.2462130314960629
21
-0.2337166141732283
0
LINE
8
BLACK
6
CONTINUOUS
10
1.2462130314960629
20
-0.2337166141732283
11
1.2456166141732283
21
-0.2342060236220472
0
LINE
8
BLACK
6
CONTINUOUS
10
1.2456166141732283
20
-0.2342060236220472
11
1.2456164566929133
21
-0.2342062204724409
0
LINE
8
BLACK
6
CONTINUOUS
10
1.2456164566929133
20
-0.2342062204724409
11
1.2450285826771654
21
-0.2344496850393701
0
LINE
8
BLACK
6
CONTINUOUS
10
1.2450285826771654
20
-0.2344496850393701
11
1.2441972047244094
21
-0.234794094488189
0
LINE
8
BLACK
6
CONTINUOUS
10
1.2441972047244094
20
-0.234794094488189
11
1.2426611023622047
21
-0.234794094488189
0
LINE
8
BLACK
6
CONTINUOUS
10
1.2426611023622047
20
-0.234794094488189
11
1.242661062992126
21
-0.234794094488189
0
LINE
8
BLACK
6
CONTINUOUS
10
1.242661062992126
20
-0.234794094488189
11
1.2422453937007873
21
-0.2346218897637795
0
LINE
8
BLACK
6
CONTINUOUS
10
1.2422453937007873
20
-0.2346218897637795
11
1.2412418503937008
21
-0.2342062598425197
0
LINE
8
BLACK
6
CONTINUOUS
10
1.2412418503937008
20
-0.2342062598425197
11
1.238770472440945
21
-0.2318418503937008
0
LINE
8
BLACK
6
CONTINUOUS
10
1.238770472440945
20
-0.2318418503937008
11
1.2382808267716534
21
-0.2312452755905512
0
LINE
8
BLACK
6
CONTINUOUS
10
1.2382808267716534
20
-0.2312452755905512
11
1.2382807874015749
21
-0.2312452362204724
0
LINE
8
BLACK
6
CONTINUOUS
10
1.2382807874015749
20
-0.2312452362204724
11
1.2377513779527558
21
-0.2299670866141732
0
LINE
8
BLACK
6
CONTINUOUS
10
1.2377513779527558
20
-0.2299670866141732
11
1.2376929527559055
21
-0.2298260236220472
0
LINE
8
BLACK
6
CONTINUOUS
10
1.2376929527559055
20
-0.2298260236220472
11
1.2376929527559055
21
-0.2282898818897638
0
LINE
8
BLACK
6
CONTINUOUS
10
1.2376929527559055
20
-0.2282898818897638
11
1.2378651181102363
21
-0.2278742125984252
0
LINE
8
BLACK
6
CONTINUOUS
10
1.2378651181102363
20
-0.2278742125984252
11
1.2382807874015749
21
-0.2268706692913386
0
LINE
8
BLACK
6
CONTINUOUS
10
1.2382807874015749
20
-0.2268706692913386
11
1.2382808267716534
21
-0.2268706299212598
0
LINE
8
BLACK
6
CONTINUOUS
10
1.2382808267716534
20
-0.2268706299212598
11
1.240645275590551
21
-0.2243992913385827
0
LINE
8
BLACK
6
CONTINUOUS
10
1.240645275590551
20
-0.2243992913385827
11
1.2412418503937008
21
-0.2239096456692913
0
LINE
8
BLACK
6
CONTINUOUS
10
1.2412418503937008
20
-0.2239096456692913
11
1.2422453937007873
21
-0.2234939763779528
0
LINE
8
BLACK
6
CONTINUOUS
10
1.2422453937007873
20
-0.2234939763779528
11
1.242661062992126
21
-0.223321811023622
0
LINE
8
BLACK
6
CONTINUOUS
10
1.242661062992126
20
-0.223321811023622
11
1.2441972047244094
21
-0.223321811023622
0
LINE
8
BLACK
6
CONTINUOUS
10
1.2441972047244094
20
-0.223321811023622
11
1.2450285826771654
21
-0.2236661811023622
0
LINE
8
BLACK
6
CONTINUOUS
10
1.246071968503937
20
-0.1858264960629921
11
1.2474911811023621
21
-0.1864143700787401
0
LINE
8
BLACK
6
CONTINUOUS
10
1.2474911811023621
20
-0.1864143700787401
11
1.248577401574803
21
-0.1875005905511811
0
LINE
8
BLACK
6
CONTINUOUS
10
1.248577401574803
20
-0.1875005905511811
11
1.2491652755905511
21
-0.1889198031496063
0
LINE
8
BLACK
6
CONTINUOUS
10
1.2491652755905511
20
-0.1889198031496063
11
1.249240905511811
21
-0.2046859842519685
0
LINE
8
BLACK
6
CONTINUOUS
10
1.249240905511811
20
-0.2046859842519685
11
1.2491652755905511
21
-0.2054540551181102
0
LINE
8
BLACK
6
CONTINUOUS
10
1.2491652755905511
20
-0.2054540551181102
11
1.2491111023622048
21
-0.2055847637795276
0
LINE
8
BLACK
6
CONTINUOUS
10
1.2491111023622048
20
-0.2055847637795276
11
1.2491011023622047
21
-0.2057258661417323
0
LINE
8
BLACK
6
CONTINUOUS
10
1.2491011023622047
20
-0.2057258661417323
11
1.2487526771653543
21
-0.2064500393700787
0
LINE
8
BLACK
6
CONTINUOUS
10
1.2487526771653543
20
-0.2064500393700787
11
1.248577401574803
21
-0.2068732677165354
0
LINE
8
BLACK
6
CONTINUOUS
10
1.248577401574803
20
-0.2068732677165354
11
1.2485228740157479
21
-0.2069277559055118
0
LINE
8
BLACK
6
CONTINUOUS
10
1.2485228740157479
20
-0.2069277559055118
11
1.2469505118110236
21
-0.2101961811023622
0
LINE
8
BLACK
6
CONTINUOUS
10
1.2469505118110236
20
-0.2101961811023622
11
1.2467424015748032
21
-0.2105267322834646
0
LINE
8
BLACK
6
CONTINUOUS
10
1.2467424015748032
20
-0.2105267322834646
11
1.2467026377952755
21
-0.2106228346456693
0
LINE
8
BLACK
6
CONTINUOUS
10
1.2467026377952755
20
-0.2106228346456693
11
1.2466421653543307
21
-0.2106859842519685
0
LINE
8
BLACK
6
CONTINUOUS
10
1.2466421653543307
20
-0.2106859842519685
11
1.2465393700787402
21
-0.2108493700787402
0
LINE
8
BLACK
6
CONTINUOUS
10
1.2465393700787402
20
-0.2108493700787402
11
1.2462253149606299
21
-0.2111216929133858
0
LINE
8
BLACK
6
CONTINUOUS
10
1.2462253149606299
20
-0.2111216929133858
11
1.2443381889763778
21
-0.2130941732283465
0
LINE
8
BLACK
6
CONTINUOUS
10
1.2443381889763778
20
-0.2130941732283465
11
1.2440362204724409
21
-0.213341968503937
0
LINE
8
BLACK
6
CONTINUOUS
10
1.2440362204724409
20
-0.213341968503937
11
1.2439681496062991
21
-0.2134205118110236
0
LINE
8
BLACK
6
CONTINUOUS
10
1.2439681496062991
20
-0.2134205118110236
11
1.2438931102362205
21
-0.2134594488188976
0
LINE
8
BLACK
6
CONTINUOUS
10
1.2438931102362205
20
-0.2134594488188976
11
1.2437416141732283
21
-0.2135838188976378
0
LINE
8
BLACK
6
CONTINUOUS
10
1.2437416141732283
20
-0.2135838188976378
11
1.2433065748031495
21
-0.2137639763779527
0
LINE
8
BLACK
6
CONTINUOUS
10
1.2433065748031495
20
-0.2137639763779527
11
1.2395654724409448
21
-0.2157064173228346
0
LINE
8
BLACK
6
CONTINUOUS
10
1.2395654724409448
20
-0.2157064173228346
11
1.23884468503937
21
-0.2159822440944882
0
LINE
8
BLACK
6
CONTINUOUS
10
1.23884468503937
20
-0.2159822440944882
11
1.2387035826771653
21
-0.2159922440944882
0
LINE
8
BLACK
6
CONTINUOUS
10
1.2387035826771653
20
-0.2159922440944882
11
1.238572874015748
21
-0.2160464173228346
0
LINE
8
BLACK
6
CONTINUOUS
10
1.238572874015748
20
-0.2160464173228346
11
1.2378156299212597
21
-0.2160553543307087
0
LINE
8
BLACK
6
CONTINUOUS
10
1.2378156299212597
20
-0.2160553543307087
11
1.2373124015748032
21
-0.2160911417322835
0
LINE
8
BLACK
6
CONTINUOUS
10
1.2373124015748032
20
-0.2160911417322835
11
1.2372260236220471
21
-0.2160623228346457
0
LINE
8
BLACK
6
CONTINUOUS
10
1.2372260236220471
20
-0.2160623228346457
11
1.2321805118110236
21
-0.2161220472440945
0
LINE
8
BLACK
6
CONTINUOUS
10
1.2321805118110236
20
-0.2161220472440945
11
1.2314124409448819
21
-0.2160464173228346
0
LINE
8
BLACK
6
CONTINUOUS
10
1.2314124409448819
20
-0.2160464173228346
11
1.2312816929133859
21
-0.2159922440944882
0
LINE
8
BLACK
6
CONTINUOUS
10
1.2312816929133859
20
-0.2159922440944882
11
1.2311406299212597
21
-0.2159822440944882
0
LINE
8
BLACK
6
CONTINUOUS
10
1.2311406299212597
20
-0.2159822440944882
11
1.2304164173228347
21
-0.2156338188976378
0
LINE
8
BLACK
6
CONTINUOUS
10
1.2304164173228347
20
-0.2156338188976378
11
1.2299932283464567
21
-0.2154585433070866
0
LINE
8
BLACK
6
CONTINUOUS
10
1.2299932283464567
20
-0.2154585433070866
11
1.2299387007874016
21
-0.2154040157480315
0
LINE
8
BLACK
6
CONTINUOUS
10
1.2299387007874016
20
-0.2154040157480315
11
1.2266703149606299
21
-0.2138316535433071
0
LINE
8
BLACK
6
CONTINUOUS
10
1.2266703149606299
20
-0.2138316535433071
11
1.2263397244094487
21
-0.2136235433070866
0
LINE
8
BLACK
6
CONTINUOUS
10
1.2263397244094487
20
-0.2136235433070866
11
1.2262436614173229
21
-0.2135837795275591
0
LINE
8
BLACK
6
CONTINUOUS
10
1.2262436614173229
20
-0.2135837795275591
11
1.2261804724409449
21
-0.2135233070866142
0
LINE
8
BLACK
6
CONTINUOUS
10
1.2261804724409449
20
-0.2135233070866142
11
1.2260171259842518
21
-0.2134205118110236
0
LINE
8
BLACK
6
CONTINUOUS
10
1.2260171259842518
20
-0.2134205118110236
11
1.2257448425196851
21
-0.2131065354330709
0
LINE
8
BLACK
6
CONTINUOUS
10
1.2257448425196851
20
-0.2131065354330709
11
1.2237723228346455
21
-0.2112194094488189
0
LINE
8
BLACK
6
CONTINUOUS
10
1.2237723228346455
20
-0.2112194094488189
11
1.223746220472441
21
-0.2111875984251969
0
LINE
8
BLACK
6
CONTINUOUS
10
1.223746220472441
20
-0.2111875984251969
11
1.2237158267716535
21
-0.2112194094488189
0
LINE
8
BLACK
6
CONTINUOUS
10
1.2237158267716535
20
-0.2112194094488189
11
1.2234138188976378
21
-0.2114672047244094
0
LINE
8
BLACK
6
CONTINUOUS
10
1.2234138188976378
20
-0.2114672047244094
11
1.223345748031496
21
-0.2115457480314961
0
LINE
8
BLACK
6
CONTINUOUS
10
1.223345748031496
20
-0.2115457480314961
11
1.2232706299212599
21
-0.2115847244094488
0
LINE
8
BLACK
6
CONTINUOUS
10
1.2232706299212599
20
-0.2115847244094488
11
1.2231192125984252
21
-0.2117090157480315
0
LINE
8
BLACK
6
CONTINUOUS
10
1.2231192125984252
20
-0.2117090157480315
11
1.2226843700787402
21
-0.211889094488189
0
LINE
8
BLACK
6
CONTINUOUS
10
1.2226843700787402
20
-0.211889094488189
11
1.2189430708661417
21
-0.2138316535433071
0
LINE
8
BLACK
6
CONTINUOUS
10
1.2189430708661417
20
-0.2138316535433071
11
1.2182222834645668
21
-0.2141074803149606
0
LINE
8
BLACK
6
CONTINUOUS
10
1.2182222834645668
20
-0.2141074803149606
11
1.2180811811023622
21
-0.2141174803149606
0
LINE
8
BLACK
6
CONTINUOUS
10
1.2180811811023622
20
-0.2141174803149606
11
1.2179504724409449
21
-0.2141716535433071
0
LINE
8
BLACK
6
CONTINUOUS
10
1.2179504724409449
20
-0.2141716535433071
11
1.2171248031496062
21
-0.2141854724409449
0
LINE
8
BLACK
6
CONTINUOUS
10
1.2171248031496062
20
-0.2141854724409449
11
1.21669
21
-0.2142163779527559
0
LINE
8
BLACK
6
CONTINUOUS
10
1.21669
20
-0.2142163779527559
11
1.2166225196850393
21
-0.2141938582677165
0
LINE
8
BLACK
6
CONTINUOUS
10
1.2166225196850393
20
-0.2141938582677165
11
1.2134328740157481
21
-0.2142472834645669
0
LINE
8
BLACK
6
CONTINUOUS
10
1.2134328740157481
20
-0.2142472834645669
11
1.2126648031496063
21
-0.2141716535433071
0
LINE
8
BLACK
6
CONTINUOUS
10
1.2126648031496063
20
-0.2141716535433071
11
1.2125340551181103
21
-0.2141174803149606
0
LINE
8
BLACK
6
CONTINUOUS
10
1.2125340551181103
20
-0.2141174803149606
11
1.2123929921259842
21
-0.2141074803149606
0
LINE
8
BLACK
6
CONTINUOUS
10
1.2123929921259842
20
-0.2141074803149606
11
1.2116687795275591
21
-0.2137590551181102
0
LINE
8
BLACK
6
CONTINUOUS
10
1.2116687795275591
20
-0.2137590551181102
11
1.211245590551181
21
-0.2135837795275591
0
LINE
8
BLACK
6
CONTINUOUS
10
1.211245590551181
20
-0.2135837795275591
11
1.2111910629921259
21
-0.2135292519685039
0
LINE
8
BLACK
6
CONTINUOUS
10
1.2111910629921259
20
-0.2135292519685039
11
1.2079226771653544
21
-0.2119568897637795
0
LINE
8
BLACK
6
CONTINUOUS
10
1.2079226771653544
20
-0.2119568897637795
11
1.2075920866141732
21
-0.2117487795275591
0
LINE
8
BLACK
6
CONTINUOUS
10
1.2075920866141732
20
-0.2117487795275591
11
1.2074960236220471
21
-0.2117090157480315
0
LINE
8
BLACK
6
CONTINUOUS
10
1.2074960236220471
20
-0.2117090157480315
11
1.2074328346456693
21
-0.2116485433070866
0
LINE
8
BLACK
6
CONTINUOUS
10
1.2074328346456693
20
-0.2116485433070866
11
1.2072694881889763
21
-0.2115457480314961
0
LINE
8
BLACK
6
CONTINUOUS
10
1.2072694881889763
20
-0.2115457480314961
11
1.2069972047244095
21
-0.2112317716535433
0
LINE
8
BLACK
6
CONTINUOUS
10
1.2069972047244095
20
-0.2112317716535433
11
1.20502468503937
21
-0.2093446456692913
0
LINE
8
BLACK
6
CONTINUOUS
10
1.20502468503937
20
-0.2093446456692913
11
1.2047768503937009
21
-0.2090426377952756
0
LINE
8
BLACK
6
CONTINUOUS
10
1.2047768503937009
20
-0.2090426377952756
11
1.2046983464566929
21
-0.2089745669291339
0
LINE
8
BLACK
6
CONTINUOUS
10
1.2046983464566929
20
-0.2089745669291339
11
1.2046593307086615
21
-0.2088994488188976
0
LINE
8
BLACK
6
CONTINUOUS
10
1.2046593307086615
20
-0.2088994488188976
11
1.2045350787401574
21
-0.208748031496063
0
LINE
8
BLACK
6
CONTINUOUS
10
1.2045350787401574
20
-0.208748031496063
11
1.2043549606299213
21
-0.208313188976378
0
LINE
8
BLACK
6
CONTINUOUS
10
1.2043549606299213
20
-0.208313188976378
11
1.2024124409448818
21
-0.2045718897637795
0
LINE
8
BLACK
6
CONTINUOUS
10
1.2024124409448818
20
-0.2045718897637795
11
1.2021366141732284
21
-0.2038511023622047
0
LINE
8
BLACK
6
CONTINUOUS
10
1.2021366141732284
20
-0.2038511023622047
11
1.2021265748031496
21
-0.20371
0
LINE
8
BLACK
6
CONTINUOUS
10
1.2021265748031496
20
-0.20371
11
1.202072440944882
21
-0.2035792913385827
0
LINE
8
BLACK
6
CONTINUOUS
10
1.202072440944882
20
-0.2035792913385827
11
1.2020687007874016
21
-0.2028957480314961
0
LINE
8
BLACK
6
CONTINUOUS
10
1.2020687007874016
20
-0.2028957480314961
11
1.2020277165354329
21
-0.2023188188976378
0
LINE
8
BLACK
6
CONTINUOUS
10
1.2020277165354329
20
-0.2023188188976378
11
1.2020649606299212
21
-0.2022070472440945
0
LINE
8
BLACK
6
CONTINUOUS
10
1.2020649606299212
20
-0.2022070472440945
11
1.2019968110236221
21
-0.189687874015748
0
LINE
8
BLACK
6
CONTINUOUS
10
1.2019968110236221
20
-0.189687874015748
11
1.202072440944882
21
-0.1889198031496063
0
LINE
8
BLACK
6
CONTINUOUS
10
1.202072440944882
20
-0.1889198031496063
11
1.2026603149606299
21
-0.1875005905511811
0
LINE
8
BLACK
6
CONTINUOUS
10
1.2026603149606299
20
-0.1875005905511811
11
1.2037465354330708
21
-0.1864143700787401
0
LINE
8
BLACK
6
CONTINUOUS
10
1.2037465354330708
20
-0.1864143700787401
11
1.2051657480314961
21
-0.1858264960629921
0
LINE
8
BLACK
6
CONTINUOUS
10
1.2051657480314961
20
-0.1858264960629921
11
1.2453038976377953
21
-0.1857508661417323
0
LINE
8
BLACK
6
CONTINUOUS
10
1.2453038976377953
20
-0.1857508661417323
11
1.246071968503937
21
-0.1858264960629921
0
LINE
8
BLACK
6
CONTINUOUS
10
1.228568188976378
20
-0.1935822047244095
11
1.2286159055118111
21
-0.2023477165354331
0
LINE
8
BLACK
6
CONTINUOUS
10
1.2286159055118111
20
-0.2023477165354331
11
1.2300079133858268
21
-0.2063716929133858
0
LINE
8
BLACK
6
CONTINUOUS
10
1.2300079133858268
20
-0.2063716929133858
11
1.2308483464566928
21
-0.207175748031496
0
LINE
8
BLACK
6
CONTINUOUS
10
1.2308483464566928
20
-0.207175748031496
11
1.2331906692913386
21
-0.2083025984251969
0
LINE
8
BLACK
6
CONTINUOUS
10
1.2331906692913386
20
-0.2083025984251969
11
1.2369641338582678
21
-0.2082579527559055
0
LINE
8
BLACK
6
CONTINUOUS
10
1.2369641338582678
20
-0.2082579527559055
11
1.2393237795275591
21
-0.2070328346456693
0
LINE
8
BLACK
6
CONTINUOUS
10
1.2393237795275591
20
-0.2070328346456693
11
1.2402946062992126
21
-0.2060181102362205
0
LINE
8
BLACK
6
CONTINUOUS
10
1.2402946062992126
20
-0.2060181102362205
11
1.2414338582677165
21
-0.2036500393700787
0
LINE
8
BLACK
6
CONTINUOUS
10
1.2414338582677165
20
-0.2036500393700787
11
1.241385433070866
21
-0.1935580708661417
0
LINE
8
BLACK
6
CONTINUOUS
10
1.241385433070866
20
-0.1935580708661417
11
1.228568188976378
21
-0.1935822047244095
0
LINE
8
BLACK
6
CONTINUOUS
10
1.209820748031496
20
-0.1936175196850394
11
1.2098662992125984
21
-0.2019810236220472
0
LINE
8
BLACK
6
CONTINUOUS
10
1.2098662992125984
20
-0.2019810236220472
11
1.2110860236220473
21
-0.2043301968503937
0
LINE
8
BLACK
6
CONTINUOUS
10
1.2110860236220473
20
-0.2043301968503937
11
1.2121007086614173
21
-0.2053009842519685
0
LINE
8
BLACK
6
CONTINUOUS
10
1.2121007086614173
20
-0.2053009842519685
11
1.2144255118110237
21
-0.2064194094488189
0
LINE
8
BLACK
6
CONTINUOUS
10
1.2144255118110237
20
-0.2064194094488189
11
1.2163335433070865
21
-0.2063874409448819
0
LINE
8
BLACK
6
CONTINUOUS
10
1.2163335433070865
20
-0.2063874409448819
11
1.2187013779527558
21
-0.205158031496063
0
LINE
8
BLACK
6
CONTINUOUS
10
1.2187013779527558
20
-0.205158031496063
11
1.2196721653543308
21
-0.2041433464566929
0
LINE
8
BLACK
6
CONTINUOUS
10
1.2196721653543308
20
-0.2041433464566929
11
1.2208102362204725
21
-0.2017776771653543
0
LINE
8
BLACK
6
CONTINUOUS
10
1.2208102362204725
20
-0.2017776771653543
11
1.2207657086614172
21
-0.1935969291338583
0
LINE
8
BLACK
6
CONTINUOUS
10
1.2207657086614172
20
-0.1935969291338583
11
1.209820748031496
21
-0.1936175196850394
0
LINE
8
BLACK
6
CONTINUOUS
10
1.246071968503937
20
-0.1202096850393701
11
1.2474911811023621
21
-0.1207975590551181
0
LINE
8
BLACK
6
CONTINUOUS
10
1.2474911811023621
20
-0.1207975590551181
11
1.248577401574803
21
-0.121883779527559
0
LINE
8
BLACK
6
CONTINUOUS
10
1.248577401574803
20
-0.121883779527559
11
1.2491652755905511
21
-0.1233029921259843
0
LINE
8
BLACK
6
CONTINUOUS
10
1.2491652755905511
20
-0.1233029921259843
11
1.249240905511811
21
-0.1428187007874016
0
LINE
8
BLACK
6
CONTINUOUS
10
1.249240905511811
20
-0.1428187007874016
11
1.2491652755905511
21
-0.1435867716535433
0
LINE
8
BLACK
6
CONTINUOUS
10
1.2491652755905511
20
-0.1435867716535433
11
1.248577401574803
21
-0.1450059842519685
0
LINE
8
BLACK
6
CONTINUOUS
10
1.248577401574803
20
-0.1450059842519685
11
1.2474911811023621
21
-0.1460922047244095
0
LINE
8
BLACK
6
CONTINUOUS
10
1.2474911811023621
20
-0.1460922047244095
11
1.2463950393700787
21
-0.146546220472441
0
LINE
8
BLACK
6
CONTINUOUS
10
1.2463950393700787
20
-0.146546220472441
11
1.247717716535433
21
-0.1472075984251968
0
LINE
8
BLACK
6
CONTINUOUS
10
1.247717716535433
20
-0.1472075984251968
11
1.2487242125984253
21
-0.1483680708661417
0
LINE
8
BLACK
6
CONTINUOUS
10
1.2487242125984253
20
-0.1483680708661417
11
1.2492099999999999
21
-0.1498253937007874
0
LINE
8
BLACK
6
CONTINUOUS
10
1.2492099999999999
20
-0.1498253937007874
11
1.249101062992126
21
-0.1513576771653543
0
LINE
8
BLACK
6
CONTINUOUS
10
1.249101062992126
20
-0.1513576771653543
11
1.248414094488189
21
-0.1527316535433071
0
LINE
8
BLACK
6
CONTINUOUS
10
1.248414094488189
20
-0.1527316535433071
11
1.2472536220472441
21
-0.1537381496062992
0
LINE
8
BLACK
6
CONTINUOUS
10
1.2472536220472441
20
-0.1537381496062992
11
1.237930433070866
21
-0.1568643700787402
0
LINE
8
BLACK
6
CONTINUOUS
10
1.237930433070866
20
-0.1568643700787402
11
1.2379812992125985
21
-0.1699907086614173
0
LINE
8
BLACK
6
CONTINUOUS
10
1.2379812992125985
20
-0.1699907086614173
11
1.2465488582677164
21
-0.1728295275590551
0
LINE
8
BLACK
6
CONTINUOUS
10
1.2465488582677164
20
-0.1728295275590551
11
1.2472536220472441
21
-0.1731441338582677
0
LINE
8
BLACK
6
CONTINUOUS
10
1.2472536220472441
20
-0.1731441338582677
11
1.248414094488189
21
-0.1741506299212598
0
LINE
8
BLACK
6
CONTINUOUS
10
1.248414094488189
20
-0.1741506299212598
11
1.249101062992126
21
-0.1755246062992126
0
LINE
8
BLACK
6
CONTINUOUS
10
1.249101062992126
20
-0.1755246062992126
11
1.2492099999999999
21
-0.1770568897637795
0
LINE
8
BLACK
6
CONTINUOUS
10
1.2492099999999999
20
-0.1770568897637795
11
1.2487242125984253
21
-0.1785142125984252
0
LINE
8
BLACK
6
CONTINUOUS
10
1.2487242125984253
20
-0.1785142125984252
11
1.247717716535433
21
-0.1796746850393701
0
LINE
8
BLACK
6
CONTINUOUS
10
1.247717716535433
20
-0.1796746850393701
11
1.2463437401574804
21
-0.1803616929133858
0
LINE
8
BLACK
6
CONTINUOUS
10
1.2463437401574804
20
-0.1803616929133858
11
1.2448114566929134
21
-0.1804705905511811
0
LINE
8
BLACK
6
CONTINUOUS
10
1.2448114566929134
20
-0.1804705905511811
11
1.2333604330708661
21
-0.1766763385826772
0
LINE
8
BLACK
6
CONTINUOUS
10
1.2333604330708661
20
-0.1766763385826772
11
1.2332872047244094
21
-0.1766763385826772
0
LINE
8
BLACK
6
CONTINUOUS
10
1.2332872047244094
20
-0.1766763385826772
11
1.2329944094488188
21
-0.1765550393700787
0
LINE
8
BLACK
6
CONTINUOUS
10
1.2329944094488188
20
-0.1765550393700787
11
1.2046888188976377
21
-0.1671761023622047
0
LINE
8
BLACK
6
CONTINUOUS
10
1.2046888188976377
20
-0.1671761023622047
11
1.203984094488189
21
-0.1668614960629921
0
LINE
8
BLACK
6
CONTINUOUS
10
1.203984094488189
20
-0.1668614960629921
11
1.2037714960629922
21
-0.1666770866141732
0
LINE
8
BLACK
6
CONTINUOUS
10
1.2037714960629922
20
-0.1666770866141732
11
1.2035199606299212
21
-0.1665513385826771
0
LINE
8
BLACK
6
CONTINUOUS
10
1.2035199606299212
20
-0.1665513385826771
11
1.2031964960629922
21
-0.1661784251968504
0
LINE
8
BLACK
6
CONTINUOUS
10
1.2031964960629922
20
-0.1661784251968504
11
1.2028236220472441
21
-0.165855
0
LINE
8
BLACK
6
CONTINUOUS
10
1.2028236220472441
20
-0.165855
11
1.2026978346456694
21
-0.1656034251968504
0
LINE
8
BLACK
6
CONTINUOUS
10
1.2026978346456694
20
-0.1656034251968504
11
1.2025134645669291
21
-0.1653908661417323
0
LINE
8
BLACK
6
CONTINUOUS
10
1.2025134645669291
20
-0.1653908661417323
11
1.2023573228346456
21
-0.1649224409448819
0
LINE
8
BLACK
6
CONTINUOUS
10
1.2023573228346456
20
-0.1649224409448819
11
1.2021366141732284
21
-0.1644810236220473
0
LINE
8
BLACK
6
CONTINUOUS
10
1.2021366141732284
20
-0.1644810236220473
11
1.202116653543307
21
-0.1642003937007874
0
LINE
8
BLACK
6
CONTINUOUS
10
1.202116653543307
20
-0.1642003937007874
11
1.2020277165354329
21
-0.1639335433070866
0
LINE
8
BLACK
6
CONTINUOUS
10
1.2020277165354329
20
-0.1639335433070866
11
1.2020626771653542
21
-0.1634411417322835
0
LINE
8
BLACK
6
CONTINUOUS
10
1.2020626771653542
20
-0.1634411417322835
11
1.2020277165354329
21
-0.1629487401574803
0
LINE
8
BLACK
6
CONTINUOUS
10
1.2020277165354329
20
-0.1629487401574803
11
1.202116653543307
21
-0.1626818503937008
0
LINE
8
BLACK
6
CONTINUOUS
10
1.202116653543307
20
-0.1626818503937008
11
1.2021366141732284
21
-0.1624012598425197
0
LINE
8
BLACK
6
CONTINUOUS
10
1.2021366141732284
20
-0.1624012598425197
11
1.2023573228346456
21
-0.1619598031496063
0
LINE
8
BLACK
6
CONTINUOUS
10
1.2023573228346456
20
-0.1619598031496063
11
1.2025134645669291
21
-0.1614914173228346
0
LINE
8
BLACK
6
CONTINUOUS
10
1.2025134645669291
20
-0.1614914173228346
11
1.2026978346456694
21
-0.1612788188976378
0
LINE
8
BLACK
6
CONTINUOUS
10
1.2026978346456694
20
-0.1612788188976378
11
1.2028236220472441
21
-0.1610272834645669
0
LINE
8
BLACK
6
CONTINUOUS
10
1.2028236220472441
20
-0.1610272834645669
11
1.2031964960629922
21
-0.1607038188976378
0
LINE
8
BLACK
6
CONTINUOUS
10
1.2031964960629922
20
-0.1607038188976378
11
1.2035199606299212
21
-0.1603309448818898
0
LINE
8
BLACK
6
CONTINUOUS
10
1.2035199606299212
20
-0.1603309448818898
11
1.2037714960629922
21
-0.160205157480315
0
LINE
8
BLACK
6
CONTINUOUS
10
1.2037714960629922
20
-0.160205157480315
11
1.203984094488189
21
-0.1600207874015748
0
LINE
8
BLACK
6
CONTINUOUS
10
1.203984094488189
20
-0.1600207874015748
11
1.2044581889763779
21
-0.1598617716535433
0
LINE
8
BLACK
6
CONTINUOUS
10
1.2044581889763779
20
-0.1598617716535433
11
1.2048939370078739
21
-0.159643937007874
0
LINE
8
BLACK
6
CONTINUOUS
10
1.2048939370078739
20
-0.159643937007874
11
1.2051654724409449
21
-0.1596246062992126
0
LINE
8
BLACK
6
CONTINUOUS
10
1.2051654724409449
20
-0.1596246062992126
11
1.2440588976377953
21
-0.1465828346456693
0
LINE
8
BLACK
6
CONTINUOUS
10
1.2440588976377953
20
-0.1465828346456693
11
1.2442151968503936
21
-0.1465472440944882
0
LINE
8
BLACK
6
CONTINUOUS
10
1.2442151968503936
20
-0.1465472440944882
11
1.2431166141732284
21
-0.1460922047244095
0
LINE
8
BLACK
6
CONTINUOUS
10
1.2431166141732284
20
-0.1460922047244095
11
1.2420303937007873
21
-0.1450059842519685
0
LINE
8
BLACK
6
CONTINUOUS
10
1.2420303937007873
20
-0.1450059842519685
11
1.2414425196850394
21
-0.1435867716535433
0
LINE
8
BLACK
6
CONTINUOUS
10
1.2414425196850394
20
-0.1435867716535433
11
1.2413818503937009
21
-0.1279412598425197
0
LINE
8
BLACK
6
CONTINUOUS
10
1.2413818503937009
20
-0.1279412598425197
11
1.2059338188976378
21
-0.1280080708661417
0
LINE
8
BLACK
6
CONTINUOUS
10
1.2059338188976378
20
-0.1280080708661417
11
1.2051657480314961
21
-0.1279324409448819
0
LINE
8
BLACK
6
CONTINUOUS
10
1.2051657480314961
20
-0.1279324409448819
11
1.2037465354330708
21
-0.1273445669291338
0
LINE
8
BLACK
6
CONTINUOUS
10
1.2037465354330708
20
-0.1273445669291338
11
1.2026603149606299
21
-0.1262583464566929
0
LINE
8
BLACK
6
CONTINUOUS
10
1.2026603149606299
20
-0.1262583464566929
11
1.202072440944882
21
-0.1248391338582677
0
LINE
8
BLACK
6
CONTINUOUS
10
1.202072440944882
20
-0.1248391338582677
11
1.202072440944882
21
-0.1233029921259843
0
LINE
8
BLACK
6
CONTINUOUS
10
1.202072440944882
20
-0.1233029921259843
11
1.2026603149606299
21
-0.121883779527559
0
LINE
8
BLACK
6
CONTINUOUS
10
1.2026603149606299
20
-0.121883779527559
11
1.2037465354330708
21
-0.1207975590551181
0
LINE
8
BLACK
6
CONTINUOUS
10
1.2037465354330708
20
-0.1207975590551181
11
1.2051657480314961
21
-0.1202096850393701
0
LINE
8
BLACK
6
CONTINUOUS
10
1.2051657480314961
20
-0.1202096850393701
11
1.2453038976377953
21
-0.1201340551181102
0
LINE
8
BLACK
6
CONTINUOUS
10
1.2453038976377953
20
-0.1201340551181102
11
1.246071968503937
21
-0.1202096850393701
0
LINE
8
BLACK
6
CONTINUOUS
10
1.2182662992125983
20
-0.163458188976378
11
1.2301699212598425
21
-0.1674024015748032
0
LINE
8
BLACK
6
CONTINUOUS
10
1.2301699212598425
20
-0.1674024015748032
11
1.2301392125984252
21
-0.159476968503937
0
LINE
8
BLACK
6
CONTINUOUS
10
1.2301392125984252
20
-0.159476968503937
11
1.2182662992125983
21
-0.163458188976378
0
LINE
8
BLACK
6
CONTINUOUS
10
1.246071968503937
20
-0.0752153149606299
11
1.2474911811023621
21
-0.0758031889763779
0
LINE
8
BLACK
6
CONTINUOUS
10
1.2474911811023621
20
-0.0758031889763779
11
1.248577401574803
21
-0.0768894094488189
0
LINE
8
BLACK
6
CONTINUOUS
10
1.248577401574803
20
-0.0768894094488189
11
1.2491652755905511
21
-0.0783086220472441
0
LINE
8
BLACK
6
CONTINUOUS
10
1.2491652755905511
20
-0.0783086220472441
11
1.2491652755905511
21
-0.0798447637795276
0
LINE
8
BLACK
6
CONTINUOUS
10
1.2491652755905511
20
-0.0798447637795276
11
1.248577401574803
21
-0.0812639763779528
0
LINE
8
BLACK
6
CONTINUOUS
10
1.248577401574803
20
-0.0812639763779528
11
1.2474911811023621
21
-0.0823501968503937
0
LINE
8
BLACK
6
CONTINUOUS
10
1.2474911811023621
20
-0.0823501968503937
11
1.246071968503937
21
-0.0829380708661417
0
LINE
8
BLACK
6
CONTINUOUS
10
1.246071968503937
20
-0.0829380708661417
11
1.2235335039370079
21
-0.0829805118110236
0
LINE
8
BLACK
6
CONTINUOUS
10
1.2235335039370079
20
-0.0829805118110236
11
1.2357201968503937
21
-0.0886324015748031
0
LINE
8
BLACK
6
CONTINUOUS
10
1.2357201968503937
20
-0.0886324015748031
11
1.2360013385826771
21
-0.088798937007874
0
LINE
8
BLACK
6
CONTINUOUS
10
1.2360013385826771
20
-0.088798937007874
11
1.2360966929133859
21
-0.0888336220472441
0
LINE
8
BLACK
6
CONTINUOUS
10
1.2360966929133859
20
-0.0888336220472441
11
1.2361640944881889
21
-0.0888953543307087
0
LINE
8
BLACK
6
CONTINUOUS
10
1.2361640944881889
20
-0.0888953543307087
11
1.2363842125984252
21
-0.0890257480314961
0
LINE
8
BLACK
6
CONTINUOUS
10
1.2363842125984252
20
-0.0890257480314961
11
1.2367881496062991
21
-0.0894668503937008
0
LINE
8
BLACK
6
CONTINUOUS
10
1.2367881496062991
20
-0.0894668503937008
11
1.2372296062992125
21
-0.0898711023622047
0
LINE
8
BLACK
6
CONTINUOUS
10
1.2372296062992125
20
-0.0898711023622047
11
1.2373035826771652
21
-0.0900296456692913
0
LINE
8
BLACK
6
CONTINUOUS
10
1.2373035826771652
20
-0.0900296456692913
11
1.2374216929133859
21
-0.0901586220472441
0
LINE
8
BLACK
6
CONTINUOUS
10
1.2374216929133859
20
-0.0901586220472441
11
1.2376260629921259
21
-0.0907206299212598
0
LINE
8
BLACK
6
CONTINUOUS
10
1.2376260629921259
20
-0.0907206299212598
11
1.2378792125984253
21
-0.0912631102362205
0
LINE
8
BLACK
6
CONTINUOUS
10
1.2378792125984253
20
-0.0912631102362205
11
1.2378868897637796
21
-0.0914379133858268
0
LINE
8
BLACK
6
CONTINUOUS
10
1.2378868897637796
20
-0.0914379133858268
11
1.237946653543307
21
-0.0916022834645669
0
LINE
8
BLACK
6
CONTINUOUS
10
1.237946653543307
20
-0.0916022834645669
11
1.2379203543307087
21
-0.0922000393700787
0
LINE
8
BLACK
6
CONTINUOUS
10
1.2379203543307087
20
-0.0922000393700787
11
1.237946653543307
21
-0.0927977952755906
0
LINE
8
BLACK
6
CONTINUOUS
10
1.237946653543307
20
-0.0927977952755906
11
1.2378868897637796
21
-0.092962125984252
0
LINE
8
BLACK
6
CONTINUOUS
10
1.2378868897637796
20
-0.092962125984252
11
1.2378792125984253
21
-0.093136968503937
0
LINE
8
BLACK
6
CONTINUOUS
10
1.2378792125984253
20
-0.093136968503937
11
1.2376260629921259
21
-0.0936794094488189
0
LINE
8
BLACK
6
CONTINUOUS
10
1.2376260629921259
20
-0.0936794094488189
11
1.2374216929133859
21
-0.0942414566929134
0
LINE
8
BLACK
6
CONTINUOUS
10
1.2374216929133859
20
-0.0942414566929134
11
1.2373035826771652
21
-0.0943703937007874
0
LINE
8
BLACK
6
CONTINUOUS
10
1.2373035826771652
20
-0.0943703937007874
11
1.2372296062992125
21
-0.0945289763779528
0
LINE
8
BLACK
6
CONTINUOUS
10
1.2372296062992125
20
-0.0945289763779528
11
1.2367881496062991
21
-0.094933188976378
0
LINE
8
BLACK
6
CONTINUOUS
10
1.2367881496062991
20
-0.094933188976378
11
1.2363842125984252
21
-0.0953743307086614
0
LINE
8
BLACK
6
CONTINUOUS
10
1.2363842125984252
20
-0.0953743307086614
11
1.2362246850393701
21
-0.0954492125984252
0
LINE
8
BLACK
6
CONTINUOUS
10
1.2362246850393701
20
-0.0954492125984252
11
1.2360966929133859
21
-0.0955664566929134
0
LINE
8
BLACK
6
CONTINUOUS
10
1.2360966929133859
20
-0.0955664566929134
11
1.2355575196850392
21
-0.0957624803149606
0
LINE
8
BLACK
6
CONTINUOUS
10
1.2355575196850392
20
-0.0957624803149606
11
1.2234932677165353
21
-0.1014274409448819
0
LINE
8
BLACK
6
CONTINUOUS
10
1.2234932677165353
20
-0.1014274409448819
11
1.2453038976377953
21
-0.1013863779527559
0
LINE
8
BLACK
6
CONTINUOUS
10
1.2453038976377953
20
-0.1013863779527559
11
1.246071968503937
21
-0.1014620078740157
0
LINE
8
BLACK
6
CONTINUOUS
10
1.246071968503937
20
-0.1014620078740157
11
1.2474911811023621
21
-0.1020498818897638
0
LINE
8
BLACK
6
CONTINUOUS
10
1.2474911811023621
20
-0.1020498818897638
11
1.248577401574803
21
-0.1031361023622047
0
LINE
8
BLACK
6
CONTINUOUS
10
1.248577401574803
20
-0.1031361023622047
11
1.2491652755905511
21
-0.1045553149606299
0
LINE
8
BLACK
6
CONTINUOUS
10
1.2491652755905511
20
-0.1045553149606299
11
1.2491652755905511
21
-0.1060914566929134
0
LINE
8
BLACK
6
CONTINUOUS
10
1.2491652755905511
20
-0.1060914566929134
11
1.248577401574803
21
-0.1075106692913386
0
LINE
8
BLACK
6
CONTINUOUS
10
1.248577401574803
20
-0.1075106692913386
11
1.2474911811023621
21
-0.1085968897637795
0
LINE
8
BLACK
6
CONTINUOUS
10
1.2474911811023621
20
-0.1085968897637795
11
1.246071968503937
21
-0.1091847637795276
0
LINE
8
BLACK
6
CONTINUOUS
10
1.246071968503937
20
-0.1091847637795276
11
1.2059338188976378
21
-0.1092603937007874
0
LINE
8
BLACK
6
CONTINUOUS
10
1.2059338188976378
20
-0.1092603937007874
11
1.2054289370078739
21
-0.1092106692913386
0
LINE
8
BLACK
6
CONTINUOUS
10
1.2054289370078739
20
-0.1092106692913386
11
1.2053360629921259
21
-0.1092147637795276
0
LINE
8
BLACK
6
CONTINUOUS
10
1.2053360629921259
20
-0.1092147637795276
11
1.2052861417322835
21
-0.1091966141732283
0
LINE
8
BLACK
6
CONTINUOUS
10
1.2052861417322835
20
-0.1091966141732283
11
1.2051657480314961
21
-0.1091847637795276
0
LINE
8
BLACK
6
CONTINUOUS
10
1.2051657480314961
20
-0.1091847637795276
11
1.2045341732283463
21
-0.1089231496062992
0
LINE
8
BLACK
6
CONTINUOUS
10
1.2045341732283463
20
-0.1089231496062992
11
1.2038924015748032
21
-0.1086897637795276
0
LINE
8
BLACK
6
CONTINUOUS
10
1.2038924015748032
20
-0.1086897637795276
11
1.2038276771653542
21
-0.1086304724409449
0
LINE
8
BLACK
6
CONTINUOUS
10
1.2038276771653542
20
-0.1086304724409449
11
1.2037465354330708
21
-0.1085968897637795
0
LINE
8
BLACK
6
CONTINUOUS
10
1.2037465354330708
20
-0.1085968897637795
11
1.2032633070866141
21
-0.1081136614173228
0
LINE
8
BLACK
6
CONTINUOUS
10
1.2032633070866141
20
-0.1081136614173228
11
1.202759527559055
21
-0.1076523228346457
0
LINE
8
BLACK
6
CONTINUOUS
10
1.202759527559055
20
-0.1076523228346457
11
1.2027223622047243
21
-0.1075727165354331
0
LINE
8
BLACK
6
CONTINUOUS
10
1.2027223622047243
20
-0.1075727165354331
11
1.2026603149606299
21
-0.1075106692913386
0
LINE
8
BLACK
6
CONTINUOUS
10
1.2026603149606299
20
-0.1075106692913386
11
1.2023988976377953
21
-0.1068795669291339
0
LINE
8
BLACK
6
CONTINUOUS
10
1.2023988976377953
20
-0.1068795669291339
11
1.2021098818897638
21
-0.1062602755905512
0
LINE
8
BLACK
6
CONTINUOUS
10
1.2021098818897638
20
-0.1062602755905512
11
1.2021060236220473
21
-0.1061725196850394
0
LINE
8
BLACK
6
CONTINUOUS
10
1.2021060236220473
20
-0.1061725196850394
11
1.202072440944882
21
-0.1060914566929134
0
LINE
8
BLACK
6
CONTINUOUS
10
1.202072440944882
20
-0.1060914566929134
11
1.202072440944882
21
-0.1054082677165354
0
LINE
8
BLACK
6
CONTINUOUS
10
1.202072440944882
20
-0.1054082677165354
11
1.2020424409448818
21
-0.1047256299212598
0
LINE
8
BLACK
6
CONTINUOUS
10
1.2020424409448818
20
-0.1047256299212598
11
1.202072440944882
21
-0.1046431102362205
0
LINE
8
BLACK
6
CONTINUOUS
10
1.202072440944882
20
-0.1046431102362205
11
1.202072440944882
21
-0.1045553149606299
0
LINE
8
BLACK
6
CONTINUOUS
10
1.202072440944882
20
-0.1045553149606299
11
1.2023340157480316
21
-0.1039237401574803
0
LINE
8
BLACK
6
CONTINUOUS
10
1.2023340157480316
20
-0.1039237401574803
11
1.2025674409448819
21
-0.103281968503937
0
LINE
8
BLACK
6
CONTINUOUS
10
1.2025674409448819
20
-0.103281968503937
11
1.2026266929133858
21
-0.1032172440944882
0
LINE
8
BLACK
6
CONTINUOUS
10
1.2026266929133858
20
-0.1032172440944882
11
1.2026603149606299
21
-0.1031361023622047
0
LINE
8
BLACK
6
CONTINUOUS
10
1.2026603149606299
20
-0.1031361023622047
11
1.2031435039370078
21
-0.102652874015748
0
LINE
8
BLACK
6
CONTINUOUS
10
1.2031435039370078
20
-0.102652874015748
11
1.2036048818897638
21
-0.102149094488189
0
LINE
8
BLACK
6
CONTINUOUS
10
1.2036048818897638
20
-0.102149094488189
11
1.2036848818897639
21
-0.1021114960629921
0
LINE
8
BLACK
6
CONTINUOUS
10
1.2036848818897639
20
-0.1021114960629921
11
1.2037465354330708
21
-0.1020498818897638
0
LINE
8
BLACK
6
CONTINUOUS
10
1.2037465354330708
20
-0.1020498818897638
11
1.2043373622047244
21
-0.1018051181102362
0
LINE
8
BLACK
6
CONTINUOUS
10
1.2043373622047244
20
-0.1018051181102362
11
1.2248326377952756
21
-0.0921812598425197
0
LINE
8
BLACK
6
CONTINUOUS
10
1.2248326377952756
20
-0.0921812598425197
11
1.2042688976377953
21
-0.0826443307086614
0
LINE
8
BLACK
6
CONTINUOUS
10
1.2042688976377953
20
-0.0826443307086614
11
1.2038324015748032
21
-0.0823857480314961
0
LINE
8
BLACK
6
CONTINUOUS
10
1.2038324015748032
20
-0.0823857480314961
11
1.2037465354330708
21
-0.0823501968503937
0
LINE
8
BLACK
6
CONTINUOUS
10
1.2037465354330708
20
-0.0823501968503937
11
1.2037089763779527
21
-0.0823126377952756
0
LINE
8
BLACK
6
CONTINUOUS
10
1.2037089763779527
20
-0.0823126377952756
11
1.2036048818897638
21
-0.0822509842519685
0
LINE
8
BLACK
6
CONTINUOUS
10
1.2036048818897638
20
-0.0822509842519685
11
1.2031435039370078
21
-0.0817471653543307
0
LINE
8
BLACK
6
CONTINUOUS
10
1.2031435039370078
20
-0.0817471653543307
11
1.2026603149606299
21
-0.0812639763779528
0
LINE
8
BLACK
6
CONTINUOUS
10
1.2026603149606299
20
-0.0812639763779528
11
1.2026266929133858
21
-0.0811827952755906
0
LINE
8
BLACK
6
CONTINUOUS
10
1.2026266929133858
20
-0.0811827952755906
11
1.2025674409448819
21
-0.0811181102362205
0
LINE
8
BLACK
6
CONTINUOUS
10
1.2025674409448819
20
-0.0811181102362205
11
1.2023340157480316
21
-0.0804762992125984
0
LINE
8
BLACK
6
CONTINUOUS
10
1.2023340157480316
20
-0.0804762992125984
11
1.202072440944882
21
-0.0798447637795276
0
LINE
8
BLACK
6
CONTINUOUS
10
1.202072440944882
20
-0.0798447637795276
11
1.202072440944882
21
-0.0797569291338583
0
LINE
8
BLACK
6
CONTINUOUS
10
1.202072440944882
20
-0.0797569291338583
11
1.2020424409448818
21
-0.0796744488188976
0
LINE
8
BLACK
6
CONTINUOUS
10
1.2020424409448818
20
-0.0796744488188976
11
1.202072440944882
21
-0.0789917716535433
0
LINE
8
BLACK
6
CONTINUOUS
10
1.202072440944882
20
-0.0789917716535433
11
1.202072440944882
21
-0.0783086220472441
0
LINE
8
BLACK
6
CONTINUOUS
10
1.202072440944882
20
-0.0783086220472441
11
1.2021060236220473
21
-0.0782275196850394
0
LINE
8
BLACK
6
CONTINUOUS
10
1.2021060236220473
20
-0.0782275196850394
11
1.2021098818897638
21
-0.0781398031496063
0
LINE
8
BLACK
6
CONTINUOUS
10
1.2021098818897638
20
-0.0781398031496063
11
1.2023988976377953
21
-0.0775204724409449
0
LINE
8
BLACK
6
CONTINUOUS
10
1.2023988976377953
20
-0.0775204724409449
11
1.2026603149606299
21
-0.0768894094488189
0
LINE
8
BLACK
6
CONTINUOUS
10
1.2026603149606299
20
-0.0768894094488189
11
1.2027223622047243
21
-0.0768273228346457
0
LINE
8
BLACK
6
CONTINUOUS
10
1.2027223622047243
20
-0.0768273228346457
11
1.202759527559055
21
-0.0767477559055118
0
LINE
8
BLACK
6
CONTINUOUS
10
1.202759527559055
20
-0.0767477559055118
11
1.2032633070866141
21
-0.0762863779527559
0
LINE
8
BLACK
6
CONTINUOUS
10
1.2032633070866141
20
-0.0762863779527559
11
1.2037465354330708
21
-0.0758031889763779
0
LINE
8
BLACK
6
CONTINUOUS
10
1.2037465354330708
20
-0.0758031889763779
11
1.2038276771653542
21
-0.0757695669291338
0
LINE
8
BLACK
6
CONTINUOUS
10
1.2038276771653542
20
-0.0757695669291338
11
1.2038924015748032
21
-0.0757103149606299
0
LINE
8
BLACK
6
CONTINUOUS
10
1.2038924015748032
20
-0.0757103149606299
11
1.2045341732283463
21
-0.0754768897637795
0
LINE
8
BLACK
6
CONTINUOUS
10
1.2045341732283463
20
-0.0754768897637795
11
1.2051657480314961
21
-0.0752153149606299
0
LINE
8
BLACK
6
CONTINUOUS
10
1.2051657480314961
20
-0.0752153149606299
11
1.2052540157480314
21
-0.0752151181102362
0
LINE
8
BLACK
6
CONTINUOUS
10
1.2052540157480314
20
-0.0752151181102362
11
1.2053360629921259
21
-0.0751853149606299
0
LINE
8
BLACK
6
CONTINUOUS
10
1.2053360629921259
20
-0.0751853149606299
11
1.205983622047244
21
-0.0752137401574803
0
LINE
8
BLACK
6
CONTINUOUS
10
1.205983622047244
20
-0.0752137401574803
11
1.2453038976377953
21
-0.0751396850393701
0
LINE
8
BLACK
6
CONTINUOUS
10
1.2453038976377953
20
-0.0751396850393701
11
1.246071968503937
21
-0.0752153149606299
0
LINE
8
BLACK
6
CONTINUOUS
10
1.3207047244094487
20
0.0154275196850394
11
1.3210905118110237
21
0.0154275196850394
0
LINE
8
BLACK
6
CONTINUOUS
10
1.3210905118110237
20
0.0154275196850394
11
1.3214506692913386
21
0.0152783070866142
0
LINE
8
BLACK
6
CONTINUOUS
10
1.3214506692913386
20
0.0152783070866142
11
1.3218328740157479
21
0.0152018897637795
0
LINE
8
BLACK
6
CONTINUOUS
10
1.3218328740157479
20
0.0152018897637795
11
1.3221533464566928
21
0.0149872440944882
0
LINE
8
BLACK
6
CONTINUOUS
10
1.3221533464566928
20
0.0149872440944882
11
1.3225097244094488
21
0.0148396456692913
0
LINE
8
BLACK
6
CONTINUOUS
10
1.3225097244094488
20
0.0148396456692913
11
1.3227852755905511
21
0.0145640551181102
0
LINE
8
BLACK
6
CONTINUOUS
10
1.3227852755905511
20
0.0145640551181102
11
1.3231092519685039
21
0.014347125984252
0
LINE
8
BLACK
6
CONTINUOUS
10
1.3231092519685039
20
0.014347125984252
11
1.3233379527559055
21
0.0140113779527559
0
LINE
8
BLACK
6
CONTINUOUS
10
1.3233379527559055
20
0.0140113779527559
11
1.3235959448818897
21
0.0137534251968504
0
LINE
8
BLACK
6
CONTINUOUS
10
1.3235959448818897
20
0.0137534251968504
11
1.3237234645669291
21
0.0134455118110236
0
LINE
8
BLACK
6
CONTINUOUS
10
1.3237234645669291
20
0.0134455118110236
11
1.3272909842519685
21
0.0082089763779528
0
LINE
8
BLACK
6
CONTINUOUS
10
1.3272909842519685
20
0.0082089763779528
11
1.3302527559055117
21
0.0053201181102362
0
LINE
8
BLACK
6
CONTINUOUS
10
1.3302527559055117
20
0.0053201181102362
11
1.3333316929133858
21
0.003838937007874
0
LINE
8
BLACK
6
CONTINUOUS
10
1.3333316929133858
20
0.003838937007874
11
1.333984842519685
21
0.0034277952755906
0
LINE
8
BLACK
6
CONTINUOUS
10
1.333984842519685
20
0.0034277952755906
11
1.334991338582677
21
0.0022672834645669
0
LINE
8
BLACK
6
CONTINUOUS
10
1.334991338582677
20
0.0022672834645669
11
1.3354770866141732
21
0.0008099606299213
0
LINE
8
BLACK
6
CONTINUOUS
10
1.3354770866141732
20
0.0008099606299213
11
1.3353682283464567
21
-0.0007223228346457
0
LINE
8
BLACK
6
CONTINUOUS
10
1.3353682283464567
20
-0.0007223228346457
11
1.3346812598425197
21
-0.0020962598425197
0
LINE
8
BLACK
6
CONTINUOUS
10
1.3346812598425197
20
-0.0020962598425197
11
1.3335207480314961
21
-0.0031027559055118
0
LINE
8
BLACK
6
CONTINUOUS
10
1.3335207480314961
20
-0.0031027559055118
11
1.3320634251968504
21
-0.0035885433070866
0
LINE
8
BLACK
6
CONTINUOUS
10
1.3320634251968504
20
-0.0035885433070866
11
1.3305311417322834
21
-0.0034796456692913
0
LINE
8
BLACK
6
CONTINUOUS
10
1.3305311417322834
20
-0.0034796456692913
11
1.3260608267716536
21
-0.0013290551181102
0
LINE
8
BLACK
6
CONTINUOUS
10
1.3260608267716536
20
-0.0013290551181102
11
1.3257301574803149
21
-0.001120905511811
0
LINE
8
BLACK
6
CONTINUOUS
10
1.3257301574803149
20
-0.001120905511811
11
1.3256342125984251
21
-0.0010811811023622
0
LINE
8
BLACK
6
CONTINUOUS
10
1.3256342125984251
20
-0.0010811811023622
11
1.3255744881889764
21
-0.0010229133858268
0
LINE
8
BLACK
6
CONTINUOUS
10
1.3255744881889764
20
-0.0010229133858268
11
1.3254076377952755
21
-0.0009179133858268
0
LINE
8
BLACK
6
CONTINUOUS
10
1.3254076377952755
20
-0.0009179133858268
11
1.3250827165354331
21
-0.0005432677165354
0
LINE
8
BLACK
6
CONTINUOUS
10
1.3250827165354331
20
-0.0005432677165354
11
1.3242064566929133
21
0.0003113779527559
0
LINE
8
BLACK
6
CONTINUOUS
10
1.3242064566929133
20
0.0003113779527559
11
1.3242520472440944
21
-0.0238906692913386
0
LINE
8
BLACK
6
CONTINUOUS
10
1.3242520472440944
20
-0.0238906692913386
11
1.3315710236220473
21
-0.0238668897637795
0
LINE
8
BLACK
6
CONTINUOUS
10
1.3315710236220473
20
-0.0238668897637795
11
1.332339094488189
21
-0.0239425196850394
0
LINE
8
BLACK
6
CONTINUOUS
10
1.332339094488189
20
-0.0239425196850394
11
1.3337583070866141
21
-0.0245303937007874
0
LINE
8
BLACK
6
CONTINUOUS
10
1.3337583070866141
20
-0.0245303937007874
11
1.334844527559055
21
-0.0256166141732283
0
LINE
8
BLACK
6
CONTINUOUS
10
1.334844527559055
20
-0.0256166141732283
11
1.3354324015748031
21
-0.0270358267716535
0
LINE
8
BLACK
6
CONTINUOUS
10
1.3354324015748031
20
-0.0270358267716535
11
1.3354324015748031
21
-0.028571968503937
0
LINE
8
BLACK
6
CONTINUOUS
10
1.3354324015748031
20
-0.028571968503937
11
1.334844527559055
21
-0.0299911811023622
0
LINE
8
BLACK
6
CONTINUOUS
10
1.334844527559055
20
-0.0299911811023622
11
1.3337583070866141
21
-0.0310774015748032
0
LINE
8
BLACK
6
CONTINUOUS
10
1.3337583070866141
20
-0.0310774015748032
11
1.332339094488189
21
-0.0316652755905512
0
LINE
8
BLACK
6
CONTINUOUS
10
1.332339094488189
20
-0.0316652755905512
11
1.3090738582677166
21
-0.031740905511811
0
LINE
8
BLACK
6
CONTINUOUS
10
1.3090738582677166
20
-0.031740905511811
11
1.3083057874015749
21
-0.0316652755905512
0
LINE
8
BLACK
6
CONTINUOUS
10
1.3083057874015749
20
-0.0316652755905512
11
1.3068865748031495
21
-0.0310774015748032
0
LINE
8
BLACK
6
CONTINUOUS
10
1.3068865748031495
20
-0.0310774015748032
11
1.3058003543307086
21
-0.0299911811023622
0
LINE
8
BLACK
6
CONTINUOUS
10
1.3058003543307086
20
-0.0299911811023622
11
1.3052124803149605
21
-0.028571968503937
0
LINE
8
BLACK
6
CONTINUOUS
10
1.3052124803149605
20
-0.028571968503937
11
1.3052124803149605
21
-0.0270358267716535
0
LINE
8
BLACK
6
CONTINUOUS
10
1.3052124803149605
20
-0.0270358267716535
11
1.3058003543307086
21
-0.0256166141732283
0
LINE
8
BLACK
6
CONTINUOUS
10
1.3058003543307086
20
-0.0256166141732283
11
1.3068865748031495
21
-0.0245303937007874
0
LINE
8
BLACK
6
CONTINUOUS
10
1.3068865748031495
20
-0.0245303937007874
11
1.3083057874015749
21
-0.0239425196850394
0
LINE
8
BLACK
6
CONTINUOUS
10
1.3083057874015749
20
-0.0239425196850394
11
1.3164522834645669
21
-0.0239160236220472
0
LINE
8
BLACK
6
CONTINUOUS
10
1.3164522834645669
20
-0.0239160236220472
11
1.3163854330708662
21
0.0115661417322835
0
LINE
8
BLACK
6
CONTINUOUS
10
1.3163854330708662
20
0.0115661417322835
11
1.3163856692913385
21
0.0115688976377953
0
LINE
8
BLACK
6
CONTINUOUS
10
1.3163856692913385
20
0.0115688976377953
11
1.3163854330708662
21
0.0115702755905512
0
LINE
8
BLACK
6
CONTINUOUS
10
1.3163854330708662
20
0.0115702755905512
11
1.3163862204724408
21
0.0115742519685039
0
LINE
8
BLACK
6
CONTINUOUS
10
1.3163862204724408
20
0.0115742519685039
11
1.3164610629921261
21
0.0123342125984252
0
LINE
8
BLACK
6
CONTINUOUS
10
1.3164610629921261
20
0.0123342125984252
11
1.3166102362204724
21
0.0126943700787402
0
LINE
8
BLACK
6
CONTINUOUS
10
1.3166102362204724
20
0.0126943700787402
11
1.3166866929133858
21
0.0130765748031496
0
LINE
8
BLACK
6
CONTINUOUS
10
1.3166866929133858
20
0.0130765748031496
11
1.3169012992125984
21
0.0133970472440945
0
LINE
8
BLACK
6
CONTINUOUS
10
1.3169012992125984
20
0.0133970472440945
11
1.317048937007874
21
0.0137534251968504
0
LINE
8
BLACK
6
CONTINUOUS
10
1.317048937007874
20
0.0137534251968504
11
1.3173244881889763
21
0.0140289763779528
0
LINE
8
BLACK
6
CONTINUOUS
10
1.3173244881889763
20
0.0140289763779528
11
1.3175414566929133
21
0.0143529527559055
0
LINE
8
BLACK
6
CONTINUOUS
10
1.3175414566929133
20
0.0143529527559055
11
1.3178624409448818
21
0.0145669291338583
0
LINE
8
BLACK
6
CONTINUOUS
10
1.3178624409448818
20
0.0145669291338583
11
1.3181351574803148
21
0.0148396456692913
0
LINE
8
BLACK
6
CONTINUOUS
10
1.3181351574803148
20
0.0148396456692913
11
1.3184952362204725
21
0.0149887795275591
0
LINE
8
BLACK
6
CONTINUOUS
10
1.3184952362204725
20
0.0149887795275591
11
1.3188196062992126
21
0.0152050393700787
0
LINE
8
BLACK
6
CONTINUOUS
10
1.3188196062992126
20
0.0152050393700787
11
1.3191979527559055
21
0.0152798818897638
0
LINE
8
BLACK
6
CONTINUOUS
10
1.3191979527559055
20
0.0152798818897638
11
1.3195543700787402
21
0.0154275196850394
0
LINE
8
BLACK
6
CONTINUOUS
10
1.3195543700787402
20
0.0154275196850394
11
1.3199442519685038
21
0.0154275196850394
0
LINE
8
BLACK
6
CONTINUOUS
10
1.3199442519685038
20
0.0154275196850394
11
1.3203265748031496
21
0.0155031496062992
0
LINE
8
BLACK
6
CONTINUOUS
10
1.3203265748031496
20
0.0155031496062992
11
1.3207047244094487
21
0.0154275196850394
0
LINE
8
BLACK
6
CONTINUOUS
10
1.3604605905511811
20
0.0154275196850394
11
1.3605912992125984
21
0.0153733464566929
0
LINE
8
BLACK
6
CONTINUOUS
10
1.3605912992125984
20
0.0153733464566929
11
1.360732401574803
21
0.0153633464566929
0
LINE
8
BLACK
6
CONTINUOUS
10
1.360732401574803
20
0.0153633464566929
11
1.3614565748031495
21
0.0150149212598425
0
LINE
8
BLACK
6
CONTINUOUS
10
1.3614565748031495
20
0.0150149212598425
11
1.3618798031496062
21
0.0148396456692913
0
LINE
8
BLACK
6
CONTINUOUS
10
1.3618798031496062
20
0.0148396456692913
11
1.3619342913385826
21
0.0147851181102362
0
LINE
8
BLACK
6
CONTINUOUS
10
1.3619342913385826
20
0.0147851181102362
11
1.365202716535433
21
0.0132127559055118
0
LINE
8
BLACK
6
CONTINUOUS
10
1.365202716535433
20
0.0132127559055118
11
1.3655332677165355
21
0.0130046456692913
0
LINE
8
BLACK
6
CONTINUOUS
10
1.3655332677165355
20
0.0130046456692913
11
1.3656293307086613
21
0.0129648818897638
0
LINE
8
BLACK
6
CONTINUOUS
10
1.3656293307086613
20
0.0129648818897638
11
1.3656924803149606
21
0.0129044488188976
0
LINE
8
BLACK
6
CONTINUOUS
10
1.3656924803149606
20
0.0129044488188976
11
1.3658558661417322
21
0.0128016141732283
0
LINE
8
BLACK
6
CONTINUOUS
10
1.3658558661417322
20
0.0128016141732283
11
1.3661281889763779
21
0.0124875590551181
0
LINE
8
BLACK
6
CONTINUOUS
10
1.3661281889763779
20
0.0124875590551181
11
1.3681006692913384
21
0.0106005118110236
0
LINE
8
BLACK
6
CONTINUOUS
10
1.3681006692913384
20
0.0106005118110236
11
1.3683483858267715
21
0.0102986614173228
0
LINE
8
BLACK
6
CONTINUOUS
10
1.3683483858267715
20
0.0102986614173228
11
1.3684270472440945
21
0.0102304724409449
0
LINE
8
BLACK
6
CONTINUOUS
10
1.3684270472440945
20
0.0102304724409449
11
1.3684660629921259
21
0.0101553149606299
0
LINE
8
BLACK
6
CONTINUOUS
10
1.3684660629921259
20
0.0101553149606299
11
1.36859031496063
21
0.010003937007874
0
LINE
8
BLACK
6
CONTINUOUS
10
1.36859031496063
20
0.010003937007874
11
1.3687703149606298
21
0.0095692519685039
0
LINE
8
BLACK
6
CONTINUOUS
10
1.3687703149606298
20
0.0095692519685039
11
1.3707129527559054
21
0.0058277952755906
0
LINE
8
BLACK
6
CONTINUOUS
10
1.3707129527559054
20
0.0058277952755906
11
1.3707344488188975
21
0.0057715354330709
0
LINE
8
BLACK
6
CONTINUOUS
10
1.3707344488188975
20
0.0057715354330709
11
1.3707513779527558
21
0.0057487401574803
0
LINE
8
BLACK
6
CONTINUOUS
10
1.3707513779527558
20
0.0057487401574803
11
1.3707685826771654
21
0.0056823622047244
0
LINE
8
BLACK
6
CONTINUOUS
10
1.3707685826771654
20
0.0056823622047244
11
1.370988779527559
21
0.005106968503937
0
LINE
8
BLACK
6
CONTINUOUS
10
1.370988779527559
20
0.005106968503937
11
1.3710155118110237
21
0.0047307480314961
0
LINE
8
BLACK
6
CONTINUOUS
10
1.3710155118110237
20
0.0047307480314961
11
1.3728857874015747
21
-0.0024770472440945
0
LINE
8
BLACK
6
CONTINUOUS
10
1.3728857874015747
20
-0.0024770472440945
11
1.3729054724409449
21
-0.002610157480315
0
LINE
8
BLACK
6
CONTINUOUS
10
1.3729054724409449
20
-0.002610157480315
11
1.372927716535433
21
-0.0026638582677165
0
LINE
8
BLACK
6
CONTINUOUS
10
1.372927716535433
20
-0.0026638582677165
11
1.3729284645669291
21
-0.0027656692913386
0
LINE
8
BLACK
6
CONTINUOUS
10
1.3729284645669291
20
-0.0027656692913386
11
1.3729987007874016
21
-0.0032405511811024
0
LINE
8
BLACK
6
CONTINUOUS
10
1.3729987007874016
20
-0.0032405511811024
11
1.3729351968503938
21
-0.0036672440944882
0
LINE
8
BLACK
6
CONTINUOUS
10
1.3729351968503938
20
-0.0036672440944882
11
1.3730033464566929
21
-0.0128057480314961
0
LINE
8
BLACK
6
CONTINUOUS
10
1.3730033464566929
20
-0.0128057480314961
11
1.3729901181102362
21
-0.0129396850393701
0
LINE
8
BLACK
6
CONTINUOUS
10
1.3729901181102362
20
-0.0129396850393701
11
1.3729987007874016
21
-0.012997125984252
0
LINE
8
BLACK
6
CONTINUOUS
10
1.3729987007874016
20
-0.012997125984252
11
1.3729746456692913
21
-0.0130970472440945
0
LINE
8
BLACK
6
CONTINUOUS
10
1.3729746456692913
20
-0.0130970472440945
11
1.372927716535433
21
-0.0135738188976378
0
LINE
8
BLACK
6
CONTINUOUS
10
1.372927716535433
20
-0.0135738188976378
11
1.3727661023622046
21
-0.0139638976377953
0
LINE
8
BLACK
6
CONTINUOUS
10
1.3727661023622046
20
-0.0139638976377953
11
1.3710110236220472
21
-0.0212596850393701
0
LINE
8
BLACK
6
CONTINUOUS
10
1.3710110236220472
20
-0.0212596850393701
11
1.3709907874015748
21
-0.0213162992125984
0
LINE
8
BLACK
6
CONTINUOUS
10
1.3709907874015748
20
-0.0213162992125984
11
1.370988779527559
21
-0.0213446850393701
0
LINE
8
BLACK
6
CONTINUOUS
10
1.370988779527559
20
-0.0213446850393701
11
1.3709572047244094
21
-0.0214102755905512
0
LINE
8
BLACK
6
CONTINUOUS
10
1.3709572047244094
20
-0.0214102755905512
11
1.3707513779527558
21
-0.0219864566929134
0
LINE
8
BLACK
6
CONTINUOUS
10
1.3707513779527558
20
-0.0219864566929134
11
1.3705479527559055
21
-0.0222609842519685
0
LINE
8
BLACK
6
CONTINUOUS
10
1.3705479527559055
20
-0.0222609842519685
11
1.3688381889763779
21
-0.025815
0
LINE
8
BLACK
6
CONTINUOUS
10
1.3688381889763779
20
-0.025815
11
1.368630157480315
21
-0.0261454724409449
0
LINE
8
BLACK
6
CONTINUOUS
10
1.368630157480315
20
-0.0261454724409449
11
1.3685903543307085
21
-0.0262416141732283
0
LINE
8
BLACK
6
CONTINUOUS
10
1.3685903543307085
20
-0.0262416141732283
11
1.368529842519685
21
-0.0263048031496063
0
LINE
8
BLACK
6
CONTINUOUS
10
1.368529842519685
20
-0.0263048031496063
11
1.3684270472440945
21
-0.026468188976378
0
LINE
8
BLACK
6
CONTINUOUS
10
1.3684270472440945
20
-0.026468188976378
11
1.3681130708661418
21
-0.0267404330708661
0
LINE
8
BLACK
6
CONTINUOUS
10
1.3681130708661418
20
-0.0267404330708661
11
1.3662259448818896
21
-0.0287129921259843
0
LINE
8
BLACK
6
CONTINUOUS
10
1.3662259448818896
20
-0.0287129921259843
11
1.3659239763779527
21
-0.0289608267716535
0
LINE
8
BLACK
6
CONTINUOUS
10
1.3659239763779527
20
-0.0289608267716535
11
1.3658558661417322
21
-0.0290393700787402
0
LINE
8
BLACK
6
CONTINUOUS
10
1.3658558661417322
20
-0.0290393700787402
11
1.3657807874015748
21
-0.0290783070866142
0
LINE
8
BLACK
6
CONTINUOUS
10
1.3657807874015748
20
-0.0290783070866142
11
1.3656293700787401
21
-0.0292026377952756
0
LINE
8
BLACK
6
CONTINUOUS
10
1.3656293700787401
20
-0.0292026377952756
11
1.3651944488188976
21
-0.0293827559055118
0
LINE
8
BLACK
6
CONTINUOUS
10
1.3651944488188976
20
-0.0293827559055118
11
1.3614531889763779
21
-0.0313252755905512
0
LINE
8
BLACK
6
CONTINUOUS
10
1.3614531889763779
20
-0.0313252755905512
11
1.360732401574803
21
-0.0316011023622047
0
LINE
8
BLACK
6
CONTINUOUS
10
1.360732401574803
20
-0.0316011023622047
11
1.3605912992125984
21
-0.0316111023622047
0
LINE
8
BLACK
6
CONTINUOUS
10
1.3605912992125984
20
-0.0316111023622047
11
1.3604605905511811
21
-0.0316652755905512
0
LINE
8
BLACK
6
CONTINUOUS
10
1.3604605905511811
20
-0.0316652755905512
11
1.3596349212598424
21
-0.031679094488189
0
LINE
8
BLACK
6
CONTINUOUS
10
1.3596349212598424
20
-0.031679094488189
11
1.3592001181102362
21
-0.03171
0
LINE
8
BLACK
6
CONTINUOUS
10
1.3592001181102362
20
-0.03171
11
1.3591326377952755
21
-0.0316874803149606
0
LINE
8
BLACK
6
CONTINUOUS
10
1.3591326377952755
20
-0.0316874803149606
11
1.3559429921259842
21
-0.031740905511811
0
LINE
8
BLACK
6
CONTINUOUS
10
1.3559429921259842
20
-0.031740905511811
11
1.3551749212598425
21
-0.0316652755905512
0
LINE
8
BLACK
6
CONTINUOUS
10
1.3551749212598425
20
-0.0316652755905512
11
1.3550441732283465
21
-0.0316111023622047
0
LINE
8
BLACK
6
CONTINUOUS
10
1.3550441732283465
20
-0.0316111023622047
11
1.3549031102362203
21
-0.0316011023622047
0
LINE
8
BLACK
6
CONTINUOUS
10
1.3549031102362203
20
-0.0316011023622047
11
1.3541788976377953
21
-0.0312526771653543
0
LINE
8
BLACK
6
CONTINUOUS
10
1.3541788976377953
20
-0.0312526771653543
11
1.3537557086614174
21
-0.0310774015748032
0
LINE
8
BLACK
6
CONTINUOUS
10
1.3537557086614174
20
-0.0310774015748032
11
1.3537011811023623
21
-0.031022874015748
0
LINE
8
BLACK
6
CONTINUOUS
10
1.3537011811023623
20
-0.031022874015748
11
1.3504327952755906
21
-0.0294505118110236
0
LINE
8
BLACK
6
CONTINUOUS
10
1.3504327952755906
20
-0.0294505118110236
11
1.3501022047244093
21
-0.0292424015748031
0
LINE
8
BLACK
6
CONTINUOUS
10
1.3501022047244093
20
-0.0292424015748031
11
1.3500061417322835
21
-0.0292026377952756
0
LINE
8
BLACK
6
CONTINUOUS
10
1.3500061417322835
20
-0.0292026377952756
11
1.3499429527559055
21
-0.0291421653543307
0
LINE
8
BLACK
6
CONTINUOUS
10
1.3499429527559055
20
-0.0291421653543307
11
1.3497796062992127
21
-0.0290393700787402
0
LINE
8
BLACK
6
CONTINUOUS
10
1.3497796062992127
20
-0.0290393700787402
11
1.3495072440944882
21
-0.0287253149606299
0
LINE
8
BLACK
6
CONTINUOUS
10
1.3495072440944882
20
-0.0287253149606299
11
1.3475348031496062
21
-0.026838188976378
0
LINE
8
BLACK
6
CONTINUOUS
10
1.3475348031496062
20
-0.026838188976378
11
1.347286968503937
21
-0.0265362204724409
0
LINE
8
BLACK
6
CONTINUOUS
10
1.347286968503937
20
-0.0265362204724409
11
1.3472084645669291
21
-0.0264681496062992
0
LINE
8
BLACK
6
CONTINUOUS
10
1.3472084645669291
20
-0.0264681496062992
11
1.3471694881889764
21
-0.0263931102362205
0
LINE
8
BLACK
6
CONTINUOUS
10
1.3471694881889764
20
-0.0263931102362205
11
1.3470451574803148
21
-0.0262416141732283
0
LINE
8
BLACK
6
CONTINUOUS
10
1.3470451574803148
20
-0.0262416141732283
11
1.3468649606299212
21
-0.0258065748031496
0
LINE
8
BLACK
6
CONTINUOUS
10
1.3468649606299212
20
-0.0258065748031496
11
1.3449225590551181
21
-0.0220654724409449
0
LINE
8
BLACK
6
CONTINUOUS
10
1.3449225590551181
20
-0.0220654724409449
11
1.3449010629921259
21
-0.0220092913385827
0
LINE
8
BLACK
6
CONTINUOUS
10
1.3449010629921259
20
-0.0220092913385827
11
1.3448841338582678
21
-0.0219864566929134
0
LINE
8
BLACK
6
CONTINUOUS
10
1.3448841338582678
20
-0.0219864566929134
11
1.3448668503937007
21
-0.0219199606299213
0
LINE
8
BLACK
6
CONTINUOUS
10
1.3448668503937007
20
-0.0219199606299213
11
1.3446467322834645
21
-0.0213446850393701
0
LINE
8
BLACK
6
CONTINUOUS
10
1.3446467322834645
20
-0.0213446850393701
11
1.3446199606299212
21
-0.0209684645669291
0
LINE
8
BLACK
6
CONTINUOUS
10
1.3446199606299212
20
-0.0209684645669291
11
1.3427497244094488
21
-0.0137606299212598
0
LINE
8
BLACK
6
CONTINUOUS
10
1.3427497244094488
20
-0.0137606299212598
11
1.34273
21
-0.0136274803149606
0
LINE
8
BLACK
6
CONTINUOUS
10
1.34273
20
-0.0136274803149606
11
1.3427077952755906
21
-0.0135738188976378
0
LINE
8
BLACK
6
CONTINUOUS
10
1.3427077952755906
20
-0.0135738188976378
11
1.3427070078740158
21
-0.013471968503937
0
LINE
8
BLACK
6
CONTINUOUS
10
1.3427070078740158
20
-0.013471968503937
11
1.342636811023622
21
-0.012997125984252
0
LINE
8
BLACK
6
CONTINUOUS
10
1.342636811023622
20
-0.012997125984252
11
1.3427002755905511
21
-0.0125703937007874
0
LINE
8
BLACK
6
CONTINUOUS
10
1.3427002755905511
20
-0.0125703937007874
11
1.3426321653543307
21
-0.0034319291338583
0
LINE
8
BLACK
6
CONTINUOUS
10
1.3426321653543307
20
-0.0034319291338583
11
1.3426453543307086
21
-0.0032979527559055
0
LINE
8
BLACK
6
CONTINUOUS
10
1.3426453543307086
20
-0.0032979527559055
11
1.342636811023622
21
-0.0032405511811024
0
LINE
8
BLACK
6
CONTINUOUS
10
1.342636811023622
20
-0.0032405511811024
11
1.3426608267716535
21
-0.0031405905511811
0
LINE
8
BLACK
6
CONTINUOUS
10
1.3426608267716535
20
-0.0031405905511811
11
1.3427077952755906
21
-0.0026638582677165
0
LINE
8
BLACK
6
CONTINUOUS
10
1.3427077952755906
20
-0.0026638582677165
11
1.3428693700787402
21
-0.0022737007874016
0
LINE
8
BLACK
6
CONTINUOUS
10
1.3428693700787402
20
-0.0022737007874016
11
1.3446244881889764
21
0.0050219291338583
0
LINE
8
BLACK
6
CONTINUOUS
10
1.3446244881889764
20
0.0050219291338583
11
1.3446446850393701
21
0.0050785039370079
0
LINE
8
BLACK
6
CONTINUOUS
10
1.3446446850393701
20
0.0050785039370079
11
1.3446467322834645
21
0.005106968503937
0
LINE
8
BLACK
6
CONTINUOUS
10
1.3446467322834645
20
0.005106968503937
11
1.3446783070866142
21
0.0051726377952756
0
LINE
8
BLACK
6
CONTINUOUS
10
1.3446783070866142
20
0.0051726377952756
11
1.3448841338582678
21
0.0057487401574803
0
LINE
8
BLACK
6
CONTINUOUS
10
1.3448841338582678
20
0.0057487401574803
11
1.3450875196850394
21
0.0060232677165354
0
LINE
8
BLACK
6
CONTINUOUS
10
1.3450875196850394
20
0.0060232677165354
11
1.3467973228346457
21
0.0095772834645669
0
LINE
8
BLACK
6
CONTINUOUS
10
1.3467973228346457
20
0.0095772834645669
11
1.3470053937007873
21
0.0099078346456693
0
LINE
8
BLACK
6
CONTINUOUS
10
1.3470053937007873
20
0.0099078346456693
11
1.3470451968503936
21
0.0100038976377953
0
LINE
8
BLACK
6
CONTINUOUS
10
1.3470451968503936
20
0.0100038976377953
11
1.3471055905511811
21
0.0100670472440945
0
LINE
8
BLACK
6
CONTINUOUS
10
1.3471055905511811
20
0.0100670472440945
11
1.3472084645669291
21
0.0102304330708661
0
LINE
8
BLACK
6
CONTINUOUS
10
1.3472084645669291
20
0.0102304330708661
11
1.3475224803149606
21
0.0105027559055118
0
LINE
8
BLACK
6
CONTINUOUS
10
1.3475224803149606
20
0.0105027559055118
11
1.3494095669291337
21
0.0124752362204724
0
LINE
8
BLACK
6
CONTINUOUS
10
1.3494095669291337
20
0.0124752362204724
11
1.3497113779527559
21
0.0127229527559055
0
LINE
8
BLACK
6
CONTINUOUS
10
1.3497113779527559
20
0.0127229527559055
11
1.3497796062992127
21
0.0128016141732283
0
LINE
8
BLACK
6
CONTINUOUS
10
1.3497796062992127
20
0.0128016141732283
11
1.3498547244094488
21
0.0128406299212598
0
LINE
8
BLACK
6
CONTINUOUS
10
1.3498547244094488
20
0.0128406299212598
11
1.3500061417322835
21
0.0129648818897638
0
LINE
8
BLACK
6
CONTINUOUS
10
1.3500061417322835
20
0.0129648818897638
11
1.3504407874015747
21
0.0131448818897638
0
LINE
8
BLACK
6
CONTINUOUS
10
1.3504407874015747
20
0.0131448818897638
11
1.3541822834645669
21
0.0150875196850394
0
LINE
8
BLACK
6
CONTINUOUS
10
1.3541822834645669
20
0.0150875196850394
11
1.3549031102362203
21
0.0153633464566929
0
LINE
8
BLACK
6
CONTINUOUS
10
1.3549031102362203
20
0.0153633464566929
11
1.3550441732283465
21
0.0153733464566929
0
LINE
8
BLACK
6
CONTINUOUS
10
1.3550441732283465
20
0.0153733464566929
11
1.3551749212598425
21
0.0154275196850394
0
LINE
8
BLACK
6
CONTINUOUS
10
1.3551749212598425
20
0.0154275196850394
11
1.3560005511811024
21
0.0154413385826772
0
LINE
8
BLACK
6
CONTINUOUS
10
1.3560005511811024
20
0.0154413385826772
11
1.3564353937007874
21
0.0154722440944882
0
LINE
8
BLACK
6
CONTINUOUS
10
1.3564353937007874
20
0.0154722440944882
11
1.3565028346456693
21
0.0154497244094488
0
LINE
8
BLACK
6
CONTINUOUS
10
1.3565028346456693
20
0.0154497244094488
11
1.3596925196850393
21
0.0155031496062992
0
LINE
8
BLACK
6
CONTINUOUS
10
1.3596925196850393
20
0.0155031496062992
11
1.3604605905511811
21
0.0154275196850394
0
LINE
8
BLACK
6
CONTINUOUS
10
1.3567917716535434
20
0.0076433070866142
11
1.3544240944881889
21
0.0064139763779528
0
LINE
8
BLACK
6
CONTINUOUS
10
1.3544240944881889
20
0.0064139763779528
11
1.3534531496062991
21
0.0053991338582677
0
LINE
8
BLACK
6
CONTINUOUS
10
1.3534531496062991
20
0.0053991338582677
11
1.3520322440944881
21
0.0024455511811024
0
LINE
8
BLACK
6
CONTINUOUS
10
1.3520322440944881
20
0.0024455511811024
11
1.3504417322834645
21
-0.0041659448818898
0
LINE
8
BLACK
6
CONTINUOUS
10
1.3504417322834645
20
-0.0041659448818898
11
1.3505044094488188
21
-0.012571062992126
0
LINE
8
BLACK
6
CONTINUOUS
10
1.3505044094488188
20
-0.012571062992126
11
1.3522151181102362
21
-0.019163937007874
0
LINE
8
BLACK
6
CONTINUOUS
10
1.3522151181102362
20
-0.019163937007874
11
1.3535961023622047
21
-0.0218237795275591
0
LINE
8
BLACK
6
CONTINUOUS
10
1.3535961023622047
20
-0.0218237795275591
11
1.3546108267716535
21
-0.0227946062992126
0
LINE
8
BLACK
6
CONTINUOUS
10
1.3546108267716535
20
-0.0227946062992126
11
1.3569356299212598
21
-0.023913031496063
0
LINE
8
BLACK
6
CONTINUOUS
10
1.3569356299212598
20
-0.023913031496063
11
1.3588436614173227
21
-0.023881062992126
0
LINE
8
BLACK
6
CONTINUOUS
10
1.3588436614173227
20
-0.023881062992126
11
1.3612113779527559
21
-0.0226517322834646
0
LINE
8
BLACK
6
CONTINUOUS
10
1.3612113779527559
20
-0.0226517322834646
11
1.3621823228346457
21
-0.0216368503937008
0
LINE
8
BLACK
6
CONTINUOUS
10
1.3621823228346457
20
-0.0216368503937008
11
1.3636032283464568
21
-0.0186832677165354
0
LINE
8
BLACK
6
CONTINUOUS
10
1.3636032283464568
20
-0.0186832677165354
11
1.3651937401574803
21
-0.0120717322834646
0
LINE
8
BLACK
6
CONTINUOUS
10
1.3651937401574803
20
-0.0120717322834646
11
1.3651310629921261
21
-0.0036666141732283
0
LINE
8
BLACK
6
CONTINUOUS
10
1.3651310629921261
20
-0.0036666141732283
11
1.3634203543307086
21
0.0029262992125984
0
LINE
8
BLACK
6
CONTINUOUS
10
1.3634203543307086
20
0.0029262992125984
11
1.3620394094488188
21
0.0055859448818898
0
LINE
8
BLACK
6
CONTINUOUS
10
1.3620394094488188
20
0.0055859448818898
11
1.3610245669291339
21
0.0065568897637795
0
LINE
8
BLACK
6
CONTINUOUS
10
1.3610245669291339
20
0.0065568897637795
11
1.358699842519685
21
0.0076752755905512
0
LINE
8
BLACK
6
CONTINUOUS
10
1.358699842519685
20
0.0076752755905512
11
1.3567917716535434
21
0.0076433070866142
0
LINE
8
BLACK
6
CONTINUOUS
10
1.401705433070866
20
0.0154275196850394
11
1.4018361417322833
21
0.0153733464566929
0
LINE
8
BLACK
6
CONTINUOUS
10
1.4018361417322833
20
0.0153733464566929
11
1.4019772440944882
21
0.0153633464566929
0
LINE
8
BLACK
6
CONTINUOUS
10
1.4019772440944882
20
0.0153633464566929
11
1.4027014173228347
21
0.0150149212598425
0
LINE
8
BLACK
6
CONTINUOUS
10
1.4027014173228347
20
0.0150149212598425
11
1.4031246456692914
21
0.0148396456692913
0
LINE
8
BLACK
6
CONTINUOUS
10
1.4031246456692914
20
0.0148396456692913
11
1.4031791338582678
21
0.0147851181102362
0
LINE
8
BLACK
6
CONTINUOUS
10
1.4031791338582678
20
0.0147851181102362
11
1.406447559055118
21
0.0132127559055118
0
LINE
8
BLACK
6
CONTINUOUS
10
1.406447559055118
20
0.0132127559055118
11
1.4067781102362205
21
0.0130046456692913
0
LINE
8
BLACK
6
CONTINUOUS
10
1.4067781102362205
20
0.0130046456692913
11
1.4068741732283465
21
0.0129648818897638
0
LINE
8
BLACK
6
CONTINUOUS
10
1.4068741732283465
20
0.0129648818897638
11
1.4069338976377952
21
0.0129065748031496
0
LINE
8
BLACK
6
CONTINUOUS
10
1.4069338976377952
20
0.0129065748031496
11
1.4071007086614173
21
0.0128016141732283
0
LINE
8
BLACK
6
CONTINUOUS
10
1.4071007086614173
20
0.0128016141732283
11
1.4074254330708662
21
0.0124271653543307
0
LINE
8
BLACK
6
CONTINUOUS
10
1.4074254330708662
20
0.0124271653543307
11
1.4112203149606299
21
0.0087257480314961
0
LINE
8
BLACK
6
CONTINUOUS
10
1.4112203149606299
20
0.0087257480314961
11
1.4117099212598425
21
0.0081291338582677
0
LINE
8
BLACK
6
CONTINUOUS
10
1.4117099212598425
20
0.0081291338582677
11
1.4118219291338583
21
0.0078587007874016
0
LINE
8
BLACK
6
CONTINUOUS
10
1.4118219291338583
20
0.0078587007874016
11
1.411996220472441
21
0.0076235039370079
0
LINE
8
BLACK
6
CONTINUOUS
10
1.411996220472441
20
0.0076235039370079
11
1.4121250787401574
21
0.0071268503937008
0
LINE
8
BLACK
6
CONTINUOUS
10
1.4121250787401574
20
0.0071268503937008
11
1.4122977952755906
21
0.0067099212598425
0
LINE
8
BLACK
6
CONTINUOUS
10
1.4122977952755906
20
0.0067099212598425
11
1.4122977952755906
21
0.0064612598425197
0
LINE
8
BLACK
6
CONTINUOUS
10
1.4122977952755906
20
0.0064612598425197
11
1.4141306299212597
21
-0.0006022834645669
0
LINE
8
BLACK
6
CONTINUOUS
10
1.4141306299212597
20
-0.0006022834645669
11
1.4141503149606298
21
-0.0007353937007874
0
LINE
8
BLACK
6
CONTINUOUS
10
1.4141503149606298
20
-0.0007353937007874
11
1.4141725590551182
21
-0.000789094488189
0
LINE
8
BLACK
6
CONTINUOUS
10
1.4141725590551182
20
-0.000789094488189
11
1.4141730708661417
21
-0.0008894881889764
0
LINE
8
BLACK
6
CONTINUOUS
10
1.4141730708661417
20
-0.0008894881889764
11
1.4142435433070866
21
-0.0013657874015748
0
LINE
8
BLACK
6
CONTINUOUS
10
1.4142435433070866
20
-0.0013657874015748
11
1.4141780708661418
21
-0.0018055905511811
0
LINE
8
BLACK
6
CONTINUOUS
10
1.4141780708661418
20
-0.0018055905511811
11
1.4142481889763778
21
-0.0146805118110236
0
LINE
8
BLACK
6
CONTINUOUS
10
1.4142481889763778
20
-0.0146805118110236
11
1.4142349606299212
21
-0.0148144488188976
0
LINE
8
BLACK
6
CONTINUOUS
10
1.4142349606299212
20
-0.0148144488188976
11
1.4142435433070866
21
-0.0148718897637795
0
LINE
8
BLACK
6
CONTINUOUS
10
1.4142435433070866
20
-0.0148718897637795
11
1.4142194881889762
21
-0.014971811023622
0
LINE
8
BLACK
6
CONTINUOUS
10
1.4142194881889762
20
-0.014971811023622
11
1.4141725590551182
21
-0.0154485826771654
0
LINE
8
BLACK
6
CONTINUOUS
10
1.4141725590551182
20
-0.0154485826771654
11
1.4140109448818898
21
-0.0158386614173228
0
LINE
8
BLACK
6
CONTINUOUS
10
1.4140109448818898
20
-0.0158386614173228
11
1.4122558661417322
21
-0.0231344488188976
0
LINE
8
BLACK
6
CONTINUOUS
10
1.4122558661417322
20
-0.0231344488188976
11
1.411996220472441
21
-0.0238612204724409
0
LINE
8
BLACK
6
CONTINUOUS
10
1.411996220472441
20
-0.0238612204724409
11
1.411821968503937
21
-0.0240963385826772
0
LINE
8
BLACK
6
CONTINUOUS
10
1.411821968503937
20
-0.0240963385826772
11
1.4117099606299213
21
-0.0243668503937008
0
LINE
8
BLACK
6
CONTINUOUS
10
1.4117099606299213
20
-0.0243668503937008
11
1.4113421653543308
21
-0.0247438582677165
0
LINE
8
BLACK
6
CONTINUOUS
10
1.4113421653543308
20
-0.0247438582677165
11
1.4110816929133858
21
-0.0250954724409449
0
LINE
8
BLACK
6
CONTINUOUS
10
1.4110816929133858
20
-0.0250954724409449
11
1.4108829527559055
21
-0.0252146850393701
0
LINE
8
BLACK
6
CONTINUOUS
10
1.4108829527559055
20
-0.0252146850393701
11
1.4074707874015748
21
-0.0287129921259843
0
LINE
8
BLACK
6
CONTINUOUS
10
1.4074707874015748
20
-0.0287129921259843
11
1.4071688188976377
21
-0.0289608267716535
0
LINE
8
BLACK
6
CONTINUOUS
10
1.4071688188976377
20
-0.0289608267716535
11
1.4071007086614173
21
-0.0290393700787402
0
LINE
8
BLACK
6
CONTINUOUS
10
1.4071007086614173
20
-0.0290393700787402
11
1.4070256299212598
21
-0.0290783070866142
0
LINE
8
BLACK
6
CONTINUOUS
10
1.4070256299212598
20
-0.0290783070866142
11
1.4068742125984253
21
-0.0292026377952756
0
LINE
8
BLACK
6
CONTINUOUS
10
1.4068742125984253
20
-0.0292026377952756
11
1.4064392913385826
21
-0.0293827559055118
0
LINE
8
BLACK
6
CONTINUOUS
10
1.4064392913385826
20
-0.0293827559055118
11
1.4026980314960629
21
-0.0313252755905512
0
LINE
8
BLACK
6
CONTINUOUS
10
1.4026980314960629
20
-0.0313252755905512
11
1.4019772440944882
21
-0.0316011023622047
0
LINE
8
BLACK
6
CONTINUOUS
10
1.4019772440944882
20
-0.0316011023622047
11
1.4018361417322833
21
-0.0316111023622047
0
LINE
8
BLACK
6
CONTINUOUS
10
1.4018361417322833
20
-0.0316111023622047
11
1.401705433070866
21
-0.0316652755905512
0
LINE
8
BLACK
6
CONTINUOUS
10
1.401705433070866
20
-0.0316652755905512
11
1.4009809842519685
21
-0.0316718897637795
0
LINE
8
BLACK
6
CONTINUOUS
10
1.4009809842519685
20
-0.0316718897637795
11
1.4004449606299212
21
-0.03171
0
LINE
8
BLACK
6
CONTINUOUS
10
1.4004449606299212
20
-0.03171
11
1.400348031496063
21
-0.0316776771653543
0
LINE
8
BLACK
6
CONTINUOUS
10
1.400348031496063
20
-0.0316776771653543
11
1.3934383070866141
21
-0.031740905511811
0
LINE
8
BLACK
6
CONTINUOUS
10
1.3934383070866141
20
-0.031740905511811
11
1.3926702362204724
21
-0.0316652755905512
0
LINE
8
BLACK
6
CONTINUOUS
10
1.3926702362204724
20
-0.0316652755905512
11
1.3925394881889763
21
-0.0316111023622047
0
LINE
8
BLACK
6
CONTINUOUS
10
1.3925394881889763
20
-0.0316111023622047
11
1.3923984251968504
21
-0.0316011023622047
0
LINE
8
BLACK
6
CONTINUOUS
10
1.3923984251968504
20
-0.0316011023622047
11
1.3916742125984252
21
-0.0312526771653543
0
LINE
8
BLACK
6
CONTINUOUS
10
1.3916742125984252
20
-0.0312526771653543
11
1.3912510236220472
21
-0.0310774015748032
0
LINE
8
BLACK
6
CONTINUOUS
10
1.3912510236220472
20
-0.0310774015748032
11
1.3911964960629921
21
-0.031022874015748
0
LINE
8
BLACK
6
CONTINUOUS
10
1.3911964960629921
20
-0.031022874015748
11
1.3879281102362204
21
-0.0294505118110236
0
LINE
8
BLACK
6
CONTINUOUS
10
1.3879281102362204
20
-0.0294505118110236
11
1.3875975196850394
21
-0.0292424015748031
0
LINE
8
BLACK
6
CONTINUOUS
10
1.3875975196850394
20
-0.0292424015748031
11
1.3875014566929134
21
-0.0292026377952756
0
LINE
8
BLACK
6
CONTINUOUS
10
1.3875014566929134
20
-0.0292026377952756
11
1.387441653543307
21
-0.0291443307086614
0
LINE
8
BLACK
6
CONTINUOUS
10
1.387441653543307
20
-0.0291443307086614
11
1.3872749212598425
21
-0.0290393700787402
0
LINE
8
BLACK
6
CONTINUOUS
10
1.3872749212598425
20
-0.0290393700787402
11
1.3869501574803149
21
-0.0286648818897638
0
LINE
8
BLACK
6
CONTINUOUS
10
1.3869501574803149
20
-0.0286648818897638
11
1.3831553543307087
21
-0.0249634251968504
0
LINE
8
BLACK
6
CONTINUOUS
10
1.3831553543307087
20
-0.0249634251968504
11
1.3826657086614174
21
-0.0243668503937008
0
LINE
8
BLACK
6
CONTINUOUS
10
1.3826657086614174
20
-0.0243668503937008
11
1.3825536614173228
21
-0.0240963385826772
0
LINE
8
BLACK
6
CONTINUOUS
10
1.3825536614173228
20
-0.0240963385826772
11
1.3823794488188976
21
-0.0238612204724409
0
LINE
8
BLACK
6
CONTINUOUS
10
1.3823794488188976
20
-0.0238612204724409
11
1.382250590551181
21
-0.0233646456692913
0
LINE
8
BLACK
6
CONTINUOUS
10
1.382250590551181
20
-0.0233646456692913
11
1.382077874015748
21
-0.0229476377952756
0
LINE
8
BLACK
6
CONTINUOUS
10
1.382077874015748
20
-0.0229476377952756
11
1.382077874015748
21
-0.0226989763779528
0
LINE
8
BLACK
6
CONTINUOUS
10
1.382077874015748
20
-0.0226989763779528
11
1.3802450393700787
21
-0.0156353937007874
0
LINE
8
BLACK
6
CONTINUOUS
10
1.3802450393700787
20
-0.0156353937007874
11
1.3802253149606298
21
-0.0155022440944882
0
LINE
8
BLACK
6
CONTINUOUS
10
1.3802253149606298
20
-0.0155022440944882
11
1.3802031102362204
21
-0.0154485826771654
0
LINE
8
BLACK
6
CONTINUOUS
10
1.3802031102362204
20
-0.0154485826771654
11
1.3802025590551181
21
-0.0153481496062992
0
LINE
8
BLACK
6
CONTINUOUS
10
1.3802025590551181
20
-0.0153481496062992
11
1.3801321259842518
21
-0.0148718897637795
0
LINE
8
BLACK
6
CONTINUOUS
10
1.3801321259842518
20
-0.0148718897637795
11
1.3801975590551181
21
-0.0144320472440945
0
LINE
8
BLACK
6
CONTINUOUS
10
1.3801975590551181
20
-0.0144320472440945
11
1.3801274803149606
21
-0.0015571653543307
0
LINE
8
BLACK
6
CONTINUOUS
10
1.3801274803149606
20
-0.0015571653543307
11
1.3801406692913385
21
-0.001423188976378
0
LINE
8
BLACK
6
CONTINUOUS
10
1.3801406692913385
20
-0.001423188976378
11
1.3801321259842518
21
-0.0013657874015748
0
LINE
8
BLACK
6
CONTINUOUS
10
1.3801321259842518
20
-0.0013657874015748
11
1.3801561417322834
21
-0.0012658267716535
0
LINE
8
BLACK
6
CONTINUOUS
10
1.3801561417322834
20
-0.0012658267716535
11
1.3802031102362204
21
-0.000789094488189
0
LINE
8
BLACK
6
CONTINUOUS
10
1.3802031102362204
20
-0.000789094488189
11
1.38036468503937
21
-0.000398937007874
0
LINE
8
BLACK
6
CONTINUOUS
10
1.38036468503937
20
-0.000398937007874
11
1.3821198031496063
21
0.0068966929133858
0
LINE
8
BLACK
6
CONTINUOUS
10
1.3821198031496063
20
0.0068966929133858
11
1.3823794488188976
21
0.0076235039370079
0
LINE
8
BLACK
6
CONTINUOUS
10
1.3823794488188976
20
0.0076235039370079
11
1.3825537007874016
21
0.0078587007874016
0
LINE
8
BLACK
6
CONTINUOUS
10
1.3825537007874016
20
0.0078587007874016
11
1.3826657480314961
21
0.0081291338582677
0
LINE
8
BLACK
6
CONTINUOUS
10
1.3826657480314961
20
0.0081291338582677
11
1.3830333464566928
21
0.0085059842519685
0
LINE
8
BLACK
6
CONTINUOUS
10
1.3830333464566928
20
0.0085059842519685
11
1.3832939763779528
21
0.0088577559055118
0
LINE
8
BLACK
6
CONTINUOUS
10
1.3832939763779528
20
0.0088577559055118
11
1.3834927559055117
21
0.0089770078740157
0
LINE
8
BLACK
6
CONTINUOUS
10
1.3834927559055117
20
0.0089770078740157
11
1.3869048818897638
21
0.0124752755905512
0
LINE
8
BLACK
6
CONTINUOUS
10
1.3869048818897638
20
0.0124752755905512
11
1.3872066929133857
21
0.0127229527559055
0
LINE
8
BLACK
6
CONTINUOUS
10
1.3872066929133857
20
0.0127229527559055
11
1.3872749212598425
21
0.0128016141732283
0
LINE
8
BLACK
6
CONTINUOUS
10
1.3872749212598425
20
0.0128016141732283
11
1.3873501181102361
21
0.0128406299212598
0
LINE
8
BLACK
6
CONTINUOUS
10
1.3873501181102361
20
0.0128406299212598
11
1.3875014960629921
21
0.0129648818897638
0
LINE
8
BLACK
6
CONTINUOUS
10
1.3875014960629921
20
0.0129648818897638
11
1.3879361023622048
21
0.0131448818897638
0
LINE
8
BLACK
6
CONTINUOUS
10
1.3879361023622048
20
0.0131448818897638
11
1.3916775984251968
21
0.0150875196850394
0
LINE
8
BLACK
6
CONTINUOUS
10
1.3916775984251968
20
0.0150875196850394
11
1.3923984251968504
21
0.0153633464566929
0
LINE
8
BLACK
6
CONTINUOUS
10
1.3923984251968504
20
0.0153633464566929
11
1.3925394881889763
21
0.0153733464566929
0
LINE
8
BLACK
6
CONTINUOUS
10
1.3925394881889763
20
0.0153733464566929
11
1.3926702362204724
21
0.0154275196850394
0
LINE
8
BLACK
6
CONTINUOUS
10
1.3926702362204724
20
0.0154275196850394
11
1.3933946456692914
21
0.0154341338582677
0
LINE
8
BLACK
6
CONTINUOUS
10
1.3933946456692914
20
0.0154341338582677
11
1.3939307086614172
21
0.0154722440944882
0
LINE
8
BLACK
6
CONTINUOUS
10
1.3939307086614172
20
0.0154722440944882
11
1.3940275984251969
21
0.0154399212598425
0
LINE
8
BLACK
6
CONTINUOUS
10
1.3940275984251969
20
0.0154399212598425
11
1.4009373622047243
21
0.0155031496062992
0
LINE
8
BLACK
6
CONTINUOUS
10
1.4009373622047243
20
0.0155031496062992
11
1.401705433070866
21
0.0154275196850394
0
LINE
8
BLACK
6
CONTINUOUS
10
1.3942744881889764
20
0.0076367716535433
11
1.3918781102362205
21
0.0063925590551181
0
LINE
8
BLACK
6
CONTINUOUS
10
1.3918781102362205
20
0.0063925590551181
11
1.3894197244094488
21
0.003872125984252
0
LINE
8
BLACK
6
CONTINUOUS
10
1.3894197244094488
20
0.003872125984252
11
1.3879340944881891
21
-0.0023034645669291
0
LINE
8
BLACK
6
CONTINUOUS
10
1.3879340944881891
20
-0.0023034645669291
11
1.3880001968503937
21
-0.0144476771653543
0
LINE
8
BLACK
6
CONTINUOUS
10
1.3880001968503937
20
-0.0144476771653543
11
1.3895062598425196
21
-0.020251811023622
0
LINE
8
BLACK
6
CONTINUOUS
10
1.3895062598425196
20
-0.020251811023622
11
1.39212
21
-0.0228012598425197
0
LINE
8
BLACK
6
CONTINUOUS
10
1.39212
20
-0.0228012598425197
11
1.3944582283464566
21
-0.0239261417322835
0
LINE
8
BLACK
6
CONTINUOUS
10
1.3944582283464566
20
-0.0239261417322835
11
1.4001011023622048
21
-0.0238745275590551
0
LINE
8
BLACK
6
CONTINUOUS
10
1.4001011023622048
20
-0.0238745275590551
11
1.4024974803149606
21
-0.0226303149606299
0
LINE
8
BLACK
6
CONTINUOUS
10
1.4024974803149606
20
-0.0226303149606299
11
1.404955905511811
21
-0.020109842519685
0
LINE
8
BLACK
6
CONTINUOUS
10
1.404955905511811
20
-0.020109842519685
11
1.4064415354330708
21
-0.0139342125984252
0
LINE
8
BLACK
6
CONTINUOUS
10
1.4064415354330708
20
-0.0139342125984252
11
1.4063754330708662
21
-0.0017899606299213
0
LINE
8
BLACK
6
CONTINUOUS
10
1.4063754330708662
20
-0.0017899606299213
11
1.40486937007874
21
0.004014094488189
0
LINE
8
BLACK
6
CONTINUOUS
10
1.40486937007874
20
0.004014094488189
11
1.4022555905511811
21
0.0065635433070866
0
LINE
8
BLACK
6
CONTINUOUS
10
1.4022555905511811
20
0.0065635433070866
11
1.399917401574803
21
0.0076883858267717
0
LINE
8
BLACK
6
CONTINUOUS
10
1.399917401574803
20
0.0076883858267717
11
1.3942744881889764
21
0.0076367716535433
0
LINE
8
BLACK
6
CONTINUOUS
10
1.4556942519685039
20
0.015464842519685
11
1.4557979527559055
21
0.0154722440944882
0
LINE
8
BLACK
6
CONTINUOUS
10
1.4557979527559055
20
0.0154722440944882
11
1.4558770078740157
21
0.0154468503937008
0
LINE
8
BLACK
6
CONTINUOUS
10
1.4558770078740157
20
0.0154468503937008
11
1.4560736220472441
21
0.0154275196850394
0
LINE
8
BLACK
6
CONTINUOUS
10
1.4560736220472441
20
0.0154275196850394
11
1.4565417322834646
21
0.0152335826771654
0
LINE
8
BLACK
6
CONTINUOUS
10
1.4565417322834646
20
0.0152335826771654
11
1.4621748031496062
21
0.0134263385826772
0
LINE
8
BLACK
6
CONTINUOUS
10
1.4621748031496062
20
0.0134263385826772
11
1.4628795669291339
21
0.0131117322834646
0
LINE
8
BLACK
6
CONTINUOUS
10
1.4628795669291339
20
0.0131117322834646
11
1.4629864566929134
21
0.0130189763779528
0
LINE
8
BLACK
6
CONTINUOUS
10
1.4629864566929134
20
0.0130189763779528
11
1.4631171259842519
21
0.0129648818897638
0
LINE
8
BLACK
6
CONTINUOUS
10
1.4631171259842519
20
0.0129648818897638
11
1.463664842519685
21
0.0124306299212598
0
LINE
8
BLACK
6
CONTINUOUS
10
1.463664842519685
20
0.0124306299212598
11
1.4640400393700788
21
0.0121052362204724
0
LINE
8
BLACK
6
CONTINUOUS
10
1.4640400393700788
20
0.0121052362204724
11
1.4640796062992125
21
0.012026062992126
0
LINE
8
BLACK
6
CONTINUOUS
10
1.4640796062992125
20
0.012026062992126
11
1.4674632677165353
21
0.0087257480314961
0
LINE
8
BLACK
6
CONTINUOUS
10
1.4674632677165353
20
0.0087257480314961
11
1.4677109448818897
21
0.0084238976377953
0
LINE
8
BLACK
6
CONTINUOUS
10
1.4677109448818897
20
0.0084238976377953
11
1.4677896062992126
21
0.0083557086614173
0
LINE
8
BLACK
6
CONTINUOUS
10
1.4677896062992126
20
0.0083557086614173
11
1.4678286220472441
21
0.0082804724409449
0
LINE
8
BLACK
6
CONTINUOUS
10
1.4678286220472441
20
0.0082804724409449
11
1.4679528740157479
21
0.0081291338582677
0
LINE
8
BLACK
6
CONTINUOUS
10
1.4679528740157479
20
0.0081291338582677
11
1.468132874015748
21
0.0076944881889764
0
LINE
8
BLACK
6
CONTINUOUS
10
1.468132874015748
20
0.0076944881889764
11
1.4700755118110236
21
0.003953031496063
0
LINE
8
BLACK
6
CONTINUOUS
10
1.4700755118110236
20
0.003953031496063
11
1.4700970078740156
21
0.0038967716535433
0
LINE
8
BLACK
6
CONTINUOUS
10
1.4700970078740156
20
0.0038967716535433
11
1.470113937007874
21
0.0038739763779528
0
LINE
8
BLACK
6
CONTINUOUS
10
1.470113937007874
20
0.0038739763779528
11
1.4701311417322835
21
0.0038075984251969
0
LINE
8
BLACK
6
CONTINUOUS
10
1.4701311417322835
20
0.0038075984251969
11
1.4703513385826772
21
0.0032322047244094
0
LINE
8
BLACK
6
CONTINUOUS
10
1.4703513385826772
20
0.0032322047244094
11
1.4703780708661418
21
0.0028559842519685
0
LINE
8
BLACK
6
CONTINUOUS
10
1.4703780708661418
20
0.0028559842519685
11
1.4722483464566929
21
-0.004351811023622
0
LINE
8
BLACK
6
CONTINUOUS
10
1.4722483464566929
20
-0.004351811023622
11
1.472268031496063
21
-0.0044849212598425
0
LINE
8
BLACK
6
CONTINUOUS
10
1.472268031496063
20
-0.0044849212598425
11
1.4722902755905511
21
-0.0045386220472441
0
LINE
8
BLACK
6
CONTINUOUS
10
1.4722902755905511
20
-0.0045386220472441
11
1.472291496062992
21
-0.0046437007874016
0
LINE
8
BLACK
6
CONTINUOUS
10
1.472291496062992
20
-0.0046437007874016
11
1.4723612598425198
21
-0.0051153149606299
0
LINE
8
BLACK
6
CONTINUOUS
10
1.4723612598425198
20
-0.0051153149606299
11
1.4723018110236221
21
-0.0055146850393701
0
LINE
8
BLACK
6
CONTINUOUS
10
1.4723018110236221
20
-0.0055146850393701
11
1.472365905511811
21
-0.0109309842519685
0
LINE
8
BLACK
6
CONTINUOUS
10
1.472365905511811
20
-0.0109309842519685
11
1.4723526771653543
21
-0.0110649212598425
0
LINE
8
BLACK
6
CONTINUOUS
10
1.4723526771653543
20
-0.0110649212598425
11
1.4723612598425198
21
-0.0111223622047244
0
LINE
8
BLACK
6
CONTINUOUS
10
1.4723612598425198
20
-0.0111223622047244
11
1.4723372047244094
21
-0.0112222834645669
0
LINE
8
BLACK
6
CONTINUOUS
10
1.4723372047244094
20
-0.0112222834645669
11
1.4722902755905511
21
-0.0116990551181102
0
LINE
8
BLACK
6
CONTINUOUS
10
1.4722902755905511
20
-0.0116990551181102
11
1.4721286614173228
21
-0.0120891338582677
0
LINE
8
BLACK
6
CONTINUOUS
10
1.4721286614173228
20
-0.0120891338582677
11
1.4703735826771653
21
-0.0193849212598425
0
LINE
8
BLACK
6
CONTINUOUS
10
1.4703735826771653
20
-0.0193849212598425
11
1.4703533464566929
21
-0.0194415354330709
0
LINE
8
BLACK
6
CONTINUOUS
10
1.4703533464566929
20
-0.0194415354330709
11
1.4703513385826772
21
-0.0194699212598425
0
LINE
8
BLACK
6
CONTINUOUS
10
1.4703513385826772
20
-0.0194699212598425
11
1.4703197637795276
21
-0.0195355118110236
0
LINE
8
BLACK
6
CONTINUOUS
10
1.4703197637795276
20
-0.0195355118110236
11
1.470113937007874
21
-0.0201116929133858
0
LINE
8
BLACK
6
CONTINUOUS
10
1.470113937007874
20
-0.0201116929133858
11
1.4699105118110236
21
-0.0203862204724409
0
LINE
8
BLACK
6
CONTINUOUS
10
1.4699105118110236
20
-0.0203862204724409
11
1.468200748031496
21
-0.0239402362204724
0
LINE
8
BLACK
6
CONTINUOUS
10
1.468200748031496
20
-0.0239402362204724
11
1.467992716535433
21
-0.0242707086614173
0
LINE
8
BLACK
6
CONTINUOUS
10
1.467992716535433
20
-0.0242707086614173
11
1.4679529133858267
21
-0.0243668503937008
0
LINE
8
BLACK
6
CONTINUOUS
10
1.4679529133858267
20
-0.0243668503937008
11
1.4678945669291339
21
-0.0244266535433071
0
LINE
8
BLACK
6
CONTINUOUS
10
1.4678945669291339
20
-0.0244266535433071
11
1.4677896062992126
21
-0.0245934251968504
0
LINE
8
BLACK
6
CONTINUOUS
10
1.4677896062992126
20
-0.0245934251968504
11
1.4674151968503937
21
-0.0249181102362205
0
LINE
8
BLACK
6
CONTINUOUS
10
1.4674151968503937
20
-0.0249181102362205
11
1.4637137401574802
21
-0.0287129921259843
0
LINE
8
BLACK
6
CONTINUOUS
10
1.4637137401574802
20
-0.0287129921259843
11
1.4631171653543307
21
-0.0292026377952756
0
LINE
8
BLACK
6
CONTINUOUS
10
1.4631171653543307
20
-0.0292026377952756
11
1.4629864566929134
21
-0.0292567716535433
0
LINE
8
BLACK
6
CONTINUOUS
10
1.4629864566929134
20
-0.0292567716535433
11
1.4628795669291339
21
-0.0293494881889764
0
LINE
8
BLACK
6
CONTINUOUS
10
1.4628795669291339
20
-0.0293494881889764
11
1.4621700787401575
21
-0.0295948818897638
0
LINE
8
BLACK
6
CONTINUOUS
10
1.4621700787401575
20
-0.0295948818897638
11
1.4616979527559055
21
-0.0297904724409449
0
LINE
8
BLACK
6
CONTINUOUS
10
1.4616979527559055
20
-0.0297904724409449
11
1.4616047637795275
21
-0.0297904724409449
0
LINE
8
BLACK
6
CONTINUOUS
10
1.4616047637795275
20
-0.0297904724409449
11
1.4565505511811023
21
-0.0315388582677165
0
LINE
8
BLACK
6
CONTINUOUS
10
1.4565505511811023
20
-0.0315388582677165
11
1.4561697637795274
21
-0.0316254330708661
0
LINE
8
BLACK
6
CONTINUOUS
10
1.4561697637795274
20
-0.0316254330708661
11
1.4560736220472441
21
-0.0316652755905512
0
LINE
8
BLACK
6
CONTINUOUS
10
1.4560736220472441
20
-0.0316652755905512
11
1.455988346456693
21
-0.0316666929133858
0
LINE
8
BLACK
6
CONTINUOUS
10
1.455988346456693
20
-0.0316666929133858
11
1.4557979527559055
21
-0.03171
0
LINE
8
BLACK
6
CONTINUOUS
10
1.4557979527559055
20
-0.03171
11
1.4553411417322835
21
-0.0316775196850394
0
LINE
8
BLACK
6
CONTINUOUS
10
1.4553411417322835
20
-0.0316775196850394
11
1.4515560236220473
21
-0.031740905511811
0
LINE
8
BLACK
6
CONTINUOUS
10
1.4515560236220473
20
-0.031740905511811
11
1.4511672834645668
21
-0.0317025984251968
0
LINE
8
BLACK
6
CONTINUOUS
10
1.4511672834645668
20
-0.0317025984251968
11
1.4510635826771654
21
-0.03171
0
LINE
8
BLACK
6
CONTINUOUS
10
1.4510635826771654
20
-0.03171
11
1.4509844881889764
21
-0.0316846062992126
0
LINE
8
BLACK
6
CONTINUOUS
10
1.4509844881889764
20
-0.0316846062992126
11
1.4507879527559056
21
-0.0316652755905512
0
LINE
8
BLACK
6
CONTINUOUS
10
1.4507879527559056
20
-0.0316652755905512
11
1.4503199606299213
21
-0.0314714173228346
0
LINE
8
BLACK
6
CONTINUOUS
10
1.4503199606299213
20
-0.0314714173228346
11
1.4446867322834644
21
-0.029664094488189
0
LINE
8
BLACK
6
CONTINUOUS
10
1.4446867322834644
20
-0.029664094488189
11
1.4439820078740158
21
-0.0293494881889764
0
LINE
8
BLACK
6
CONTINUOUS
10
1.4439820078740158
20
-0.0293494881889764
11
1.4438750787401575
21
-0.0292567716535433
0
LINE
8
BLACK
6
CONTINUOUS
10
1.4438750787401575
20
-0.0292567716535433
11
1.4437444094488188
21
-0.0292026377952756
0
LINE
8
BLACK
6
CONTINUOUS
10
1.4437444094488188
20
-0.0292026377952756
11
1.4430822047244094
21
-0.0285690551181102
0
LINE
8
BLACK
6
CONTINUOUS
10
1.4430822047244094
20
-0.0285690551181102
11
1.4428215354330709
21
-0.0283429921259843
0
LINE
8
BLACK
6
CONTINUOUS
10
1.4428215354330709
20
-0.0283429921259843
11
1.4427991732283465
21
-0.0282982677165354
0
LINE
8
BLACK
6
CONTINUOUS
10
1.4427991732283465
20
-0.0282982677165354
11
1.4412730708661416
21
-0.026838188976378
0
LINE
8
BLACK
6
CONTINUOUS
10
1.4412730708661416
20
-0.026838188976378
11
1.4407834251968503
21
-0.0262416141732283
0
LINE
8
BLACK
6
CONTINUOUS
10
1.4407834251968503
20
-0.0262416141732283
11
1.440195590551181
21
-0.0248223622047244
0
LINE
8
BLACK
6
CONTINUOUS
10
1.440195590551181
20
-0.0248223622047244
11
1.4401956299212597
21
-0.0232862204724409
0
LINE
8
BLACK
6
CONTINUOUS
10
1.4401956299212597
20
-0.0232862204724409
11
1.4407834645669291
21
-0.0218670078740157
0
LINE
8
BLACK
6
CONTINUOUS
10
1.4407834645669291
20
-0.0218670078740157
11
1.44186968503937
21
-0.0207807874015748
0
LINE
8
BLACK
6
CONTINUOUS
10
1.44186968503937
20
-0.0207807874015748
11
1.4432889370078741
21
-0.0201929527559055
0
LINE
8
BLACK
6
CONTINUOUS
10
1.4432889370078741
20
-0.0201929527559055
11
1.4448250787401575
21
-0.0201929921259843
0
LINE
8
BLACK
6
CONTINUOUS
10
1.4448250787401575
20
-0.0201929921259843
11
1.4462442913385827
21
-0.0207808267716535
0
LINE
8
BLACK
6
CONTINUOUS
10
1.4462442913385827
20
-0.0207808267716535
11
1.4481069685039369
21
-0.0225629133858268
0
LINE
8
BLACK
6
CONTINUOUS
10
1.4481069685039369
20
-0.0225629133858268
11
1.452326653543307
21
-0.0239167322834646
0
LINE
8
BLACK
6
CONTINUOUS
10
1.452326653543307
20
-0.0239167322834646
11
1.4548261417322834
21
-0.0238748818897638
0
LINE
8
BLACK
6
CONTINUOUS
10
1.4548261417322834
20
-0.0238748818897638
11
1.4589015748031495
21
-0.0224651181102362
0
LINE
8
BLACK
6
CONTINUOUS
10
1.4589015748031495
20
-0.0224651181102362
11
1.4615515354330708
21
-0.0197482677165354
0
LINE
8
BLACK
6
CONTINUOUS
10
1.4615515354330708
20
-0.0197482677165354
11
1.4629657874015747
21
-0.0168085039370079
0
LINE
8
BLACK
6
CONTINUOUS
10
1.4629657874015747
20
-0.0168085039370079
11
1.4645500393700788
21
-0.0102229921259843
0
LINE
8
BLACK
6
CONTINUOUS
10
1.4645500393700788
20
-0.0102229921259843
11
1.4644946850393701
21
-0.0055455118110236
0
LINE
8
BLACK
6
CONTINUOUS
10
1.4644946850393701
20
-0.0055455118110236
11
1.4627829133858268
21
0.0010515354330709
0
LINE
8
BLACK
6
CONTINUOUS
10
1.4627829133858268
20
0.0010515354330709
11
1.4613805511811024
21
0.0037524803149606
0
LINE
8
BLACK
6
CONTINUOUS
10
1.4613805511811024
20
0.0037524803149606
11
1.4587372047244094
21
0.0063307086614173
0
LINE
8
BLACK
6
CONTINUOUS
10
1.4587372047244094
20
0.0063307086614173
11
1.4545348425196849
21
0.0076789763779528
0
LINE
8
BLACK
6
CONTINUOUS
10
1.4545348425196849
20
0.0076789763779528
11
1.4520353937007873
21
0.007637125984252
0
LINE
8
BLACK
6
CONTINUOUS
10
1.4520353937007873
20
0.007637125984252
11
1.4479955511811022
21
0.0062396456692913
0
LINE
8
BLACK
6
CONTINUOUS
10
1.4479955511811022
20
0.0062396456692913
11
1.4468408661417322
21
0.0050327165354331
0
LINE
8
BLACK
6
CONTINUOUS
10
1.4468408661417322
20
0.0050327165354331
11
1.4462442519685039
21
0.0045431102362205
0
LINE
8
BLACK
6
CONTINUOUS
10
1.4462442519685039
20
0.0045431102362205
11
1.4448250393700788
21
0.0039552362204724
0
LINE
8
BLACK
6
CONTINUOUS
10
1.4448250393700788
20
0.0039552362204724
11
1.4432888976377953
21
0.0039552362204724
0
LINE
8
BLACK
6
CONTINUOUS
10
1.4432888976377953
20
0.0039552362204724
11
1.44186968503937
21
0.0045431102362205
0
LINE
8
BLACK
6
CONTINUOUS
10
1.44186968503937
20
0.0045431102362205
11
1.4407834645669291
21
0.0056293307086614
0
LINE
8
BLACK
6
CONTINUOUS
10
1.4407834645669291
20
0.0056293307086614
11
1.440195590551181
21
0.0070485433070866
0
LINE
8
BLACK
6
CONTINUOUS
10
1.440195590551181
20
0.0070485433070866
11
1.440195590551181
21
0.0085846850393701
0
LINE
8
BLACK
6
CONTINUOUS
10
1.440195590551181
20
0.0085846850393701
11
1.4407834645669291
21
0.0100038976377953
0
LINE
8
BLACK
6
CONTINUOUS
10
1.4407834645669291
20
0.0100038976377953
11
1.4431478346456692
21
0.0124752362204724
0
LINE
8
BLACK
6
CONTINUOUS
10
1.4431478346456692
20
0.0124752362204724
11
1.4437444094488188
21
0.0129648818897638
0
LINE
8
BLACK
6
CONTINUOUS
10
1.4437444094488188
20
0.0129648818897638
11
1.4438750787401575
21
0.0130189763779528
0
LINE
8
BLACK
6
CONTINUOUS
10
1.4438750787401575
20
0.0130189763779528
11
1.4439820078740158
21
0.0131117322834646
0
LINE
8
BLACK
6
CONTINUOUS
10
1.4439820078740158
20
0.0131117322834646
11
1.4446916141732282
21
0.0133572047244094
0
LINE
8
BLACK
6
CONTINUOUS
10
1.4446916141732282
20
0.0133572047244094
11
1.4451636614173229
21
0.0135527165354331
0
LINE
8
BLACK
6
CONTINUOUS
10
1.4451636614173229
20
0.0135527165354331
11
1.4452568110236219
21
0.0135527165354331
0
LINE
8
BLACK
6
CONTINUOUS
10
1.4452568110236219
20
0.0135527165354331
11
1.4503110236220471
21
0.0153011023622047
0
LINE
8
BLACK
6
CONTINUOUS
10
1.4503110236220471
20
0.0153011023622047
11
1.450691811023622
21
0.0153876771653543
0
LINE
8
BLACK
6
CONTINUOUS
10
1.450691811023622
20
0.0153876771653543
11
1.4507879527559056
21
0.0154275196850394
0
LINE
8
BLACK
6
CONTINUOUS
10
1.4507879527559056
20
0.0154275196850394
11
1.450873188976378
21
0.015428937007874
0
LINE
8
BLACK
6
CONTINUOUS
10
1.450873188976378
20
0.015428937007874
11
1.4510635826771654
21
0.0154722440944882
0
LINE
8
BLACK
6
CONTINUOUS
10
1.4510635826771654
20
0.0154722440944882
11
1.4515203543307087
21
0.0154397637795276
0
LINE
8
BLACK
6
CONTINUOUS
10
1.4515203543307087
20
0.0154397637795276
11
1.4553055511811024
21
0.0155031496062992
0
LINE
8
BLACK
6
CONTINUOUS
10
1.4553055511811024
20
0.0155031496062992
11
1.4556942519685039
21
0.015464842519685
0
LINE
8
BLACK
6
CONTINUOUS
10
1.5010679921259842
20
0.0154275196850394
11
1.5011987007874015
21
0.0153733464566929
0
LINE
8
BLACK
6
CONTINUOUS
10
1.5011987007874015
20
0.0153733464566929
11
1.5013398031496064
21
0.0153633464566929
0
LINE
8
BLACK
6
CONTINUOUS
10
1.5013398031496064
20
0.0153633464566929
11
1.5020639763779526
21
0.0150149212598425
0
LINE
8
BLACK
6
CONTINUOUS
10
1.5020639763779526
20
0.0150149212598425
11
1.5024872047244093
21
0.0148396456692913
0
LINE
8
BLACK
6
CONTINUOUS
10
1.5024872047244093
20
0.0148396456692913
11
1.5025416929133857
21
0.0147851181102362
0
LINE
8
BLACK
6
CONTINUOUS
10
1.5025416929133857
20
0.0147851181102362
11
1.5058101181102361
21
0.0132127559055118
0
LINE
8
BLACK
6
CONTINUOUS
10
1.5058101181102361
20
0.0132127559055118
11
1.5061406692913386
21
0.0130046456692913
0
LINE
8
BLACK
6
CONTINUOUS
10
1.5061406692913386
20
0.0130046456692913
11
1.5062367322834644
21
0.0129648818897638
0
LINE
8
BLACK
6
CONTINUOUS
10
1.5062367322834644
20
0.0129648818897638
11
1.5062998818897637
21
0.0129044488188976
0
LINE
8
BLACK
6
CONTINUOUS
10
1.5062998818897637
20
0.0129044488188976
11
1.5064632677165355
21
0.0128016141732283
0
LINE
8
BLACK
6
CONTINUOUS
10
1.5064632677165355
20
0.0128016141732283
11
1.506735590551181
21
0.0124875590551181
0
LINE
8
BLACK
6
CONTINUOUS
10
1.506735590551181
20
0.0124875590551181
11
1.5087080708661418
21
0.0106005118110236
0
LINE
8
BLACK
6
CONTINUOUS
10
1.5087080708661418
20
0.0106005118110236
11
1.5091977165354331
21
0.010003937007874
0
LINE
8
BLACK
6
CONTINUOUS
10
1.5091977165354331
20
0.010003937007874
11
1.5097855511811022
21
0.0085846850393701
0
LINE
8
BLACK
6
CONTINUOUS
10
1.5097855511811022
20
0.0085846850393701
11
1.5097855511811022
21
0.0070485433070866
0
LINE
8
BLACK
6
CONTINUOUS
10
1.5097855511811022
20
0.0070485433070866
11
1.5091977165354331
21
0.0056293307086614
0
LINE
8
BLACK
6
CONTINUOUS
10
1.5091977165354331
20
0.0056293307086614
11
1.508111496062992
21
0.0045431102362205
0
LINE
8
BLACK
6
CONTINUOUS
10
1.508111496062992
20
0.0045431102362205
11
1.5066922834645669
21
0.0039552755905512
0
LINE
8
BLACK
6
CONTINUOUS
10
1.5066922834645669
20
0.0039552755905512
11
1.5051561417322834
21
0.0039552755905512
0
LINE
8
BLACK
6
CONTINUOUS
10
1.5051561417322834
20
0.0039552755905512
11
1.5037368897637795
21
0.0045431102362205
0
LINE
8
BLACK
6
CONTINUOUS
10
1.5037368897637795
20
0.0045431102362205
11
1.501631968503937
21
0.0065568897637795
0
LINE
8
BLACK
6
CONTINUOUS
10
1.501631968503937
20
0.0065568897637795
11
1.499273779527559
21
0.0076913779527559
0
LINE
8
BLACK
6
CONTINUOUS
10
1.499273779527559
20
0.0076913779527559
11
1.4917594881889764
21
0.0076353149606299
0
LINE
8
BLACK
6
CONTINUOUS
10
1.4917594881889764
20
0.0076353149606299
11
1.4894072047244094
21
0.0064139763779528
0
LINE
8
BLACK
6
CONTINUOUS
10
1.4894072047244094
20
0.0064139763779528
11
1.4884362598425196
21
0.0053991338582677
0
LINE
8
BLACK
6
CONTINUOUS
10
1.4884362598425196
20
0.0053991338582677
11
1.487317874015748
21
0.0030744094488189
0
LINE
8
BLACK
6
CONTINUOUS
10
1.487317874015748
20
0.0030744094488189
11
1.4873560236220471
21
0.0007969291338583
0
LINE
8
BLACK
6
CONTINUOUS
10
1.4873560236220471
20
0.0007969291338583
11
1.4887792913385827
21
-0.0033174015748031
0
LINE
8
BLACK
6
CONTINUOUS
10
1.4887792913385827
20
-0.0033174015748031
11
1.5105828740157481
21
-0.02502
0
LINE
8
BLACK
6
CONTINUOUS
10
1.5105828740157481
20
-0.02502
11
1.5110724803149607
21
-0.0256166141732283
0
LINE
8
BLACK
6
CONTINUOUS
10
1.5110724803149607
20
-0.0256166141732283
11
1.5116603543307086
21
-0.0270358267716535
0
LINE
8
BLACK
6
CONTINUOUS
10
1.5116603543307086
20
-0.0270358267716535
11
1.5116603543307086
21
-0.028571968503937
0
LINE
8
BLACK
6
CONTINUOUS
10
1.5116603543307086
20
-0.028571968503937
11
1.5110724803149607
21
-0.0299911811023622
0
LINE
8
BLACK
6
CONTINUOUS
10
1.5110724803149607
20
-0.0299911811023622
11
1.5099862598425196
21
-0.0310774015748032
0
LINE
8
BLACK
6
CONTINUOUS
10
1.5099862598425196
20
-0.0310774015748032
11
1.5085670472440944
21
-0.0316652755905512
0
LINE
8
BLACK
6
CONTINUOUS
10
1.5085670472440944
20
-0.0316652755905512
11
1.4834270472440945
21
-0.031740905511811
0
LINE
8
BLACK
6
CONTINUOUS
10
1.4834270472440945
20
-0.031740905511811
11
1.4826589763779527
21
-0.0316652755905512
0
LINE
8
BLACK
6
CONTINUOUS
10
1.4826589763779527
20
-0.0316652755905512
11
1.4812397637795276
21
-0.0310774015748032
0
LINE
8
BLACK
6
CONTINUOUS
10
1.4812397637795276
20
-0.0310774015748032
11
1.4801535433070865
21
-0.0299911811023622
0
LINE
8
BLACK
6
CONTINUOUS
10
1.4801535433070865
20
-0.0299911811023622
11
1.4795656692913386
21
-0.028571968503937
0
LINE
8
BLACK
6
CONTINUOUS
10
1.4795656692913386
20
-0.028571968503937
11
1.4795656692913386
21
-0.0270358267716535
0
LINE
8
BLACK
6
CONTINUOUS
10
1.4795656692913386
20
-0.0270358267716535
11
1.4801535433070865
21
-0.0256166141732283
0
LINE
8
BLACK
6
CONTINUOUS
10
1.4801535433070865
20
-0.0256166141732283
11
1.4812397637795276
21
-0.0245303937007874
0
LINE
8
BLACK
6
CONTINUOUS
10
1.4812397637795276
20
-0.0245303937007874
11
1.4826589763779527
21
-0.0239425196850394
0
LINE
8
BLACK
6
CONTINUOUS
10
1.4826589763779527
20
-0.0239425196850394
11
1.4983960236220473
21
-0.023895157480315
0
LINE
8
BLACK
6
CONTINUOUS
10
1.4983960236220473
20
-0.023895157480315
11
1.4825179133858268
21
-0.0080905905511811
0
LINE
8
BLACK
6
CONTINUOUS
10
1.4825179133858268
20
-0.0080905905511811
11
1.482028307086614
21
-0.0074939763779528
0
LINE
8
BLACK
6
CONTINUOUS
10
1.482028307086614
20
-0.0074939763779528
11
1.4819741732283465
21
-0.0073633070866142
0
LINE
8
BLACK
6
CONTINUOUS
10
1.4819741732283465
20
-0.0073633070866142
11
1.481881496062992
21
-0.0072564566929134
0
LINE
8
BLACK
6
CONTINUOUS
10
1.481881496062992
20
-0.0072564566929134
11
1.4816361811023622
21
-0.0065473622047244
0
LINE
8
BLACK
6
CONTINUOUS
10
1.4816361811023622
20
-0.0065473622047244
11
1.4814404330708661
21
-0.0060747637795276
0
LINE
8
BLACK
6
CONTINUOUS
10
1.4814404330708661
20
-0.0060747637795276
11
1.4814404330708661
21
-0.0059814566929134
0
LINE
8
BLACK
6
CONTINUOUS
10
1.4814404330708661
20
-0.0059814566929134
11
1.4796920866141732
21
-0.0009274409448819
0
LINE
8
BLACK
6
CONTINUOUS
10
1.4796920866141732
20
-0.0009274409448819
11
1.4796054724409449
21
-0.0005466141732283
0
LINE
8
BLACK
6
CONTINUOUS
10
1.4796054724409449
20
-0.0005466141732283
11
1.4795656692913386
21
-0.0004505118110236
0
LINE
8
BLACK
6
CONTINUOUS
10
1.4795656692913386
20
-0.0004505118110236
11
1.4795642125984252
21
-0.0003652362204724
0
LINE
8
BLACK
6
CONTINUOUS
10
1.4795642125984252
20
-0.0003652362204724
11
1.4795209448818898
21
-0.0001748818897638
0
LINE
8
BLACK
6
CONTINUOUS
10
1.4795209448818898
20
-0.0001748818897638
11
1.4795533858267715
21
0.0002818897637795
0
LINE
8
BLACK
6
CONTINUOUS
10
1.4795533858267715
20
0.0002818897637795
11
1.4794900393700787
21
0.0040670866141732
0
LINE
8
BLACK
6
CONTINUOUS
10
1.4794900393700787
20
0.0040670866141732
11
1.4795656692913386
21
0.004835157480315
0
LINE
8
BLACK
6
CONTINUOUS
10
1.4795656692913386
20
0.004835157480315
11
1.4796198031496062
21
0.0049658661417323
0
LINE
8
BLACK
6
CONTINUOUS
10
1.4796198031496062
20
0.0049658661417323
11
1.479629842519685
21
0.005106968503937
0
LINE
8
BLACK
6
CONTINUOUS
10
1.479629842519685
20
0.005106968503937
11
1.4799782283464566
21
0.0058311417322835
0
LINE
8
BLACK
6
CONTINUOUS
10
1.4799782283464566
20
0.0058311417322835
11
1.4801535433070865
21
0.0062543700787402
0
LINE
8
BLACK
6
CONTINUOUS
10
1.4801535433070865
20
0.0062543700787402
11
1.4802080314960631
21
0.0063088582677165
0
LINE
8
BLACK
6
CONTINUOUS
10
1.4802080314960631
20
0.0063088582677165
11
1.4817804330708662
21
0.0095772834645669
0
LINE
8
BLACK
6
CONTINUOUS
10
1.4817804330708662
20
0.0095772834645669
11
1.4819885039370078
21
0.0099078346456693
0
LINE
8
BLACK
6
CONTINUOUS
10
1.4819885039370078
20
0.0099078346456693
11
1.482028307086614
21
0.0100038976377953
0
LINE
8
BLACK
6
CONTINUOUS
10
1.482028307086614
20
0.0100038976377953
11
1.4820887007874015
21
0.0100670472440945
0
LINE
8
BLACK
6
CONTINUOUS
10
1.4820887007874015
20
0.0100670472440945
11
1.4821915748031496
21
0.0102304330708661
0
LINE
8
BLACK
6
CONTINUOUS
10
1.4821915748031496
20
0.0102304330708661
11
1.482505590551181
21
0.0105027559055118
0
LINE
8
BLACK
6
CONTINUOUS
10
1.482505590551181
20
0.0105027559055118
11
1.4843926771653544
21
0.0124752362204724
0
LINE
8
BLACK
6
CONTINUOUS
10
1.4843926771653544
20
0.0124752362204724
11
1.4846944881889763
21
0.0127229527559055
0
LINE
8
BLACK
6
CONTINUOUS
10
1.4846944881889763
20
0.0127229527559055
11
1.4847627165354331
21
0.0128016141732283
0
LINE
8
BLACK
6
CONTINUOUS
10
1.4847627165354331
20
0.0128016141732283
11
1.4848378346456692
21
0.0128406299212598
0
LINE
8
BLACK
6
CONTINUOUS
10
1.4848378346456692
20
0.0128406299212598
11
1.484989251968504
21
0.0129648818897638
0
LINE
8
BLACK
6
CONTINUOUS
10
1.484989251968504
20
0.0129648818897638
11
1.4854238976377951
21
0.0131448818897638
0
LINE
8
BLACK
6
CONTINUOUS
10
1.4854238976377951
20
0.0131448818897638
11
1.4891653937007874
21
0.0150875196850394
0
LINE
8
BLACK
6
CONTINUOUS
10
1.4891653937007874
20
0.0150875196850394
11
1.489886220472441
21
0.0153633464566929
0
LINE
8
BLACK
6
CONTINUOUS
10
1.489886220472441
20
0.0153633464566929
11
1.4900272834645669
21
0.0153733464566929
0
LINE
8
BLACK
6
CONTINUOUS
10
1.4900272834645669
20
0.0153733464566929
11
1.490158031496063
21
0.0154275196850394
0
LINE
8
BLACK
6
CONTINUOUS
10
1.490158031496063
20
0.0154275196850394
11
1.4908631496062992
21
0.0154327559055118
0
LINE
8
BLACK
6
CONTINUOUS
10
1.4908631496062992
20
0.0154327559055118
11
1.4914185039370078
21
0.0154722440944882
0
LINE
8
BLACK
6
CONTINUOUS
10
1.4914185039370078
20
0.0154722440944882
11
1.4915221259842519
21
0.0154376771653543
0
LINE
8
BLACK
6
CONTINUOUS
10
1.4915221259842519
20
0.0154376771653543
11
1.5002999212598425
21
0.0155031496062992
0
LINE
8
BLACK
6
CONTINUOUS
10
1.5002999212598425
20
0.0155031496062992
11
1.5010679921259842
21
0.0154275196850394
0
LINE
8
BLACK
6
CONTINUOUS
10
1.2854611417322834
20
0.0153832677165354
11
1.2857417716535433
21
0.0153633464566929
0
LINE
8
BLACK
6
CONTINUOUS
10
1.2857417716535433
20
0.0153633464566929
11
1.286183346456693
21
0.0151425196850394
0
LINE
8
BLACK
6
CONTINUOUS
10
1.286183346456693
20
0.0151425196850394
11
1.2866516141732283
21
0.0149864566929134
0
LINE
8
BLACK
6
CONTINUOUS
10
1.2866516141732283
20
0.0149864566929134
11
1.2868640944881888
21
0.0148021653543307
0
LINE
8
BLACK
6
CONTINUOUS
10
1.2868640944881888
20
0.0148021653543307
11
1.2871157480314961
21
0.0146763385826772
0
LINE
8
BLACK
6
CONTINUOUS
10
1.2871157480314961
20
0.0146763385826772
11
1.2874392913385826
21
0.0143032677165354
0
LINE
8
BLACK
6
CONTINUOUS
10
1.2874392913385826
20
0.0143032677165354
11
1.2878120866141731
21
0.0139799606299213
0
LINE
8
BLACK
6
CONTINUOUS
10
1.2878120866141731
20
0.0139799606299213
11
1.2879377952755906
21
0.0137285039370079
0
LINE
8
BLACK
6
CONTINUOUS
10
1.2879377952755906
20
0.0137285039370079
11
1.2881222440944882
21
0.0135158661417323
0
LINE
8
BLACK
6
CONTINUOUS
10
1.2881222440944882
20
0.0135158661417323
11
1.2882812598425197
21
0.0130416141732283
0
LINE
8
BLACK
6
CONTINUOUS
10
1.2882812598425197
20
0.0130416141732283
11
1.2884990944881889
21
0.0126059842519685
0
LINE
8
BLACK
6
CONTINUOUS
10
1.2884990944881889
20
0.0126059842519685
11
1.2885183858267717
21
0.0123344488188976
0
LINE
8
BLACK
6
CONTINUOUS
10
1.2885183858267717
20
0.0123344488188976
11
1.3015601968503936
21
-0.0265588976377953
0
LINE
8
BLACK
6
CONTINUOUS
10
1.3015601968503936
20
-0.0265588976377953
11
1.3017313385826772
21
-0.0273114566929134
0
LINE
8
BLACK
6
CONTINUOUS
10
1.3017313385826772
20
-0.0273114566929134
11
1.3016224409448818
21
-0.0288437401574803
0
LINE
8
BLACK
6
CONTINUOUS
10
1.3016224409448818
20
-0.0288437401574803
11
1.300935433070866
21
-0.0302177165354331
0
LINE
8
BLACK
6
CONTINUOUS
10
1.300935433070866
20
-0.0302177165354331
11
1.2997749606299212
21
-0.0312242125984252
0
LINE
8
BLACK
6
CONTINUOUS
10
1.2997749606299212
20
-0.0312242125984252
11
1.2983176377952756
21
-0.03171
0
LINE
8
BLACK
6
CONTINUOUS
10
1.2983176377952756
20
-0.03171
11
1.2967853543307086
21
-0.031601062992126
0
LINE
8
BLACK
6
CONTINUOUS
10
1.2967853543307086
20
-0.031601062992126
11
1.2954113779527558
21
-0.030914094488189
0
LINE
8
BLACK
6
CONTINUOUS
10
1.2954113779527558
20
-0.030914094488189
11
1.2944048818897638
21
-0.0297536220472441
0
LINE
8
BLACK
6
CONTINUOUS
10
1.2944048818897638
20
-0.0297536220472441
11
1.2912786220472441
21
-0.0204304330708661
0
LINE
8
BLACK
6
CONTINUOUS
10
1.2912786220472441
20
-0.0204304330708661
11
1.2781523228346456
21
-0.0204812992125984
0
LINE
8
BLACK
6
CONTINUOUS
10
1.2781523228346456
20
-0.0204812992125984
11
1.2753135039370078
21
-0.0290488976377953
0
LINE
8
BLACK
6
CONTINUOUS
10
1.2753135039370078
20
-0.0290488976377953
11
1.2749988976377953
21
-0.0297536220472441
0
LINE
8
BLACK
6
CONTINUOUS
10
1.2749988976377953
20
-0.0297536220472441
11
1.2739924015748032
21
-0.030914094488189
0
LINE
8
BLACK
6
CONTINUOUS
10
1.2739924015748032
20
-0.030914094488189
11
1.2726184251968504
21
-0.0316011023622047
0
LINE
8
BLACK
6
CONTINUOUS
10
1.2726184251968504
20
-0.0316011023622047
11
1.2710861417322834
21
-0.03171
0
LINE
8
BLACK
6
CONTINUOUS
10
1.2710861417322834
20
-0.03171
11
1.2696288188976377
21
-0.0312242519685039
0
LINE
8
BLACK
6
CONTINUOUS
10
1.2696288188976377
20
-0.0312242519685039
11
1.2684683464566928
21
-0.0302177559055118
0
LINE
8
BLACK
6
CONTINUOUS
10
1.2684683464566928
20
-0.0302177559055118
11
1.2677813385826771
21
-0.0288437795275591
0
LINE
8
BLACK
6
CONTINUOUS
10
1.2677813385826771
20
-0.0288437795275591
11
1.2676724409448819
21
-0.0273114960629921
0
LINE
8
BLACK
6
CONTINUOUS
10
1.2676724409448819
20
-0.0273114960629921
11
1.2714666929133858
21
-0.0158604724409449
0
LINE
8
BLACK
6
CONTINUOUS
10
1.2714666929133858
20
-0.0158604724409449
11
1.2714666929133858
21
-0.0157872047244094
0
LINE
8
BLACK
6
CONTINUOUS
10
1.2714666929133858
20
-0.0157872047244094
11
1.271588031496063
21
-0.0154941732283465
0
LINE
8
BLACK
6
CONTINUOUS
10
1.271588031496063
20
-0.0154941732283465
11
1.2809669291338583
21
0.0128111023622047
0
LINE
8
BLACK
6
CONTINUOUS
10
1.2809669291338583
20
0.0128111023622047
11
1.2812815354330709
21
0.0135158661417323
0
LINE
8
BLACK
6
CONTINUOUS
10
1.2812815354330709
20
0.0135158661417323
11
1.2814659055118109
21
0.0137284251968504
0
LINE
8
BLACK
6
CONTINUOUS
10
1.2814659055118109
20
0.0137284251968504
11
1.2815916929133857
21
0.01398
0
LINE
8
BLACK
6
CONTINUOUS
10
1.2815916929133857
20
0.01398
11
1.2819645669291337
21
0.0143034251968504
0
LINE
8
BLACK
6
CONTINUOUS
10
1.2819645669291337
20
0.0143034251968504
11
1.282288031496063
21
0.0146763385826772
0
LINE
8
BLACK
6
CONTINUOUS
10
1.282288031496063
20
0.0146763385826772
11
1.282539527559055
21
0.0148020866141732
0
LINE
8
BLACK
6
CONTINUOUS
10
1.282539527559055
20
0.0148020866141732
11
1.2827521653543308
21
0.0149864960629921
0
LINE
8
BLACK
6
CONTINUOUS
10
1.2827521653543308
20
0.0149864960629921
11
1.2832207086614174
21
0.0151426771653543
0
LINE
8
BLACK
6
CONTINUOUS
10
1.2832207086614174
20
0.0151426771653543
11
1.2836620078740157
21
0.0153633070866142
0
LINE
8
BLACK
6
CONTINUOUS
10
1.2836620078740157
20
0.0153633070866142
11
1.2839424803149606
21
0.0153832283464567
0
LINE
8
BLACK
6
CONTINUOUS
10
1.2839424803149606
20
0.0153832283464567
11
1.2842094881889763
21
0.0154722440944882
0
LINE
8
BLACK
6
CONTINUOUS
10
1.2842094881889763
20
0.0154722440944882
11
1.2847019685039369
21
0.0154372047244094
0
LINE
8
BLACK
6
CONTINUOUS
10
1.2847019685039369
20
0.0154372047244094
11
1.2851942913385825
21
0.0154722440944882
0
LINE
8
BLACK
6
CONTINUOUS
10
1.2851942913385825
20
0.0154722440944882
11
1.2854611417322834
21
0.0153832677165354
0
LINE
8
BLACK
6
CONTINUOUS
10
1.2807405905511811
20
-0.0126699212598425
11
1.2886660236220473
21
-0.0126392125984252
0
LINE
8
BLACK
6
CONTINUOUS
10
1.2886660236220473
20
-0.0126392125984252
11
1.2846848031496063
21
-0.0007663779527559
0
LINE
8
BLACK
6
CONTINUOUS
10
1.2846848031496063
20
-0.0007663779527559
11
1.2807405905511811
21
-0.0126699212598425
0
LINE
8
BLACK
6
CONTINUOUS
10
1.4293713385826772
20
0.0148396456692913
11
1.4304575590551181
21
0.0137534251968504
0
LINE
8
BLACK
6
CONTINUOUS
10
1.4304575590551181
20
0.0137534251968504
11
1.4310454330708662
21
0.0123342125984252
0
LINE
8
BLACK
6
CONTINUOUS
10
1.4310454330708662
20
0.0123342125984252
11
1.431121062992126
21
-0.0278038976377953
0
LINE
8
BLACK
6
CONTINUOUS
10
1.431121062992126
20
-0.0278038976377953
11
1.4310454330708662
21
-0.028571968503937
0
LINE
8
BLACK
6
CONTINUOUS
10
1.4310454330708662
20
-0.028571968503937
11
1.4304575590551181
21
-0.0299911811023622
0
LINE
8
BLACK
6
CONTINUOUS
10
1.4304575590551181
20
-0.0299911811023622
11
1.4293713385826772
21
-0.0310774015748032
0
LINE
8
BLACK
6
CONTINUOUS
10
1.4293713385826772
20
-0.0310774015748032
11
1.427952125984252
21
-0.0316652755905512
0
LINE
8
BLACK
6
CONTINUOUS
10
1.427952125984252
20
-0.0316652755905512
11
1.4264159842519684
21
-0.0316652755905512
0
LINE
8
BLACK
6
CONTINUOUS
10
1.4264159842519684
20
-0.0316652755905512
11
1.4249967716535432
21
-0.0310774015748032
0
LINE
8
BLACK
6
CONTINUOUS
10
1.4249967716535432
20
-0.0310774015748032
11
1.4239105511811023
21
-0.0299911811023622
0
LINE
8
BLACK
6
CONTINUOUS
10
1.4239105511811023
20
-0.0299911811023622
11
1.4233226771653542
21
-0.028571968503937
0
LINE
8
BLACK
6
CONTINUOUS
10
1.4233226771653542
20
-0.028571968503937
11
1.4232470472440946
21
0.0115661417322835
0
LINE
8
BLACK
6
CONTINUOUS
10
1.4232470472440946
20
0.0115661417322835
11
1.4233226771653542
21
0.0123342125984252
0
LINE
8
BLACK
6
CONTINUOUS
10
1.4233226771653542
20
0.0123342125984252
11
1.4239105511811023
21
0.0137534251968504
0
LINE
8
BLACK
6
CONTINUOUS
10
1.4239105511811023
20
0.0137534251968504
11
1.4249967716535432
21
0.0148396456692913
0
LINE
8
BLACK
6
CONTINUOUS
10
1.4249967716535432
20
0.0148396456692913
11
1.4264159842519684
21
0.0154275196850394
0
LINE
8
BLACK
6
CONTINUOUS
10
1.4264159842519684
20
0.0154275196850394
11
1.427952125984252
21
0.0154275196850394
0
LINE
8
BLACK
6
CONTINUOUS
10
1.427952125984252
20
0.0154275196850394
11
1.4293713385826772
21
0.0148396456692913
0
LINE
8
BLACK
6
CONTINUOUS
10
1.5249843700787402
20
0.0148396456692913
11
1.5260705905511811
21
0.0137534251968504
0
LINE
8
BLACK
6
CONTINUOUS
10
1.5260705905511811
20
0.0137534251968504
11
1.526658464566929
21
0.0123342125984252
0
LINE
8
BLACK
6
CONTINUOUS
10
1.526658464566929
20
0.0123342125984252
11
1.5267340944881889
21
-0.0278038976377953
0
LINE
8
BLACK
6
CONTINUOUS
10
1.5267340944881889
20
-0.0278038976377953
11
1.526658464566929
21
-0.028571968503937
0
LINE
8
BLACK
6
CONTINUOUS
10
1.526658464566929
20
-0.028571968503937
11
1.5260705905511811
21
-0.0299911811023622
0
LINE
8
BLACK
6
CONTINUOUS
10
1.5260705905511811
20
-0.0299911811023622
11
1.5249843700787402
21
-0.0310774015748032
0
LINE
8
BLACK
6
CONTINUOUS
10
1.5249843700787402
20
-0.0310774015748032
11
1.5235651574803148
21
-0.0316652755905512
0
LINE
8
BLACK
6
CONTINUOUS
10
1.5235651574803148
20
-0.0316652755905512
11
1.5220290157480314
21
-0.0316652755905512
0
LINE
8
BLACK
6
CONTINUOUS
10
1.5220290157480314
20
-0.0316652755905512
11
1.5206098031496063
21
-0.0310774015748032
0
LINE
8
BLACK
6
CONTINUOUS
10
1.5206098031496063
20
-0.0310774015748032
11
1.5195235826771654
21
-0.0299911811023622
0
LINE
8
BLACK
6
CONTINUOUS
10
1.5195235826771654
20
-0.0299911811023622
11
1.5189357086614172
21
-0.028571968503937
0
LINE
8
BLACK
6
CONTINUOUS
10
1.5189357086614172
20
-0.028571968503937
11
1.5188600787401574
21
0.0115661417322835
0
LINE
8
BLACK
6
CONTINUOUS
10
1.5188600787401574
20
0.0115661417322835
11
1.5189357086614172
21
0.0123342125984252
0
LINE
8
BLACK
6
CONTINUOUS
10
1.5189357086614172
20
0.0123342125984252
11
1.5195235826771654
21
0.0137534251968504
0
LINE
8
BLACK
6
CONTINUOUS
10
1.5195235826771654
20
0.0137534251968504
11
1.5206098031496063
21
0.0148396456692913
0
LINE
8
BLACK
6
CONTINUOUS
10
1.5206098031496063
20
0.0148396456692913
11
1.5220290157480314
21
0.0154275196850394
0
LINE
8
BLACK
6
CONTINUOUS
10
1.5220290157480314
20
0.0154275196850394
11
1.5235651574803148
21
0.0154275196850394
0
LINE
8
BLACK
6
CONTINUOUS
10
1.5235651574803148
20
0.0154275196850394
11
1.5249843700787402
21
0.0148396456692913
0
LINE
8
BLACK
6
CONTINUOUS
10
0.72305
20
0.23085
11
0.7222632283464567
21
0.23085
0
LINE
8
BLACK
6
CONTINUOUS
10
0.7222632283464567
20
0.23085
11
0.7222999999999999
21
0.2204266929133858
0
LINE
8
BLACK
6
CONTINUOUS
10
0.7222999999999999
20
0.2204266929133858
11
0.722155905511811
21
0.2189635433070866
0
LINE
8
BLACK
6
CONTINUOUS
10
0.722155905511811
20
0.2189635433070866
11
0.721036062992126
21
0.2162599212598425
0
LINE
8
BLACK
6
CONTINUOUS
10
0.721036062992126
20
0.2162599212598425
11
0.6500506692913386
21
0.1450707480314961
0
LINE
8
BLACK
6
CONTINUOUS
10
0.6500506692913386
20
0.1450707480314961
11
0.6489141338582677
21
0.144138031496063
0
LINE
8
BLACK
6
CONTINUOUS
10
0.6489141338582677
20
0.144138031496063
11
0.6462105511811024
21
0.1430181496062992
0
LINE
8
BLACK
6
CONTINUOUS
10
0.6462105511811024
20
0.1430181496062992
11
0.3957985039370079
21
0.1428757086614173
0
LINE
8
BLACK
6
CONTINUOUS
10
0.3957985039370079
20
0.1428757086614173
11
0.3775
21
0.1244668897637795
0
LINE
8
BLACK
6
CONTINUOUS
10
0.3775
20
0.1244668897637795
11
0.3775
21
0.1
0
LINE
8
BLACK
6
CONTINUOUS
10
0.3775
20
0.1
11
0.3225
21
0.1
0
LINE
8
BLACK
6
CONTINUOUS
10
0.3225
20
0.1
11
0.3225
21
0.1344557874015748
0
LINE
8
BLACK
6
CONTINUOUS
10
0.3225
20
0.1344557874015748
11
0.3142716535433071
21
0.1426342913385827
0
LINE
8
BLACK
6
CONTINUOUS
10
0.3142716535433071
20
0.1426342913385827
11
0.2825
21
0.142567874015748
0
LINE
8
BLACK
6
CONTINUOUS
10
0.2825
20
0.142567874015748
11
0.2825
21
0.1175
0
LINE
8
BLACK
6
CONTINUOUS
10
0.2825
20
0.1175
11
0.2175
21
0.1175
0
LINE
8
BLACK
6
CONTINUOUS
10
0.2175
20
0.1175
11
0.2175
21
0.1425958267716535
0
LINE
8
BLACK
6
CONTINUOUS
10
0.2175
20
0.1425958267716535
11
0.1825
21
0.1425461417322835
0
LINE
8
BLACK
6
CONTINUOUS
10
0.1825
20
0.1425461417322835
11
0.1825
21
0.1175
0
LINE
8
BLACK
6
CONTINUOUS
10
0.1825
20
0.1175
11
0.1175
21
0.1175
0
LINE
8
BLACK
6
CONTINUOUS
10
0.1175
20
0.1175
11
0.1175
21
0.1825
0
LINE
8
BLACK
6
CONTINUOUS
10
0.1175
20
0.1825
11
0.1825
21
0.1825
0
LINE
8
BLACK
6
CONTINUOUS
10
0.1825
20
0.1825
11
0.1825
21
0.1574041338582677
0
LINE
8
BLACK
6
CONTINUOUS
10
0.1825
20
0.1574041338582677
11
0.2175
21
0.1574538188976378
0
LINE
8
BLACK
6
CONTINUOUS
10
0.2175
20
0.1574538188976378
11
0.2175
21
0.1825
0
LINE
8
BLACK
6
CONTINUOUS
10
0.2175
20
0.1825
11
0.2825
21
0.1825
0
LINE
8
BLACK
6
CONTINUOUS
10
0.2825
20
0.1825
11
0.2825
21
0.1574268503937008
0
LINE
8
BLACK
6
CONTINUOUS
10
0.2825
20
0.1574268503937008
11
0.3175
21
0.1575
0
LINE
8
BLACK
6
CONTINUOUS
10
0.3175
20
0.1575
11
0.3189631889763779
21
0.157355905511811
0
LINE
8
BLACK
6
CONTINUOUS
10
0.3189631889763779
20
0.157355905511811
11
0.3216667716535433
21
0.1562360236220472
0
LINE
8
BLACK
6
CONTINUOUS
10
0.3216667716535433
20
0.1562360236220472
11
0.3430322440944882
21
0.135
0
LINE
8
BLACK
6
CONTINUOUS
10
0.3430322440944882
20
0.135
11
0.3670172834645669
21
0.135
0
LINE
8
BLACK
6
CONTINUOUS
10
0.3670172834645669
20
0.135
11
0.387570748031496
21
0.1556773622047244
0
LINE
8
BLACK
6
CONTINUOUS
10
0.387570748031496
20
0.1556773622047244
11
0.3887072834645669
21
0.1566101181102362
0
LINE
8
BLACK
6
CONTINUOUS
10
0.3887072834645669
20
0.1566101181102362
11
0.3914108661417323
21
0.1577299606299213
0
LINE
8
BLACK
6
CONTINUOUS
10
0.3914108661417323
20
0.1577299606299213
11
0.6418333464566929
21
0.1578723622047244
0
LINE
8
BLACK
6
CONTINUOUS
10
0.6418333464566929
20
0.1578723622047244
11
0.7074275196850394
21
0.2236548818897638
0
LINE
8
BLACK
6
CONTINUOUS
10
0.7074275196850394
20
0.2236548818897638
11
0.7074021653543306
21
0.23085
0
LINE
8
BLACK
6
CONTINUOUS
10
0.7074021653543306
20
0.23085
11
0.70655
21
0.23085
0
LINE
8
BLACK
6
CONTINUOUS
10
0.70655
20
0.23085
11
0.70655
21
0.28875
0
LINE
8
BLACK
6
CONTINUOUS
10
0.70655
20
0.28875
11
0.72305
21
0.28875
0
LINE
8
BLACK
6
CONTINUOUS
10
0.72305
20
0.28875
11
0.72305
21
0.23085
0
LINE
8
BLACK
6
CONTINUOUS
10
0.9839631889763779
20
0.337355905511811
11
0.9866667716535433
21
0.3362360236220472
0
LINE
8
BLACK
6
CONTINUOUS
10
0.9866667716535433
20
0.3362360236220472
11
1.0530749212598425
21
0.27
0
LINE
8
BLACK
6
CONTINUOUS
10
1.0530749212598425
20
0.27
11
1.0974999999999999
21
0.27
0
LINE
8
BLACK
6
CONTINUOUS
10
1.0974999999999999
20
0.27
11
1.0974999999999999
21
0.2598882283464567
0
LINE
8
BLACK
6
CONTINUOUS
10
1.0974999999999999
20
0.2598882283464567
11
1.1975
21
0.26
0
LINE
8
BLACK
6
CONTINUOUS
10
1.1975
20
0.26
11
1.1989631889763779
21
0.259855905511811
0
LINE
8
BLACK
6
CONTINUOUS
10
1.1989631889763779
20
0.259855905511811
11
1.2016667716535432
21
0.2587360236220472
0
LINE
8
BLACK
6
CONTINUOUS
10
1.2016667716535432
20
0.2587360236220472
11
1.2830555118110236
21
0.1775
0
LINE
8
BLACK
6
CONTINUOUS
10
1.2830555118110236
20
0.1775
11
1.3374999999999999
21
0.1775
0
LINE
8
BLACK
6
CONTINUOUS
10
1.3374999999999999
20
0.1775
11
1.3374999999999999
21
0.1125
0
LINE
8
BLACK
6
CONTINUOUS
10
1.3374999999999999
20
0.1125
11
1.2725
21
0.1125
0
LINE
8
BLACK
6
CONTINUOUS
10
1.2725
20
0.1125
11
1.2725
21
0.1670440157480315
0
LINE
8
BLACK
6
CONTINUOUS
10
1.2725
20
0.1670440157480315
11
1.1942583858267717
21
0.2451388188976378
0
LINE
8
BLACK
6
CONTINUOUS
10
1.1942583858267717
20
0.2451388188976378
11
1.0974999999999999
21
0.2450307086614173
0
LINE
8
BLACK
6
CONTINUOUS
10
1.0974999999999999
20
0.2450307086614173
11
1.0974999999999999
21
0.235
0
LINE
8
BLACK
6
CONTINUOUS
10
1.0974999999999999
20
0.235
11
1.0425
21
0.235
0
LINE
8
BLACK
6
CONTINUOUS
10
1.0425
20
0.235
11
1.0425
21
0.2595626377952756
0
LINE
8
BLACK
6
CONTINUOUS
10
1.0425
20
0.2595626377952756
11
0.9792577559055118
21
0.3226409448818898
0
LINE
8
BLACK
6
CONTINUOUS
10
0.9792577559055118
20
0.3226409448818898
11
0.7697797244094488
21
0.3225019291338583
0
LINE
8
BLACK
6
CONTINUOUS
10
0.7697797244094488
20
0.3225019291338583
11
0.7481707480314961
21
0.3007297637795275
0
LINE
8
BLACK
6
CONTINUOUS
10
0.7481707480314961
20
0.3007297637795275
11
0.7482081496062992
21
0.28895
0
LINE
8
BLACK
6
CONTINUOUS
10
0.7482081496062992
20
0.28895
11
0.74905
21
0.28895
0
LINE
8
BLACK
6
CONTINUOUS
10
0.74905
20
0.28895
11
0.74905
21
0.23105
0
LINE
8
BLACK
6
CONTINUOUS
10
0.74905
20
0.23105
11
0.73255
21
0.23105
0
LINE
8
BLACK
6
CONTINUOUS
10
0.73255
20
0.23105
11
0.73255
21
0.28895
0
LINE
8
BLACK
6
CONTINUOUS
10
0.73255
20
0.28895
11
0.7333475984251968
21
0.28895
0
LINE
8
BLACK
6
CONTINUOUS
10
0.7333475984251968
20
0.28895
11
0.7333
21
0.30395
0
LINE
8
BLACK
6
CONTINUOUS
10
0.7333
20
0.30395
11
0.7334440944881889
21
0.3054131889763779
0
LINE
8
BLACK
6
CONTINUOUS
10
0.7334440944881889
20
0.3054131889763779
11
0.7345639763779528
21
0.3081167716535433
0
LINE
8
BLACK
6
CONTINUOUS
10
0.7345639763779528
20
0.3081167716535433
11
0.7615466929133858
21
0.3353033070866142
0
LINE
8
BLACK
6
CONTINUOUS
10
0.7615466929133858
20
0.3353033070866142
11
0.7626832283464566
21
0.336236062992126
0
LINE
8
BLACK
6
CONTINUOUS
10
0.7626832283464566
20
0.336236062992126
11
0.765386811023622
21
0.337355905511811
0
LINE
8
BLACK
6
CONTINUOUS
10
0.765386811023622
20
0.337355905511811
11
0.9824999999999999
21
0.3375
0
LINE
8
BLACK
6
CONTINUOUS
10
0.9824999999999999
20
0.3375
11
0.9839631889763779
21
0.337355905511811
0
LINE
8
BLACK
6
CONTINUOUS
10
0.4825
20
0.2575
11
0.4175
21
0.2575
0
LINE
8
BLACK
6
CONTINUOUS
10
0.4175
20
0.2575
11
0.4175
21
0.2801032283464567
0
LINE
8
BLACK
6
CONTINUOUS
10
0.4175
20
0.2801032283464567
11
0.3814220078740158
21
0.2800101181102362
0
LINE
8
BLACK
6
CONTINUOUS
10
0.3814220078740158
20
0.2800101181102362
11
0.3775
21
0.2760509842519685
0
LINE
8
BLACK
6
CONTINUOUS
10
0.3775
20
0.2760509842519685
11
0.3775
21
0.245
0
LINE
8
BLACK
6
CONTINUOUS
10
0.3775
20
0.245
11
0.3573941338582677
21
0.245
0
LINE
8
BLACK
6
CONTINUOUS
10
0.3573941338582677
20
0.245
11
0.3574647244094488
21
0.21
0
LINE
8
BLACK
6
CONTINUOUS
10
0.3574647244094488
20
0.21
11
0.3775
21
0.21
0
LINE
8
BLACK
6
CONTINUOUS
10
0.3775
20
0.21
11
0.3775
21
0.175
0
LINE
8
BLACK
6
CONTINUOUS
10
0.3775
20
0.175
11
0.3225
21
0.175
0
LINE
8
BLACK
6
CONTINUOUS
10
0.3225
20
0.175
11
0.3225
21
0.21
0
LINE
8
BLACK
6
CONTINUOUS
10
0.3225
20
0.21
11
0.3426058661417323
21
0.21
0
LINE
8
BLACK
6
CONTINUOUS
10
0.3426058661417323
20
0.21
11
0.3425352755905512
21
0.245
0
LINE
8
BLACK
6
CONTINUOUS
10
0.3425352755905512
20
0.245
11
0.3225
21
0.245
0
LINE
8
BLACK
6
CONTINUOUS
10
0.3225
20
0.245
11
0.3225
21
0.2526288582677165
0
LINE
8
BLACK
6
CONTINUOUS
10
0.3225
20
0.2526288582677165
11
0.2825
21
0.2525429527559055
0
LINE
8
BLACK
6
CONTINUOUS
10
0.2825
20
0.2525429527559055
11
0.2825
21
0.2175
0
LINE
8
BLACK
6
CONTINUOUS
10
0.2825
20
0.2175
11
0.2175
21
0.2175
0
LINE
8
BLACK
6
CONTINUOUS
10
0.2175
20
0.2175
11
0.2175
21
0.2401272047244094
0
LINE
8
BLACK
6
CONTINUOUS
10
0.2175
20
0.2401272047244094
11
0.1825
21
0.2400612204724409
0
LINE
8
BLACK
6
CONTINUOUS
10
0.1825
20
0.2400612204724409
11
0.1825
21
0.2175
0
LINE
8
BLACK
6
CONTINUOUS
10
0.1825
20
0.2175
11
0.1175
21
0.2175
0
LINE
8
BLACK
6
CONTINUOUS
10
0.1175
20
0.2175
11
0.1175
21
0.2825
0
LINE
8
BLACK
6
CONTINUOUS
10
0.1175
20
0.2825
11
0.1825
21
0.2825
0
LINE
8
BLACK
6
CONTINUOUS
10
0.1825
20
0.2825
11
0.1825
21
0.2598727559055118
0
LINE
8
BLACK
6
CONTINUOUS
10
0.1825
20
0.2598727559055118
11
0.2175
21
0.2599387401574803
0
LINE
8
BLACK
6
CONTINUOUS
10
0.2175
20
0.2599387401574803
11
0.2175
21
0.2825
0
LINE
8
BLACK
6
CONTINUOUS
10
0.2175
20
0.2825
11
0.2825
21
0.2825
0
LINE
8
BLACK
6
CONTINUOUS
10
0.2825
20
0.2825
11
0.2825
21
0.2723549606299213
0
LINE
8
BLACK
6
CONTINUOUS
10
0.2825
20
0.2723549606299213
11
0.3225
21
0.272440905511811
0
LINE
8
BLACK
6
CONTINUOUS
10
0.3225
20
0.272440905511811
11
0.3225
21
0.28
0
LINE
8
BLACK
6
CONTINUOUS
10
0.3225
20
0.28
11
0.3535177559055118
21
0.28
0
LINE
8
BLACK
6
CONTINUOUS
10
0.3535177559055118
20
0.28
11
0.370428937007874
21
0.297071062992126
0
LINE
8
BLACK
6
CONTINUOUS
10
0.370428937007874
20
0.297071062992126
11
0.3719442913385826
21
0.2983146850393701
0
LINE
8
BLACK
6
CONTINUOUS
10
0.3719442913385826
20
0.2983146850393701
11
0.375549094488189
21
0.2998078346456693
0
LINE
8
BLACK
6
CONTINUOUS
10
0.375549094488189
20
0.2998078346456693
11
0.4175
21
0.2999161023622047
0
LINE
8
BLACK
6
CONTINUOUS
10
0.4175
20
0.2999161023622047
11
0.4175
21
0.3225
0
LINE
8
BLACK
6
CONTINUOUS
10
0.4175
20
0.3225
11
0.4825
21
0.3225
0
LINE
8
BLACK
6
CONTINUOUS
10
0.4825
20
0.3225
11
0.4825
21
0.2575
0
LINE
8
BLACK
6
CONTINUOUS
10
1.3374999999999999
20
0.2125
11
1.2725
21
0.2125
0
LINE
8
BLACK
6
CONTINUOUS
10
1.2725
20
0.2125
11
1.2725
21
0.2775
0
LINE
8
BLACK
6
CONTINUOUS
10
1.2725
20
0.2775
11
1.3374999999999999
21
0.2775
0
LINE
8
BLACK
6
CONTINUOUS
10
1.3374999999999999
20
0.2775
11
1.3374999999999999
21
0.2125
0
LINE
8
BLACK
6
CONTINUOUS
10
0.5825
20
0.2999294094488189
11
0.6025
21
0.3
0
LINE
8
BLACK
6
CONTINUOUS
10
0.6025
20
0.3
11
0.604450905511811
21
0.2998078346456693
0
LINE
8
BLACK
6
CONTINUOUS
10
0.604450905511811
20
0.2998078346456693
11
0.6080557086614173
21
0.2983146850393701
0
LINE
8
BLACK
6
CONTINUOUS
10
0.6080557086614173
20
0.2983146850393701
11
0.6080602362204724
21
0.2983101181102362
0
LINE
8
BLACK
6
CONTINUOUS
10
0.6080602362204724
20
0.2983101181102362
11
0.639446968503937
21
0.2671923228346457
0
LINE
8
BLACK
6
CONTINUOUS
10
0.639446968503937
20
0.2671923228346457
11
0.65545
21
0.2672633464566929
0
LINE
8
BLACK
6
CONTINUOUS
10
0.65545
20
0.2672633464566929
11
0.65545
21
0.28875
0
LINE
8
BLACK
6
CONTINUOUS
10
0.65545
20
0.28875
11
0.6719499999999999
21
0.28875
0
LINE
8
BLACK
6
CONTINUOUS
10
0.6719499999999999
20
0.28875
11
0.6719499999999999
21
0.23085
0
LINE
8
BLACK
6
CONTINUOUS
10
0.6719499999999999
20
0.23085
11
0.65545
21
0.23085
0
LINE
8
BLACK
6
CONTINUOUS
10
0.65545
20
0.23085
11
0.65545
21
0.2524009448818897
0
LINE
8
BLACK
6
CONTINUOUS
10
0.65545
20
0.2524009448818897
11
0.639098779527559
21
0.2523283858267716
0
LINE
8
BLACK
6
CONTINUOUS
10
0.639098779527559
20
0.2523283858267716
11
0.6382557086614173
21
0.2514853149606299
0
LINE
8
BLACK
6
CONTINUOUS
10
0.6382557086614173
20
0.2514853149606299
11
0.634650905511811
21
0.2499921653543307
0
LINE
8
BLACK
6
CONTINUOUS
10
0.634650905511811
20
0.2499921653543307
11
0.6307490944881889
21
0.2499921653543307
0
LINE
8
BLACK
6
CONTINUOUS
10
0.6307490944881889
20
0.2499921653543307
11
0.6271443307086614
21
0.2514853149606299
0
LINE
8
BLACK
6
CONTINUOUS
10
0.6271443307086614
20
0.2514853149606299
11
0.5982115354330708
21
0.2801701181102362
0
LINE
8
BLACK
6
CONTINUOUS
10
0.5982115354330708
20
0.2801701181102362
11
0.5825
21
0.2801146850393701
0
LINE
8
BLACK
6
CONTINUOUS
10
0.5825
20
0.2801146850393701
11
0.5825
21
0.2575
0
LINE
8
BLACK
6
CONTINUOUS
10
0.5825
20
0.2575
11
0.5175
21
0.2575
0
LINE
8
BLACK
6
CONTINUOUS
10
0.5175
20
0.2575
11
0.5175
21
0.3225
0
LINE
8
BLACK
6
CONTINUOUS
10
0.5175
20
0.3225
11
0.5825
21
0.3225
0
LINE
8
BLACK
6
CONTINUOUS
10
0.5825
20
0.3225
11
0.5825
21
0.2999294094488189
0
LINE
8
BLACK
6
CONTINUOUS
10
0.1825
20
0.3573945669291339
11
0.2175
21
0.3574344488188976
0
LINE
8
BLACK
6
CONTINUOUS
10
0.2175
20
0.3574344488188976
11
0.2175
21
0.3825
0
LINE
8
BLACK
6
CONTINUOUS
10
0.2175
20
0.3825
11
0.2825
21
0.3825
0
LINE
8
BLACK
6
CONTINUOUS
10
0.2825
20
0.3825
11
0.2825
21
0.359881811023622
0
LINE
8
BLACK
6
CONTINUOUS
10
0.2825
20
0.359881811023622
11
0.3375
21
0.36
0
LINE
8
BLACK
6
CONTINUOUS
10
0.3375
20
0.36
11
0.339450905511811
21
0.3598078346456693
0
LINE
8
BLACK
6
CONTINUOUS
10
0.339450905511811
20
0.3598078346456693
11
0.3430557086614173
21
0.3583146850393701
0
LINE
8
BLACK
6
CONTINUOUS
10
0.3430557086614173
20
0.3583146850393701
11
0.3430576771653543
21
0.3583126771653543
0
LINE
8
BLACK
6
CONTINUOUS
10
0.3430576771653543
20
0.3583126771653543
11
0.346435905511811
21
0.355
0
LINE
8
BLACK
6
CONTINUOUS
10
0.346435905511811
20
0.355
11
0.3775
21
0.355
0
LINE
8
BLACK
6
CONTINUOUS
10
0.3775
20
0.355
11
0.3775
21
0.3449508267716536
0
LINE
8
BLACK
6
CONTINUOUS
10
0.3775
20
0.3449508267716536
11
0.3908425590551181
21
0.3449945669291338
0
LINE
8
BLACK
6
CONTINUOUS
10
0.3908425590551181
20
0.3449945669291338
11
0.3914108661417323
21
0.3452299606299212
0
LINE
8
BLACK
6
CONTINUOUS
10
0.3914108661417323
20
0.3452299606299212
11
0.6551759448818898
21
0.3453740551181102
0
LINE
8
BLACK
6
CONTINUOUS
10
0.6551759448818898
20
0.3453740551181102
11
0.6566391338582677
21
0.3452299606299212
0
LINE
8
BLACK
6
CONTINUOUS
10
0.6566391338582677
20
0.3452299606299212
11
0.6593427165354331
21
0.3441100787401575
0
LINE
8
BLACK
6
CONTINUOUS
10
0.6593427165354331
20
0.3441100787401575
11
0.6946033070866141
21
0.3090533070866142
0
LINE
8
BLACK
6
CONTINUOUS
10
0.6946033070866141
20
0.3090533070866142
11
0.6955360236220473
21
0.3079167716535433
0
LINE
8
BLACK
6
CONTINUOUS
10
0.6955360236220473
20
0.3079167716535433
11
0.696655905511811
21
0.3052131889763779
0
LINE
8
BLACK
6
CONTINUOUS
10
0.696655905511811
20
0.3052131889763779
11
0.6967081496062992
21
0.28875
0
LINE
8
BLACK
6
CONTINUOUS
10
0.6967081496062992
20
0.28875
11
0.69755
21
0.28875
0
LINE
8
BLACK
6
CONTINUOUS
10
0.69755
20
0.28875
11
0.69755
21
0.23085
0
LINE
8
BLACK
6
CONTINUOUS
10
0.69755
20
0.23085
11
0.6810499999999999
21
0.23085
0
LINE
8
BLACK
6
CONTINUOUS
10
0.6810499999999999
20
0.23085
11
0.6810499999999999
21
0.28875
0
LINE
8
BLACK
6
CONTINUOUS
10
0.6810499999999999
20
0.28875
11
0.6818475984251968
21
0.28875
0
LINE
8
BLACK
6
CONTINUOUS
10
0.6818475984251968
20
0.28875
11
0.6818092913385827
21
0.3008186614173228
0
LINE
8
BLACK
6
CONTINUOUS
10
0.6818092913385827
20
0.3008186614173228
11
0.6519397244094488
21
0.3305155511811024
0
LINE
8
BLACK
6
CONTINUOUS
10
0.6519397244094488
20
0.3305155511811024
11
0.3945205118110236
21
0.3303749212598425
0
LINE
8
BLACK
6
CONTINUOUS
10
0.3945205118110236
20
0.3303749212598425
11
0.3939631889763779
21
0.330144094488189
0
LINE
8
BLACK
6
CONTINUOUS
10
0.3939631889763779
20
0.330144094488189
11
0.3775
21
0.3300901181102362
0
LINE
8
BLACK
6
CONTINUOUS
10
0.3775
20
0.3300901181102362
11
0.3775
21
0.32
0
LINE
8
BLACK
6
CONTINUOUS
10
0.3775
20
0.32
11
0.3225
21
0.32
0
LINE
8
BLACK
6
CONTINUOUS
10
0.3225
20
0.32
11
0.3225
21
0.3401557480314961
0
LINE
8
BLACK
6
CONTINUOUS
10
0.3225
20
0.3401557480314961
11
0.2825
21
0.3400698031496063
0
LINE
8
BLACK
6
CONTINUOUS
10
0.2825
20
0.3400698031496063
11
0.2825
21
0.3175
0
LINE
8
BLACK
6
CONTINUOUS
10
0.2825
20
0.3175
11
0.2175
21
0.3175
0
LINE
8
BLACK
6
CONTINUOUS
10
0.2175
20
0.3175
11
0.2175
21
0.3425768897637795
0
LINE
8
BLACK
6
CONTINUOUS
10
0.2175
20
0.3425768897637795
11
0.1825
21
0.3425370078740158
0
LINE
8
BLACK
6
CONTINUOUS
10
0.1825
20
0.3425370078740158
11
0.1825
21
0.3175
0
LINE
8
BLACK
6
CONTINUOUS
10
0.1825
20
0.3175
11
0.1175
21
0.3175
0
LINE
8
BLACK
6
CONTINUOUS
10
0.1175
20
0.3175
11
0.1175
21
0.3825
0
LINE
8
BLACK
6
CONTINUOUS
10
0.1175
20
0.3825
11
0.1825
21
0.3825
0
LINE
8
BLACK
6
CONTINUOUS
10
0.1825
20
0.3825
11
0.1825
21
0.3573945669291339
0
LINE
8
BLACK
6
CONTINUOUS
10
1.2745
20
0.618443188976378
11
1.2831938976377952
21
0.6098242519685039
0
LINE
8
BLACK
6
CONTINUOUS
10
1.2831938976377952
20
0.6098242519685039
11
1.3174999999999999
21
0.6099144881889763
0
LINE
8
BLACK
6
CONTINUOUS
10
1.3174999999999999
20
0.6099144881889763
11
1.3174999999999999
21
0.6325
0
LINE
8
BLACK
6
CONTINUOUS
10
1.3174999999999999
20
0.6325
11
1.3825000000000001
21
0.6325
0
LINE
8
BLACK
6
CONTINUOUS
10
1.3825000000000001
20
0.6325
11
1.3825000000000001
21
0.6098727559055118
0
LINE
8
BLACK
6
CONTINUOUS
10
1.3825000000000001
20
0.6098727559055118
11
1.4175
21
0.6099387401574803
0
LINE
8
BLACK
6
CONTINUOUS
10
1.4175
20
0.6099387401574803
11
1.4175
21
0.6325
0
LINE
8
BLACK
6
CONTINUOUS
10
1.4175
20
0.6325
11
1.4824999999999999
21
0.6325
0
LINE
8
BLACK
6
CONTINUOUS
10
1.4824999999999999
20
0.6325
11
1.4824999999999999
21
0.5675
0
LINE
8
BLACK
6
CONTINUOUS
10
1.4824999999999999
20
0.5675
11
1.4175
21
0.5675
0
LINE
8
BLACK
6
CONTINUOUS
10
1.4175
20
0.5675
11
1.4175
21
0.5901272047244094
0
LINE
8
BLACK
6
CONTINUOUS
10
1.4175
20
0.5901272047244094
11
1.3825000000000001
21
0.5900612204724409
0
LINE
8
BLACK
6
CONTINUOUS
10
1.3825000000000001
20
0.5900612204724409
11
1.3825000000000001
21
0.5675
0
LINE
8
BLACK
6
CONTINUOUS
10
1.3825000000000001
20
0.5675
11
1.3174999999999999
21
0.5675
0
LINE
8
BLACK
6
CONTINUOUS
10
1.3174999999999999
20
0.5675
11
1.3174999999999999
21
0.5901015354330709
0
LINE
8
BLACK
6
CONTINUOUS
10
1.3174999999999999
20
0.5901015354330709
11
1.2887197244094488
21
0.5900258267716535
0
LINE
8
BLACK
6
CONTINUOUS
10
1.2887197244094488
20
0.5900258267716535
11
1.2888999999999999
21
0.4092266929133858
0
LINE
8
BLACK
6
CONTINUOUS
10
1.2888999999999999
20
0.4092266929133858
11
1.2887078346456693
21
0.4072757874015748
0
LINE
8
BLACK
6
CONTINUOUS
10
1.2887078346456693
20
0.4072757874015748
11
1.28721468503937
21
0.4036709842519685
0
LINE
8
BLACK
6
CONTINUOUS
10
1.28721468503937
20
0.4036709842519685
11
1.2738703149606299
21
0.3900548818897638
0
LINE
8
BLACK
6
CONTINUOUS
10
1.2738703149606299
20
0.3900548818897638
11
1.2723551181102362
21
0.3888114173228346
0
LINE
8
BLACK
6
CONTINUOUS
10
1.2723551181102362
20
0.3888114173228346
11
1.2723549606299212
21
0.3888112598425197
0
LINE
8
BLACK
6
CONTINUOUS
10
1.2723549606299212
20
0.3888112598425197
11
1.2687501574803148
21
0.3873181102362205
0
LINE
8
BLACK
6
CONTINUOUS
10
1.2687501574803148
20
0.3873181102362205
11
1.2075
21
0.3871810236220473
0
LINE
8
BLACK
6
CONTINUOUS
10
1.2075
20
0.3871810236220473
11
1.2075
21
0.385
0
LINE
8
BLACK
6
CONTINUOUS
10
1.2075
20
0.385
11
1.1525000000000001
21
0.385
0
LINE
8
BLACK
6
CONTINUOUS
10
1.1525000000000001
20
0.385
11
1.1525000000000001
21
0.3925647244094488
0
LINE
8
BLACK
6
CONTINUOUS
10
1.1525000000000001
20
0.3925647244094488
11
1.1375327952755905
21
0.3925
0
LINE
8
BLACK
6
CONTINUOUS
10
1.1375327952755905
20
0.3925
11
1.1356884251968504
21
0.3926816535433071
0
LINE
8
BLACK
6
CONTINUOUS
10
1.1356884251968504
20
0.3926816535433071
11
1.0974999999999999
21
0.3925760236220472
0
LINE
8
BLACK
6
CONTINUOUS
10
1.0974999999999999
20
0.3925760236220472
11
1.0974999999999999
21
0.385
0
LINE
8
BLACK
6
CONTINUOUS
10
1.0974999999999999
20
0.385
11
1.0798564173228347
21
0.385
0
LINE
8
BLACK
6
CONTINUOUS
10
1.0798564173228347
20
0.385
11
1.0799562992125984
21
0.345
0
LINE
8
BLACK
6
CONTINUOUS
10
1.0799562992125984
20
0.345
11
1.0974999999999999
21
0.345
0
LINE
8
BLACK
6
CONTINUOUS
10
1.0974999999999999
20
0.345
11
1.0974999999999999
21
0.31
0
LINE
8
BLACK
6
CONTINUOUS
10
1.0974999999999999
20
0.31
11
1.0425
21
0.31
0
LINE
8
BLACK
6
CONTINUOUS
10
1.0425
20
0.31
11
1.0425
21
0.345
0
LINE
8
BLACK
6
CONTINUOUS
10
1.0425
20
0.345
11
1.0601435826771652
21
0.345
0
LINE
8
BLACK
6
CONTINUOUS
10
1.0601435826771652
20
0.345
11
1.0600437007874015
21
0.385
0
LINE
8
BLACK
6
CONTINUOUS
10
1.0600437007874015
20
0.385
11
1.0425
21
0.385
0
LINE
8
BLACK
6
CONTINUOUS
10
1.0425
20
0.385
11
1.0425
21
0.3926772834645669
0
LINE
8
BLACK
6
CONTINUOUS
10
1.0425
20
0.3926772834645669
11
0.6910917322834645
21
0.3925
0
LINE
8
BLACK
6
CONTINUOUS
10
0.6910917322834645
20
0.3925
11
0.6891982677165354
21
0.3926864960629921
0
LINE
8
BLACK
6
CONTINUOUS
10
0.6891982677165354
20
0.3926864960629921
11
0.5825
21
0.3925294094488189
0
LINE
8
BLACK
6
CONTINUOUS
10
0.5825
20
0.3925294094488189
11
0.5825
21
0.3575
0
LINE
8
BLACK
6
CONTINUOUS
10
0.5825
20
0.3575
11
0.5175
21
0.3575
0
LINE
8
BLACK
6
CONTINUOUS
10
0.5175
20
0.3575
11
0.5175
21
0.3801272047244094
0
LINE
8
BLACK
6
CONTINUOUS
10
0.5175
20
0.3801272047244094
11
0.4825
21
0.380061220472441
0
LINE
8
BLACK
6
CONTINUOUS
10
0.4825
20
0.380061220472441
11
0.4825
21
0.3575
0
LINE
8
BLACK
6
CONTINUOUS
10
0.4825
20
0.3575
11
0.4175
21
0.3575
0
LINE
8
BLACK
6
CONTINUOUS
10
0.4175
20
0.3575
11
0.4175
21
0.4225
0
LINE
8
BLACK
6
CONTINUOUS
10
0.4175
20
0.4225
11
0.4825
21
0.4225
0
LINE
8
BLACK
6
CONTINUOUS
10
0.4825
20
0.4225
11
0.4825
21
0.3998727559055118
0
LINE
8
BLACK
6
CONTINUOUS
10
0.4825
20
0.3998727559055118
11
0.5175
21
0.3999387401574803
0
LINE
8
BLACK
6
CONTINUOUS
10
0.5175
20
0.3999387401574803
11
0.5175
21
0.4225
0
LINE
8
BLACK
6
CONTINUOUS
10
0.5175
20
0.4225
11
0.5301396456692913
21
0.4225
0
LINE
8
BLACK
6
CONTINUOUS
10
0.5301396456692913
20
0.4225
11
0.5300375984251968
21
0.47
0
LINE
8
BLACK
6
CONTINUOUS
10
0.5300375984251968
20
0.47
11
0.5125
21
0.47
0
LINE
8
BLACK
6
CONTINUOUS
10
0.5125
20
0.47
11
0.5125
21
0.477633779527559
0
LINE
8
BLACK
6
CONTINUOUS
10
0.5125
20
0.477633779527559
11
0.4725
21
0.4775544881889764
0
LINE
8
BLACK
6
CONTINUOUS
10
0.4725
20
0.4775544881889764
11
0.4725
21
0.47
0
LINE
8
BLACK
6
CONTINUOUS
10
0.4725
20
0.47
11
0.4175
21
0.47
0
LINE
8
BLACK
6
CONTINUOUS
10
0.4175
20
0.47
11
0.4175
21
0.505
0
LINE
8
BLACK
6
CONTINUOUS
10
0.4175
20
0.505
11
0.4725
21
0.505
0
LINE
8
BLACK
6
CONTINUOUS
10
0.4725
20
0.505
11
0.4725
21
0.4973661811023622
0
LINE
8
BLACK
6
CONTINUOUS
10
0.4725
20
0.4973661811023622
11
0.5125
21
0.4974454724409449
0
LINE
8
BLACK
6
CONTINUOUS
10
0.5125
20
0.4974454724409449
11
0.5125
21
0.505
0
LINE
8
BLACK
6
CONTINUOUS
10
0.5125
20
0.505
11
0.5675
21
0.505
0
LINE
8
BLACK
6
CONTINUOUS
10
0.5675
20
0.505
11
0.5675
21
0.47
0
LINE
8
BLACK
6
CONTINUOUS
10
0.5675
20
0.47
11
0.5598281496062992
21
0.47
0
LINE
8
BLACK
6
CONTINUOUS
10
0.5598281496062992
20
0.47
11
0.5599301968503937
21
0.4225
0
LINE
8
BLACK
6
CONTINUOUS
10
0.5599301968503937
20
0.4225
11
0.5825
21
0.4225
0
LINE
8
BLACK
6
CONTINUOUS
10
0.5825
20
0.4225
11
0.5825
21
0.4123401181102362
0
LINE
8
BLACK
6
CONTINUOUS
10
0.5825
20
0.4123401181102362
11
0.679435905511811
21
0.4124828346456693
0
LINE
8
BLACK
6
CONTINUOUS
10
0.679435905511811
20
0.4124828346456693
11
0.6793
21
0.4369999212598425
0
LINE
8
BLACK
6
CONTINUOUS
10
0.6793
20
0.4369999212598425
11
0.6794921653543307
21
0.4389508267716535
0
LINE
8
BLACK
6
CONTINUOUS
10
0.6794921653543307
20
0.4389508267716535
11
0.6809853149606299
21
0.4425556299212599
0
LINE
8
BLACK
6
CONTINUOUS
10
0.6809853149606299
20
0.4425556299212599
11
0.6819184251968504
21
0.4434887401574803
0
LINE
8
BLACK
6
CONTINUOUS
10
0.6819184251968504
20
0.4434887401574803
11
0.6818933858267716
21
0.45125
0
LINE
8
BLACK
6
CONTINUOUS
10
0.6818933858267716
20
0.45125
11
0.6810499999999999
21
0.45125
0
LINE
8
BLACK
6
CONTINUOUS
10
0.6810499999999999
20
0.45125
11
0.6810499999999999
21
0.50915
0
LINE
8
BLACK
6
CONTINUOUS
10
0.6810499999999999
20
0.50915
11
0.69755
21
0.50915
0
LINE
8
BLACK
6
CONTINUOUS
10
0.69755
20
0.50915
11
0.69755
21
0.45125
0
LINE
8
BLACK
6
CONTINUOUS
10
0.69755
20
0.45125
11
0.6967540157480315
21
0.45125
0
LINE
8
BLACK
6
CONTINUOUS
10
0.6967540157480315
20
0.45125
11
0.6967793700787401
21
0.443390905511811
0
LINE
8
BLACK
6
CONTINUOUS
10
0.6967793700787401
20
0.443390905511811
11
0.6976146850393701
21
0.4425556299212599
0
LINE
8
BLACK
6
CONTINUOUS
10
0.6976146850393701
20
0.4425556299212599
11
0.6991078346456693
21
0.4389508267716535
0
LINE
8
BLACK
6
CONTINUOUS
10
0.6991078346456693
20
0.4389508267716535
11
0.6992555118110236
21
0.4123129133858268
0
LINE
8
BLACK
6
CONTINUOUS
10
0.6992555118110236
20
0.4123129133858268
11
1.0425
21
0.4124861023622047
0
LINE
8
BLACK
6
CONTINUOUS
10
1.0425
20
0.4124861023622047
11
1.0425
21
0.42
0
LINE
8
BLACK
6
CONTINUOUS
10
1.0425
20
0.42
11
1.0974999999999999
21
0.42
0
LINE
8
BLACK
6
CONTINUOUS
10
1.0974999999999999
20
0.42
11
1.0974999999999999
21
0.4123892519685039
0
LINE
8
BLACK
6
CONTINUOUS
10
1.0974999999999999
20
0.4123892519685039
11
1.1375327952755905
21
0.4125
0
LINE
8
BLACK
6
CONTINUOUS
10
1.1375327952755905
20
0.4125
11
1.1393195275590551
21
0.4123239763779528
0
LINE
8
BLACK
6
CONTINUOUS
10
1.1393195275590551
20
0.4123239763779528
11
1.1525000000000001
21
0.4123810236220473
0
LINE
8
BLACK
6
CONTINUOUS
10
1.1525000000000001
20
0.4123810236220473
11
1.1525000000000001
21
0.42
0
LINE
8
BLACK
6
CONTINUOUS
10
1.1525000000000001
20
0.42
11
1.2075
21
0.42
0
LINE
8
BLACK
6
CONTINUOUS
10
1.2075
20
0.42
11
1.2075
21
0.4069932283464567
0
LINE
8
BLACK
6
CONTINUOUS
10
1.2075
20
0.4069932283464567
11
1.2628314566929133
21
0.4071170472440945
0
LINE
8
BLACK
6
CONTINUOUS
10
1.2628314566929133
20
0.4071170472440945
11
1.2690859448818896
21
0.4134988976377953
0
LINE
8
BLACK
6
CONTINUOUS
10
1.2690859448818896
20
0.4134988976377953
11
1.2689038976377953
21
0.5960874409448819
0
LINE
8
BLACK
6
CONTINUOUS
10
1.2689038976377953
20
0.5960874409448819
11
1.2684373228346457
21
0.59655
0
LINE
8
BLACK
6
CONTINUOUS
10
1.2684373228346457
20
0.59655
11
1.2233000000000001
21
0.59655
0
LINE
8
BLACK
6
CONTINUOUS
10
1.2233000000000001
20
0.59655
11
1.2233000000000001
21
0.66345
0
LINE
8
BLACK
6
CONTINUOUS
10
1.2233000000000001
20
0.66345
11
1.2745
21
0.66345
0
LINE
8
BLACK
6
CONTINUOUS
10
1.2745
20
0.66345
11
1.2745
21
0.618443188976378
0
LINE
8
BLACK
6
CONTINUOUS
10
0.1825
20
0.6074041338582677
11
0.2175
21
0.6074538188976378
0
LINE
8
BLACK
6
CONTINUOUS
10
0.2175
20
0.6074538188976378
11
0.2175
21
0.6325
0
LINE
8
BLACK
6
CONTINUOUS
10
0.2175
20
0.6325
11
0.2825
21
0.6325
0
LINE
8
BLACK
6
CONTINUOUS
10
0.2825
20
0.6325
11
0.2825
21
0.5780522440944882
0
LINE
8
BLACK
6
CONTINUOUS
10
0.2825
20
0.5780522440944882
11
0.2907355118110236
21
0.5698601574803149
0
LINE
8
BLACK
6
CONTINUOUS
10
0.2907355118110236
20
0.5698601574803149
11
0.4175
21
0.5699750393700788
0
LINE
8
BLACK
6
CONTINUOUS
10
0.4175
20
0.5699750393700788
11
0.4175
21
0.58
0
LINE
8
BLACK
6
CONTINUOUS
10
0.4175
20
0.58
11
0.4725
21
0.58
0
LINE
8
BLACK
6
CONTINUOUS
10
0.4725
20
0.58
11
0.4725
21
0.5554826771653543
0
LINE
8
BLACK
6
CONTINUOUS
10
0.4725
20
0.5554826771653543
11
0.4911058661417323
21
0.5369883070866142
0
LINE
8
BLACK
6
CONTINUOUS
10
0.4911058661417323
20
0.5369883070866142
11
0.5910240551181102
21
0.5371259448818898
0
LINE
8
BLACK
6
CONTINUOUS
10
0.5910240551181102
20
0.5371259448818898
11
0.5924872440944882
21
0.5369818503937007
0
LINE
8
BLACK
6
CONTINUOUS
10
0.5924872440944882
20
0.5369818503937007
11
0.5951908267716536
21
0.535861968503937
0
LINE
8
BLACK
6
CONTINUOUS
10
0.5951908267716536
20
0.535861968503937
11
0.6436649999999999
21
0.4875831496062992
0
LINE
8
BLACK
6
CONTINUOUS
10
0.6436649999999999
20
0.4875831496062992
11
0.65545
21
0.4876518897637795
0
LINE
8
BLACK
6
CONTINUOUS
10
0.65545
20
0.4876518897637795
11
0.65545
21
0.50915
0
LINE
8
BLACK
6
CONTINUOUS
10
0.65545
20
0.50915
11
0.6719499999999999
21
0.50915
0
LINE
8
BLACK
6
CONTINUOUS
10
0.6719499999999999
20
0.50915
11
0.6719499999999999
21
0.45125
0
LINE
8
BLACK
6
CONTINUOUS
10
0.6719499999999999
20
0.45125
11
0.65545
21
0.45125
0
LINE
8
BLACK
6
CONTINUOUS
10
0.65545
20
0.45125
11
0.65545
21
0.4727874409448819
0
LINE
8
BLACK
6
CONTINUOUS
10
0.65545
20
0.4727874409448819
11
0.64045
21
0.4727
0
LINE
8
BLACK
6
CONTINUOUS
10
0.64045
20
0.4727
11
0.638986811023622
21
0.472844094488189
0
LINE
8
BLACK
6
CONTINUOUS
10
0.638986811023622
20
0.472844094488189
11
0.6362832283464567
21
0.473963937007874
0
LINE
8
BLACK
6
CONTINUOUS
10
0.6362832283464567
20
0.473963937007874
11
0.5877881496062992
21
0.5222635433070866
0
LINE
8
BLACK
6
CONTINUOUS
10
0.5877881496062992
20
0.5222635433070866
11
0.4878740551181102
21
0.5221259448818898
0
LINE
8
BLACK
6
CONTINUOUS
10
0.4878740551181102
20
0.5221259448818898
11
0.4864108661417323
21
0.5222700393700788
0
LINE
8
BLACK
6
CONTINUOUS
10
0.4864108661417323
20
0.5222700393700788
11
0.4837072834645669
21
0.5233898818897638
0
LINE
8
BLACK
6
CONTINUOUS
10
0.4837072834645669
20
0.5233898818897638
11
0.4619668897637795
21
0.545
0
LINE
8
BLACK
6
CONTINUOUS
10
0.4619668897637795
20
0.545
11
0.4175
21
0.545
0
LINE
8
BLACK
6
CONTINUOUS
10
0.4175
20
0.545
11
0.4175
21
0.5551178346456693
0
LINE
8
BLACK
6
CONTINUOUS
10
0.4175
20
0.5551178346456693
11
0.2875
21
0.5549999999999999
0
LINE
8
BLACK
6
CONTINUOUS
10
0.2875
20
0.5549999999999999
11
0.2860368110236221
21
0.5551440944881889
0
LINE
8
BLACK
6
CONTINUOUS
10
0.2860368110236221
20
0.5551440944881889
11
0.2836174015748031
21
0.5561462598425196
0
LINE
8
BLACK
6
CONTINUOUS
10
0.2836174015748031
20
0.5561462598425196
11
0.2833331889763779
21
0.5562639763779528
0
LINE
8
BLACK
6
CONTINUOUS
10
0.2833331889763779
20
0.5562639763779528
11
0.2720375984251969
21
0.5675
0
LINE
8
BLACK
6
CONTINUOUS
10
0.2720375984251969
20
0.5675
11
0.2175
21
0.5675
0
LINE
8
BLACK
6
CONTINUOUS
10
0.2175
20
0.5675
11
0.2175
21
0.5925958267716536
0
LINE
8
BLACK
6
CONTINUOUS
10
0.2175
20
0.5925958267716536
11
0.1825
21
0.5925461417322835
0
LINE
8
BLACK
6
CONTINUOUS
10
0.1825
20
0.5925461417322835
11
0.1825
21
0.5675
0
LINE
8
BLACK
6
CONTINUOUS
10
0.1825
20
0.5675
11
0.1175
21
0.5675
0
LINE
8
BLACK
6
CONTINUOUS
10
0.1175
20
0.5675
11
0.1175
21
0.6325
0
LINE
8
BLACK
6
CONTINUOUS
10
0.1175
20
0.6325
11
0.1825
21
0.6325
0
LINE
8
BLACK
6
CONTINUOUS
10
0.1825
20
0.6325
11
0.1825
21
0.6074041338582677
0
LINE
8
BLACK
6
CONTINUOUS
10
0.1825
20
0.7074041338582677
11
0.2175
21
0.7074538188976378
0
LINE
8
BLACK
6
CONTINUOUS
10
0.2175
20
0.7074538188976378
11
0.2175
21
0.7324999999999999
0
LINE
8
BLACK
6
CONTINUOUS
10
0.2175
20
0.7324999999999999
11
0.2825
21
0.7324999999999999
0
LINE
8
BLACK
6
CONTINUOUS
10
0.2825
20
0.7324999999999999
11
0.2825
21
0.7074069291338583
0
LINE
8
BLACK
6
CONTINUOUS
10
0.2825
20
0.7074069291338583
11
0.3443967322834646
21
0.7075
0
LINE
8
BLACK
6
CONTINUOUS
10
0.3443967322834646
20
0.7075
11
0.3457759842519685
21
0.7073641338582677
0
LINE
8
BLACK
6
CONTINUOUS
10
0.3457759842519685
20
0.7073641338582677
11
0.3925
21
0.7075
0
LINE
8
BLACK
6
CONTINUOUS
10
0.3925
20
0.7075
11
0.3939631889763779
21
0.707355905511811
0
LINE
8
BLACK
6
CONTINUOUS
10
0.3939631889763779
20
0.707355905511811
11
0.3966667716535433
21
0.7062360236220472
0
LINE
8
BLACK
6
CONTINUOUS
10
0.3966667716535433
20
0.7062360236220472
11
0.5230886614173228
21
0.58
0
LINE
8
BLACK
6
CONTINUOUS
10
0.5230886614173228
20
0.58
11
0.5675
21
0.58
0
LINE
8
BLACK
6
CONTINUOUS
10
0.5675
20
0.58
11
0.5675
21
0.5699020866141732
0
LINE
8
BLACK
6
CONTINUOUS
10
0.5675
20
0.5699020866141732
11
0.6288842125984252
21
0.57
0
LINE
8
BLACK
6
CONTINUOUS
10
0.6288842125984252
20
0.57
11
0.6302612992125984
21
0.5698643700787401
0
LINE
8
BLACK
6
CONTINUOUS
10
0.6302612992125984
20
0.5698643700787401
11
0.6757000787401575
21
0.57
0
LINE
8
BLACK
6
CONTINUOUS
10
0.6757000787401575
20
0.57
11
0.6757511417322835
21
0.5699949606299213
0
LINE
8
BLACK
6
CONTINUOUS
10
0.6757511417322835
20
0.5699949606299213
11
0.6775
21
0.57
0
LINE
8
BLACK
6
CONTINUOUS
10
0.6775
20
0.57
11
0.678963188976378
21
0.569855905511811
0
LINE
8
BLACK
6
CONTINUOUS
10
0.678963188976378
20
0.569855905511811
11
0.6816667716535433
21
0.5687360236220472
0
LINE
8
BLACK
6
CONTINUOUS
10
0.6816667716535433
20
0.5687360236220472
11
0.6878033464566929
21
0.5628032677165354
0
LINE
8
BLACK
6
CONTINUOUS
10
0.6878033464566929
20
0.5628032677165354
11
0.6886376377952755
21
0.5617866929133858
0
LINE
8
BLACK
6
CONTINUOUS
10
0.6886376377952755
20
0.5617866929133858
11
0.6941493307086614
21
0.5563352362204724
0
LINE
8
BLACK
6
CONTINUOUS
10
0.6941493307086614
20
0.5563352362204724
11
0.6975094881889764
21
0.5573218897637795
0
LINE
8
BLACK
6
CONTINUOUS
10
0.6975094881889764
20
0.5573218897637795
11
0.7024905118110236
21
0.5573218897637795
0
LINE
8
BLACK
6
CONTINUOUS
10
0.7024905118110236
20
0.5573218897637795
11
0.7072697637795275
21
0.5559185433070866
0
LINE
8
BLACK
6
CONTINUOUS
10
0.7072697637795275
20
0.5559185433070866
11
0.7114600787401575
21
0.5532256299212598
0
LINE
8
BLACK
6
CONTINUOUS
10
0.7114600787401575
20
0.5532256299212598
11
0.7147219291338582
21
0.5494612204724409
0
LINE
8
BLACK
6
CONTINUOUS
10
0.7147219291338582
20
0.5494612204724409
11
0.7167911417322834
21
0.5449303149606299
0
LINE
8
BLACK
6
CONTINUOUS
10
0.7167911417322834
20
0.5449303149606299
11
0.7175
21
0.54
0
LINE
8
BLACK
6
CONTINUOUS
10
0.7175
20
0.54
11
0.7167911417322834
21
0.53506968503937
0
LINE
8
BLACK
6
CONTINUOUS
10
0.7167911417322834
20
0.53506968503937
11
0.7158085826771653
21
0.5329182283464566
0
LINE
8
BLACK
6
CONTINUOUS
10
0.7158085826771653
20
0.5329182283464566
11
0.7201033070866142
21
0.5287033858267717
0
LINE
8
BLACK
6
CONTINUOUS
10
0.7201033070866142
20
0.5287033858267717
11
0.721036062992126
21
0.5275668503937008
0
LINE
8
BLACK
6
CONTINUOUS
10
0.721036062992126
20
0.5275668503937008
11
0.722155905511811
21
0.5248632677165355
0
LINE
8
BLACK
6
CONTINUOUS
10
0.722155905511811
20
0.5248632677165355
11
0.7222066141732283
21
0.50915
0
LINE
8
BLACK
6
CONTINUOUS
10
0.7222066141732283
20
0.50915
11
0.72305
21
0.50915
0
LINE
8
BLACK
6
CONTINUOUS
10
0.72305
20
0.50915
11
0.72305
21
0.45125
0
LINE
8
BLACK
6
CONTINUOUS
10
0.72305
20
0.45125
11
0.70655
21
0.45125
0
LINE
8
BLACK
6
CONTINUOUS
10
0.70655
20
0.45125
11
0.70655
21
0.50915
0
LINE
8
BLACK
6
CONTINUOUS
10
0.70655
20
0.50915
11
0.7073459842519685
21
0.50915
0
LINE
8
BLACK
6
CONTINUOUS
10
0.7073459842519685
20
0.50915
11
0.7073095669291338
21
0.5204258661417323
0
LINE
8
BLACK
6
CONTINUOUS
10
0.7073095669291338
20
0.5204258661417323
11
0.7044334251968504
21
0.5232485826771653
0
LINE
8
BLACK
6
CONTINUOUS
10
0.7044334251968504
20
0.5232485826771653
11
0.7024905118110236
21
0.5226781102362205
0
LINE
8
BLACK
6
CONTINUOUS
10
0.7024905118110236
20
0.5226781102362205
11
0.6975094881889764
21
0.5226781102362205
0
LINE
8
BLACK
6
CONTINUOUS
10
0.6975094881889764
20
0.5226781102362205
11
0.6927302362204725
21
0.5240814566929134
0
LINE
8
BLACK
6
CONTINUOUS
10
0.6927302362204725
20
0.5240814566929134
11
0.6885399212598425
21
0.5267743700787402
0
LINE
8
BLACK
6
CONTINUOUS
10
0.6885399212598425
20
0.5267743700787402
11
0.6852780708661417
21
0.530538779527559
0
LINE
8
BLACK
6
CONTINUOUS
10
0.6852780708661417
20
0.530538779527559
11
0.6832088582677165
21
0.53506968503937
0
LINE
8
BLACK
6
CONTINUOUS
10
0.6832088582677165
20
0.53506968503937
11
0.6825
21
0.54
0
LINE
8
BLACK
6
CONTINUOUS
10
0.6825
20
0.54
11
0.6831509842519685
21
0.5445279133858267
0
LINE
8
BLACK
6
CONTINUOUS
10
0.6831509842519685
20
0.5445279133858267
11
0.672481968503937
21
0.5551254330708661
0
LINE
8
BLACK
6
CONTINUOUS
10
0.672481968503937
20
0.5551254330708661
11
0.6288842125984252
21
0.5549999999999999
0
LINE
8
BLACK
6
CONTINUOUS
10
0.6288842125984252
20
0.5549999999999999
11
0.6274676377952756
21
0.5551394881889764
0
LINE
8
BLACK
6
CONTINUOUS
10
0.6274676377952756
20
0.5551394881889764
11
0.5675
21
0.5550438582677165
0
LINE
8
BLACK
6
CONTINUOUS
10
0.5675
20
0.5550438582677165
11
0.5675
21
0.545
0
LINE
8
BLACK
6
CONTINUOUS
10
0.5675
20
0.545
11
0.5125
21
0.545
0
LINE
8
BLACK
6
CONTINUOUS
10
0.5125
20
0.545
11
0.5125
21
0.5695775590551181
0
LINE
8
BLACK
6
CONTINUOUS
10
0.5125
20
0.5695775590551181
11
0.3892659842519685
21
0.6926304330708661
0
LINE
8
BLACK
6
CONTINUOUS
10
0.3892659842519685
20
0.6926304330708661
11
0.3443967322834646
21
0.6925
0
LINE
8
BLACK
6
CONTINUOUS
10
0.3443967322834646
20
0.6925
11
0.3429775196850394
21
0.6926397244094488
0
LINE
8
BLACK
6
CONTINUOUS
10
0.3429775196850394
20
0.6926397244094488
11
0.2825
21
0.6925488188976378
0
LINE
8
BLACK
6
CONTINUOUS
10
0.2825
20
0.6925488188976378
11
0.2825
21
0.6675
0
LINE
8
BLACK
6
CONTINUOUS
10
0.2825
20
0.6675
11
0.2175
21
0.6675
0
LINE
8
BLACK
6
CONTINUOUS
10
0.2175
20
0.6675
11
0.2175
21
0.6925958267716535
0
LINE
8
BLACK
6
CONTINUOUS
10
0.2175
20
0.6925958267716535
11
0.1825
21
0.6925461417322835
0
LINE
8
BLACK
6
CONTINUOUS
10
0.1825
20
0.6925461417322835
11
0.1825
21
0.6675
0
LINE
8
BLACK
6
CONTINUOUS
10
0.1825
20
0.6675
11
0.1175
21
0.6675
0
LINE
8
BLACK
6
CONTINUOUS
10
0.1175
20
0.6675
11
0.1175
21
0.7324999999999999
0
LINE
8
BLACK
6
CONTINUOUS
10
0.1175
20
0.7324999999999999
11
0.1825
21
0.7324999999999999
0
LINE
8
BLACK
6
CONTINUOUS
10
0.1825
20
0.7324999999999999
11
0.1825
21
0.7074041338582677
0
LINE
8
BLACK
6
CONTINUOUS
10
0.4775
20
0.995
11
0.4573798818897638
21
0.995
0
LINE
8
BLACK
6
CONTINUOUS
10
0.4573798818897638
20
0.995
11
0.4574588976377953
21
0.9325
0
LINE
8
BLACK
6
CONTINUOUS
10
0.4574588976377953
20
0.9325
11
0.4825
21
0.9325
0
LINE
8
BLACK
6
CONTINUOUS
10
0.4825
20
0.9325
11
0.4825
21
0.8674999999999999
0
LINE
8
BLACK
6
CONTINUOUS
10
0.4825
20
0.8674999999999999
11
0.4574041338582677
21
0.8674999999999999
0
LINE
8
BLACK
6
CONTINUOUS
10
0.4574041338582677
20
0.8674999999999999
11
0.4574538582677165
21
0.8325
0
LINE
8
BLACK
6
CONTINUOUS
10
0.4574538582677165
20
0.8325
11
0.4825
21
0.8325
0
LINE
8
BLACK
6
CONTINUOUS
10
0.4825
20
0.8325
11
0.4825
21
0.7675
0
LINE
8
BLACK
6
CONTINUOUS
10
0.4825
20
0.7675
11
0.4574558661417323
21
0.7675
0
LINE
8
BLACK
6
CONTINUOUS
10
0.4574558661417323
20
0.7675
11
0.4574913385826772
21
0.7554334251968504
0
LINE
8
BLACK
6
CONTINUOUS
10
0.4574913385826772
20
0.7554334251968504
11
0.4828561023622047
21
0.7302367322834645
0
LINE
8
BLACK
6
CONTINUOUS
10
0.4828561023622047
20
0.7302367322834645
11
0.5832792125984252
21
0.7303744094488189
0
LINE
8
BLACK
6
CONTINUOUS
10
0.5832792125984252
20
0.7303744094488189
11
0.5847424015748032
21
0.73023031496063
0
LINE
8
BLACK
6
CONTINUOUS
10
0.5847424015748032
20
0.73023031496063
11
0.5874459842519685
21
0.7291104330708661
0
LINE
8
BLACK
6
CONTINUOUS
10
0.5874459842519685
20
0.7291104330708661
11
0.7457033070866141
21
0.5710569291338583
0
LINE
8
BLACK
6
CONTINUOUS
10
0.7457033070866141
20
0.5710569291338583
11
0.7466360629921259
21
0.5699203937007874
0
LINE
8
BLACK
6
CONTINUOUS
10
0.7466360629921259
20
0.5699203937007874
11
0.7476386220472441
21
0.5675
0
LINE
8
BLACK
6
CONTINUOUS
10
0.7476386220472441
20
0.5675
11
0.747755905511811
21
0.567216811023622
0
LINE
8
BLACK
6
CONTINUOUS
10
0.747755905511811
20
0.567216811023622
11
0.7479
21
0.52415
0
LINE
8
BLACK
6
CONTINUOUS
10
0.7479
20
0.52415
11
0.7477648818897638
21
0.5227781496062992
0
LINE
8
BLACK
6
CONTINUOUS
10
0.7477648818897638
20
0.5227781496062992
11
0.7478081496062992
21
0.50915
0
LINE
8
BLACK
6
CONTINUOUS
10
0.7478081496062992
20
0.50915
11
0.74865
21
0.50915
0
LINE
8
BLACK
6
CONTINUOUS
10
0.74865
20
0.50915
11
0.74865
21
0.45125
0
LINE
8
BLACK
6
CONTINUOUS
10
0.74865
20
0.45125
11
0.73215
21
0.45125
0
LINE
8
BLACK
6
CONTINUOUS
10
0.73215
20
0.45125
11
0.73215
21
0.50915
0
LINE
8
BLACK
6
CONTINUOUS
10
0.73215
20
0.50915
11
0.7329475984251969
21
0.50915
0
LINE
8
BLACK
6
CONTINUOUS
10
0.7329475984251969
20
0.50915
11
0.7329
21
0.52415
0
LINE
8
BLACK
6
CONTINUOUS
10
0.7329
20
0.52415
11
0.7330346062992126
21
0.5255170078740158
0
LINE
8
BLACK
6
CONTINUOUS
10
0.7330346062992126
20
0.5255170078740158
11
0.7329097244094488
21
0.5628367322834645
0
LINE
8
BLACK
6
CONTINUOUS
10
0.7329097244094488
20
0.5628367322834645
11
0.5800375984251969
21
0.7155120472440945
0
LINE
8
BLACK
6
CONTINUOUS
10
0.5800375984251969
20
0.7155120472440945
11
0.4796255905511811
21
0.7153744094488189
0
LINE
8
BLACK
6
CONTINUOUS
10
0.4796255905511811
20
0.7153744094488189
11
0.4781624015748032
21
0.7155185039370079
0
LINE
8
BLACK
6
CONTINUOUS
10
0.4781624015748032
20
0.7155185039370079
11
0.4754588188976378
21
0.7166383464566929
0
LINE
8
BLACK
6
CONTINUOUS
10
0.4754588188976378
20
0.7166383464566929
11
0.4446966929133858
21
0.7471966929133859
0
LINE
8
BLACK
6
CONTINUOUS
10
0.4446966929133858
20
0.7471966929133859
11
0.4437639763779527
21
0.7483332283464567
0
LINE
8
BLACK
6
CONTINUOUS
10
0.4437639763779527
20
0.7483332283464567
11
0.442644094488189
21
0.7510368110236221
0
LINE
8
BLACK
6
CONTINUOUS
10
0.442644094488189
20
0.7510368110236221
11
0.4425956299212598
21
0.7675
0
LINE
8
BLACK
6
CONTINUOUS
10
0.4425956299212598
20
0.7675
11
0.4175
21
0.7675
0
LINE
8
BLACK
6
CONTINUOUS
10
0.4175
20
0.7675
11
0.4175
21
0.8325
0
LINE
8
BLACK
6
CONTINUOUS
10
0.4175
20
0.8325
11
0.4425958661417323
21
0.8325
0
LINE
8
BLACK
6
CONTINUOUS
10
0.4425958661417323
20
0.8325
11
0.4425461417322835
21
0.8674999999999999
0
LINE
8
BLACK
6
CONTINUOUS
10
0.4425461417322835
20
0.8674999999999999
11
0.4175
21
0.8674999999999999
0
LINE
8
BLACK
6
CONTINUOUS
10
0.4175
20
0.8674999999999999
11
0.4175
21
0.9325
0
LINE
8
BLACK
6
CONTINUOUS
10
0.4175
20
0.9325
11
0.4426011417322834
21
0.9325
0
LINE
8
BLACK
6
CONTINUOUS
10
0.4426011417322834
20
0.9325
11
0.4425221259842519
21
0.995
0
LINE
8
BLACK
6
CONTINUOUS
10
0.4425221259842519
20
0.995
11
0.4225
21
0.995
0
LINE
8
BLACK
6
CONTINUOUS
10
0.4225
20
0.995
11
0.4225
21
1.03
0
LINE
8
BLACK
6
CONTINUOUS
10
0.4225
20
1.03
11
0.4775
21
1.03
0
LINE
8
BLACK
6
CONTINUOUS
10
0.4775
20
1.03
11
0.4775
21
0.995
0
LINE
8
BLACK
6
CONTINUOUS
10
0.5775
20
0.995
11
0.5573686614173228
21
0.995
0
LINE
8
BLACK
6
CONTINUOUS
10
0.5573686614173228
20
0.995
11
0.557410748031496
21
0.9325
0
LINE
8
BLACK
6
CONTINUOUS
10
0.557410748031496
20
0.9325
11
0.5825
21
0.9325
0
LINE
8
BLACK
6
CONTINUOUS
10
0.5825
20
0.9325
11
0.5825
21
0.8674999999999999
0
LINE
8
BLACK
6
CONTINUOUS
10
0.5825
20
0.8674999999999999
11
0.5574545275590551
21
0.8674999999999999
0
LINE
8
BLACK
6
CONTINUOUS
10
0.5574545275590551
20
0.8674999999999999
11
0.5574781102362205
21
0.8325
0
LINE
8
BLACK
6
CONTINUOUS
10
0.5574781102362205
20
0.8325
11
0.5825
21
0.8325
0
LINE
8
BLACK
6
CONTINUOUS
10
0.5825
20
0.8325
11
0.5825
21
0.7779293700787402
0
LINE
8
BLACK
6
CONTINUOUS
10
0.5825
20
0.7779293700787402
11
0.7713033070866142
21
0.5893033070866142
0
LINE
8
BLACK
6
CONTINUOUS
10
0.7713033070866142
20
0.5893033070866142
11
0.7722360236220472
21
0.5881667716535433
0
LINE
8
BLACK
6
CONTINUOUS
10
0.7722360236220472
20
0.5881667716535433
11
0.773355905511811
21
0.5854631889763779
0
LINE
8
BLACK
6
CONTINUOUS
10
0.773355905511811
20
0.5854631889763779
11
0.7734603543307087
21
0.50915
0
LINE
8
BLACK
6
CONTINUOUS
10
0.7734603543307087
20
0.50915
11
0.77425
21
0.50915
0
LINE
8
BLACK
6
CONTINUOUS
10
0.77425
20
0.50915
11
0.77425
21
0.45125
0
LINE
8
BLACK
6
CONTINUOUS
10
0.77425
20
0.45125
11
0.75775
21
0.45125
0
LINE
8
BLACK
6
CONTINUOUS
10
0.75775
20
0.45125
11
0.75775
21
0.50915
0
LINE
8
BLACK
6
CONTINUOUS
10
0.75775
20
0.50915
11
0.7586024803149606
21
0.50915
0
LINE
8
BLACK
6
CONTINUOUS
10
0.7586024803149606
20
0.50915
11
0.7585039763779527
21
0.5810900787401575
0
LINE
8
BLACK
6
CONTINUOUS
10
0.7585039763779527
20
0.5810900787401575
11
0.571918937007874
21
0.7675
0
LINE
8
BLACK
6
CONTINUOUS
10
0.571918937007874
20
0.7675
11
0.5175
21
0.7675
0
LINE
8
BLACK
6
CONTINUOUS
10
0.5175
20
0.7675
11
0.5175
21
0.8325
0
LINE
8
BLACK
6
CONTINUOUS
10
0.5175
20
0.8325
11
0.5425958661417323
21
0.8325
0
LINE
8
BLACK
6
CONTINUOUS
10
0.5425958661417323
20
0.8325
11
0.5425461417322834
21
0.8674999999999999
0
LINE
8
BLACK
6
CONTINUOUS
10
0.5425461417322834
20
0.8674999999999999
11
0.5175
21
0.8674999999999999
0
LINE
8
BLACK
6
CONTINUOUS
10
0.5175
20
0.8674999999999999
11
0.5175
21
0.9325
0
LINE
8
BLACK
6
CONTINUOUS
10
0.5175
20
0.9325
11
0.5425538582677165
21
0.9325
0
LINE
8
BLACK
6
CONTINUOUS
10
0.5425538582677165
20
0.9325
11
0.5425117716535433
21
0.995
0
LINE
8
BLACK
6
CONTINUOUS
10
0.5425117716535433
20
0.995
11
0.5225
21
0.995
0
LINE
8
BLACK
6
CONTINUOUS
10
0.5225
20
0.995
11
0.5225
21
1.03
0
LINE
8
BLACK
6
CONTINUOUS
10
0.5225
20
1.03
11
0.5775
21
1.03
0
LINE
8
BLACK
6
CONTINUOUS
10
0.5775
20
1.03
11
0.5775
21
0.995
0
LINE
8
BLACK
6
CONTINUOUS
10
0.6775
20
0.995
11
0.6573686614173229
21
0.995
0
LINE
8
BLACK
6
CONTINUOUS
10
0.6573686614173229
20
0.995
11
0.657410748031496
21
0.9325
0
LINE
8
BLACK
6
CONTINUOUS
10
0.657410748031496
20
0.9325
11
0.6825
21
0.9325
0
LINE
8
BLACK
6
CONTINUOUS
10
0.6825
20
0.9325
11
0.6825
21
0.8674999999999999
0
LINE
8
BLACK
6
CONTINUOUS
10
0.6825
20
0.8674999999999999
11
0.6574545275590551
21
0.8674999999999999
0
LINE
8
BLACK
6
CONTINUOUS
10
0.6574545275590551
20
0.8674999999999999
11
0.6574781102362205
21
0.8325
0
LINE
8
BLACK
6
CONTINUOUS
10
0.6574781102362205
20
0.8325
11
0.6825
21
0.8325
0
LINE
8
BLACK
6
CONTINUOUS
10
0.6825
20
0.8325
11
0.6825
21
0.7779432283464567
0
LINE
8
BLACK
6
CONTINUOUS
10
0.6825
20
0.7779432283464567
11
0.7969033070866142
21
0.6637033070866142
0
LINE
8
BLACK
6
CONTINUOUS
10
0.7969033070866142
20
0.6637033070866142
11
0.7978360236220472
21
0.6625667716535433
0
LINE
8
BLACK
6
CONTINUOUS
10
0.7978360236220472
20
0.6625667716535433
11
0.7989559055118111
21
0.659863188976378
0
LINE
8
BLACK
6
CONTINUOUS
10
0.7989559055118111
20
0.659863188976378
11
0.7990767716535433
21
0.50915
0
LINE
8
BLACK
6
CONTINUOUS
10
0.7990767716535433
20
0.50915
11
0.7998499999999999
21
0.50915
0
LINE
8
BLACK
6
CONTINUOUS
10
0.7998499999999999
20
0.50915
11
0.7998499999999999
21
0.45125
0
LINE
8
BLACK
6
CONTINUOUS
10
0.7998499999999999
20
0.45125
11
0.78335
21
0.45125
0
LINE
8
BLACK
6
CONTINUOUS
10
0.78335
20
0.45125
11
0.78335
21
0.50915
0
LINE
8
BLACK
6
CONTINUOUS
10
0.78335
20
0.50915
11
0.78421968503937
21
0.50915
0
LINE
8
BLACK
6
CONTINUOUS
10
0.78421968503937
20
0.50915
11
0.7841023228346456
21
0.6554900787401574
0
LINE
8
BLACK
6
CONTINUOUS
10
0.7841023228346456
20
0.6554900787401574
11
0.6719322834645669
21
0.7675
0
LINE
8
BLACK
6
CONTINUOUS
10
0.6719322834645669
20
0.7675
11
0.6174999999999999
21
0.7675
0
LINE
8
BLACK
6
CONTINUOUS
10
0.6174999999999999
20
0.7675
11
0.6174999999999999
21
0.8325
0
LINE
8
BLACK
6
CONTINUOUS
10
0.6174999999999999
20
0.8325
11
0.6425958661417323
21
0.8325
0
LINE
8
BLACK
6
CONTINUOUS
10
0.6425958661417323
20
0.8325
11
0.6425461417322834
21
0.8674999999999999
0
LINE
8
BLACK
6
CONTINUOUS
10
0.6425461417322834
20
0.8674999999999999
11
0.6174999999999999
21
0.8674999999999999
0
LINE
8
BLACK
6
CONTINUOUS
10
0.6174999999999999
20
0.8674999999999999
11
0.6174999999999999
21
0.9325
0
LINE
8
BLACK
6
CONTINUOUS
10
0.6174999999999999
20
0.9325
11
0.6425538582677165
21
0.9325
0
LINE
8
BLACK
6
CONTINUOUS
10
0.6425538582677165
20
0.9325
11
0.6425117716535433
21
0.995
0
LINE
8
BLACK
6
CONTINUOUS
10
0.6425117716535433
20
0.995
11
0.6224999999999999
21
0.995
0
LINE
8
BLACK
6
CONTINUOUS
10
0.6224999999999999
20
0.995
11
0.6224999999999999
21
1.03
0
LINE
8
BLACK
6
CONTINUOUS
10
0.6224999999999999
20
1.03
11
0.6775
21
1.03
0
LINE
8
BLACK
6
CONTINUOUS
10
0.6775
20
1.03
11
0.6775
21
0.995
0
LINE
8
BLACK
6
CONTINUOUS
10
0.7775
20
0.995
11
0.7573686614173228
21
0.995
0
LINE
8
BLACK
6
CONTINUOUS
10
0.7573686614173228
20
0.995
11
0.757410748031496
21
0.9325
0
LINE
8
BLACK
6
CONTINUOUS
10
0.757410748031496
20
0.9325
11
0.7825
21
0.9325
0
LINE
8
BLACK
6
CONTINUOUS
10
0.7825
20
0.9325
11
0.7825
21
0.8674999999999999
0
LINE
8
BLACK
6
CONTINUOUS
10
0.7825
20
0.8674999999999999
11
0.7574545275590551
21
0.8674999999999999
0
LINE
8
BLACK
6
CONTINUOUS
10
0.7574545275590551
20
0.8674999999999999
11
0.7574781102362205
21
0.8325
0
LINE
8
BLACK
6
CONTINUOUS
10
0.7574781102362205
20
0.8325
11
0.7825
21
0.8325
0
LINE
8
BLACK
6
CONTINUOUS
10
0.7825
20
0.8325
11
0.7825
21
0.7779872834645669
0
LINE
8
BLACK
6
CONTINUOUS
10
0.7825
20
0.7779872834645669
11
0.8225033070866141
21
0.7381033070866142
0
LINE
8
BLACK
6
CONTINUOUS
10
0.8225033070866141
20
0.7381033070866142
11
0.823436062992126
21
0.7369667716535433
0
LINE
8
BLACK
6
CONTINUOUS
10
0.823436062992126
20
0.7369667716535433
11
0.824555905511811
21
0.734263188976378
0
LINE
8
BLACK
6
CONTINUOUS
10
0.824555905511811
20
0.734263188976378
11
0.8246835826771653
21
0.50915
0
LINE
8
BLACK
6
CONTINUOUS
10
0.8246835826771653
20
0.50915
11
0.82545
21
0.50915
0
LINE
8
BLACK
6
CONTINUOUS
10
0.82545
20
0.50915
11
0.82545
21
0.45125
0
LINE
8
BLACK
6
CONTINUOUS
10
0.82545
20
0.45125
11
0.8089499999999999
21
0.45125
0
LINE
8
BLACK
6
CONTINUOUS
10
0.8089499999999999
20
0.45125
11
0.8089499999999999
21
0.50915
0
LINE
8
BLACK
6
CONTINUOUS
10
0.8089499999999999
20
0.50915
11
0.8098268503937007
21
0.50915
0
LINE
8
BLACK
6
CONTINUOUS
10
0.8098268503937007
20
0.50915
11
0.8097016141732283
21
0.7298855511811023
0
LINE
8
BLACK
6
CONTINUOUS
10
0.8097016141732283
20
0.7298855511811023
11
0.7719747244094488
21
0.7675
0
LINE
8
BLACK
6
CONTINUOUS
10
0.7719747244094488
20
0.7675
11
0.7175
21
0.7675
0
LINE
8
BLACK
6
CONTINUOUS
10
0.7175
20
0.7675
11
0.7175
21
0.8325
0
LINE
8
BLACK
6
CONTINUOUS
10
0.7175
20
0.8325
11
0.7425958661417322
21
0.8325
0
LINE
8
BLACK
6
CONTINUOUS
10
0.7425958661417322
20
0.8325
11
0.7425461417322834
21
0.8674999999999999
0
LINE
8
BLACK
6
CONTINUOUS
10
0.7425461417322834
20
0.8674999999999999
11
0.7175
21
0.8674999999999999
0
LINE
8
BLACK
6
CONTINUOUS
10
0.7175
20
0.8674999999999999
11
0.7175
21
0.9325
0
LINE
8
BLACK
6
CONTINUOUS
10
0.7175
20
0.9325
11
0.7425538582677165
21
0.9325
0
LINE
8
BLACK
6
CONTINUOUS
10
0.7425538582677165
20
0.9325
11
0.7425117716535433
21
0.995
0
LINE
8
BLACK
6
CONTINUOUS
10
0.7425117716535433
20
0.995
11
0.7225
21
0.995
0
LINE
8
BLACK
6
CONTINUOUS
10
0.7225
20
0.995
11
0.7225
21
1.03
0
LINE
8
BLACK
6
CONTINUOUS
10
0.7225
20
1.03
11
0.7775
21
1.03
0
LINE
8
BLACK
6
CONTINUOUS
10
0.7775
20
1.03
11
0.7775
21
0.995
0
LINE
8
BLACK
6
CONTINUOUS
10
0.8774999999999999
20
0.995
11
0.8573686614173228
21
0.995
0
LINE
8
BLACK
6
CONTINUOUS
10
0.8573686614173228
20
0.995
11
0.8574107480314961
21
0.9325
0
LINE
8
BLACK
6
CONTINUOUS
10
0.8574107480314961
20
0.9325
11
0.8825
21
0.9325
0
LINE
8
BLACK
6
CONTINUOUS
10
0.8825
20
0.9325
11
0.8825
21
0.8674999999999999
0
LINE
8
BLACK
6
CONTINUOUS
10
0.8825
20
0.8674999999999999
11
0.857454527559055
21
0.8674999999999999
0
LINE
8
BLACK
6
CONTINUOUS
10
0.857454527559055
20
0.8674999999999999
11
0.8574781102362204
21
0.8325
0
LINE
8
BLACK
6
CONTINUOUS
10
0.8574781102362204
20
0.8325
11
0.8825
21
0.8325
0
LINE
8
BLACK
6
CONTINUOUS
10
0.8825
20
0.8325
11
0.8825
21
0.7675
0
LINE
8
BLACK
6
CONTINUOUS
10
0.8825
20
0.7675
11
0.8501681889763779
21
0.7675
0
LINE
8
BLACK
6
CONTINUOUS
10
0.8501681889763779
20
0.7675
11
0.8502867322834645
21
0.50915
0
LINE
8
BLACK
6
CONTINUOUS
10
0.8502867322834645
20
0.50915
11
0.85105
21
0.50915
0
LINE
8
BLACK
6
CONTINUOUS
10
0.85105
20
0.50915
11
0.85105
21
0.45125
0
LINE
8
BLACK
6
CONTINUOUS
10
0.85105
20
0.45125
11
0.83455
21
0.45125
0
LINE
8
BLACK
6
CONTINUOUS
10
0.83455
20
0.45125
11
0.83455
21
0.50915
0
LINE
8
BLACK
6
CONTINUOUS
10
0.83455
20
0.50915
11
0.8354301574803149
21
0.50915
0
LINE
8
BLACK
6
CONTINUOUS
10
0.8354301574803149
20
0.50915
11
0.8353116141732283
21
0.7675
0
LINE
8
BLACK
6
CONTINUOUS
10
0.8353116141732283
20
0.7675
11
0.8175
21
0.7675
0
LINE
8
BLACK
6
CONTINUOUS
10
0.8175
20
0.7675
11
0.8175
21
0.8325
0
LINE
8
BLACK
6
CONTINUOUS
10
0.8175
20
0.8325
11
0.8425958661417323
21
0.8325
0
LINE
8
BLACK
6
CONTINUOUS
10
0.8425958661417323
20
0.8325
11
0.8425461417322835
21
0.8674999999999999
0
LINE
8
BLACK
6
CONTINUOUS
10
0.8425461417322835
20
0.8674999999999999
11
0.8175
21
0.8674999999999999
0
LINE
8
BLACK
6
CONTINUOUS
10
0.8175
20
0.8674999999999999
11
0.8175
21
0.9325
0
LINE
8
BLACK
6
CONTINUOUS
10
0.8175
20
0.9325
11
0.8425538582677166
21
0.9325
0
LINE
8
BLACK
6
CONTINUOUS
10
0.8425538582677166
20
0.9325
11
0.8425117716535433
21
0.995
0
LINE
8
BLACK
6
CONTINUOUS
10
0.8425117716535433
20
0.995
11
0.8225
21
0.995
0
LINE
8
BLACK
6
CONTINUOUS
10
0.8225
20
0.995
11
0.8225
21
1.03
0
LINE
8
BLACK
6
CONTINUOUS
10
0.8225
20
1.03
11
0.8774999999999999
21
1.03
0
LINE
8
BLACK
6
CONTINUOUS
10
0.8774999999999999
20
1.03
11
0.8774999999999999
21
0.995
0
LINE
8
BLACK
6
CONTINUOUS
10
0.9774999999999999
20
0.995
11
0.9573686614173228
21
0.995
0
LINE
8
BLACK
6
CONTINUOUS
10
0.9573686614173228
20
0.995
11
0.9574107480314961
21
0.9325
0
LINE
8
BLACK
6
CONTINUOUS
10
0.9574107480314961
20
0.9325
11
0.9824999999999999
21
0.9325
0
LINE
8
BLACK
6
CONTINUOUS
10
0.9824999999999999
20
0.9325
11
0.9824999999999999
21
0.8674999999999999
0
LINE
8
BLACK
6
CONTINUOUS
10
0.9824999999999999
20
0.8674999999999999
11
0.9574545275590551
21
0.8674999999999999
0
LINE
8
BLACK
6
CONTINUOUS
10
0.9574545275590551
20
0.8674999999999999
11
0.9574781102362204
21
0.8325
0
LINE
8
BLACK
6
CONTINUOUS
10
0.9574781102362204
20
0.8325
11
0.9824999999999999
21
0.8325
0
LINE
8
BLACK
6
CONTINUOUS
10
0.9824999999999999
20
0.8325
11
0.9824999999999999
21
0.7675
0
LINE
8
BLACK
6
CONTINUOUS
10
0.9824999999999999
20
0.7675
11
0.9279726377952756
21
0.7675
0
LINE
8
BLACK
6
CONTINUOUS
10
0.9279726377952756
20
0.7675
11
0.8757587007874016
21
0.7151571653543307
0
LINE
8
BLACK
6
CONTINUOUS
10
0.8757587007874016
20
0.7151571653543307
11
0.8758825984251968
21
0.50915
0
LINE
8
BLACK
6
CONTINUOUS
10
0.8758825984251968
20
0.50915
11
0.8766499999999999
21
0.50915
0
LINE
8
BLACK
6
CONTINUOUS
10
0.8766499999999999
20
0.50915
11
0.8766499999999999
21
0.45125
0
LINE
8
BLACK
6
CONTINUOUS
10
0.8766499999999999
20
0.45125
11
0.86015
21
0.45125
0
LINE
8
BLACK
6
CONTINUOUS
10
0.86015
20
0.45125
11
0.86015
21
0.50915
0
LINE
8
BLACK
6
CONTINUOUS
10
0.86015
20
0.50915
11
0.8610258267716535
21
0.50915
0
LINE
8
BLACK
6
CONTINUOUS
10
0.8610258267716535
20
0.50915
11
0.8609
21
0.7184
0
LINE
8
BLACK
6
CONTINUOUS
10
0.8609
20
0.7184
11
0.861044094488189
21
0.7198631889763779
0
LINE
8
BLACK
6
CONTINUOUS
10
0.861044094488189
20
0.7198631889763779
11
0.8621639763779527
21
0.7225667716535433
0
LINE
8
BLACK
6
CONTINUOUS
10
0.8621639763779527
20
0.7225667716535433
11
0.9175
21
0.7780394488188976
0
LINE
8
BLACK
6
CONTINUOUS
10
0.9175
20
0.7780394488188976
11
0.9175
21
0.8325
0
LINE
8
BLACK
6
CONTINUOUS
10
0.9175
20
0.8325
11
0.9425958661417323
21
0.8325
0
LINE
8
BLACK
6
CONTINUOUS
10
0.9425958661417323
20
0.8325
11
0.9425461417322835
21
0.8674999999999999
0
LINE
8
BLACK
6
CONTINUOUS
10
0.9425461417322835
20
0.8674999999999999
11
0.9175
21
0.8674999999999999
0
LINE
8
BLACK
6
CONTINUOUS
10
0.9175
20
0.8674999999999999
11
0.9175
21
0.9325
0
LINE
8
BLACK
6
CONTINUOUS
10
0.9175
20
0.9325
11
0.9425538582677165
21
0.9325
0
LINE
8
BLACK
6
CONTINUOUS
10
0.9425538582677165
20
0.9325
11
0.9425117716535433
21
0.995
0
LINE
8
BLACK
6
CONTINUOUS
10
0.9425117716535433
20
0.995
11
0.9225
21
0.995
0
LINE
8
BLACK
6
CONTINUOUS
10
0.9225
20
0.995
11
0.9225
21
1.03
0
LINE
8
BLACK
6
CONTINUOUS
10
0.9225
20
1.03
11
0.9774999999999999
21
1.03
0
LINE
8
BLACK
6
CONTINUOUS
10
0.9774999999999999
20
1.03
11
0.9774999999999999
21
0.995
0
LINE
8
BLACK
6
CONTINUOUS
10
1.0774999999999999
20
0.995
11
1.0573686614173228
21
0.995
0
LINE
8
BLACK
6
CONTINUOUS
10
1.0573686614173228
20
0.995
11
1.057410748031496
21
0.9325
0
LINE
8
BLACK
6
CONTINUOUS
10
1.057410748031496
20
0.9325
11
1.0825
21
0.9325
0
LINE
8
BLACK
6
CONTINUOUS
10
1.0825
20
0.9325
11
1.0825
21
0.8674999999999999
0
LINE
8
BLACK
6
CONTINUOUS
10
1.0825
20
0.8674999999999999
11
1.057454527559055
21
0.8674999999999999
0
LINE
8
BLACK
6
CONTINUOUS
10
1.057454527559055
20
0.8674999999999999
11
1.0574781102362205
21
0.8325
0
LINE
8
BLACK
6
CONTINUOUS
10
1.0574781102362205
20
0.8325
11
1.0825
21
0.8325
0
LINE
8
BLACK
6
CONTINUOUS
10
1.0825
20
0.8325
11
1.0825
21
0.7675
0
LINE
8
BLACK
6
CONTINUOUS
10
1.0825
20
0.7675
11
1.0279395669291338
21
0.7675
0
LINE
8
BLACK
6
CONTINUOUS
10
1.0279395669291338
20
0.7675
11
0.9013599999999999
21
0.640756062992126
0
LINE
8
BLACK
6
CONTINUOUS
10
0.9013599999999999
20
0.640756062992126
11
0.9014747637795275
21
0.50915
0
LINE
8
BLACK
6
CONTINUOUS
10
0.9014747637795275
20
0.50915
11
0.90225
21
0.50915
0
LINE
8
BLACK
6
CONTINUOUS
10
0.90225
20
0.50915
11
0.90225
21
0.45125
0
LINE
8
BLACK
6
CONTINUOUS
10
0.90225
20
0.45125
11
0.8857499999999999
21
0.45125
0
LINE
8
BLACK
6
CONTINUOUS
10
0.8857499999999999
20
0.45125
11
0.8857499999999999
21
0.50915
0
LINE
8
BLACK
6
CONTINUOUS
10
0.8857499999999999
20
0.50915
11
0.8866175590551181
21
0.50915
0
LINE
8
BLACK
6
CONTINUOUS
10
0.8866175590551181
20
0.50915
11
0.8865
21
0.644
0
LINE
8
BLACK
6
CONTINUOUS
10
0.8865
20
0.644
11
0.8866440944881889
21
0.6454631889763779
0
LINE
8
BLACK
6
CONTINUOUS
10
0.8866440944881889
20
0.6454631889763779
11
0.8877639763779528
21
0.6481667716535433
0
LINE
8
BLACK
6
CONTINUOUS
10
0.8877639763779528
20
0.6481667716535433
11
1.0175000000000001
21
0.7780712598425197
0
LINE
8
BLACK
6
CONTINUOUS
10
1.0175000000000001
20
0.7780712598425197
11
1.0175000000000001
21
0.8325
0
LINE
8
BLACK
6
CONTINUOUS
10
1.0175000000000001
20
0.8325
11
1.0425958661417323
21
0.8325
0
LINE
8
BLACK
6
CONTINUOUS
10
1.0425958661417323
20
0.8325
11
1.0425461417322834
21
0.8674999999999999
0
LINE
8
BLACK
6
CONTINUOUS
10
1.0425461417322834
20
0.8674999999999999
11
1.0175000000000001
21
0.8674999999999999
0
LINE
8
BLACK
6
CONTINUOUS
10
1.0175000000000001
20
0.8674999999999999
11
1.0175000000000001
21
0.9325
0
LINE
8
BLACK
6
CONTINUOUS
10
1.0175000000000001
20
0.9325
11
1.0425538582677165
21
0.9325
0
LINE
8
BLACK
6
CONTINUOUS
10
1.0425538582677165
20
0.9325
11
1.0425117716535433
21
0.995
0
LINE
8
BLACK
6
CONTINUOUS
10
1.0425117716535433
20
0.995
11
1.0225
21
0.995
0
LINE
8
BLACK
6
CONTINUOUS
10
1.0225
20
0.995
11
1.0225
21
1.03
0
LINE
8
BLACK
6
CONTINUOUS
10
1.0225
20
1.03
11
1.0774999999999999
21
1.03
0
LINE
8
BLACK
6
CONTINUOUS
10
1.0774999999999999
20
1.03
11
1.0774999999999999
21
0.995
0
LINE
8
BLACK
6
CONTINUOUS
10
1.1775
20
0.995
11
1.1573686614173229
21
0.995
0
LINE
8
BLACK
6
CONTINUOUS
10
1.1573686614173229
20
0.995
11
1.1574107480314961
21
0.9325
0
LINE
8
BLACK
6
CONTINUOUS
10
1.1574107480314961
20
0.9325
11
1.1824999999999999
21
0.9325
0
LINE
8
BLACK
6
CONTINUOUS
10
1.1824999999999999
20
0.9325
11
1.1824999999999999
21
0.8674999999999999
0
LINE
8
BLACK
6
CONTINUOUS
10
1.1824999999999999
20
0.8674999999999999
11
1.1574545275590551
21
0.8674999999999999
0
LINE
8
BLACK
6
CONTINUOUS
10
1.1574545275590551
20
0.8674999999999999
11
1.1574781102362204
21
0.8325
0
LINE
8
BLACK
6
CONTINUOUS
10
1.1574781102362204
20
0.8325
11
1.1824999999999999
21
0.8325
0
LINE
8
BLACK
6
CONTINUOUS
10
1.1824999999999999
20
0.8325
11
1.1824999999999999
21
0.7675
0
LINE
8
BLACK
6
CONTINUOUS
10
1.1824999999999999
20
0.7675
11
1.1279277559055119
21
0.7675
0
LINE
8
BLACK
6
CONTINUOUS
10
1.1279277559055119
20
0.7675
11
0.9269633464566929
21
0.5663585433070866
0
LINE
8
BLACK
6
CONTINUOUS
10
0.9269633464566929
20
0.5663585433070866
11
0.927054094488189
21
0.50915
0
LINE
8
BLACK
6
CONTINUOUS
10
0.927054094488189
20
0.50915
11
0.92785
21
0.50915
0
LINE
8
BLACK
6
CONTINUOUS
10
0.92785
20
0.50915
11
0.92785
21
0.45125
0
LINE
8
BLACK
6
CONTINUOUS
10
0.92785
20
0.45125
11
0.91135
21
0.45125
0
LINE
8
BLACK
6
CONTINUOUS
10
0.91135
20
0.45125
11
0.91135
21
0.50915
0
LINE
8
BLACK
6
CONTINUOUS
10
0.91135
20
0.50915
11
0.9121958661417323
21
0.50915
0
LINE
8
BLACK
6
CONTINUOUS
10
0.9121958661417323
20
0.50915
11
0.9121
21
0.5696
0
LINE
8
BLACK
6
CONTINUOUS
10
0.9121
20
0.5696
11
0.912244094488189
21
0.571063188976378
0
LINE
8
BLACK
6
CONTINUOUS
10
0.912244094488189
20
0.571063188976378
11
0.9133639763779527
21
0.5737667716535433
0
LINE
8
BLACK
6
CONTINUOUS
10
0.9133639763779527
20
0.5737667716535433
11
1.1174999999999999
21
0.7780826377952755
0
LINE
8
BLACK
6
CONTINUOUS
10
1.1174999999999999
20
0.7780826377952755
11
1.1174999999999999
21
0.8325
0
LINE
8
BLACK
6
CONTINUOUS
10
1.1174999999999999
20
0.8325
11
1.1425958661417324
21
0.8325
0
LINE
8
BLACK
6
CONTINUOUS
10
1.1425958661417324
20
0.8325
11
1.1425461417322835
21
0.8674999999999999
0
LINE
8
BLACK
6
CONTINUOUS
10
1.1425461417322835
20
0.8674999999999999
11
1.1174999999999999
21
0.8674999999999999
0
LINE
8
BLACK
6
CONTINUOUS
10
1.1174999999999999
20
0.8674999999999999
11
1.1174999999999999
21
0.9325
0
LINE
8
BLACK
6
CONTINUOUS
10
1.1174999999999999
20
0.9325
11
1.1425538582677166
21
0.9325
0
LINE
8
BLACK
6
CONTINUOUS
10
1.1425538582677166
20
0.9325
11
1.1425117716535433
21
0.995
0
LINE
8
BLACK
6
CONTINUOUS
10
1.1425117716535433
20
0.995
11
1.1225000000000001
21
0.995
0
LINE
8
BLACK
6
CONTINUOUS
10
1.1225000000000001
20
0.995
11
1.1225000000000001
21
1.03
0
LINE
8
BLACK
6
CONTINUOUS
10
1.1225000000000001
20
1.03
11
1.1775
21
1.03
0
LINE
8
BLACK
6
CONTINUOUS
10
1.1775
20
1.03
11
1.1775
21
0.995
0
LINE
8
BLACK
6
CONTINUOUS
10
0.4775
20
1.0948970078740157
11
0.5225
21
1.0949609448818898
0
LINE
8
BLACK
6
CONTINUOUS
10
0.5225
20
1.0949609448818898
11
0.5225
21
1.105
0
LINE
8
BLACK
6
CONTINUOUS
10
0.5225
20
1.105
11
0.5775
21
1.105
0
LINE
8
BLACK
6
CONTINUOUS
10
0.5775
20
1.105
11
0.5775
21
1.0948970078740157
0
LINE
8
BLACK
6
CONTINUOUS
10
0.5775
20
1.0948970078740157
11
0.6224999999999999
21
1.0949609448818898
0
LINE
8
BLACK
6
CONTINUOUS
10
0.6224999999999999
20
1.0949609448818898
11
0.6224999999999999
21
1.105
0
LINE
8
BLACK
6
CONTINUOUS
10
0.6224999999999999
20
1.105
11
0.6775
21
1.105
0
LINE
8
BLACK
6
CONTINUOUS
10
0.6775
20
1.105
11
0.6775
21
1.0948970078740157
0
LINE
8
BLACK
6
CONTINUOUS
10
0.6775
20
1.0948970078740157
11
0.7225
21
1.0949609448818898
0
LINE
8
BLACK
6
CONTINUOUS
10
0.7225
20
1.0949609448818898
11
0.7225
21
1.105
0
LINE
8
BLACK
6
CONTINUOUS
10
0.7225
20
1.105
11
0.7775
21
1.105
0
LINE
8
BLACK
6
CONTINUOUS
10
0.7775
20
1.105
11
0.7775
21
1.0948970078740157
0
LINE
8
BLACK
6
CONTINUOUS
10
0.7775
20
1.0948970078740157
11
0.8225
21
1.0949609448818898
0
LINE
8
BLACK
6
CONTINUOUS
10
0.8225
20
1.0949609448818898
11
0.8225
21
1.105
0
LINE
8
BLACK
6
CONTINUOUS
10
0.8225
20
1.105
11
0.8774999999999999
21
1.105
0
LINE
8
BLACK
6
CONTINUOUS
10
0.8774999999999999
20
1.105
11
0.8774999999999999
21
1.0948970078740157
0
LINE
8
BLACK
6
CONTINUOUS
10
0.8774999999999999
20
1.0948970078740157
11
0.9225
21
1.0949609448818898
0
LINE
8
BLACK
6
CONTINUOUS
10
0.9225
20
1.0949609448818898
11
0.9225
21
1.105
0
LINE
8
BLACK
6
CONTINUOUS
10
0.9225
20
1.105
11
0.9774999999999999
21
1.105
0
LINE
8
BLACK
6
CONTINUOUS
10
0.9774999999999999
20
1.105
11
0.9774999999999999
21
1.0948970078740157
0
LINE
8
BLACK
6
CONTINUOUS
10
0.9774999999999999
20
1.0948970078740157
11
1.0225
21
1.0949609448818898
0
LINE
8
BLACK
6
CONTINUOUS
10
1.0225
20
1.0949609448818898
11
1.0225
21
1.105
0
LINE
8
BLACK
6
CONTINUOUS
10
1.0225
20
1.105
11
1.0774999999999999
21
1.105
0
LINE
8
BLACK
6
CONTINUOUS
10
1.0774999999999999
20
1.105
11
1.0774999999999999
21
1.0948970078740157
0
LINE
8
BLACK
6
CONTINUOUS
10
1.0774999999999999
20
1.0948970078740157
11
1.1225000000000001
21
1.0949609448818898
0
LINE
8
BLACK
6
CONTINUOUS
10
1.1225000000000001
20
1.0949609448818898
11
1.1225000000000001
21
1.105
0
LINE
8
BLACK
6
CONTINUOUS
10
1.1225000000000001
20
1.105
11
1.1775
21
1.105
0
LINE
8
BLACK
6
CONTINUOUS
10
1.1775
20
1.105
11
1.1775
21
1.0700000000000001
0
LINE
8
BLACK
6
CONTINUOUS
10
1.1775
20
1.0700000000000001
11
1.1225000000000001
21
1.0700000000000001
0
LINE
8
BLACK
6
CONTINUOUS
10
1.1225000000000001
20
1.0700000000000001
11
1.1225000000000001
21
1.0801029527559054
0
LINE
8
BLACK
6
CONTINUOUS
10
1.1225000000000001
20
1.0801029527559054
11
1.0774999999999999
21
1.0800390157480315
0
LINE
8
BLACK
6
CONTINUOUS
10
1.0774999999999999
20
1.0800390157480315
11
1.0774999999999999
21
1.0700000000000001
0
LINE
8
BLACK
6
CONTINUOUS
10
1.0774999999999999
20
1.0700000000000001
11
1.0225
21
1.0700000000000001
0
LINE
8
BLACK
6
CONTINUOUS
10
1.0225
20
1.0700000000000001
11
1.0225
21
1.0801029527559054
0
LINE
8
BLACK
6
CONTINUOUS
10
1.0225
20
1.0801029527559054
11
0.9774999999999999
21
1.0800390157480315
0
LINE
8
BLACK
6
CONTINUOUS
10
0.9774999999999999
20
1.0800390157480315
11
0.9774999999999999
21
1.0700000000000001
0
LINE
8
BLACK
6
CONTINUOUS
10
0.9774999999999999
20
1.0700000000000001
11
0.9225
21
1.0700000000000001
0
LINE
8
BLACK
6
CONTINUOUS
10
0.9225
20
1.0700000000000001
11
0.9225
21
1.0801029527559054
0
LINE
8
BLACK
6
CONTINUOUS
10
0.9225
20
1.0801029527559054
11
0.8774999999999999
21
1.0800390157480315
0
LINE
8
BLACK
6
CONTINUOUS
10
0.8774999999999999
20
1.0800390157480315
11
0.8774999999999999
21
1.0700000000000001
0
LINE
8
BLACK
6
CONTINUOUS
10
0.8774999999999999
20
1.0700000000000001
11
0.8225
21
1.0700000000000001
0
LINE
8
BLACK
6
CONTINUOUS
10
0.8225
20
1.0700000000000001
11
0.8225
21
1.0801029527559054
0
LINE
8
BLACK
6
CONTINUOUS
10
0.8225
20
1.0801029527559054
11
0.7775
21
1.0800390157480315
0
LINE
8
BLACK
6
CONTINUOUS
10
0.7775
20
1.0800390157480315
11
0.7775
21
1.0700000000000001
0
LINE
8
BLACK
6
CONTINUOUS
10
0.7775
20
1.0700000000000001
11
0.7225
21
1.0700000000000001
0
LINE
8
BLACK
6
CONTINUOUS
10
0.7225
20
1.0700000000000001
11
0.7225
21
1.0801029527559054
0
LINE
8
BLACK
6
CONTINUOUS
10
0.7225
20
1.0801029527559054
11
0.6775
21
1.0800390157480315
0
LINE
8
BLACK
6
CONTINUOUS
10
0.6775
20
1.0800390157480315
11
0.6775
21
1.0700000000000001
0
LINE
8
BLACK
6
CONTINUOUS
10
0.6775
20
1.0700000000000001
11
0.6224999999999999
21
1.0700000000000001
0
LINE
8
BLACK
6
CONTINUOUS
10
0.6224999999999999
20
1.0700000000000001
11
0.6224999999999999
21
1.0801029527559054
0
LINE
8
BLACK
6
CONTINUOUS
10
0.6224999999999999
20
1.0801029527559054
11
0.5775
21
1.0800390157480315
0
LINE
8
BLACK
6
CONTINUOUS
10
0.5775
20
1.0800390157480315
11
0.5775
21
1.0700000000000001
0
LINE
8
BLACK
6
CONTINUOUS
10
0.5775
20
1.0700000000000001
11
0.5225
21
1.0700000000000001
0
LINE
8
BLACK
6
CONTINUOUS
10
0.5225
20
1.0700000000000001
11
0.5225
21
1.0801029527559054
0
LINE
8
BLACK
6
CONTINUOUS
10
0.5225
20
1.0801029527559054
11
0.4775
21
1.0800390157480315
0
LINE
8
BLACK
6
CONTINUOUS
10
0.4775
20
1.0800390157480315
11
0.4775
21
1.0700000000000001
0
LINE
8
BLACK
6
CONTINUOUS
10
0.4775
20
1.0700000000000001
11
0.4225
21
1.0700000000000001
0
LINE
8
BLACK
6
CONTINUOUS
10
0.4225
20
1.0700000000000001
11
0.4225
21
1.0701266929133859
0
LINE
8
BLACK
6
CONTINUOUS
10
0.4225
20
1.0701266929133859
11
0.394291968503937
21
1.0700425984251969
0
LINE
8
BLACK
6
CONTINUOUS
10
0.394291968503937
20
1.0700425984251969
11
0.3914600787401575
21
1.0667743700787402
0
LINE
8
BLACK
6
CONTINUOUS
10
0.3914600787401575
20
1.0667743700787402
11
0.3872697637795275
21
1.0640814566929133
0
LINE
8
BLACK
6
CONTINUOUS
10
0.3872697637795275
20
1.0640814566929133
11
0.3824905118110236
21
1.0626781102362204
0
LINE
8
BLACK
6
CONTINUOUS
10
0.3824905118110236
20
1.0626781102362204
11
0.3775094881889764
21
1.0626781102362204
0
LINE
8
BLACK
6
CONTINUOUS
10
0.3775094881889764
20
1.0626781102362204
11
0.3727302362204724
21
1.0640814566929133
0
LINE
8
BLACK
6
CONTINUOUS
10
0.3727302362204724
20
1.0640814566929133
11
0.3685399212598425
21
1.0667743700787402
0
LINE
8
BLACK
6
CONTINUOUS
10
0.3685399212598425
20
1.0667743700787402
11
0.3652780708661417
21
1.0705387795275589
0
LINE
8
BLACK
6
CONTINUOUS
10
0.3652780708661417
20
1.0705387795275589
11
0.3632088582677165
21
1.0750696850393699
0
LINE
8
BLACK
6
CONTINUOUS
10
0.3632088582677165
20
1.0750696850393699
11
0.3625
21
1.0800000000000001
0
LINE
8
BLACK
6
CONTINUOUS
10
0.3625
20
1.0800000000000001
11
0.3632088582677165
21
1.08493031496063
0
LINE
8
BLACK
6
CONTINUOUS
10
0.3632088582677165
20
1.08493031496063
11
0.3652780708661417
21
1.089461220472441
0
LINE
8
BLACK
6
CONTINUOUS
10
0.3652780708661417
20
1.089461220472441
11
0.3685399212598425
21
1.0932256299212597
0
LINE
8
BLACK
6
CONTINUOUS
10
0.3685399212598425
20
1.0932256299212597
11
0.3727302362204724
21
1.0959185433070866
0
LINE
8
BLACK
6
CONTINUOUS
10
0.3727302362204724
20
1.0959185433070866
11
0.3775094881889764
21
1.0973218897637795
0
LINE
8
BLACK
6
CONTINUOUS
10
0.3775094881889764
20
1.0973218897637795
11
0.3824905118110236
21
1.0973218897637795
0
LINE
8
BLACK
6
CONTINUOUS
10
0.3824905118110236
20
1.0973218897637795
11
0.3872697637795275
21
1.0959185433070866
0
LINE
8
BLACK
6
CONTINUOUS
10
0.3872697637795275
20
1.0959185433070866
11
0.3914600787401575
21
1.0932256299212597
0
LINE
8
BLACK
6
CONTINUOUS
10
0.3914600787401575
20
1.0932256299212597
11
0.3943793700787401
21
1.0898564960629922
0
LINE
8
BLACK
6
CONTINUOUS
10
0.3943793700787401
20
1.0898564960629922
11
0.4225
21
1.0899403543307087
0
LINE
8
BLACK
6
CONTINUOUS
10
0.4225
20
1.0899403543307087
11
0.4225
21
1.105
0
LINE
8
BLACK
6
CONTINUOUS
10
0.4225
20
1.105
11
0.4775
21
1.105
0
LINE
8
BLACK
6
CONTINUOUS
10
0.4775
20
1.105
11
0.4775
21
1.0948970078740157
0
LINE
8
BLACK
6
CONTINUOUS
10
1.5856543700787402
20
1.1871455905511812
11
1.5874848031496063
21
1.1850331496062991
0
LINE
8
BLACK
6
CONTINUOUS
10
1.5874848031496063
20
1.1850331496062991
11
1.5879330708661417
21
1.1829724409448819
0
LINE
8
BLACK
6
CONTINUOUS
10
1.5879330708661417
20
1.1829724409448819
11
1.5879330708661417
21
-0.3829724409448819
0
LINE
8
BLACK
6
CONTINUOUS
10
1.5879330708661417
20
-0.3829724409448819
11
1.5871455905511811
21
-0.3856543700787401
0
LINE
8
BLACK
6
CONTINUOUS
10
1.5871455905511811
20
-0.3856543700787401
11
1.5850331496062993
21
-0.3874848031496063
0
LINE
8
BLACK
6
CONTINUOUS
10
1.5850331496062993
20
-0.3874848031496063
11
1.5829724409448818
21
-0.3879330708661417
0
LINE
8
BLACK
6
CONTINUOUS
10
1.5829724409448818
20
-0.3879330708661417
11
0.0170275590551181
21
-0.3879330708661417
0
LINE
8
BLACK
6
CONTINUOUS
10
0.0170275590551181
20
-0.3879330708661417
11
0.0143456299212598
21
-0.3871455905511811
0
LINE
8
BLACK
6
CONTINUOUS
10
0.0143456299212598
20
-0.3871455905511811
11
0.0125151968503937
21
-0.3850331496062992
0
LINE
8
BLACK
6
CONTINUOUS
10
0.0125151968503937
20
-0.3850331496062992
11
0.0120669291338583
21
-0.3829724409448819
0
LINE
8
BLACK
6
CONTINUOUS
10
0.0120669291338583
20
-0.3829724409448819
11
0.0120669291338583
21
0.73441531496063
0
LINE
8
BLACK
6
CONTINUOUS
10
0.0120669291338583
20
0.73441531496063
11
0.0120669291338583
21
1.1829724409448819
0
LINE
8
BLACK
6
CONTINUOUS
10
0.0120669291338583
20
1.1829724409448819
11
0.0128544094488189
21
1.1856543700787401
0
LINE
8
BLACK
6
CONTINUOUS
10
0.0128544094488189
20
1.1856543700787401
11
0.0149668503937008
21
1.1874848031496064
0
LINE
8
BLACK
6
CONTINUOUS
10
0.0149668503937008
20
1.1874848031496064
11
0.0170275590551181
21
1.1879330708661417
0
LINE
8
BLACK
6
CONTINUOUS
10
0.0170275590551181
20
1.1879330708661417
11
1.5829724409448818
21
1.1879330708661417
0
LINE
8
BLACK
6
CONTINUOUS
10
1.5829724409448818
20
1.1879330708661417
11
1.5856543700787402
21
1.1871455905511812
0
LINE
8
BLACK
6
CONTINUOUS
10
0.0974803149606299
20
0.6655846456692913
11
0.0977365748031496
21
0.663200905511811
0
LINE
8
BLACK
6
CONTINUOUS
10
0.0977365748031496
20
0.663200905511811
11
0.0977366535433071
21
0.6632005905511811
0
LINE
8
BLACK
6
CONTINUOUS
10
0.0977366535433071
20
0.6632005905511811
11
0.0997484251968504
21
0.6578069685039369
0
LINE
8
BLACK
6
CONTINUOUS
10
0.0997484251968504
20
0.6578069685039369
11
0.0997485039370079
21
0.6578067716535433
0
LINE
8
BLACK
6
CONTINUOUS
10
0.0997485039370079
20
0.6578067716535433
11
0.1033672440944882
21
0.6529727952755905
0
LINE
8
BLACK
6
CONTINUOUS
10
0.1033672440944882
20
0.6529727952755905
11
0.1043440551181102
21
0.6503538976377953
0
LINE
8
BLACK
6
CONTINUOUS
10
0.1043440551181102
20
0.6503538976377953
11
0.1037499212598425
21
0.6476226377952756
0
LINE
8
BLACK
6
CONTINUOUS
10
0.1037499212598425
20
0.6476226377952756
11
0.1033672440944882
21
0.6470272047244094
0
LINE
8
BLACK
6
CONTINUOUS
10
0.1033672440944882
20
0.6470272047244094
11
0.0997485039370079
21
0.6421931889763779
0
LINE
8
BLACK
6
CONTINUOUS
10
0.0997485039370079
20
0.6421931889763779
11
0.0997484251968504
21
0.6421929921259842
0
LINE
8
BLACK
6
CONTINUOUS
10
0.0997484251968504
20
0.6421929921259842
11
0.0977366535433071
21
0.6367993700787401
0
LINE
8
BLACK
6
CONTINUOUS
10
0.0977366535433071
20
0.6367993700787401
11
0.0977365748031496
21
0.6367990551181102
0
LINE
8
BLACK
6
CONTINUOUS
10
0.0977365748031496
20
0.6367990551181102
11
0.0974803149606299
21
0.6344153149606299
0
LINE
8
BLACK
6
CONTINUOUS
10
0.0974803149606299
20
0.6344153149606299
11
0.0974803149606299
21
0.5655846456692913
0
LINE
8
BLACK
6
CONTINUOUS
10
0.0974803149606299
20
0.5655846456692913
11
0.0977365748031496
21
0.563200905511811
0
LINE
8
BLACK
6
CONTINUOUS
10
0.0977365748031496
20
0.563200905511811
11
0.0977366535433071
21
0.5632005905511811
0
LINE
8
BLACK
6
CONTINUOUS
10
0.0977366535433071
20
0.5632005905511811
11
0.0997484251968504
21
0.557806968503937
0
LINE
8
BLACK
6
CONTINUOUS
10
0.0997484251968504
20
0.557806968503937
11
0.0997485039370079
21
0.5578067716535433
0
LINE
8
BLACK
6
CONTINUOUS
10
0.0997485039370079
20
0.5578067716535433
11
0.1031983464566929
21
0.5531983464566929
0
LINE
8
BLACK
6
CONTINUOUS
10
0.1031983464566929
20
0.5531983464566929
11
0.1078067716535433
21
0.5497485039370079
0
LINE
8
BLACK
6
CONTINUOUS
10
0.1078067716535433
20
0.5497485039370079
11
0.107806968503937
21
0.5497484251968504
0
LINE
8
BLACK
6
CONTINUOUS
10
0.107806968503937
20
0.5497484251968504
11
0.1132005905511811
21
0.547736653543307
0
LINE
8
BLACK
6
CONTINUOUS
10
0.1132005905511811
20
0.547736653543307
11
0.113200905511811
21
0.5477365748031496
0
LINE
8
BLACK
6
CONTINUOUS
10
0.113200905511811
20
0.5477365748031496
11
0.1155846456692913
21
0.5474803149606299
0
LINE
8
BLACK
6
CONTINUOUS
10
0.1155846456692913
20
0.5474803149606299
11
0.1155851181102362
21
0.5474803149606299
0
LINE
8
BLACK
6
CONTINUOUS
10
0.1155851181102362
20
0.5474803149606299
11
0.1844153149606299
21
0.5474803149606299
0
LINE
8
BLACK
6
CONTINUOUS
10
0.1844153149606299
20
0.5474803149606299
11
0.1867990551181102
21
0.5477365748031496
0
LINE
8
BLACK
6
CONTINUOUS
10
0.1867990551181102
20
0.5477365748031496
11
0.1867993700787401
21
0.547736653543307
0
LINE
8
BLACK
6
CONTINUOUS
10
0.1867993700787401
20
0.547736653543307
11
0.1921929921259843
21
0.5497484251968504
0
LINE
8
BLACK
6
CONTINUOUS
10
0.1921929921259843
20
0.5497484251968504
11
0.1921931889763779
21
0.5497485039370079
0
LINE
8
BLACK
6
CONTINUOUS
10
0.1921931889763779
20
0.5497485039370079
11
0.1970272047244094
21
0.5533672440944882
0
LINE
8
BLACK
6
CONTINUOUS
10
0.1970272047244094
20
0.5533672440944882
11
0.1996461023622047
21
0.5543440551181102
0
LINE
8
BLACK
6
CONTINUOUS
10
0.1996461023622047
20
0.5543440551181102
11
0.2023773622047244
21
0.5537499212598425
0
LINE
8
BLACK
6
CONTINUOUS
10
0.2023773622047244
20
0.5537499212598425
11
0.2029727952755905
21
0.5533672440944882
0
LINE
8
BLACK
6
CONTINUOUS
10
0.2029727952755905
20
0.5533672440944882
11
0.2078067716535433
21
0.5497485039370079
0
LINE
8
BLACK
6
CONTINUOUS
10
0.2078067716535433
20
0.5497485039370079
11
0.207806968503937
21
0.5497484251968504
0
LINE
8
BLACK
6
CONTINUOUS
10
0.207806968503937
20
0.5497484251968504
11
0.2132005905511811
21
0.547736653543307
0
LINE
8
BLACK
6
CONTINUOUS
10
0.2132005905511811
20
0.547736653543307
11
0.213200905511811
21
0.5477365748031496
0
LINE
8
BLACK
6
CONTINUOUS
10
0.213200905511811
20
0.5477365748031496
11
0.2155846456692913
21
0.5474803149606299
0
LINE
8
BLACK
6
CONTINUOUS
10
0.2155846456692913
20
0.5474803149606299
11
0.2155851181102362
21
0.5474803149606299
0
LINE
8
BLACK
6
CONTINUOUS
10
0.2155851181102362
20
0.5474803149606299
11
0.2615462598425197
21
0.5474803149606299
0
LINE
8
BLACK
6
CONTINUOUS
10
0.2615462598425197
20
0.5474803149606299
11
0.264228188976378
21
0.5466928346456693
0
LINE
8
BLACK
6
CONTINUOUS
10
0.264228188976378
20
0.5466928346456693
11
0.265053937007874
21
0.5460273622047244
0
LINE
8
BLACK
6
CONTINUOUS
10
0.265053937007874
20
0.5460273622047244
11
0.269957125984252
21
0.5411241338582677
0
LINE
8
BLACK
6
CONTINUOUS
10
0.269957125984252
20
0.5411241338582677
11
0.2699572440944882
21
0.5411240551181102
0
LINE
8
BLACK
6
CONTINUOUS
10
0.2699572440944882
20
0.5411240551181102
11
0.2717036220472441
21
0.5399571653543307
0
LINE
8
BLACK
6
CONTINUOUS
10
0.2717036220472441
20
0.5399571653543307
11
0.2717035826771653
21
0.5399571259842519
0
LINE
8
BLACK
6
CONTINUOUS
10
0.2717035826771653
20
0.5399571259842519
11
0.2744644094488189
21
0.5381124015748031
0
LINE
8
BLACK
6
CONTINUOUS
10
0.2744644094488189
20
0.5381124015748031
11
0.2794725590551181
21
0.5360379527559055
0
LINE
8
BLACK
6
CONTINUOUS
10
0.2794725590551181
20
0.5360379527559055
11
0.2794727559055118
21
0.536037874015748
0
LINE
8
BLACK
6
CONTINUOUS
10
0.2794727559055118
20
0.536037874015748
11
0.2847894094488189
21
0.5349803149606299
0
LINE
8
BLACK
6
CONTINUOUS
10
0.2847894094488189
20
0.5349803149606299
11
0.2847895275590551
21
0.5349803149606299
0
LINE
8
BLACK
6
CONTINUOUS
10
0.2847895275590551
20
0.5349803149606299
11
0.2847895669291339
21
0.5349803149606299
0
LINE
8
BLACK
6
CONTINUOUS
10
0.2847895669291339
20
0.5349803149606299
11
0.397509842519685
21
0.5349803149606299
0
LINE
8
BLACK
6
CONTINUOUS
10
0.397509842519685
20
0.5349803149606299
11
0.4001917716535433
21
0.5341928346456692
0
LINE
8
BLACK
6
CONTINUOUS
10
0.4001917716535433
20
0.5341928346456692
11
0.4014810236220472
21
0.5329924803149606
0
LINE
8
BLACK
6
CONTINUOUS
10
0.4014810236220472
20
0.5329924803149606
11
0.4031983858267716
21
0.5306983464566929
0
LINE
8
BLACK
6
CONTINUOUS
10
0.4031983858267716
20
0.5306983464566929
11
0.4055056299212598
21
0.5289711417322834
0
LINE
8
BLACK
6
CONTINUOUS
10
0.4055056299212598
20
0.5289711417322834
11
0.4071806692913386
21
0.5267335039370079
0
LINE
8
BLACK
6
CONTINUOUS
10
0.4071806692913386
20
0.5267335039370079
11
0.4073800393700787
21
0.5239455118110236
0
LINE
8
BLACK
6
CONTINUOUS
10
0.4073800393700787
20
0.5239455118110236
11
0.4060404724409449
21
0.5214922834645669
0
LINE
8
BLACK
6
CONTINUOUS
10
0.4060404724409449
20
0.5214922834645669
11
0.4055056299212598
21
0.5210288582677165
0
LINE
8
BLACK
6
CONTINUOUS
10
0.4055056299212598
20
0.5210288582677165
11
0.4031983858267716
21
0.5193016141732283
0
LINE
8
BLACK
6
CONTINUOUS
10
0.4031983858267716
20
0.5193016141732283
11
0.3997485039370078
21
0.5146931889763779
0
LINE
8
BLACK
6
CONTINUOUS
10
0.3997485039370078
20
0.5146931889763779
11
0.3997484251968504
21
0.5146929921259843
0
LINE
8
BLACK
6
CONTINUOUS
10
0.3997484251968504
20
0.5146929921259843
11
0.3977366535433071
21
0.5092993700787402
0
LINE
8
BLACK
6
CONTINUOUS
10
0.3977366535433071
20
0.5092993700787402
11
0.3977365748031496
21
0.5092990551181102
0
LINE
8
BLACK
6
CONTINUOUS
10
0.3977365748031496
20
0.5092990551181102
11
0.3974803149606299
21
0.5069153149606299
0
LINE
8
BLACK
6
CONTINUOUS
10
0.3974803149606299
20
0.5069153149606299
11
0.3974803149606299
21
0.4680846456692913
0
LINE
8
BLACK
6
CONTINUOUS
10
0.3974803149606299
20
0.4680846456692913
11
0.3977365748031496
21
0.465700905511811
0
LINE
8
BLACK
6
CONTINUOUS
10
0.3977365748031496
20
0.465700905511811
11
0.3977366535433071
21
0.4657005905511811
0
LINE
8
BLACK
6
CONTINUOUS
10
0.3977366535433071
20
0.4657005905511811
11
0.3997484251968504
21
0.460306968503937
0
LINE
8
BLACK
6
CONTINUOUS
10
0.3997484251968504
20
0.460306968503937
11
0.3997485039370078
21
0.4603067716535433
0
LINE
8
BLACK
6
CONTINUOUS
10
0.3997485039370078
20
0.4603067716535433
11
0.4031983464566929
21
0.4556983464566929
0
LINE
8
BLACK
6
CONTINUOUS
10
0.4031983464566929
20
0.4556983464566929
11
0.4078067716535433
21
0.4522485039370079
0
LINE
8
BLACK
6
CONTINUOUS
10
0.4078067716535433
20
0.4522485039370079
11
0.407806968503937
21
0.4522484251968504
0
LINE
8
BLACK
6
CONTINUOUS
10
0.407806968503937
20
0.4522484251968504
11
0.411428031496063
21
0.4508978346456693
0
LINE
8
BLACK
6
CONTINUOUS
10
0.411428031496063
20
0.4508978346456693
11
0.4136656692913386
21
0.4492227559055118
0
LINE
8
BLACK
6
CONTINUOUS
10
0.4136656692913386
20
0.4492227559055118
11
0.4146424409448819
21
0.4466038582677165
0
LINE
8
BLACK
6
CONTINUOUS
10
0.4146424409448819
20
0.4466038582677165
11
0.4140482677165354
21
0.4438725984251968
0
LINE
8
BLACK
6
CONTINUOUS
10
0.4140482677165354
20
0.4438725984251968
11
0.4120718110236221
21
0.4418961417322835
0
LINE
8
BLACK
6
CONTINUOUS
10
0.4120718110236221
20
0.4418961417322835
11
0.411428031496063
21
0.4416021653543307
0
LINE
8
BLACK
6
CONTINUOUS
10
0.411428031496063
20
0.4416021653543307
11
0.4113067716535433
21
0.4415569291338582
0
LINE
8
BLACK
6
CONTINUOUS
10
0.4113067716535433
20
0.4415569291338582
11
0.4078069291338582
21
0.4402515354330708
0
LINE
8
BLACK
6
CONTINUOUS
10
0.4078069291338582
20
0.4402515354330708
11
0.4078068503937008
21
0.4402514960629921
0
LINE
8
BLACK
6
CONTINUOUS
10
0.4078068503937008
20
0.4402514960629921
11
0.4078067716535433
21
0.4402514566929134
0
LINE
8
BLACK
6
CONTINUOUS
10
0.4078067716535433
20
0.4402514566929134
11
0.4031983464566929
21
0.4368016141732283
0
LINE
8
BLACK
6
CONTINUOUS
10
0.4031983464566929
20
0.4368016141732283
11
0.3997485039370078
21
0.4321931889763779
0
LINE
8
BLACK
6
CONTINUOUS
10
0.3997485039370078
20
0.4321931889763779
11
0.3997484251968504
21
0.4321929921259842
0
LINE
8
BLACK
6
CONTINUOUS
10
0.3997484251968504
20
0.4321929921259842
11
0.3977366535433071
21
0.4267993700787401
0
LINE
8
BLACK
6
CONTINUOUS
10
0.3977366535433071
20
0.4267993700787401
11
0.3977365748031496
21
0.4267990551181102
0
LINE
8
BLACK
6
CONTINUOUS
10
0.3977365748031496
20
0.4267990551181102
11
0.3974803149606299
21
0.4244153149606299
0
LINE
8
BLACK
6
CONTINUOUS
10
0.3974803149606299
20
0.4244153149606299
11
0.3974803149606299
21
0.3749606692913386
0
LINE
8
BLACK
6
CONTINUOUS
10
0.3974803149606299
20
0.3749606692913386
11
0.3966928346456693
21
0.3722787401574803
0
LINE
8
BLACK
6
CONTINUOUS
10
0.3966928346456693
20
0.3722787401574803
11
0.3945803937007874
21
0.3704483070866142
0
LINE
8
BLACK
6
CONTINUOUS
10
0.3945803937007874
20
0.3704483070866142
11
0.3918137007874016
21
0.3700505118110236
0
LINE
8
BLACK
6
CONTINUOUS
10
0.3918137007874016
20
0.3700505118110236
11
0.3895468897637795
21
0.3709894488188976
0
LINE
8
BLACK
6
CONTINUOUS
10
0.3895468897637795
20
0.3709894488188976
11
0.3871930708661417
21
0.3727515354330709
0
LINE
8
BLACK
6
CONTINUOUS
10
0.3871930708661417
20
0.3727515354330709
11
0.3817992519685039
21
0.3747633464566929
0
LINE
8
BLACK
6
CONTINUOUS
10
0.3817992519685039
20
0.3747633464566929
11
0.3817991732283464
21
0.3747633464566929
0
LINE
8
BLACK
6
CONTINUOUS
10
0.3817991732283464
20
0.3747633464566929
11
0.3817990551181102
21
0.3747633858267717
0
LINE
8
BLACK
6
CONTINUOUS
10
0.3817990551181102
20
0.3747633858267717
11
0.3794153149606299
21
0.3750196456692914
0
LINE
8
BLACK
6
CONTINUOUS
10
0.3794153149606299
20
0.3750196456692914
11
0.379415157480315
21
0.3750196456692914
0
LINE
8
BLACK
6
CONTINUOUS
10
0.379415157480315
20
0.3750196456692914
11
0.3794148818897637
21
0.3750196850393701
0
LINE
8
BLACK
6
CONTINUOUS
10
0.3794148818897637
20
0.3750196850393701
11
0.3794146456692913
21
0.3750196850393701
0
LINE
8
BLACK
6
CONTINUOUS
10
0.3794146456692913
20
0.3750196850393701
11
0.3555941338582677
21
0.3750196850393701
0
LINE
8
BLACK
6
CONTINUOUS
10
0.3555941338582677
20
0.3750196850393701
11
0.3529122047244094
21
0.3758071653543307
0
LINE
8
BLACK
6
CONTINUOUS
10
0.3529122047244094
20
0.3758071653543307
11
0.3528381496062992
21
0.3758557086614173
0
LINE
8
BLACK
6
CONTINUOUS
10
0.3528381496062992
20
0.3758557086614173
11
0.3517196456692913
21
0.3766030708661417
0
LINE
8
BLACK
6
CONTINUOUS
10
0.3517196456692913
20
0.3766030708661417
11
0.3462564173228346
21
0.3788660236220472
0
LINE
8
BLACK
6
CONTINUOUS
10
0.3462564173228346
20
0.3788660236220472
11
0.3456192913385827
21
0.3789927559055118
0
LINE
8
BLACK
6
CONTINUOUS
10
0.3456192913385827
20
0.3789927559055118
11
0.3404566929133858
21
0.3800196850393701
0
LINE
8
BLACK
6
CONTINUOUS
10
0.3404566929133858
20
0.3800196850393701
11
0.3404565354330709
21
0.3800196850393701
0
LINE
8
BLACK
6
CONTINUOUS
10
0.3404565354330709
20
0.3800196850393701
11
0.3074481102362205
21
0.3800196850393701
0
LINE
8
BLACK
6
CONTINUOUS
10
0.3074481102362205
20
0.3800196850393701
11
0.3047661811023622
21
0.3808071653543307
0
LINE
8
BLACK
6
CONTINUOUS
10
0.3047661811023622
20
0.3808071653543307
11
0.302935748031496
21
0.3829196062992126
0
LINE
8
BLACK
6
CONTINUOUS
10
0.302935748031496
20
0.3829196062992126
11
0.302515905511811
21
0.3844501181102362
0
LINE
8
BLACK
6
CONTINUOUS
10
0.302515905511811
20
0.3844501181102362
11
0.3022633858267716
21
0.3867990551181102
0
LINE
8
BLACK
6
CONTINUOUS
10
0.3022633858267716
20
0.3867990551181102
11
0.3022633070866141
21
0.3867993700787402
0
LINE
8
BLACK
6
CONTINUOUS
10
0.3022633070866141
20
0.3867993700787402
11
0.3010358267716535
21
0.3900903149606299
0
LINE
8
BLACK
6
CONTINUOUS
10
0.3010358267716535
20
0.3900903149606299
11
0.3002515354330709
21
0.3921930708661417
0
LINE
8
BLACK
6
CONTINUOUS
10
0.3002515354330709
20
0.3921930708661417
11
0.2968016141732283
21
0.3968016141732283
0
LINE
8
BLACK
6
CONTINUOUS
10
0.2968016141732283
20
0.3968016141732283
11
0.2921930708661417
21
0.4002515354330708
0
LINE
8
BLACK
6
CONTINUOUS
10
0.2921930708661417
20
0.4002515354330708
11
0.2867992519685039
21
0.4022633464566929
0
LINE
8
BLACK
6
CONTINUOUS
10
0.2867992519685039
20
0.4022633464566929
11
0.2867991732283465
21
0.4022633464566929
0
LINE
8
BLACK
6
CONTINUOUS
10
0.2867991732283465
20
0.4022633464566929
11
0.2867990551181102
21
0.4022633858267716
0
LINE
8
BLACK
6
CONTINUOUS
10
0.2867990551181102
20
0.4022633858267716
11
0.2844153149606299
21
0.4025196456692913
0
LINE
8
BLACK
6
CONTINUOUS
10
0.2844153149606299
20
0.4025196456692913
11
0.2844151574803149
21
0.4025196456692913
0
LINE
8
BLACK
6
CONTINUOUS
10
0.2844151574803149
20
0.4025196456692913
11
0.2844148818897638
21
0.4025196850393701
0
LINE
8
BLACK
6
CONTINUOUS
10
0.2844148818897638
20
0.4025196850393701
11
0.2155851181102362
21
0.4025196850393701
0
LINE
8
BLACK
6
CONTINUOUS
10
0.2155851181102362
20
0.4025196850393701
11
0.215584842519685
21
0.4025196456692913
0
LINE
8
BLACK
6
CONTINUOUS
10
0.215584842519685
20
0.4025196456692913
11
0.2155846456692913
21
0.4025196456692913
0
LINE
8
BLACK
6
CONTINUOUS
10
0.2155846456692913
20
0.4025196456692913
11
0.213200905511811
21
0.4022633858267716
0
LINE
8
BLACK
6
CONTINUOUS
10
0.213200905511811
20
0.4022633858267716
11
0.2132005905511811
21
0.4022633070866142
0
LINE
8
BLACK
6
CONTINUOUS
10
0.2132005905511811
20
0.4022633070866142
11
0.210132874015748
21
0.4011190551181102
0
LINE
8
BLACK
6
CONTINUOUS
10
0.210132874015748
20
0.4011190551181102
11
0.2078069291338583
21
0.4002515354330708
0
LINE
8
BLACK
6
CONTINUOUS
10
0.2078069291338583
20
0.4002515354330708
11
0.2031983858267717
21
0.3968016141732283
0
LINE
8
BLACK
6
CONTINUOUS
10
0.2031983858267717
20
0.3968016141732283
11
0.2031982677165354
21
0.3968014960629921
0
LINE
8
BLACK
6
CONTINUOUS
10
0.2031982677165354
20
0.3968014960629921
11
0.2029728346456693
21
0.3966327165354331
0
LINE
8
BLACK
6
CONTINUOUS
10
0.2029728346456693
20
0.3966327165354331
11
0.200353937007874
21
0.395655905511811
0
LINE
8
BLACK
6
CONTINUOUS
10
0.200353937007874
20
0.395655905511811
11
0.1976226377952756
21
0.3962500393700787
0
LINE
8
BLACK
6
CONTINUOUS
10
0.1976226377952756
20
0.3962500393700787
11
0.1970271653543307
21
0.3966327165354331
0
LINE
8
BLACK
6
CONTINUOUS
10
0.1970271653543307
20
0.3966327165354331
11
0.1968016929133858
21
0.3968014960629921
0
LINE
8
BLACK
6
CONTINUOUS
10
0.1968016929133858
20
0.3968014960629921
11
0.1968016141732283
21
0.3968016141732283
0
LINE
8
BLACK
6
CONTINUOUS
10
0.1968016141732283
20
0.3968016141732283
11
0.1921930708661417
21
0.4002515354330708
0
LINE
8
BLACK
6
CONTINUOUS
10
0.1921930708661417
20
0.4002515354330708
11
0.1867992519685039
21
0.4022633464566929
0
LINE
8
BLACK
6
CONTINUOUS
10
0.1867992519685039
20
0.4022633464566929
11
0.1867991732283465
21
0.4022633464566929
0
LINE
8
BLACK
6
CONTINUOUS
10
0.1867991732283465
20
0.4022633464566929
11
0.1867990551181102
21
0.4022633858267716
0
LINE
8
BLACK
6
CONTINUOUS
10
0.1867990551181102
20
0.4022633858267716
11
0.1844153149606299
21
0.4025196456692913
0
LINE
8
BLACK
6
CONTINUOUS
10
0.1844153149606299
20
0.4025196456692913
11
0.184415157480315
21
0.4025196456692913
0
LINE
8
BLACK
6
CONTINUOUS
10
0.184415157480315
20
0.4025196456692913
11
0.1844148818897638
21
0.4025196850393701
0
LINE
8
BLACK
6
CONTINUOUS
10
0.1844148818897638
20
0.4025196850393701
11
0.1155851181102362
21
0.4025196850393701
0
LINE
8
BLACK
6
CONTINUOUS
10
0.1155851181102362
20
0.4025196850393701
11
0.115584842519685
21
0.4025196456692913
0
LINE
8
BLACK
6
CONTINUOUS
10
0.115584842519685
20
0.4025196456692913
11
0.1155846456692913
21
0.4025196456692913
0
LINE
8
BLACK
6
CONTINUOUS
10
0.1155846456692913
20
0.4025196456692913
11
0.113200905511811
21
0.4022633858267716
0
LINE
8
BLACK
6
CONTINUOUS
10
0.113200905511811
20
0.4022633858267716
11
0.1132005905511811
21
0.4022633070866142
0
LINE
8
BLACK
6
CONTINUOUS
10
0.1132005905511811
20
0.4022633070866142
11
0.110132874015748
21
0.4011190551181102
0
LINE
8
BLACK
6
CONTINUOUS
10
0.110132874015748
20
0.4011190551181102
11
0.1078069291338583
21
0.4002515354330708
0
LINE
8
BLACK
6
CONTINUOUS
10
0.1078069291338583
20
0.4002515354330708
11
0.1078068503937008
21
0.4002514960629921
0
LINE
8
BLACK
6
CONTINUOUS
10
0.1078068503937008
20
0.4002514960629921
11
0.1078067716535433
21
0.4002514566929134
0
LINE
8
BLACK
6
CONTINUOUS
10
0.1078067716535433
20
0.4002514566929134
11
0.1031983464566929
21
0.3968016141732283
0
LINE
8
BLACK
6
CONTINUOUS
10
0.1031983464566929
20
0.3968016141732283
11
0.0997485039370079
21
0.3921931889763779
0
LINE
8
BLACK
6
CONTINUOUS
10
0.0997485039370079
20
0.3921931889763779
11
0.0997484251968504
21
0.3921929921259842
0
LINE
8
BLACK
6
CONTINUOUS
10
0.0997484251968504
20
0.3921929921259842
11
0.0977366535433071
21
0.3867993700787402
0
LINE
8
BLACK
6
CONTINUOUS
10
0.0977366535433071
20
0.3867993700787402
11
0.0977365748031496
21
0.3867990551181102
0
LINE
8
BLACK
6
CONTINUOUS
10
0.0977365748031496
20
0.3867990551181102
11
0.0974803149606299
21
0.3844153149606299
0
LINE
8
BLACK
6
CONTINUOUS
10
0.0974803149606299
20
0.3844153149606299
11
0.0974803149606299
21
0.3155846456692913
0
LINE
8
BLACK
6
CONTINUOUS
10
0.0974803149606299
20
0.3155846456692913
11
0.0977365748031496
21
0.313200905511811
0
LINE
8
BLACK
6
CONTINUOUS
10
0.0977365748031496
20
0.313200905511811
11
0.0977366535433071
21
0.3132005905511811
0
LINE
8
BLACK
6
CONTINUOUS
10
0.0977366535433071
20
0.3132005905511811
11
0.0997484251968504
21
0.307806968503937
0
LINE
8
BLACK
6
CONTINUOUS
10
0.0997484251968504
20
0.307806968503937
11
0.0997485039370079
21
0.3078067716535433
0
LINE
8
BLACK
6
CONTINUOUS
10
0.0997485039370079
20
0.3078067716535433
11
0.1033672440944882
21
0.3029727952755906
0
LINE
8
BLACK
6
CONTINUOUS
10
0.1033672440944882
20
0.3029727952755906
11
0.1043440551181102
21
0.3003538976377952
0
LINE
8
BLACK
6
CONTINUOUS
10
0.1043440551181102
20
0.3003538976377952
11
0.1037499212598425
21
0.2976226377952756
0
LINE
8
BLACK
6
CONTINUOUS
10
0.1037499212598425
20
0.2976226377952756
11
0.1033672440944882
21
0.2970272047244095
0
LINE
8
BLACK
6
CONTINUOUS
10
0.1033672440944882
20
0.2970272047244095
11
0.0997485039370079
21
0.292193188976378
0
LINE
8
BLACK
6
CONTINUOUS
10
0.0997485039370079
20
0.292193188976378
11
0.0997484251968504
21
0.2921929921259843
0
LINE
8
BLACK
6
CONTINUOUS
10
0.0997484251968504
20
0.2921929921259843
11
0.0977366535433071
21
0.2867993700787401
0
LINE
8
BLACK
6
CONTINUOUS
10
0.0977366535433071
20
0.2867993700787401
11
0.0977365748031496
21
0.2867990551181102
0
LINE
8
BLACK
6
CONTINUOUS
10
0.0977365748031496
20
0.2867990551181102
11
0.0974803149606299
21
0.2844153149606299
0
LINE
8
BLACK
6
CONTINUOUS
10
0.0974803149606299
20
0.2844153149606299
11
0.0974803149606299
21
0.2155846456692913
0
LINE
8
BLACK
6
CONTINUOUS
10
0.0974803149606299
20
0.2155846456692913
11
0.0977365748031496
21
0.213200905511811
0
LINE
8
BLACK
6
CONTINUOUS
10
0.0977365748031496
20
0.213200905511811
11
0.0977366535433071
21
0.2132005905511811
0
LINE
8
BLACK
6
CONTINUOUS
10
0.0977366535433071
20
0.2132005905511811
11
0.0997484251968504
21
0.207806968503937
0
LINE
8
BLACK
6
CONTINUOUS
10
0.0997484251968504
20
0.207806968503937
11
0.0997485039370079
21
0.2078067716535433
0
LINE
8
BLACK
6
CONTINUOUS
10
0.0997485039370079
20
0.2078067716535433
11
0.1033672440944882
21
0.2029727952755905
0
LINE
8
BLACK
6
CONTINUOUS
10
0.1033672440944882
20
0.2029727952755905
11
0.1043440551181102
21
0.2003538976377953
0
LINE
8
BLACK
6
CONTINUOUS
10
0.1043440551181102
20
0.2003538976377953
11
0.1037499212598425
21
0.1976226377952756
0
LINE
8
BLACK
6
CONTINUOUS
10
0.1037499212598425
20
0.1976226377952756
11
0.1033672440944882
21
0.1970272047244094
0
LINE
8
BLACK
6
CONTINUOUS
10
0.1033672440944882
20
0.1970272047244094
11
0.0997485039370079
21
0.1921931889763779
0
LINE
8
BLACK
6
CONTINUOUS
10
0.0997485039370079
20
0.1921931889763779
11
0.0997484251968504
21
0.1921929921259843
0
LINE
8
BLACK
6
CONTINUOUS
10
0.0997484251968504
20
0.1921929921259843
11
0.0977366535433071
21
0.1867993700787401
0
LINE
8
BLACK
6
CONTINUOUS
10
0.0977366535433071
20
0.1867993700787401
11
0.0977365748031496
21
0.1867990551181102
0
LINE
8
BLACK
6
CONTINUOUS
10
0.0977365748031496
20
0.1867990551181102
11
0.0974803149606299
21
0.1844153149606299
0
LINE
8
BLACK
6
CONTINUOUS
10
0.0974803149606299
20
0.1844153149606299
11
0.0974803149606299
21
0.1155846456692913
0
LINE
8
BLACK
6
CONTINUOUS
10
0.0974803149606299
20
0.1155846456692913
11
0.0977365748031496
21
0.113200905511811
0
LINE
8
BLACK
6
CONTINUOUS
10
0.0977365748031496
20
0.113200905511811
11
0.0977366535433071
21
0.1132005905511811
0
LINE
8
BLACK
6
CONTINUOUS
10
0.0977366535433071
20
0.1132005905511811
11
0.0997484251968504
21
0.107806968503937
0
LINE
8
BLACK
6
CONTINUOUS
10
0.0997484251968504
20
0.107806968503937
11
0.0997485039370079
21
0.1078067716535433
0
LINE
8
BLACK
6
CONTINUOUS
10
0.0997485039370079
20
0.1078067716535433
11
0.1031983464566929
21
0.1031983464566929
0
LINE
8
BLACK
6
CONTINUOUS
10
0.1031983464566929
20
0.1031983464566929
11
0.1078067716535433
21
0.0997485039370079
0
LINE
8
BLACK
6
CONTINUOUS
10
0.1078067716535433
20
0.0997485039370079
11
0.107806968503937
21
0.0997484251968504
0
LINE
8
BLACK
6
CONTINUOUS
10
0.107806968503937
20
0.0997484251968504
11
0.1132005905511811
21
0.0977366535433071
0
LINE
8
BLACK
6
CONTINUOUS
10
0.1132005905511811
20
0.0977366535433071
11
0.113200905511811
21
0.0977365748031496
0
LINE
8
BLACK
6
CONTINUOUS
10
0.113200905511811
20
0.0977365748031496
11
0.1155846456692913
21
0.0974803149606299
0
LINE
8
BLACK
6
CONTINUOUS
10
0.1155846456692913
20
0.0974803149606299
11
0.1155851181102362
21
0.0974803149606299
0
LINE
8
BLACK
6
CONTINUOUS
10
0.1155851181102362
20
0.0974803149606299
11
0.1844153149606299
21
0.0974803149606299
0
LINE
8
BLACK
6
CONTINUOUS
10
0.1844153149606299
20
0.0974803149606299
11
0.1867990551181102
21
0.0977365748031496
0
LINE
8
BLACK
6
CONTINUOUS
10
0.1867990551181102
20
0.0977365748031496
11
0.1867993700787401
21
0.0977366535433071
0
LINE
8
BLACK
6
CONTINUOUS
10
0.1867993700787401
20
0.0977366535433071
11
0.1921929921259843
21
0.0997484251968504
0
LINE
8
BLACK
6
CONTINUOUS
10
0.1921929921259843
20
0.0997484251968504
11
0.1921931889763779
21
0.0997485039370079
0
LINE
8
BLACK
6
CONTINUOUS
10
0.1921931889763779
20
0.0997485039370079
11
0.1970272047244094
21
0.1033672440944882
0
LINE
8
BLACK
6
CONTINUOUS
10
0.1970272047244094
20
0.1033672440944882
11
0.1996461023622047
21
0.1043440551181102
0
LINE
8
BLACK
6
CONTINUOUS
10
0.1996461023622047
20
0.1043440551181102
11
0.2023773622047244
21
0.1037499212598425
0
LINE
8
BLACK
6
CONTINUOUS
10
0.2023773622047244
20
0.1037499212598425
11
0.2029727952755905
21
0.1033672440944882
0
LINE
8
BLACK
6
CONTINUOUS
10
0.2029727952755905
20
0.1033672440944882
11
0.2078067716535433
21
0.0997485039370079
0
LINE
8
BLACK
6
CONTINUOUS
10
0.2078067716535433
20
0.0997485039370079
11
0.207806968503937
21
0.0997484251968504
0
LINE
8
BLACK
6
CONTINUOUS
10
0.207806968503937
20
0.0997484251968504
11
0.2132005905511811
21
0.0977366535433071
0
LINE
8
BLACK
6
CONTINUOUS
10
0.2132005905511811
20
0.0977366535433071
11
0.213200905511811
21
0.0977365748031496
0
LINE
8
BLACK
6
CONTINUOUS
10
0.213200905511811
20
0.0977365748031496
11
0.2155846456692913
21
0.0974803149606299
0
LINE
8
BLACK
6
CONTINUOUS
10
0.2155846456692913
20
0.0974803149606299
11
0.2155851181102362
21
0.0974803149606299
0
LINE
8
BLACK
6
CONTINUOUS
10
0.2155851181102362
20
0.0974803149606299
11
0.2844153149606299
21
0.0974803149606299
0
LINE
8
BLACK
6
CONTINUOUS
10
0.2844153149606299
20
0.0974803149606299
11
0.2867990551181102
21
0.0977365748031496
0
LINE
8
BLACK
6
CONTINUOUS
10
0.2867990551181102
20
0.0977365748031496
11
0.2867993700787401
21
0.0977366535433071
0
LINE
8
BLACK
6
CONTINUOUS
10
0.2867993700787401
20
0.0977366535433071
11
0.2921929921259843
21
0.0997484251968504
0
LINE
8
BLACK
6
CONTINUOUS
10
0.2921929921259843
20
0.0997484251968504
11
0.292193188976378
21
0.0997485039370079
0
LINE
8
BLACK
6
CONTINUOUS
10
0.292193188976378
20
0.0997485039370079
11
0.2945747244094488
21
0.1015313385826772
0
LINE
8
BLACK
6
CONTINUOUS
10
0.2945747244094488
20
0.1015313385826772
11
0.2971936220472441
21
0.1025081496062992
0
LINE
8
BLACK
6
CONTINUOUS
10
0.2971936220472441
20
0.1025081496062992
11
0.2999248818897638
21
0.1019140157480315
0
LINE
8
BLACK
6
CONTINUOUS
10
0.2999248818897638
20
0.1019140157480315
11
0.3019013385826771
21
0.0999375590551181
0
LINE
8
BLACK
6
CONTINUOUS
10
0.3019013385826771
20
0.0999375590551181
11
0.3024797244094488
21
0.0980903937007874
0
LINE
8
BLACK
6
CONTINUOUS
10
0.3024797244094488
20
0.0980903937007874
11
0.3027365748031496
21
0.095700905511811
0
LINE
8
BLACK
6
CONTINUOUS
10
0.3027365748031496
20
0.095700905511811
11
0.3027366535433071
21
0.0957005905511811
0
LINE
8
BLACK
6
CONTINUOUS
10
0.3027366535433071
20
0.0957005905511811
11
0.3047484251968504
21
0.090306968503937
0
LINE
8
BLACK
6
CONTINUOUS
10
0.3047484251968504
20
0.090306968503937
11
0.3047485039370079
21
0.0903067716535433
0
LINE
8
BLACK
6
CONTINUOUS
10
0.3047485039370079
20
0.0903067716535433
11
0.3081983464566929
21
0.0856983464566929
0
LINE
8
BLACK
6
CONTINUOUS
10
0.3081983464566929
20
0.0856983464566929
11
0.3128067716535433
21
0.0822485039370079
0
LINE
8
BLACK
6
CONTINUOUS
10
0.3128067716535433
20
0.0822485039370079
11
0.312806968503937
21
0.0822484251968504
0
LINE
8
BLACK
6
CONTINUOUS
10
0.312806968503937
20
0.0822484251968504
11
0.3182005905511811
21
0.0802366535433071
0
LINE
8
BLACK
6
CONTINUOUS
10
0.3182005905511811
20
0.0802366535433071
11
0.318200905511811
21
0.0802365748031496
0
LINE
8
BLACK
6
CONTINUOUS
10
0.318200905511811
20
0.0802365748031496
11
0.3205846456692913
21
0.0799803149606299
0
LINE
8
BLACK
6
CONTINUOUS
10
0.3205846456692913
20
0.0799803149606299
11
0.3205851181102362
21
0.0799803149606299
0
LINE
8
BLACK
6
CONTINUOUS
10
0.3205851181102362
20
0.0799803149606299
11
0.3794153149606299
21
0.0799803149606299
0
LINE
8
BLACK
6
CONTINUOUS
10
0.3794153149606299
20
0.0799803149606299
11
0.3817990551181102
21
0.0802365748031496
0
LINE
8
BLACK
6
CONTINUOUS
10
0.3817990551181102
20
0.0802365748031496
11
0.3817993700787402
21
0.0802366535433071
0
LINE
8
BLACK
6
CONTINUOUS
10
0.3817993700787402
20
0.0802366535433071
11
0.3871929921259842
21
0.0822484251968504
0
LINE
8
BLACK
6
CONTINUOUS
10
0.3871929921259842
20
0.0822484251968504
11
0.3871931889763779
21
0.0822485039370079
0
LINE
8
BLACK
6
CONTINUOUS
10
0.3871931889763779
20
0.0822485039370079
11
0.3918016141732283
21
0.0856983464566929
0
LINE
8
BLACK
6
CONTINUOUS
10
0.3918016141732283
20
0.0856983464566929
11
0.3952514566929134
21
0.0903067716535433
0
LINE
8
BLACK
6
CONTINUOUS
10
0.3952514566929134
20
0.0903067716535433
11
0.3952515354330708
21
0.090306968503937
0
LINE
8
BLACK
6
CONTINUOUS
10
0.3952515354330708
20
0.090306968503937
11
0.3972633070866142
21
0.0957005905511811
0
LINE
8
BLACK
6
CONTINUOUS
10
0.3972633070866142
20
0.0957005905511811
11
0.3972633858267716
21
0.095700905511811
0
LINE
8
BLACK
6
CONTINUOUS
10
0.3972633858267716
20
0.095700905511811
11
0.3975196456692913
21
0.0980846456692913
0
LINE
8
BLACK
6
CONTINUOUS
10
0.3975196456692913
20
0.0980846456692913
11
0.3975196850393701
21
0.0980853149606299
0
LINE
8
BLACK
6
CONTINUOUS
10
0.3975196850393701
20
0.0980853149606299
11
0.3975196850393701
21
0.1140462204724409
0
LINE
8
BLACK
6
CONTINUOUS
10
0.3975196850393701
20
0.1140462204724409
11
0.3983071653543307
21
0.1167281496062992
0
LINE
8
BLACK
6
CONTINUOUS
10
0.3983071653543307
20
0.1167281496062992
11
0.3989726377952756
21
0.1175538976377953
0
LINE
8
BLACK
6
CONTINUOUS
10
0.3989726377952756
20
0.1175538976377953
11
0.402820157480315
21
0.1214014173228346
0
LINE
8
BLACK
6
CONTINUOUS
10
0.402820157480315
20
0.1214014173228346
11
0.4052733858267716
21
0.1227410236220472
0
LINE
8
BLACK
6
CONTINUOUS
10
0.4052733858267716
20
0.1227410236220472
11
0.4063278346456693
21
0.1228543700787402
0
LINE
8
BLACK
6
CONTINUOUS
10
0.4063278346456693
20
0.1228543700787402
11
0.61195968503937
21
0.1228543700787402
0
LINE
8
BLACK
6
CONTINUOUS
10
0.61195968503937
20
0.1228543700787402
11
0.6146416141732284
21
0.1220668897637795
0
LINE
8
BLACK
6
CONTINUOUS
10
0.6146416141732284
20
0.1220668897637795
11
0.6164720472440944
21
0.1199544488188976
0
LINE
8
BLACK
6
CONTINUOUS
10
0.6164720472440944
20
0.1199544488188976
11
0.616869842519685
21
0.1171877559055118
0
LINE
8
BLACK
6
CONTINUOUS
10
0.616869842519685
20
0.1171877559055118
11
0.6157086614173228
21
0.1146452362204724
0
LINE
8
BLACK
6
CONTINUOUS
10
0.6157086614173228
20
0.1146452362204724
11
0.6154673622047244
21
0.114386062992126
0
LINE
8
BLACK
6
CONTINUOUS
10
0.6154673622047244
20
0.114386062992126
11
0.6008024015748031
21
0.0997211023622047
0
LINE
8
BLACK
6
CONTINUOUS
10
0.6008024015748031
20
0.0997211023622047
11
0.5983491732283465
21
0.0983814960629921
0
LINE
8
BLACK
6
CONTINUOUS
10
0.5983491732283465
20
0.0983814960629921
11
0.5972947244094488
21
0.0982681496062992
0
LINE
8
BLACK
6
CONTINUOUS
10
0.5972947244094488
20
0.0982681496062992
11
0.489958937007874
21
0.0982681496062992
0
LINE
8
BLACK
6
CONTINUOUS
10
0.489958937007874
20
0.0982681496062992
11
0.4845379921259843
21
0.0982681496062992
0
LINE
8
BLACK
6
CONTINUOUS
10
0.4845379921259843
20
0.0982681496062992
11
0.4792212598425197
21
0.0972105905511811
0
LINE
8
BLACK
6
CONTINUOUS
10
0.4792212598425197
20
0.0972105905511811
11
0.4742129921259842
21
0.0951361023622047
0
LINE
8
BLACK
6
CONTINUOUS
10
0.4742129921259842
20
0.0951361023622047
11
0.474212874015748
21
0.0951360236220472
0
LINE
8
BLACK
6
CONTINUOUS
10
0.474212874015748
20
0.0951360236220472
11
0.4702383464566929
21
0.0924803149606299
0
LINE
8
BLACK
6
CONTINUOUS
10
0.4702383464566929
20
0.0924803149606299
11
0.4702382283464567
21
0.0924801968503937
0
LINE
8
BLACK
6
CONTINUOUS
10
0.4702382283464567
20
0.0924801968503937
11
0.4697056692913386
21
0.0921243700787402
0
LINE
8
BLACK
6
CONTINUOUS
10
0.4697056692913386
20
0.0921243700787402
11
0.4324572440944882
21
0.0548759448818898
0
LINE
8
BLACK
6
CONTINUOUS
10
0.4324572440944882
20
0.0548759448818898
11
0.431553937007874
21
0.0539726377952756
0
LINE
8
BLACK
6
CONTINUOUS
10
0.431553937007874
20
0.0539726377952756
11
0.4291007086614173
21
0.052633031496063
0
LINE
8
BLACK
6
CONTINUOUS
10
0.4291007086614173
20
0.052633031496063
11
0.4280462598425196
21
0.0525196850393701
0
LINE
8
BLACK
6
CONTINUOUS
10
0.4280462598425196
20
0.0525196850393701
11
0.4155851181102362
21
0.0525196850393701
0
LINE
8
BLACK
6
CONTINUOUS
10
0.4155851181102362
20
0.0525196850393701
11
0.415584842519685
21
0.0525196456692913
0
LINE
8
BLACK
6
CONTINUOUS
10
0.415584842519685
20
0.0525196456692913
11
0.4155846456692913
21
0.0525196456692913
0
LINE
8
BLACK
6
CONTINUOUS
10
0.4155846456692913
20
0.0525196456692913
11
0.413200905511811
21
0.0522633858267717
0
LINE
8
BLACK
6
CONTINUOUS
10
0.413200905511811
20
0.0522633858267717
11
0.4132005905511811
21
0.0522633070866142
0
LINE
8
BLACK
6
CONTINUOUS
10
0.4132005905511811
20
0.0522633070866142
11
0.410132874015748
21
0.0511190551181102
0
LINE
8
BLACK
6
CONTINUOUS
10
0.410132874015748
20
0.0511190551181102
11
0.4078069291338582
21
0.0502515354330709
0
LINE
8
BLACK
6
CONTINUOUS
10
0.4078069291338582
20
0.0502515354330709
11
0.4078068503937008
21
0.0502514960629921
0
LINE
8
BLACK
6
CONTINUOUS
10
0.4078068503937008
20
0.0502514960629921
11
0.4078067716535433
21
0.0502514566929134
0
LINE
8
BLACK
6
CONTINUOUS
10
0.4078067716535433
20
0.0502514566929134
11
0.4031983464566929
21
0.0468016141732283
0
LINE
8
BLACK
6
CONTINUOUS
10
0.4031983464566929
20
0.0468016141732283
11
0.3997485039370078
21
0.042193188976378
0
LINE
8
BLACK
6
CONTINUOUS
10
0.3997485039370078
20
0.042193188976378
11
0.3997484251968504
21
0.0421929921259842
0
LINE
8
BLACK
6
CONTINUOUS
10
0.3997484251968504
20
0.0421929921259842
11
0.3977366535433071
21
0.0367993700787402
0
LINE
8
BLACK
6
CONTINUOUS
10
0.3977366535433071
20
0.0367993700787402
11
0.3977365748031496
21
0.0367990551181102
0
LINE
8
BLACK
6
CONTINUOUS
10
0.3977365748031496
20
0.0367990551181102
11
0.3974803149606299
21
0.0344153149606299
0
LINE
8
BLACK
6
CONTINUOUS
10
0.3974803149606299
20
0.0344153149606299
11
0.3974803149606299
21
-0.0344153149606299
0
LINE
8
BLACK
6
CONTINUOUS
10
0.3974803149606299
20
-0.0344153149606299
11
0.3977365748031496
21
-0.0367990551181102
0
LINE
8
BLACK
6
CONTINUOUS
10
0.3977365748031496
20
-0.0367990551181102
11
0.3977366535433071
21
-0.0367993700787402
0
LINE
8
BLACK
6
CONTINUOUS
10
0.3977366535433071
20
-0.0367993700787402
11
0.3997484251968504
21
-0.0421929921259842
0
LINE
8
BLACK
6
CONTINUOUS
10
0.3997484251968504
20
-0.0421929921259842
11
0.3997485039370078
21
-0.042193188976378
0
LINE
8
BLACK
6
CONTINUOUS
10
0.3997485039370078
20
-0.042193188976378
11
0.4033672440944882
21
-0.0470272047244094
0
LINE
8
BLACK
6
CONTINUOUS
10
0.4033672440944882
20
-0.0470272047244094
11
0.4043440551181102
21
-0.0496461023622047
0
LINE
8
BLACK
6
CONTINUOUS
10
0.4043440551181102
20
-0.0496461023622047
11
0.4037499212598425
21
-0.0523773622047244
0
LINE
8
BLACK
6
CONTINUOUS
10
0.4037499212598425
20
-0.0523773622047244
11
0.4033672440944882
21
-0.0529727952755905
0
LINE
8
BLACK
6
CONTINUOUS
10
0.4033672440944882
20
-0.0529727952755905
11
0.3997485039370078
21
-0.0578067716535433
0
LINE
8
BLACK
6
CONTINUOUS
10
0.3997485039370078
20
-0.0578067716535433
11
0.3997484251968504
21
-0.057806968503937
0
LINE
8
BLACK
6
CONTINUOUS
10
0.3997484251968504
20
-0.057806968503937
11
0.3977366535433071
21
-0.0632005905511811
0
LINE
8
BLACK
6
CONTINUOUS
10
0.3977366535433071
20
-0.0632005905511811
11
0.3977365748031496
21
-0.063200905511811
0
LINE
8
BLACK
6
CONTINUOUS
10
0.3977365748031496
20
-0.063200905511811
11
0.3974803149606299
21
-0.0655846456692913
0
LINE
8
BLACK
6
CONTINUOUS
10
0.3974803149606299
20
-0.0655846456692913
11
0.3974803149606299
21
-0.1344153149606299
0
LINE
8
BLACK
6
CONTINUOUS
10
0.3974803149606299
20
-0.1344153149606299
11
0.3977365748031496
21
-0.1367990551181102
0
LINE
8
BLACK
6
CONTINUOUS
10
0.3977365748031496
20
-0.1367990551181102
11
0.3977366535433071
21
-0.1367993700787402
0
LINE
8
BLACK
6
CONTINUOUS
10
0.3977366535433071
20
-0.1367993700787402
11
0.3997484251968504
21
-0.1421929921259842
0
LINE
8
BLACK
6
CONTINUOUS
10
0.3997484251968504
20
-0.1421929921259842
11
0.3997485039370078
21
-0.1421931889763779
0
LINE
8
BLACK
6
CONTINUOUS
10
0.3997485039370078
20
-0.1421931889763779
11
0.4031983464566929
21
-0.1468016141732283
0
LINE
8
BLACK
6
CONTINUOUS
10
0.4031983464566929
20
-0.1468016141732283
11
0.4078067716535433
21
-0.1502514566929134
0
LINE
8
BLACK
6
CONTINUOUS
10
0.4078067716535433
20
-0.1502514566929134
11
0.4078068503937008
21
-0.1502514960629921
0
LINE
8
BLACK
6
CONTINUOUS
10
0.4078068503937008
20
-0.1502514960629921
11
0.4078069291338582
21
-0.1502515354330709
0
LINE
8
BLACK
6
CONTINUOUS
10
0.4078069291338582
20
-0.1502515354330709
11
0.410132874015748
21
-0.1511190551181102
0
LINE
8
BLACK
6
CONTINUOUS
10
0.410132874015748
20
-0.1511190551181102
11
0.4132005905511811
21
-0.1522633070866142
0
LINE
8
BLACK
6
CONTINUOUS
10
0.4132005905511811
20
-0.1522633070866142
11
0.413200905511811
21
-0.1522633858267717
0
LINE
8
BLACK
6
CONTINUOUS
10
0.413200905511811
20
-0.1522633858267717
11
0.4155846456692913
21
-0.1525196456692913
0
LINE
8
BLACK
6
CONTINUOUS
10
0.4155846456692913
20
-0.1525196456692913
11
0.415584842519685
21
-0.1525196456692913
0
LINE
8
BLACK
6
CONTINUOUS
10
0.415584842519685
20
-0.1525196456692913
11
0.4155851181102362
21
-0.1525196850393701
0
LINE
8
BLACK
6
CONTINUOUS
10
0.4155851181102362
20
-0.1525196850393701
11
0.4175196850393701
21
-0.1525196850393701
0
LINE
8
BLACK
6
CONTINUOUS
10
0.4175196850393701
20
-0.1525196850393701
11
0.4202016141732283
21
-0.1533071653543307
0
LINE
8
BLACK
6
CONTINUOUS
10
0.4202016141732283
20
-0.1533071653543307
11
0.4220320472440945
21
-0.1554196062992126
0
LINE
8
BLACK
6
CONTINUOUS
10
0.4220320472440945
20
-0.1554196062992126
11
0.4224803149606299
21
-0.1574803149606299
0
LINE
8
BLACK
6
CONTINUOUS
10
0.4224803149606299
20
-0.1574803149606299
11
0.4224803149606299
21
-0.1753206299212599
0
LINE
8
BLACK
6
CONTINUOUS
10
0.4224803149606299
20
-0.1753206299212599
11
0.4216928346456693
21
-0.1780025590551181
0
LINE
8
BLACK
6
CONTINUOUS
10
0.4216928346456693
20
-0.1780025590551181
11
0.4195803937007874
21
-0.1798329921259842
0
LINE
8
BLACK
6
CONTINUOUS
10
0.4195803937007874
20
-0.1798329921259842
11
0.4184947637795275
21
-0.1801307874015748
0
LINE
8
BLACK
6
CONTINUOUS
10
0.4184947637795275
20
-0.1801307874015748
11
0.4185029133858267
21
-0.1801652362204724
0
LINE
8
BLACK
6
CONTINUOUS
10
0.4185029133858267
20
-0.1801652362204724
11
0.4182005905511811
21
-0.1802366535433071
0
LINE
8
BLACK
6
CONTINUOUS
10
0.4182005905511811
20
-0.1802366535433071
11
0.412806968503937
21
-0.1822484251968504
0
LINE
8
BLACK
6
CONTINUOUS
10
0.412806968503937
20
-0.1822484251968504
11
0.4128067716535433
21
-0.1822485039370079
0
LINE
8
BLACK
6
CONTINUOUS
10
0.4128067716535433
20
-0.1822485039370079
11
0.4081983464566929
21
-0.1856983464566929
0
LINE
8
BLACK
6
CONTINUOUS
10
0.4081983464566929
20
-0.1856983464566929
11
0.4047485039370078
21
-0.1903067716535433
0
LINE
8
BLACK
6
CONTINUOUS
10
0.4047485039370078
20
-0.1903067716535433
11
0.4047484251968504
21
-0.190306968503937
0
LINE
8
BLACK
6
CONTINUOUS
10
0.4047484251968504
20
-0.190306968503937
11
0.4027366535433071
21
-0.1957005905511811
0
LINE
8
BLACK
6
CONTINUOUS
10
0.4027366535433071
20
-0.1957005905511811
11
0.4027365748031496
21
-0.195700905511811
0
LINE
8
BLACK
6
CONTINUOUS
10
0.4027365748031496
20
-0.195700905511811
11
0.4024803149606299
21
-0.1980846456692913
0
LINE
8
BLACK
6
CONTINUOUS
10
0.4024803149606299
20
-0.1980846456692913
11
0.4024803149606299
21
-0.2076304724409449
0
LINE
8
BLACK
6
CONTINUOUS
10
0.4024803149606299
20
-0.2076304724409449
11
0.4016928346456693
21
-0.2103124015748031
0
LINE
8
BLACK
6
CONTINUOUS
10
0.4016928346456693
20
-0.2103124015748031
11
0.3995803937007874
21
-0.2121428346456693
0
LINE
8
BLACK
6
CONTINUOUS
10
0.3995803937007874
20
-0.2121428346456693
11
0.3968137007874016
21
-0.2125406299212598
0
LINE
8
BLACK
6
CONTINUOUS
10
0.3968137007874016
20
-0.2125406299212598
11
0.3943726771653543
21
-0.2114650787401575
0
LINE
8
BLACK
6
CONTINUOUS
10
0.3943726771653543
20
-0.2114650787401575
11
0.3909456692913386
21
-0.2086525984251968
0
LINE
8
BLACK
6
CONTINUOUS
10
0.3909456692913386
20
-0.2086525984251968
11
0.3844277559055118
21
-0.2051686614173228
0
LINE
8
BLACK
6
CONTINUOUS
10
0.3844277559055118
20
-0.2051686614173228
11
0.3844275196850394
21
-0.2051685826771653
0
LINE
8
BLACK
6
CONTINUOUS
10
0.3844275196850394
20
-0.2051685826771653
11
0.3773548818897638
21
-0.2030231102362205
0
LINE
8
BLACK
6
CONTINUOUS
10
0.3773548818897638
20
-0.2030231102362205
11
0.3700001181102362
21
-0.2022987795275591
0
LINE
8
BLACK
6
CONTINUOUS
10
0.3700001181102362
20
-0.2022987795275591
11
0.3699998818897638
21
-0.2022987795275591
0
LINE
8
BLACK
6
CONTINUOUS
10
0.3699998818897638
20
-0.2022987795275591
11
0.3626451181102362
21
-0.2030231102362205
0
LINE
8
BLACK
6
CONTINUOUS
10
0.3626451181102362
20
-0.2030231102362205
11
0.3626450393700787
21
-0.2030231102362205
0
LINE
8
BLACK
6
CONTINUOUS
10
0.3626450393700787
20
-0.2030231102362205
11
0.3555724409448819
21
-0.2051685826771653
0
LINE
8
BLACK
6
CONTINUOUS
10
0.3555724409448819
20
-0.2051685826771653
11
0.3555722047244094
21
-0.2051686614173228
0
LINE
8
BLACK
6
CONTINUOUS
10
0.3555722047244094
20
-0.2051686614173228
11
0.3490542913385827
21
-0.2086525984251968
0
LINE
8
BLACK
6
CONTINUOUS
10
0.3490542913385827
20
-0.2086525984251968
11
0.3433412204724409
21
-0.2133412204724409
0
LINE
8
BLACK
6
CONTINUOUS
10
0.3433412204724409
20
-0.2133412204724409
11
0.3386525984251968
21
-0.2190542913385827
0
LINE
8
BLACK
6
CONTINUOUS
10
0.3386525984251968
20
-0.2190542913385827
11
0.3351686614173228
21
-0.2255722047244094
0
LINE
8
BLACK
6
CONTINUOUS
10
0.3351686614173228
20
-0.2255722047244094
11
0.3351685826771654
21
-0.2255724409448819
0
LINE
8
BLACK
6
CONTINUOUS
10
0.3351685826771654
20
-0.2255724409448819
11
0.3330231102362204
21
-0.2326450393700787
0
LINE
8
BLACK
6
CONTINUOUS
10
0.3330231102362204
20
-0.2326450393700787
11
0.3330231102362204
21
-0.2326451181102362
0
LINE
8
BLACK
6
CONTINUOUS
10
0.3330231102362204
20
-0.2326451181102362
11
0.332298779527559
21
-0.239999842519685
0
LINE
8
BLACK
6
CONTINUOUS
10
0.332298779527559
20
-0.239999842519685
11
0.332298779527559
21
-0.2400001181102362
0
LINE
8
BLACK
6
CONTINUOUS
10
0.332298779527559
20
-0.2400001181102362
11
0.3330231102362204
21
-0.247354842519685
0
LINE
8
BLACK
6
CONTINUOUS
10
0.3330231102362204
20
-0.247354842519685
11
0.3330231102362204
21
-0.2473549212598425
0
LINE
8
BLACK
6
CONTINUOUS
10
0.3330231102362204
20
-0.2473549212598425
11
0.3351685826771654
21
-0.2544275196850393
0
LINE
8
BLACK
6
CONTINUOUS
10
0.3351685826771654
20
-0.2544275196850393
11
0.3351686614173228
21
-0.2544277559055118
0
LINE
8
BLACK
6
CONTINUOUS
10
0.3351686614173228
20
-0.2544277559055118
11
0.3382653543307086
21
-0.2602211811023622
0
LINE
8
BLACK
6
CONTINUOUS
10
0.3382653543307086
20
-0.2602211811023622
11
0.3386525984251968
21
-0.2609456692913386
0
LINE
8
BLACK
6
CONTINUOUS
10
0.3386525984251968
20
-0.2609456692913386
11
0.3433412204724409
21
-0.2666587795275591
0
LINE
8
BLACK
6
CONTINUOUS
10
0.3433412204724409
20
-0.2666587795275591
11
0.3490543307086614
21
-0.2713474015748031
0
LINE
8
BLACK
6
CONTINUOUS
10
0.3490543307086614
20
-0.2713474015748031
11
0.3555723622047244
21
-0.2748313779527559
0
LINE
8
BLACK
6
CONTINUOUS
10
0.3555723622047244
20
-0.2748313779527559
11
0.362644842519685
21
-0.276976811023622
0
LINE
8
BLACK
6
CONTINUOUS
10
0.362644842519685
20
-0.276976811023622
11
0.3629612598425197
21
-0.2770079527559055
0
LINE
8
BLACK
6
CONTINUOUS
10
0.3629612598425197
20
-0.2770079527559055
11
0.3655530708661417
21
-0.2780544488188976
0
LINE
8
BLACK
6
CONTINUOUS
10
0.3655530708661417
20
-0.2780544488188976
11
0.3659827952755905
21
-0.2784370472440945
0
LINE
8
BLACK
6
CONTINUOUS
10
0.3659827952755905
20
-0.2784370472440945
11
0.4025039763779528
21
-0.3149582283464567
0
LINE
8
BLACK
6
CONTINUOUS
10
0.4025039763779528
20
-0.3149582283464567
11
0.4036441338582677
21
-0.3167323228346456
0
LINE
8
BLACK
6
CONTINUOUS
10
0.4036441338582677
20
-0.3167323228346456
11
0.4047484251968504
21
-0.3196929921259842
0
LINE
8
BLACK
6
CONTINUOUS
10
0.4047484251968504
20
-0.3196929921259842
11
0.4047485039370078
21
-0.3196931889763779
0
LINE
8
BLACK
6
CONTINUOUS
10
0.4047485039370078
20
-0.3196931889763779
11
0.4081983464566929
21
-0.3243016141732283
0
LINE
8
BLACK
6
CONTINUOUS
10
0.4081983464566929
20
-0.3243016141732283
11
0.4128067716535433
21
-0.3277514566929134
0
LINE
8
BLACK
6
CONTINUOUS
10
0.4128067716535433
20
-0.3277514566929134
11
0.4128068503937008
21
-0.3277514960629921
0
LINE
8
BLACK
6
CONTINUOUS
10
0.4128068503937008
20
-0.3277514960629921
11
0.4128069291338582
21
-0.3277515354330708
0
LINE
8
BLACK
6
CONTINUOUS
10
0.4128069291338582
20
-0.3277515354330708
11
0.415132874015748
21
-0.3286190551181102
0
LINE
8
BLACK
6
CONTINUOUS
10
0.415132874015748
20
-0.3286190551181102
11
0.4182005905511811
21
-0.3297633070866142
0
LINE
8
BLACK
6
CONTINUOUS
10
0.4182005905511811
20
-0.3297633070866142
11
0.418200905511811
21
-0.3297633858267717
0
LINE
8
BLACK
6
CONTINUOUS
10
0.418200905511811
20
-0.3297633858267717
11
0.4205846456692913
21
-0.3300196456692913
0
LINE
8
BLACK
6
CONTINUOUS
10
0.4205846456692913
20
-0.3300196456692913
11
0.420584842519685
21
-0.3300196456692913
0
LINE
8
BLACK
6
CONTINUOUS
10
0.420584842519685
20
-0.3300196456692913
11
0.4205851181102362
21
-0.3300196850393701
0
LINE
8
BLACK
6
CONTINUOUS
10
0.4205851181102362
20
-0.3300196850393701
11
0.4205853543307086
21
-0.3300196850393701
0
LINE
8
BLACK
6
CONTINUOUS
10
0.4205853543307086
20
-0.3300196850393701
11
0.4794146456692913
21
-0.3300196850393701
0
LINE
8
BLACK
6
CONTINUOUS
10
0.4794146456692913
20
-0.3300196850393701
11
0.4794148818897638
21
-0.3300196850393701
0
LINE
8
BLACK
6
CONTINUOUS
10
0.4794148818897638
20
-0.3300196850393701
11
0.4794151574803149
21
-0.3300196456692913
0
LINE
8
BLACK
6
CONTINUOUS
10
0.4794151574803149
20
-0.3300196456692913
11
0.4794153149606299
21
-0.3300196456692913
0
LINE
8
BLACK
6
CONTINUOUS
10
0.4794153149606299
20
-0.3300196456692913
11
0.4817990551181102
21
-0.3297633858267717
0
LINE
8
BLACK
6
CONTINUOUS
10
0.4817990551181102
20
-0.3297633858267717
11
0.4817991732283464
21
-0.3297633464566929
0
LINE
8
BLACK
6
CONTINUOUS
10
0.4817991732283464
20
-0.3297633464566929
11
0.4817992519685039
21
-0.3297633464566929
0
LINE
8
BLACK
6
CONTINUOUS
10
0.4817992519685039
20
-0.3297633464566929
11
0.4871930708661417
21
-0.3277515354330708
0
LINE
8
BLACK
6
CONTINUOUS
10
0.4871930708661417
20
-0.3277515354330708
11
0.4871931889763779
21
-0.3277514566929134
0
LINE
8
BLACK
6
CONTINUOUS
10
0.4871931889763779
20
-0.3277514566929134
11
0.4895206692913386
21
-0.3260091338582677
0
LINE
8
BLACK
6
CONTINUOUS
10
0.4895206692913386
20
-0.3260091338582677
11
0.4921395669291339
21
-0.3250323228346457
0
LINE
8
BLACK
6
CONTINUOUS
10
0.4921395669291339
20
-0.3250323228346457
11
0.4924934645669291
21
-0.3250196850393701
0
LINE
8
BLACK
6
CONTINUOUS
10
0.4924934645669291
20
-0.3250196850393701
11
0.5075065354330709
21
-0.3250196850393701
0
LINE
8
BLACK
6
CONTINUOUS
10
0.5075065354330709
20
-0.3250196850393701
11
0.5101884645669291
21
-0.3258071653543307
0
LINE
8
BLACK
6
CONTINUOUS
10
0.5101884645669291
20
-0.3258071653543307
11
0.5104793307086614
21
-0.3260091338582677
0
LINE
8
BLACK
6
CONTINUOUS
10
0.5104793307086614
20
-0.3260091338582677
11
0.5128067716535433
21
-0.3277514566929134
0
LINE
8
BLACK
6
CONTINUOUS
10
0.5128067716535433
20
-0.3277514566929134
11
0.5128068503937008
21
-0.3277514960629921
0
LINE
8
BLACK
6
CONTINUOUS
10
0.5128068503937008
20
-0.3277514960629921
11
0.5128069291338583
21
-0.3277515354330708
0
LINE
8
BLACK
6
CONTINUOUS
10
0.5128069291338583
20
-0.3277515354330708
11
0.515132874015748
21
-0.3286190551181102
0
LINE
8
BLACK
6
CONTINUOUS
10
0.515132874015748
20
-0.3286190551181102
11
0.5182005905511811
21
-0.3297633070866142
0
LINE
8
BLACK
6
CONTINUOUS
10
0.5182005905511811
20
-0.3297633070866142
11
0.518200905511811
21
-0.3297633858267717
0
LINE
8
BLACK
6
CONTINUOUS
10
0.518200905511811
20
-0.3297633858267717
11
0.5205846456692913
21
-0.3300196456692913
0
LINE
8
BLACK
6
CONTINUOUS
10
0.5205846456692913
20
-0.3300196456692913
11
0.5205848425196851
21
-0.3300196456692913
0
LINE
8
BLACK
6
CONTINUOUS
10
0.5205848425196851
20
-0.3300196456692913
11
0.5205851181102362
21
-0.3300196850393701
0
LINE
8
BLACK
6
CONTINUOUS
10
0.5205851181102362
20
-0.3300196850393701
11
0.5205853543307086
21
-0.3300196850393701
0
LINE
8
BLACK
6
CONTINUOUS
10
0.5205853543307086
20
-0.3300196850393701
11
0.5794146456692914
21
-0.3300196850393701
0
LINE
8
BLACK
6
CONTINUOUS
10
0.5794146456692914
20
-0.3300196850393701
11
0.5794148818897638
21
-0.3300196850393701
0
LINE
8
BLACK
6
CONTINUOUS
10
0.5794148818897638
20
-0.3300196850393701
11
0.5794151574803149
21
-0.3300196456692913
0
LINE
8
BLACK
6
CONTINUOUS
10
0.5794151574803149
20
-0.3300196456692913
11
0.5794153149606299
21
-0.3300196456692913
0
LINE
8
BLACK
6
CONTINUOUS
10
0.5794153149606299
20
-0.3300196456692913
11
0.5817990551181103
21
-0.3297633858267717
0
LINE
8
BLACK
6
CONTINUOUS
10
0.5817990551181103
20
-0.3297633858267717
11
0.5817991732283464
21
-0.3297633464566929
0
LINE
8
BLACK
6
CONTINUOUS
10
0.5817991732283464
20
-0.3297633464566929
11
0.5817992519685039
21
-0.3297633464566929
0
LINE
8
BLACK
6
CONTINUOUS
10
0.5817992519685039
20
-0.3297633464566929
11
0.5871930708661417
21
-0.3277515354330708
0
LINE
8
BLACK
6
CONTINUOUS
10
0.5871930708661417
20
-0.3277515354330708
11
0.587193188976378
21
-0.3277514566929134
0
LINE
8
BLACK
6
CONTINUOUS
10
0.587193188976378
20
-0.3277514566929134
11
0.5895206692913386
21
-0.3260091338582677
0
LINE
8
BLACK
6
CONTINUOUS
10
0.5895206692913386
20
-0.3260091338582677
11
0.5921395669291338
21
-0.3250323228346457
0
LINE
8
BLACK
6
CONTINUOUS
10
0.5921395669291338
20
-0.3250323228346457
11
0.5924934645669291
21
-0.3250196850393701
0
LINE
8
BLACK
6
CONTINUOUS
10
0.5924934645669291
20
-0.3250196850393701
11
0.6075065354330709
21
-0.3250196850393701
0
LINE
8
BLACK
6
CONTINUOUS
10
0.6075065354330709
20
-0.3250196850393701
11
0.6101884645669291
21
-0.3258071653543307
0
LINE
8
BLACK
6
CONTINUOUS
10
0.6101884645669291
20
-0.3258071653543307
11
0.6104793307086614
21
-0.3260091338582677
0
LINE
8
BLACK
6
CONTINUOUS
10
0.6104793307086614
20
-0.3260091338582677
11
0.6128067716535432
21
-0.3277514566929134
0
LINE
8
BLACK
6
CONTINUOUS
10
0.6128067716535432
20
-0.3277514566929134
11
0.6128068503937008
21
-0.3277514960629921
0
LINE
8
BLACK
6
CONTINUOUS
10
0.6128068503937008
20
-0.3277514960629921
11
0.6128069291338583
21
-0.3277515354330708
0
LINE
8
BLACK
6
CONTINUOUS
10
0.6128069291338583
20
-0.3277515354330708
11
0.615132874015748
21
-0.3286190551181102
0
LINE
8
BLACK
6
CONTINUOUS
10
0.615132874015748
20
-0.3286190551181102
11
0.618200590551181
21
-0.3297633070866142
0
LINE
8
BLACK
6
CONTINUOUS
10
0.618200590551181
20
-0.3297633070866142
11
0.6182009055118111
21
-0.3297633858267717
0
LINE
8
BLACK
6
CONTINUOUS
10
0.6182009055118111
20
-0.3297633858267717
11
0.6205846456692913
21
-0.3300196456692913
0
LINE
8
BLACK
6
CONTINUOUS
10
0.6205846456692913
20
-0.3300196456692913
11
0.620584842519685
21
-0.3300196456692913
0
LINE
8
BLACK
6
CONTINUOUS
10
0.620584842519685
20
-0.3300196456692913
11
0.6205851181102362
21
-0.3300196850393701
0
LINE
8
BLACK
6
CONTINUOUS
10
0.6205851181102362
20
-0.3300196850393701
11
0.6205853543307086
21
-0.3300196850393701
0
LINE
8
BLACK
6
CONTINUOUS
10
0.6205853543307086
20
-0.3300196850393701
11
0.6794146456692913
21
-0.3300196850393701
0
LINE
8
BLACK
6
CONTINUOUS
10
0.6794146456692913
20
-0.3300196850393701
11
0.6794148818897637
21
-0.3300196850393701
0
LINE
8
BLACK
6
CONTINUOUS
10
0.6794148818897637
20
-0.3300196850393701
11
0.6794151574803149
21
-0.3300196456692913
0
LINE
8
BLACK
6
CONTINUOUS
10
0.6794151574803149
20
-0.3300196456692913
11
0.6794153149606299
21
-0.3300196456692913
0
LINE
8
BLACK
6
CONTINUOUS
10
0.6794153149606299
20
-0.3300196456692913
11
0.6817990551181102
21
-0.3297633858267717
0
LINE
8
BLACK
6
CONTINUOUS
10
0.6817990551181102
20
-0.3297633858267717
11
0.6817991732283465
21
-0.3297633464566929
0
LINE
8
BLACK
6
CONTINUOUS
10
0.6817991732283465
20
-0.3297633464566929
11
0.6817992519685039
21
-0.3297633464566929
0
LINE
8
BLACK
6
CONTINUOUS
10
0.6817992519685039
20
-0.3297633464566929
11
0.6871930708661417
21
-0.3277515354330708
0
LINE
8
BLACK
6
CONTINUOUS
10
0.6871930708661417
20
-0.3277515354330708
11
0.6871931889763779
21
-0.3277514566929134
0
LINE
8
BLACK
6
CONTINUOUS
10
0.6871931889763779
20
-0.3277514566929134
11
0.6895206692913386
21
-0.3260091338582677
0
LINE
8
BLACK
6
CONTINUOUS
10
0.6895206692913386
20
-0.3260091338582677
11
0.6921395669291338
21
-0.3250323228346457
0
LINE
8
BLACK
6
CONTINUOUS
10
0.6921395669291338
20
-0.3250323228346457
11
0.6924934645669292
21
-0.3250196850393701
0
LINE
8
BLACK
6
CONTINUOUS
10
0.6924934645669292
20
-0.3250196850393701
11
0.7075065354330708
21
-0.3250196850393701
0
LINE
8
BLACK
6
CONTINUOUS
10
0.7075065354330708
20
-0.3250196850393701
11
0.7101884645669291
21
-0.3258071653543307
0
LINE
8
BLACK
6
CONTINUOUS
10
0.7101884645669291
20
-0.3258071653543307
11
0.7104793307086614
21
-0.3260091338582677
0
LINE
8
BLACK
6
CONTINUOUS
10
0.7104793307086614
20
-0.3260091338582677
11
0.7128067716535433
21
-0.3277514566929134
0
LINE
8
BLACK
6
CONTINUOUS
10
0.7128067716535433
20
-0.3277514566929134
11
0.7128068503937007
21
-0.3277514960629921
0
LINE
8
BLACK
6
CONTINUOUS
10
0.7128068503937007
20
-0.3277514960629921
11
0.7128069291338582
21
-0.3277515354330708
0
LINE
8
BLACK
6
CONTINUOUS
10
0.7128069291338582
20
-0.3277515354330708
11
0.715132874015748
21
-0.3286190551181102
0
LINE
8
BLACK
6
CONTINUOUS
10
0.715132874015748
20
-0.3286190551181102
11
0.7182005905511811
21
-0.3297633070866142
0
LINE
8
BLACK
6
CONTINUOUS
10
0.7182005905511811
20
-0.3297633070866142
11
0.718200905511811
21
-0.3297633858267717
0
LINE
8
BLACK
6
CONTINUOUS
10
0.718200905511811
20
-0.3297633858267717
11
0.7205846456692914
21
-0.3300196456692913
0
LINE
8
BLACK
6
CONTINUOUS
10
0.7205846456692914
20
-0.3300196456692913
11
0.720584842519685
21
-0.3300196456692913
0
LINE
8
BLACK
6
CONTINUOUS
10
0.720584842519685
20
-0.3300196456692913
11
0.7205851181102362
21
-0.3300196850393701
0
LINE
8
BLACK
6
CONTINUOUS
10
0.7205851181102362
20
-0.3300196850393701
11
0.7205853543307087
21
-0.3300196850393701
0
LINE
8
BLACK
6
CONTINUOUS
10
0.7205853543307087
20
-0.3300196850393701
11
0.7794146456692913
21
-0.3300196850393701
0
LINE
8
BLACK
6
CONTINUOUS
10
0.7794146456692913
20
-0.3300196850393701
11
0.7794148818897637
21
-0.3300196850393701
0
LINE
8
BLACK
6
CONTINUOUS
10
0.7794148818897637
20
-0.3300196850393701
11
0.779415157480315
21
-0.3300196456692913
0
LINE
8
BLACK
6
CONTINUOUS
10
0.779415157480315
20
-0.3300196456692913
11
0.7794153149606299
21
-0.3300196456692913
0
LINE
8
BLACK
6
CONTINUOUS
10
0.7794153149606299
20
-0.3300196456692913
11
0.7817990551181102
21
-0.3297633858267717
0
LINE
8
BLACK
6
CONTINUOUS
10
0.7817990551181102
20
-0.3297633858267717
11
0.7817991732283465
21
-0.3297633464566929
0
LINE
8
BLACK
6
CONTINUOUS
10
0.7817991732283465
20
-0.3297633464566929
11
0.781799251968504
21
-0.3297633464566929
0
LINE
8
BLACK
6
CONTINUOUS
10
0.781799251968504
20
-0.3297633464566929
11
0.7871930708661418
21
-0.3277515354330708
0
LINE
8
BLACK
6
CONTINUOUS
10
0.7871930708661418
20
-0.3277515354330708
11
0.7871931889763779
21
-0.3277514566929134
0
LINE
8
BLACK
6
CONTINUOUS
10
0.7871931889763779
20
-0.3277514566929134
11
0.7895206692913386
21
-0.3260091338582677
0
LINE
8
BLACK
6
CONTINUOUS
10
0.7895206692913386
20
-0.3260091338582677
11
0.7921395669291338
21
-0.3250323228346457
0
LINE
8
BLACK
6
CONTINUOUS
10
0.7921395669291338
20
-0.3250323228346457
11
0.7924934645669292
21
-0.3250196850393701
0
LINE
8
BLACK
6
CONTINUOUS
10
0.7924934645669292
20
-0.3250196850393701
11
0.8075065354330708
21
-0.3250196850393701
0
LINE
8
BLACK
6
CONTINUOUS
10
0.8075065354330708
20
-0.3250196850393701
11
0.8101884645669292
21
-0.3258071653543307
0
LINE
8
BLACK
6
CONTINUOUS
10
0.8101884645669292
20
-0.3258071653543307
11
0.8104793307086614
21
-0.3260091338582677
0
LINE
8
BLACK
6
CONTINUOUS
10
0.8104793307086614
20
-0.3260091338582677
11
0.8128067716535433
21
-0.3277514566929134
0
LINE
8
BLACK
6
CONTINUOUS
10
0.8128067716535433
20
-0.3277514566929134
11
0.8128068503937008
21
-0.3277514960629921
0
LINE
8
BLACK
6
CONTINUOUS
10
0.8128068503937008
20
-0.3277514960629921
11
0.8128069291338582
21
-0.3277515354330708
0
LINE
8
BLACK
6
CONTINUOUS
10
0.8128069291338582
20
-0.3277515354330708
11
0.815132874015748
21
-0.3286190551181102
0
LINE
8
BLACK
6
CONTINUOUS
10
0.815132874015748
20
-0.3286190551181102
11
0.8182005905511811
21
-0.3297633070866142
0
LINE
8
BLACK
6
CONTINUOUS
10
0.8182005905511811
20
-0.3297633070866142
11
0.818200905511811
21
-0.3297633858267717
0
LINE
8
BLACK
6
CONTINUOUS
10
0.818200905511811
20
-0.3297633858267717
11
0.8205846456692913
21
-0.3300196456692913
0
LINE
8
BLACK
6
CONTINUOUS
10
0.8205846456692913
20
-0.3300196456692913
11
0.820584842519685
21
-0.3300196456692913
0
LINE
8
BLACK
6
CONTINUOUS
10
0.820584842519685
20
-0.3300196456692913
11
0.8205851181102362
21
-0.3300196850393701
0
LINE
8
BLACK
6
CONTINUOUS
10
0.8205851181102362
20
-0.3300196850393701
11
0.8205853543307087
21
-0.3300196850393701
0
LINE
8
BLACK
6
CONTINUOUS
10
0.8205853543307087
20
-0.3300196850393701
11
0.8794146456692913
21
-0.3300196850393701
0
LINE
8
BLACK
6
CONTINUOUS
10
0.8794146456692913
20
-0.3300196850393701
11
0.8794148818897638
21
-0.3300196850393701
0
LINE
8
BLACK
6
CONTINUOUS
10
0.8794148818897638
20
-0.3300196850393701
11
0.879415157480315
21
-0.3300196456692913
0
LINE
8
BLACK
6
CONTINUOUS
10
0.879415157480315
20
-0.3300196456692913
11
0.8794153149606299
21
-0.3300196456692913
0
LINE
8
BLACK
6
CONTINUOUS
10
0.8794153149606299
20
-0.3300196456692913
11
0.8817990551181102
21
-0.3297633858267717
0
LINE
8
BLACK
6
CONTINUOUS
10
0.8817990551181102
20
-0.3297633858267717
11
0.8817991732283464
21
-0.3297633464566929
0
LINE
8
BLACK
6
CONTINUOUS
10
0.8817991732283464
20
-0.3297633464566929
11
0.8817992519685039
21
-0.3297633464566929
0
LINE
8
BLACK
6
CONTINUOUS
10
0.8817992519685039
20
-0.3297633464566929
11
0.8871930708661417
21
-0.3277515354330708
0
LINE
8
BLACK
6
CONTINUOUS
10
0.8871930708661417
20
-0.3277515354330708
11
0.8871931889763779
21
-0.3277514566929134
0
LINE
8
BLACK
6
CONTINUOUS
10
0.8871931889763779
20
-0.3277514566929134
11
0.8895206692913386
21
-0.3260091338582677
0
LINE
8
BLACK
6
CONTINUOUS
10
0.8895206692913386
20
-0.3260091338582677
11
0.8921395669291339
21
-0.3250323228346457
0
LINE
8
BLACK
6
CONTINUOUS
10
0.8921395669291339
20
-0.3250323228346457
11
0.8924934645669291
21
-0.3250196850393701
0
LINE
8
BLACK
6
CONTINUOUS
10
0.8924934645669291
20
-0.3250196850393701
11
0.9075065354330708
21
-0.3250196850393701
0
LINE
8
BLACK
6
CONTINUOUS
10
0.9075065354330708
20
-0.3250196850393701
11
0.9101884645669291
21
-0.3258071653543307
0
LINE
8
BLACK
6
CONTINUOUS
10
0.9101884645669291
20
-0.3258071653543307
11
0.9104793307086614
21
-0.3260091338582677
0
LINE
8
BLACK
6
CONTINUOUS
10
0.9104793307086614
20
-0.3260091338582677
11
0.9128067716535433
21
-0.3277514566929134
0
LINE
8
BLACK
6
CONTINUOUS
10
0.9128067716535433
20
-0.3277514566929134
11
0.9128068503937008
21
-0.3277514960629921
0
LINE
8
BLACK
6
CONTINUOUS
10
0.9128068503937008
20
-0.3277514960629921
11
0.9128069291338583
21
-0.3277515354330708
0
LINE
8
BLACK
6
CONTINUOUS
10
0.9128069291338583
20
-0.3277515354330708
11
0.9151328740157481
21
-0.3286190551181102
0
LINE
8
BLACK
6
CONTINUOUS
10
0.9151328740157481
20
-0.3286190551181102
11
0.9182005905511811
21
-0.3297633070866142
0
LINE
8
BLACK
6
CONTINUOUS
10
0.9182005905511811
20
-0.3297633070866142
11
0.918200905511811
21
-0.3297633858267717
0
LINE
8
BLACK
6
CONTINUOUS
10
0.918200905511811
20
-0.3297633858267717
11
0.9205846456692913
21
-0.3300196456692913
0
LINE
8
BLACK
6
CONTINUOUS
10
0.9205846456692913
20
-0.3300196456692913
11
0.920584842519685
21
-0.3300196456692913
0
LINE
8
BLACK
6
CONTINUOUS
10
0.920584842519685
20
-0.3300196456692913
11
0.9205851181102362
21
-0.3300196850393701
0
LINE
8
BLACK
6
CONTINUOUS
10
0.9205851181102362
20
-0.3300196850393701
11
0.9205853543307086
21
-0.3300196850393701
0
LINE
8
BLACK
6
CONTINUOUS
10
0.9205853543307086
20
-0.3300196850393701
11
0.9794146456692913
21
-0.3300196850393701
0
LINE
8
BLACK
6
CONTINUOUS
10
0.9794146456692913
20
-0.3300196850393701
11
0.9794148818897638
21
-0.3300196850393701
0
LINE
8
BLACK
6
CONTINUOUS
10
0.9794148818897638
20
-0.3300196850393701
11
0.9794151574803149
21
-0.3300196456692913
0
LINE
8
BLACK
6
CONTINUOUS
10
0.9794151574803149
20
-0.3300196456692913
11
0.9794153149606299
21
-0.3300196456692913
0
LINE
8
BLACK
6
CONTINUOUS
10
0.9794153149606299
20
-0.3300196456692913
11
0.9817990551181102
21
-0.3297633858267717
0
LINE
8
BLACK
6
CONTINUOUS
10
0.9817990551181102
20
-0.3297633858267717
11
0.9817991732283464
21
-0.3297633464566929
0
LINE
8
BLACK
6
CONTINUOUS
10
0.9817991732283464
20
-0.3297633464566929
11
0.9817992519685039
21
-0.3297633464566929
0
LINE
8
BLACK
6
CONTINUOUS
10
0.9817992519685039
20
-0.3297633464566929
11
0.9871930708661417
21
-0.3277515354330708
0
LINE
8
BLACK
6
CONTINUOUS
10
0.9871930708661417
20
-0.3277515354330708
11
0.987193188976378
21
-0.3277514566929134
0
LINE
8
BLACK
6
CONTINUOUS
10
0.987193188976378
20
-0.3277514566929134
11
0.9895206692913385
21
-0.3260091338582677
0
LINE
8
BLACK
6
CONTINUOUS
10
0.9895206692913385
20
-0.3260091338582677
11
0.9921395669291339
21
-0.3250323228346457
0
LINE
8
BLACK
6
CONTINUOUS
10
0.9921395669291339
20
-0.3250323228346457
11
0.9924934645669291
21
-0.3250196850393701
0
LINE
8
BLACK
6
CONTINUOUS
10
0.9924934645669291
20
-0.3250196850393701
11
1.0075065354330708
21
-0.3250196850393701
0
LINE
8
BLACK
6
CONTINUOUS
10
1.0075065354330708
20
-0.3250196850393701
11
1.010188464566929
21
-0.3258071653543307
0
LINE
8
BLACK
6
CONTINUOUS
10
1.010188464566929
20
-0.3258071653543307
11
1.0104793307086615
21
-0.3260091338582677
0
LINE
8
BLACK
6
CONTINUOUS
10
1.0104793307086615
20
-0.3260091338582677
11
1.0128067716535434
21
-0.3277514566929134
0
LINE
8
BLACK
6
CONTINUOUS
10
1.0128067716535434
20
-0.3277514566929134
11
1.0128068503937007
21
-0.3277514960629921
0
LINE
8
BLACK
6
CONTINUOUS
10
1.0128068503937007
20
-0.3277514960629921
11
1.0128069291338582
21
-0.3277515354330708
0
LINE
8
BLACK
6
CONTINUOUS
10
1.0128069291338582
20
-0.3277515354330708
11
1.0151328740157479
21
-0.3286190551181102
0
LINE
8
BLACK
6
CONTINUOUS
10
1.0151328740157479
20
-0.3286190551181102
11
1.0182005905511811
21
-0.3297633070866142
0
LINE
8
BLACK
6
CONTINUOUS
10
1.0182005905511811
20
-0.3297633070866142
11
1.0182009055118111
21
-0.3297633858267717
0
LINE
8
BLACK
6
CONTINUOUS
10
1.0182009055118111
20
-0.3297633858267717
11
1.0205846456692913
21
-0.3300196456692913
0
LINE
8
BLACK
6
CONTINUOUS
10
1.0205846456692913
20
-0.3300196456692913
11
1.0205848425196851
21
-0.3300196456692913
0
LINE
8
BLACK
6
CONTINUOUS
10
1.0205848425196851
20
-0.3300196456692913
11
1.0205851181102361
21
-0.3300196850393701
0
LINE
8
BLACK
6
CONTINUOUS
10
1.0205851181102361
20
-0.3300196850393701
11
1.0205853543307086
21
-0.3300196850393701
0
LINE
8
BLACK
6
CONTINUOUS
10
1.0205853543307086
20
-0.3300196850393701
11
1.0794146456692912
21
-0.3300196850393701
0
LINE
8
BLACK
6
CONTINUOUS
10
1.0794146456692912
20
-0.3300196850393701
11
1.0794148818897638
21
-0.3300196850393701
0
LINE
8
BLACK
6
CONTINUOUS
10
1.0794148818897638
20
-0.3300196850393701
11
1.079415157480315
21
-0.3300196456692913
0
LINE
8
BLACK
6
CONTINUOUS
10
1.079415157480315
20
-0.3300196456692913
11
1.0794153149606298
21
-0.3300196456692913
0
LINE
8
BLACK
6
CONTINUOUS
10
1.0794153149606298
20
-0.3300196456692913
11
1.0817990551181103
21
-0.3297633858267717
0
LINE
8
BLACK
6
CONTINUOUS
10
1.0817990551181103
20
-0.3297633858267717
11
1.0817991732283465
21
-0.3297633464566929
0
LINE
8
BLACK
6
CONTINUOUS
10
1.0817991732283465
20
-0.3297633464566929
11
1.081799251968504
21
-0.3297633464566929
0
LINE
8
BLACK
6
CONTINUOUS
10
1.081799251968504
20
-0.3297633464566929
11
1.0871930708661417
21
-0.3277515354330708
0
LINE
8
BLACK
6
CONTINUOUS
10
1.0871930708661417
20
-0.3277515354330708
11
1.087193188976378
21
-0.3277514566929134
0
LINE
8
BLACK
6
CONTINUOUS
10
1.087193188976378
20
-0.3277514566929134
11
1.0895206692913386
21
-0.3260091338582677
0
LINE
8
BLACK
6
CONTINUOUS
10
1.0895206692913386
20
-0.3260091338582677
11
1.0921395669291338
21
-0.3250323228346457
0
LINE
8
BLACK
6
CONTINUOUS
10
1.0921395669291338
20
-0.3250323228346457
11
1.0924934645669291
21
-0.3250196850393701
0
LINE
8
BLACK
6
CONTINUOUS
10
1.0924934645669291
20
-0.3250196850393701
11
1.1043813385826771
21
-0.3250196850393701
0
LINE
8
BLACK
6
CONTINUOUS
10
1.1043813385826771
20
-0.3250196850393701
11
1.1070632677165355
21
-0.3258071653543307
0
LINE
8
BLACK
6
CONTINUOUS
10
1.1070632677165355
20
-0.3258071653543307
11
1.1079061811023623
21
-0.3265920078740158
0
LINE
8
BLACK
6
CONTINUOUS
10
1.1079061811023623
20
-0.3265920078740158
11
1.1079474803149607
21
-0.326550748031496
0
LINE
8
BLACK
6
CONTINUOUS
10
1.1079474803149607
20
-0.326550748031496
11
1.1081982677165354
21
-0.3268015354330708
0
LINE
8
BLACK
6
CONTINUOUS
10
1.1081982677165354
20
-0.3268015354330708
11
1.1128067716535432
21
-0.3302514566929134
0
LINE
8
BLACK
6
CONTINUOUS
10
1.1128067716535432
20
-0.3302514566929134
11
1.1128068503937008
21
-0.3302514960629921
0
LINE
8
BLACK
6
CONTINUOUS
10
1.1128068503937008
20
-0.3302514960629921
11
1.1128069291338583
21
-0.3302515354330708
0
LINE
8
BLACK
6
CONTINUOUS
10
1.1128069291338583
20
-0.3302515354330708
11
1.115132874015748
21
-0.3311190551181102
0
LINE
8
BLACK
6
CONTINUOUS
10
1.115132874015748
20
-0.3311190551181102
11
1.1182005905511812
21
-0.3322633070866142
0
LINE
8
BLACK
6
CONTINUOUS
10
1.1182005905511812
20
-0.3322633070866142
11
1.1182009055118109
21
-0.3322633858267717
0
LINE
8
BLACK
6
CONTINUOUS
10
1.1182009055118109
20
-0.3322633858267717
11
1.1205846456692914
21
-0.3325196456692913
0
LINE
8
BLACK
6
CONTINUOUS
10
1.1205846456692914
20
-0.3325196456692913
11
1.1205848425196849
21
-0.3325196456692913
0
LINE
8
BLACK
6
CONTINUOUS
10
1.1205848425196849
20
-0.3325196456692913
11
1.1205851181102362
21
-0.3325196850393701
0
LINE
8
BLACK
6
CONTINUOUS
10
1.1205851181102362
20
-0.3325196850393701
11
1.1205853543307087
21
-0.3325196850393701
0
LINE
8
BLACK
6
CONTINUOUS
10
1.1205853543307087
20
-0.3325196850393701
11
1.1782720472440944
21
-0.3325196850393701
0
LINE
8
BLACK
6
CONTINUOUS
10
1.1782720472440944
20
-0.3325196850393701
11
1.1809539763779526
21
-0.3333071653543307
0
LINE
8
BLACK
6
CONTINUOUS
10
1.1809539763779526
20
-0.3333071653543307
11
1.1816892913385826
21
-0.3338997637795276
0
LINE
8
BLACK
6
CONTINUOUS
10
1.1816892913385826
20
-0.3338997637795276
11
1.1817068897637795
21
-0.3338997637795276
0
LINE
8
BLACK
6
CONTINUOUS
10
1.1817068897637795
20
-0.3338997637795276
11
1.2695308267716534
21
-0.3338997637795276
0
LINE
8
BLACK
6
CONTINUOUS
10
1.2695308267716534
20
-0.3338997637795276
11
1.2695308267716534
21
-0.0569631496062992
0
LINE
8
BLACK
6
CONTINUOUS
10
1.2695308267716534
20
-0.0569631496062992
11
1.2703183070866142
21
-0.0542812204724409
0
LINE
8
BLACK
6
CONTINUOUS
10
1.2703183070866142
20
-0.0542812204724409
11
1.272430748031496
21
-0.0524507874015748
0
LINE
8
BLACK
6
CONTINUOUS
10
1.272430748031496
20
-0.0524507874015748
11
1.2744914566929133
21
-0.0520025196850394
0
LINE
8
BLACK
6
CONTINUOUS
10
1.2744914566929133
20
-0.0520025196850394
11
1.5469506299212599
21
-0.0520025196850394
0
LINE
8
BLACK
6
CONTINUOUS
10
1.5469506299212599
20
-0.0520025196850394
11
1.5469506299212599
21
0.0357930708661417
0
LINE
8
BLACK
6
CONTINUOUS
10
1.5469506299212599
20
0.0357930708661417
11
1.2473799212598424
21
0.0357930708661417
0
LINE
8
BLACK
6
CONTINUOUS
10
1.2473799212598424
20
0.0357930708661417
11
1.2473799212598424
21
-0.049932125984252
0
LINE
8
BLACK
6
CONTINUOUS
10
1.2473799212598424
20
-0.049932125984252
11
1.2465924409448819
21
-0.0526140551181102
0
LINE
8
BLACK
6
CONTINUOUS
10
1.2465924409448819
20
-0.0526140551181102
11
1.24448
21
-0.0544444881889764
0
LINE
8
BLACK
6
CONTINUOUS
10
1.24448
20
-0.0544444881889764
11
1.2424192913385828
21
-0.0548927559055118
0
LINE
8
BLACK
6
CONTINUOUS
10
1.2424192913385828
20
-0.0548927559055118
11
1.2006547244094488
21
-0.0548927559055118
0
LINE
8
BLACK
6
CONTINUOUS
10
1.2006547244094488
20
-0.0548927559055118
11
1.1979727952755905
21
-0.0541052755905512
0
LINE
8
BLACK
6
CONTINUOUS
10
1.1979727952755905
20
-0.0541052755905512
11
1.1961423622047245
21
-0.0519928346456693
0
LINE
8
BLACK
6
CONTINUOUS
10
1.1961423622047245
20
-0.0519928346456693
11
1.1957445669291338
21
-0.0492261417322835
0
LINE
8
BLACK
6
CONTINUOUS
10
1.1957445669291338
20
-0.0492261417322835
11
1.1966835433070866
21
-0.0469592913385827
0
LINE
8
BLACK
6
CONTINUOUS
10
1.1966835433070866
20
-0.0469592913385827
11
1.196801496062992
21
-0.0468016535433071
0
LINE
8
BLACK
6
CONTINUOUS
10
1.196801496062992
20
-0.0468016535433071
11
1.1968016141732283
21
-0.0468016141732283
0
LINE
8
BLACK
6
CONTINUOUS
10
1.1968016141732283
20
-0.0468016141732283
11
1.2002515354330709
21
-0.0421930708661417
0
LINE
8
BLACK
6
CONTINUOUS
10
1.2002515354330709
20
-0.0421930708661417
11
1.202263346456693
21
-0.0367992519685039
0
LINE
8
BLACK
6
CONTINUOUS
10
1.202263346456693
20
-0.0367992519685039
11
1.20251968503937
21
-0.0344148818897638
0
LINE
8
BLACK
6
CONTINUOUS
10
1.20251968503937
20
-0.0344148818897638
11
1.20251968503937
21
0.0344148818897638
0
LINE
8
BLACK
6
CONTINUOUS
10
1.20251968503937
20
0.0344148818897638
11
1.202263346456693
21
0.0367992519685039
0
LINE
8
BLACK
6
CONTINUOUS
10
1.202263346456693
20
0.0367992519685039
11
1.2002515354330709
21
0.0421930708661417
0
LINE
8
BLACK
6
CONTINUOUS
10
1.2002515354330709
20
0.0421930708661417
11
1.1968016141732283
21
0.0468016141732283
0
LINE
8
BLACK
6
CONTINUOUS
10
1.1968016141732283
20
0.0468016141732283
11
1.1921930708661417
21
0.0502515354330709
0
LINE
8
BLACK
6
CONTINUOUS
10
1.1921930708661417
20
0.0502515354330709
11
1.186799251968504
21
0.0522633464566929
0
LINE
8
BLACK
6
CONTINUOUS
10
1.186799251968504
20
0.0522633464566929
11
1.1867991732283465
21
0.0522633464566929
0
LINE
8
BLACK
6
CONTINUOUS
10
1.1867991732283465
20
0.0522633464566929
11
1.1867990551181102
21
0.0522633858267717
0
LINE
8
BLACK
6
CONTINUOUS
10
1.1867990551181102
20
0.0522633858267717
11
1.1844153149606298
21
0.0525196456692913
0
LINE
8
BLACK
6
CONTINUOUS
10
1.1844153149606298
20
0.0525196456692913
11
1.184415157480315
21
0.0525196456692913
0
LINE
8
BLACK
6
CONTINUOUS
10
1.184415157480315
20
0.0525196456692913
11
1.1844148818897637
21
0.0525196850393701
0
LINE
8
BLACK
6
CONTINUOUS
10
1.1844148818897637
20
0.0525196850393701
11
1.1844146456692912
21
0.0525196850393701
0
LINE
8
BLACK
6
CONTINUOUS
10
1.1844146456692912
20
0.0525196850393701
11
1.1384537795275591
21
0.0525196850393701
0
LINE
8
BLACK
6
CONTINUOUS
10
1.1384537795275591
20
0.0525196850393701
11
1.1357718503937007
21
0.0533071653543307
0
LINE
8
BLACK
6
CONTINUOUS
10
1.1357718503937007
20
0.0533071653543307
11
1.1349461023622047
21
0.0539726377952756
0
LINE
8
BLACK
6
CONTINUOUS
10
1.1349461023622047
20
0.0539726377952756
11
0.9741726377952755
21
0.214746062992126
0
LINE
8
BLACK
6
CONTINUOUS
10
0.9741726377952755
20
0.214746062992126
11
0.9728330314960629
21
0.2171992913385827
0
LINE
8
BLACK
6
CONTINUOUS
10
0.9728330314960629
20
0.2171992913385827
11
0.97271968503937
21
0.2182537401574803
0
LINE
8
BLACK
6
CONTINUOUS
10
0.97271968503937
20
0.2182537401574803
11
0.97271968503937
21
0.2243321653543307
0
LINE
8
BLACK
6
CONTINUOUS
10
0.97271968503937
20
0.2243321653543307
11
0.9730324015748031
21
0.2260655905511811
0
LINE
8
BLACK
6
CONTINUOUS
10
0.9730324015748031
20
0.2260655905511811
11
0.973068031496063
21
0.2261611417322835
0
LINE
8
BLACK
6
CONTINUOUS
10
0.973068031496063
20
0.2261611417322835
11
0.9732133464566929
21
0.2265507480314961
0
LINE
8
BLACK
6
CONTINUOUS
10
0.9732133464566929
20
0.2265507480314961
11
0.9732488188976378
21
0.2268804330708661
0
LINE
8
BLACK
6
CONTINUOUS
10
0.9732488188976378
20
0.2268804330708661
11
0.9734696456692913
21
0.2289346456692913
0
LINE
8
BLACK
6
CONTINUOUS
10
0.9734696456692913
20
0.2289346456692913
11
0.97346968503937
21
0.2289353149606299
0
LINE
8
BLACK
6
CONTINUOUS
10
0.97346968503937
20
0.2289353149606299
11
0.97346968503937
21
0.2881356299212599
0
LINE
8
BLACK
6
CONTINUOUS
10
0.97346968503937
20
0.2881356299212599
11
0.9742571653543307
21
0.2908175590551181
0
LINE
8
BLACK
6
CONTINUOUS
10
0.9742571653543307
20
0.2908175590551181
11
0.9763696062992125
21
0.2926479921259842
0
LINE
8
BLACK
6
CONTINUOUS
10
0.9763696062992125
20
0.2926479921259842
11
0.9791362992125984
21
0.2930457874015748
0
LINE
8
BLACK
6
CONTINUOUS
10
0.9791362992125984
20
0.2930457874015748
11
0.9816788188976378
21
0.2918846062992126
0
LINE
8
BLACK
6
CONTINUOUS
10
0.9816788188976378
20
0.2918846062992126
11
0.9819379921259842
21
0.2916433070866142
0
LINE
8
BLACK
6
CONTINUOUS
10
0.9819379921259842
20
0.2916433070866142
11
1.0210273622047243
21
0.252553937007874
0
LINE
8
BLACK
6
CONTINUOUS
10
1.0210273622047243
20
0.252553937007874
11
1.0223669685039369
21
0.2501007086614173
0
LINE
8
BLACK
6
CONTINUOUS
10
1.0223669685039369
20
0.2501007086614173
11
1.0224803149606299
21
0.2490462598425197
0
LINE
8
BLACK
6
CONTINUOUS
10
1.0224803149606299
20
0.2490462598425197
11
1.0224803149606299
21
0.2330846456692913
0
LINE
8
BLACK
6
CONTINUOUS
10
1.0224803149606299
20
0.2330846456692913
11
1.0227365748031496
21
0.230700905511811
0
LINE
8
BLACK
6
CONTINUOUS
10
1.0227365748031496
20
0.230700905511811
11
1.0227366535433071
21
0.2307005905511811
0
LINE
8
BLACK
6
CONTINUOUS
10
1.0227366535433071
20
0.2307005905511811
11
1.0247484251968504
21
0.225306968503937
0
LINE
8
BLACK
6
CONTINUOUS
10
1.0247484251968504
20
0.225306968503937
11
1.0247485039370079
21
0.2253067716535433
0
LINE
8
BLACK
6
CONTINUOUS
10
1.0247485039370079
20
0.2253067716535433
11
1.0281983464566928
21
0.2206983464566929
0
LINE
8
BLACK
6
CONTINUOUS
10
1.0281983464566928
20
0.2206983464566929
11
1.0328067716535432
21
0.2172485039370079
0
LINE
8
BLACK
6
CONTINUOUS
10
1.0328067716535432
20
0.2172485039370079
11
1.0328069685039369
21
0.2172484251968504
0
LINE
8
BLACK
6
CONTINUOUS
10
1.0328069685039369
20
0.2172484251968504
11
1.0382005905511811
21
0.2152366535433071
0
LINE
8
BLACK
6
CONTINUOUS
10
1.0382005905511811
20
0.2152366535433071
11
1.0382009055118111
21
0.2152365748031496
0
LINE
8
BLACK
6
CONTINUOUS
10
1.0382009055118111
20
0.2152365748031496
11
1.0405846456692913
21
0.2149803149606299
0
LINE
8
BLACK
6
CONTINUOUS
10
1.0405846456692913
20
0.2149803149606299
11
1.0405851181102361
21
0.2149803149606299
0
LINE
8
BLACK
6
CONTINUOUS
10
1.0405851181102361
20
0.2149803149606299
11
1.0994153149606298
21
0.2149803149606299
0
LINE
8
BLACK
6
CONTINUOUS
10
1.0994153149606298
20
0.2149803149606299
11
1.1017990551181103
21
0.2152365748031496
0
LINE
8
BLACK
6
CONTINUOUS
10
1.1017990551181103
20
0.2152365748031496
11
1.1017993700787401
21
0.2152366535433071
0
LINE
8
BLACK
6
CONTINUOUS
10
1.1017993700787401
20
0.2152366535433071
11
1.1071929921259842
21
0.2172484251968504
0
LINE
8
BLACK
6
CONTINUOUS
10
1.1071929921259842
20
0.2172484251968504
11
1.107193188976378
21
0.2172485039370079
0
LINE
8
BLACK
6
CONTINUOUS
10
1.107193188976378
20
0.2172485039370079
11
1.1118016141732283
21
0.2206983464566929
0
LINE
8
BLACK
6
CONTINUOUS
10
1.1118016141732283
20
0.2206983464566929
11
1.1135189763779527
21
0.2229924803149606
0
LINE
8
BLACK
6
CONTINUOUS
10
1.1135189763779527
20
0.2229924803149606
11
1.1157566141732282
21
0.2246675590551181
0
LINE
8
BLACK
6
CONTINUOUS
10
1.1157566141732282
20
0.2246675590551181
11
1.1174901574803149
21
0.2249803149606299
0
LINE
8
BLACK
6
CONTINUOUS
10
1.1174901574803149
20
0.2249803149606299
11
1.1840462598425197
21
0.2249803149606299
0
LINE
8
BLACK
6
CONTINUOUS
10
1.1840462598425197
20
0.2249803149606299
11
1.1867281889763779
21
0.2241928346456693
0
LINE
8
BLACK
6
CONTINUOUS
10
1.1867281889763779
20
0.2241928346456693
11
1.187553937007874
21
0.2235273622047244
0
LINE
8
BLACK
6
CONTINUOUS
10
1.187553937007874
20
0.2235273622047244
11
1.2510273622047243
21
0.160053937007874
0
LINE
8
BLACK
6
CONTINUOUS
10
1.2510273622047243
20
0.160053937007874
11
1.2523669685039369
21
0.1576007086614173
0
LINE
8
BLACK
6
CONTINUOUS
10
1.2523669685039369
20
0.1576007086614173
11
1.2524803149606298
21
0.1565462598425197
0
LINE
8
BLACK
6
CONTINUOUS
10
1.2524803149606298
20
0.1565462598425197
11
1.2524803149606298
21
0.1105846456692913
0
LINE
8
BLACK
6
CONTINUOUS
10
1.2524803149606298
20
0.1105846456692913
11
1.2527365748031496
21
0.108200905511811
0
LINE
8
BLACK
6
CONTINUOUS
10
1.2527365748031496
20
0.108200905511811
11
1.2527366535433071
21
0.1082005905511811
0
LINE
8
BLACK
6
CONTINUOUS
10
1.2527366535433071
20
0.1082005905511811
11
1.2547484251968504
21
0.102806968503937
0
LINE
8
BLACK
6
CONTINUOUS
10
1.2547484251968504
20
0.102806968503937
11
1.2547485039370079
21
0.1028067716535433
0
LINE
8
BLACK
6
CONTINUOUS
10
1.2547485039370079
20
0.1028067716535433
11
1.2581983464566928
21
0.0981983464566929
0
LINE
8
BLACK
6
CONTINUOUS
10
1.2581983464566928
20
0.0981983464566929
11
1.2628067716535434
21
0.0947485039370079
0
LINE
8
BLACK
6
CONTINUOUS
10
1.2628067716535434
20
0.0947485039370079
11
1.2628069685039369
21
0.0947484251968504
0
LINE
8
BLACK
6
CONTINUOUS
10
1.2628069685039369
20
0.0947484251968504
11
1.2682005905511811
21
0.0927366535433071
0
LINE
8
BLACK
6
CONTINUOUS
10
1.2682005905511811
20
0.0927366535433071
11
1.2682009055118111
21
0.0927365748031496
0
LINE
8
BLACK
6
CONTINUOUS
10
1.2682009055118111
20
0.0927365748031496
11
1.2705846456692913
21
0.0924803149606299
0
LINE
8
BLACK
6
CONTINUOUS
10
1.2705846456692913
20
0.0924803149606299
11
1.2705851181102361
21
0.0924803149606299
0
LINE
8
BLACK
6
CONTINUOUS
10
1.2705851181102361
20
0.0924803149606299
11
1.3394153149606298
21
0.0924803149606299
0
LINE
8
BLACK
6
CONTINUOUS
10
1.3394153149606298
20
0.0924803149606299
11
1.3417990551181103
21
0.0927365748031496
0
LINE
8
BLACK
6
CONTINUOUS
10
1.3417990551181103
20
0.0927365748031496
11
1.3417993700787401
21
0.0927366535433071
0
LINE
8
BLACK
6
CONTINUOUS
10
1.3417993700787401
20
0.0927366535433071
11
1.3471929921259842
21
0.0947484251968504
0
LINE
8
BLACK
6
CONTINUOUS
10
1.3471929921259842
20
0.0947484251968504
11
1.347193188976378
21
0.0947485039370079
0
LINE
8
BLACK
6
CONTINUOUS
10
1.347193188976378
20
0.0947485039370079
11
1.3518016141732283
21
0.0981983464566929
0
LINE
8
BLACK
6
CONTINUOUS
10
1.3518016141732283
20
0.0981983464566929
11
1.3552514566929132
21
0.1028067716535433
0
LINE
8
BLACK
6
CONTINUOUS
10
1.3552514566929132
20
0.1028067716535433
11
1.3552515354330708
21
0.102806968503937
0
LINE
8
BLACK
6
CONTINUOUS
10
1.3552515354330708
20
0.102806968503937
11
1.3553975590551182
21
0.1031983858267717
0
LINE
8
BLACK
6
CONTINUOUS
10
1.3553975590551182
20
0.1031983858267717
11
1.3561190551181102
21
0.105132874015748
0
LINE
8
BLACK
6
CONTINUOUS
10
1.3561190551181102
20
0.105132874015748
11
1.3572633070866142
21
0.1082005905511811
0
LINE
8
BLACK
6
CONTINUOUS
10
1.3572633070866142
20
0.1082005905511811
11
1.3572633858267715
21
0.108200905511811
0
LINE
8
BLACK
6
CONTINUOUS
10
1.3572633858267715
20
0.108200905511811
11
1.3575196456692913
21
0.1105846456692913
0
LINE
8
BLACK
6
CONTINUOUS
10
1.3575196456692913
20
0.1105846456692913
11
1.35751968503937
21
0.1105853149606299
0
LINE
8
BLACK
6
CONTINUOUS
10
1.35751968503937
20
0.1105853149606299
11
1.35751968503937
21
0.1794146456692913
0
LINE
8
BLACK
6
CONTINUOUS
10
1.35751968503937
20
0.1794146456692913
11
1.3575196456692913
21
0.1794153149606299
0
LINE
8
BLACK
6
CONTINUOUS
10
1.3575196456692913
20
0.1794153149606299
11
1.3572633858267715
21
0.1817990551181102
0
LINE
8
BLACK
6
CONTINUOUS
10
1.3572633858267715
20
0.1817990551181102
11
1.3572633070866142
21
0.1817993700787401
0
LINE
8
BLACK
6
CONTINUOUS
10
1.3572633070866142
20
0.1817993700787401
11
1.3561511811023621
21
0.184781062992126
0
LINE
8
BLACK
6
CONTINUOUS
10
1.3561511811023621
20
0.184781062992126
11
1.3552515354330708
21
0.1871930708661417
0
LINE
8
BLACK
6
CONTINUOUS
10
1.3552515354330708
20
0.1871930708661417
11
1.3518016141732283
21
0.1918016141732283
0
LINE
8
BLACK
6
CONTINUOUS
10
1.3518016141732283
20
0.1918016141732283
11
1.351801496062992
21
0.1918016929133858
0
LINE
8
BLACK
6
CONTINUOUS
10
1.351801496062992
20
0.1918016929133858
11
1.3516327165354329
21
0.1920271653543307
0
LINE
8
BLACK
6
CONTINUOUS
10
1.3516327165354329
20
0.1920271653543307
11
1.350655905511811
21
0.194646062992126
0
LINE
8
BLACK
6
CONTINUOUS
10
1.350655905511811
20
0.194646062992126
11
1.3512500393700788
21
0.1973773622047244
0
LINE
8
BLACK
6
CONTINUOUS
10
1.3512500393700788
20
0.1973773622047244
11
1.3516327165354329
21
0.1979728346456693
0
LINE
8
BLACK
6
CONTINUOUS
10
1.3516327165354329
20
0.1979728346456693
11
1.351801496062992
21
0.1981982677165354
0
LINE
8
BLACK
6
CONTINUOUS
10
1.351801496062992
20
0.1981982677165354
11
1.3518016141732283
21
0.1981983858267717
0
LINE
8
BLACK
6
CONTINUOUS
10
1.3518016141732283
20
0.1981983858267717
11
1.3552515354330708
21
0.2028069291338583
0
LINE
8
BLACK
6
CONTINUOUS
10
1.3552515354330708
20
0.2028069291338583
11
1.3571164566929133
21
0.2078069291338583
0
LINE
8
BLACK
6
CONTINUOUS
10
1.3571164566929133
20
0.2078069291338583
11
1.3572633070866142
21
0.2082005905511811
0
LINE
8
BLACK
6
CONTINUOUS
10
1.3572633070866142
20
0.2082005905511811
11
1.3572633858267715
21
0.208200905511811
0
LINE
8
BLACK
6
CONTINUOUS
10
1.3572633858267715
20
0.208200905511811
11
1.3575196456692913
21
0.2105846456692913
0
LINE
8
BLACK
6
CONTINUOUS
10
1.3575196456692913
20
0.2105846456692913
11
1.35751968503937
21
0.2105853149606299
0
LINE
8
BLACK
6
CONTINUOUS
10
1.35751968503937
20
0.2105853149606299
11
1.35751968503937
21
0.2794146456692913
0
LINE
8
BLACK
6
CONTINUOUS
10
1.35751968503937
20
0.2794146456692913
11
1.3575196456692913
21
0.2794153149606299
0
LINE
8
BLACK
6
CONTINUOUS
10
1.3575196456692913
20
0.2794153149606299
11
1.3572633858267715
21
0.2817990551181102
0
LINE
8
BLACK
6
CONTINUOUS
10
1.3572633858267715
20
0.2817990551181102
11
1.3572633070866142
21
0.2817993700787402
0
LINE
8
BLACK
6
CONTINUOUS
10
1.3572633070866142
20
0.2817993700787402
11
1.3562875984251967
21
0.2844153149606299
0
LINE
8
BLACK
6
CONTINUOUS
10
1.3562875984251967
20
0.2844153149606299
11
1.3552515354330708
21
0.2871930708661417
0
LINE
8
BLACK
6
CONTINUOUS
10
1.3552515354330708
20
0.2871930708661417
11
1.3544479921259842
21
0.2882664566929134
0
LINE
8
BLACK
6
CONTINUOUS
10
1.3544479921259842
20
0.2882664566929134
11
1.3518016141732283
21
0.2918016141732284
0
LINE
8
BLACK
6
CONTINUOUS
10
1.3518016141732283
20
0.2918016141732284
11
1.347193188976378
21
0.2952514566929134
0
LINE
8
BLACK
6
CONTINUOUS
10
1.347193188976378
20
0.2952514566929134
11
1.3471931496062992
21
0.2952514566929134
0
LINE
8
BLACK
6
CONTINUOUS
10
1.3471931496062992
20
0.2952514566929134
11
1.3471930708661417
21
0.2952515354330709
0
LINE
8
BLACK
6
CONTINUOUS
10
1.3471930708661417
20
0.2952515354330709
11
1.3417992519685038
21
0.2972633464566929
0
LINE
8
BLACK
6
CONTINUOUS
10
1.3417992519685038
20
0.2972633464566929
11
1.3417991732283465
21
0.2972633464566929
0
LINE
8
BLACK
6
CONTINUOUS
10
1.3417991732283465
20
0.2972633464566929
11
1.3417990551181103
21
0.2972633858267716
0
LINE
8
BLACK
6
CONTINUOUS
10
1.3417990551181103
20
0.2972633858267716
11
1.3394153149606298
21
0.2975196456692913
0
LINE
8
BLACK
6
CONTINUOUS
10
1.3394153149606298
20
0.2975196456692913
11
1.339415157480315
21
0.2975196456692913
0
LINE
8
BLACK
6
CONTINUOUS
10
1.339415157480315
20
0.2975196456692913
11
1.3394148818897638
21
0.2975196850393701
0
LINE
8
BLACK
6
CONTINUOUS
10
1.3394148818897638
20
0.2975196850393701
11
1.2705851181102361
21
0.2975196850393701
0
LINE
8
BLACK
6
CONTINUOUS
10
1.2705851181102361
20
0.2975196850393701
11
1.2705848425196851
21
0.2975196456692913
0
LINE
8
BLACK
6
CONTINUOUS
10
1.2705848425196851
20
0.2975196456692913
11
1.2705846456692913
21
0.2975196456692913
0
LINE
8
BLACK
6
CONTINUOUS
10
1.2705846456692913
20
0.2975196456692913
11
1.2682009055118111
21
0.2972633858267716
0
LINE
8
BLACK
6
CONTINUOUS
10
1.2682009055118111
20
0.2972633858267716
11
1.2682005905511811
21
0.2972633070866142
0
LINE
8
BLACK
6
CONTINUOUS
10
1.2682005905511811
20
0.2972633070866142
11
1.2669627952755904
21
0.2968016141732283
0
LINE
8
BLACK
6
CONTINUOUS
10
1.2669627952755904
20
0.2968016141732283
11
1.2628069291338582
21
0.2952515354330709
0
LINE
8
BLACK
6
CONTINUOUS
10
1.2628069291338582
20
0.2952515354330709
11
1.2628068503937007
21
0.2952514960629921
0
LINE
8
BLACK
6
CONTINUOUS
10
1.2628068503937007
20
0.2952514960629921
11
1.2628067716535434
21
0.2952514566929134
0
LINE
8
BLACK
6
CONTINUOUS
10
1.2628067716535434
20
0.2952514566929134
11
1.2581983464566928
21
0.2918016141732284
0
LINE
8
BLACK
6
CONTINUOUS
10
1.2581983464566928
20
0.2918016141732284
11
1.2547485039370079
21
0.287193188976378
0
LINE
8
BLACK
6
CONTINUOUS
10
1.2547485039370079
20
0.287193188976378
11
1.2547484251968504
21
0.2871929921259843
0
LINE
8
BLACK
6
CONTINUOUS
10
1.2547484251968504
20
0.2871929921259843
11
1.2527366535433071
21
0.2817993700787402
0
LINE
8
BLACK
6
CONTINUOUS
10
1.2527366535433071
20
0.2817993700787402
11
1.2527365748031496
21
0.2817990551181102
0
LINE
8
BLACK
6
CONTINUOUS
10
1.2527365748031496
20
0.2817990551181102
11
1.2524803149606298
21
0.2794153149606299
0
LINE
8
BLACK
6
CONTINUOUS
10
1.2524803149606298
20
0.2794153149606299
11
1.2524803149606298
21
0.2484143700787401
0
LINE
8
BLACK
6
CONTINUOUS
10
1.2524803149606298
20
0.2484143700787401
11
1.2516928346456693
21
0.2457324409448819
0
LINE
8
BLACK
6
CONTINUOUS
10
1.2516928346456693
20
0.2457324409448819
11
1.2495803937007874
21
0.2439020078740158
0
LINE
8
BLACK
6
CONTINUOUS
10
1.2495803937007874
20
0.2439020078740158
11
1.2468137007874016
21
0.2435042125984252
0
LINE
8
BLACK
6
CONTINUOUS
10
1.2468137007874016
20
0.2435042125984252
11
1.2442711811023621
21
0.2446653937007874
0
LINE
8
BLACK
6
CONTINUOUS
10
1.2442711811023621
20
0.2446653937007874
11
1.2440120078740158
21
0.2449066929133858
0
LINE
8
BLACK
6
CONTINUOUS
10
1.2440120078740158
20
0.2449066929133858
11
1.2336998031496063
21
0.2552188976377953
0
LINE
8
BLACK
6
CONTINUOUS
10
1.2336998031496063
20
0.2552188976377953
11
1.2150427952755904
21
0.273875905511811
0
LINE
8
BLACK
6
CONTINUOUS
10
1.2150427952755904
20
0.273875905511811
11
1.2144092913385827
21
0.2742991732283465
0
LINE
8
BLACK
6
CONTINUOUS
10
1.2144092913385827
20
0.2742991732283465
11
1.2144092519685039
21
0.2742992519685039
0
LINE
8
BLACK
6
CONTINUOUS
10
1.2144092519685039
20
0.2742992519685039
11
1.212465748031496
21
0.2755978346456693
0
LINE
8
BLACK
6
CONTINUOUS
10
1.212465748031496
20
0.2755978346456693
11
1.2105354724409449
21
0.2768876377952756
0
LINE
8
BLACK
6
CONTINUOUS
10
1.2105354724409449
20
0.2768876377952756
11
1.2055272047244094
21
0.278962125984252
0
LINE
8
BLACK
6
CONTINUOUS
10
1.2055272047244094
20
0.278962125984252
11
1.20377
21
0.2793116535433071
0
LINE
8
BLACK
6
CONTINUOUS
10
1.20377
20
0.2793116535433071
11
1.2002104724409448
21
0.2800196850393701
0
LINE
8
BLACK
6
CONTINUOUS
10
1.2002104724409448
20
0.2800196850393701
11
1.2002104330708661
21
0.2800196850393701
0
LINE
8
BLACK
6
CONTINUOUS
10
1.2002104330708661
20
0.2800196850393701
11
1.1174901574803149
21
0.2800196850393701
0
LINE
8
BLACK
6
CONTINUOUS
10
1.1174901574803149
20
0.2800196850393701
11
1.1148082283464567
21
0.2808071653543307
0
LINE
8
BLACK
6
CONTINUOUS
10
1.1148082283464567
20
0.2808071653543307
11
1.1135189763779527
21
0.2820075196850393
0
LINE
8
BLACK
6
CONTINUOUS
10
1.1135189763779527
20
0.2820075196850393
11
1.1118016141732283
21
0.2843016141732284
0
LINE
8
BLACK
6
CONTINUOUS
10
1.1118016141732283
20
0.2843016141732284
11
1.1094943700787401
21
0.2860288188976378
0
LINE
8
BLACK
6
CONTINUOUS
10
1.1094943700787401
20
0.2860288188976378
11
1.1078192913385827
21
0.2882664566929134
0
LINE
8
BLACK
6
CONTINUOUS
10
1.1078192913385827
20
0.2882664566929134
11
1.1076199212598425
21
0.2910544881889764
0
LINE
8
BLACK
6
CONTINUOUS
10
1.1076199212598425
20
0.2910544881889764
11
1.1089594881889764
21
0.2935077165354331
0
LINE
8
BLACK
6
CONTINUOUS
10
1.1089594881889764
20
0.2935077165354331
11
1.1094943700787401
21
0.2939711811023622
0
LINE
8
BLACK
6
CONTINUOUS
10
1.1094943700787401
20
0.2939711811023622
11
1.1118016141732283
21
0.2956983464566929
0
LINE
8
BLACK
6
CONTINUOUS
10
1.1118016141732283
20
0.2956983464566929
11
1.1152514566929133
21
0.3003067716535433
0
LINE
8
BLACK
6
CONTINUOUS
10
1.1152514566929133
20
0.3003067716535433
11
1.1152515354330708
21
0.300306968503937
0
LINE
8
BLACK
6
CONTINUOUS
10
1.1152515354330708
20
0.300306968503937
11
1.1172633070866143
21
0.3057005905511811
0
LINE
8
BLACK
6
CONTINUOUS
10
1.1172633070866143
20
0.3057005905511811
11
1.1172633858267715
21
0.305700905511811
0
LINE
8
BLACK
6
CONTINUOUS
10
1.1172633858267715
20
0.305700905511811
11
1.1175196456692913
21
0.3080846456692913
0
LINE
8
BLACK
6
CONTINUOUS
10
1.1175196456692913
20
0.3080846456692913
11
1.11751968503937
21
0.3080853149606299
0
LINE
8
BLACK
6
CONTINUOUS
10
1.11751968503937
20
0.3080853149606299
11
1.11751968503937
21
0.3469146456692913
0
LINE
8
BLACK
6
CONTINUOUS
10
1.11751968503937
20
0.3469146456692913
11
1.1175196456692913
21
0.3469153149606299
0
LINE
8
BLACK
6
CONTINUOUS
10
1.1175196456692913
20
0.3469153149606299
11
1.1172633858267715
21
0.3492990551181102
0
LINE
8
BLACK
6
CONTINUOUS
10
1.1172633858267715
20
0.3492990551181102
11
1.1172633070866143
21
0.3492993700787401
0
LINE
8
BLACK
6
CONTINUOUS
10
1.1172633070866143
20
0.3492993700787401
11
1.1164888582677166
21
0.3513757086614173
0
LINE
8
BLACK
6
CONTINUOUS
10
1.1164888582677166
20
0.3513757086614173
11
1.1152515354330708
21
0.3546930708661417
0
LINE
8
BLACK
6
CONTINUOUS
10
1.1152515354330708
20
0.3546930708661417
11
1.1139272440944881
21
0.3564620866141732
0
LINE
8
BLACK
6
CONTINUOUS
10
1.1139272440944881
20
0.3564620866141732
11
1.1118016141732283
21
0.3593016141732283
0
LINE
8
BLACK
6
CONTINUOUS
10
1.1118016141732283
20
0.3593016141732283
11
1.1094943700787401
21
0.3610288188976378
0
LINE
8
BLACK
6
CONTINUOUS
10
1.1094943700787401
20
0.3610288188976378
11
1.1078192913385827
21
0.3632664566929134
0
LINE
8
BLACK
6
CONTINUOUS
10
1.1078192913385827
20
0.3632664566929134
11
1.1076199212598425
21
0.3660544881889763
0
LINE
8
BLACK
6
CONTINUOUS
10
1.1076199212598425
20
0.3660544881889763
11
1.1089594881889764
21
0.3685077165354331
0
LINE
8
BLACK
6
CONTINUOUS
10
1.1089594881889764
20
0.3685077165354331
11
1.1094943700787401
21
0.3689711811023622
0
LINE
8
BLACK
6
CONTINUOUS
10
1.1094943700787401
20
0.3689711811023622
11
1.1118016929133858
21
0.3706984251968504
0
LINE
8
BLACK
6
CONTINUOUS
10
1.1118016929133858
20
0.3706984251968504
11
1.1120525196850393
21
0.3709492519685039
0
LINE
8
BLACK
6
CONTINUOUS
10
1.1120525196850393
20
0.3709492519685039
11
1.1121403543307087
21
0.3708613779527559
0
LINE
8
BLACK
6
CONTINUOUS
10
1.1121403543307087
20
0.3708613779527559
11
1.1138848031496063
21
0.3721674409448819
0
LINE
8
BLACK
6
CONTINUOUS
10
1.1138848031496063
20
0.3721674409448819
11
1.1156186614173229
21
0.3724803149606299
0
LINE
8
BLACK
6
CONTINUOUS
10
1.1156186614173229
20
0.3724803149606299
11
1.1343813385826771
21
0.3724803149606299
0
LINE
8
BLACK
6
CONTINUOUS
10
1.1343813385826771
20
0.3724803149606299
11
1.1370632677165353
21
0.3716928346456693
0
LINE
8
BLACK
6
CONTINUOUS
10
1.1370632677165353
20
0.3716928346456693
11
1.1379061811023621
21
0.3709079527559055
0
LINE
8
BLACK
6
CONTINUOUS
10
1.1379061811023621
20
0.3709079527559055
11
1.1379474803149605
21
0.3709492519685039
0
LINE
8
BLACK
6
CONTINUOUS
10
1.1379474803149605
20
0.3709492519685039
11
1.1381982677165354
21
0.3706984251968504
0
LINE
8
BLACK
6
CONTINUOUS
10
1.1381982677165354
20
0.3706984251968504
11
1.1428067716535433
21
0.3672485039370079
0
LINE
8
BLACK
6
CONTINUOUS
10
1.1428067716535433
20
0.3672485039370079
11
1.142806968503937
21
0.3672484251968504
0
LINE
8
BLACK
6
CONTINUOUS
10
1.142806968503937
20
0.3672484251968504
11
1.1482005905511812
21
0.3652366535433071
0
LINE
8
BLACK
6
CONTINUOUS
10
1.1482005905511812
20
0.3652366535433071
11
1.148200905511811
21
0.3652365748031496
0
LINE
8
BLACK
6
CONTINUOUS
10
1.148200905511811
20
0.3652365748031496
11
1.1505846456692914
21
0.3649803149606299
0
LINE
8
BLACK
6
CONTINUOUS
10
1.1505846456692914
20
0.3649803149606299
11
1.1505851181102362
21
0.3649803149606299
0
LINE
8
BLACK
6
CONTINUOUS
10
1.1505851181102362
20
0.3649803149606299
11
1.2094153149606299
21
0.3649803149606299
0
LINE
8
BLACK
6
CONTINUOUS
10
1.2094153149606299
20
0.3649803149606299
11
1.2117990551181101
21
0.3652365748031496
0
LINE
8
BLACK
6
CONTINUOUS
10
1.2117990551181101
20
0.3652365748031496
11
1.2117990944881889
21
0.3652366141732283
0
LINE
8
BLACK
6
CONTINUOUS
10
1.2117990944881889
20
0.3652366141732283
11
1.2117991732283464
21
0.3652366141732283
0
LINE
8
BLACK
6
CONTINUOUS
10
1.2117991732283464
20
0.3652366141732283
11
1.2117992519685039
21
0.3652366535433071
0
LINE
8
BLACK
6
CONTINUOUS
10
1.2117992519685039
20
0.3652366535433071
11
1.2159733070866141
21
0.3667935039370079
0
LINE
8
BLACK
6
CONTINUOUS
10
1.2159733070866141
20
0.3667935039370079
11
1.2177068503937007
21
0.3671062598425197
0
LINE
8
BLACK
6
CONTINUOUS
10
1.2177068503937007
20
0.3671062598425197
11
1.2697560629921258
21
0.3671062598425197
0
LINE
8
BLACK
6
CONTINUOUS
10
1.2697560629921258
20
0.3671062598425197
11
1.2755557086614173
21
0.3682599212598425
0
LINE
8
BLACK
6
CONTINUOUS
10
1.2755557086614173
20
0.3682599212598425
11
1.2755557480314961
21
0.3682599606299213
0
LINE
8
BLACK
6
CONTINUOUS
10
1.2755557480314961
20
0.3682599606299213
11
1.2761538976377953
21
0.3685077165354331
0
LINE
8
BLACK
6
CONTINUOUS
10
1.2761538976377953
20
0.3685077165354331
11
1.2810188976377952
21
0.370522874015748
0
LINE
8
BLACK
6
CONTINUOUS
10
1.2810188976377952
20
0.370522874015748
11
1.2810189370078739
21
0.370522874015748
0
LINE
8
BLACK
6
CONTINUOUS
10
1.2810189370078739
20
0.370522874015748
11
1.2810190551181102
21
0.3705229527559055
0
LINE
8
BLACK
6
CONTINUOUS
10
1.2810190551181102
20
0.3705229527559055
11
1.2815288188976377
21
0.3708635433070866
0
LINE
8
BLACK
6
CONTINUOUS
10
1.2815288188976377
20
0.3708635433070866
11
1.2815288188976377
21
0.3708635826771653
0
LINE
8
BLACK
6
CONTINUOUS
10
1.2815288188976377
20
0.3708635826771653
11
1.2859355511811024
21
0.373808031496063
0
LINE
8
BLACK
6
CONTINUOUS
10
1.2859355511811024
20
0.373808031496063
11
1.2859357086614174
21
0.3738081496062992
0
LINE
8
BLACK
6
CONTINUOUS
10
1.2859357086614174
20
0.3738081496062992
11
1.3022175590551182
21
0.39009
0
LINE
8
BLACK
6
CONTINUOUS
10
1.3022175590551182
20
0.39009
11
1.3022176377952757
21
0.3900901181102362
0
LINE
8
BLACK
6
CONTINUOUS
10
1.3022176377952757
20
0.3900901181102362
11
1.3022177952755905
21
0.3900902755905511
0
LINE
8
BLACK
6
CONTINUOUS
10
1.3022177952755905
20
0.3900902755905511
11
1.3055030708661417
21
0.3950070472440945
0
LINE
8
BLACK
6
CONTINUOUS
10
1.3055030708661417
20
0.3950070472440945
11
1.3077660236220472
21
0.4004702755905512
0
LINE
8
BLACK
6
CONTINUOUS
10
1.3077660236220472
20
0.4004702755905512
11
1.3081226771653542
21
0.4022633464566929
0
LINE
8
BLACK
6
CONTINUOUS
10
1.3081226771653542
20
0.4022633464566929
11
1.3089196850393701
21
0.40627
0
LINE
8
BLACK
6
CONTINUOUS
10
1.3089196850393701
20
0.40627
11
1.3089196850393701
21
0.5426743307086614
0
LINE
8
BLACK
6
CONTINUOUS
10
1.3089196850393701
20
0.5426743307086614
11
1.3097071653543306
21
0.5453562598425197
0
LINE
8
BLACK
6
CONTINUOUS
10
1.3097071653543306
20
0.5453562598425197
11
1.3118196062992125
21
0.5471866929133858
0
LINE
8
BLACK
6
CONTINUOUS
10
1.3118196062992125
20
0.5471866929133858
11
1.3144103937007874
21
0.5476065748031496
0
LINE
8
BLACK
6
CONTINUOUS
10
1.3144103937007874
20
0.5476065748031496
11
1.3155849606299213
21
0.5474803149606299
0
LINE
8
BLACK
6
CONTINUOUS
10
1.3155849606299213
20
0.5474803149606299
11
1.3155851181102363
21
0.5474803149606299
0
LINE
8
BLACK
6
CONTINUOUS
10
1.3155851181102363
20
0.5474803149606299
11
1.38441531496063
21
0.5474803149606299
0
LINE
8
BLACK
6
CONTINUOUS
10
1.38441531496063
20
0.5474803149606299
11
1.3867990551181102
21
0.5477365748031496
0
LINE
8
BLACK
6
CONTINUOUS
10
1.3867990551181102
20
0.5477365748031496
11
1.3867993700787402
21
0.547736653543307
0
LINE
8
BLACK
6
CONTINUOUS
10
1.3867993700787402
20
0.547736653543307
11
1.3921929921259841
21
0.5497484251968504
0
LINE
8
BLACK
6
CONTINUOUS
10
1.3921929921259841
20
0.5497484251968504
11
1.3921931889763779
21
0.5497485039370079
0
LINE
8
BLACK
6
CONTINUOUS
10
1.3921931889763779
20
0.5497485039370079
11
1.3970272047244094
21
0.5533672440944882
0
LINE
8
BLACK
6
CONTINUOUS
10
1.3970272047244094
20
0.5533672440944882
11
1.3996461023622047
21
0.5543440551181102
0
LINE
8
BLACK
6
CONTINUOUS
10
1.3996461023622047
20
0.5543440551181102
11
1.4023773622047244
21
0.5537499212598425
0
LINE
8
BLACK
6
CONTINUOUS
10
1.4023773622047244
20
0.5537499212598425
11
1.4029727952755906
21
0.5533672440944882
0
LINE
8
BLACK
6
CONTINUOUS
10
1.4029727952755906
20
0.5533672440944882
11
1.4078067716535432
21
0.5497485039370079
0
LINE
8
BLACK
6
CONTINUOUS
10
1.4078067716535432
20
0.5497485039370079
11
1.4078069685039369
21
0.5497484251968504
0
LINE
8
BLACK
6
CONTINUOUS
10
1.4078069685039369
20
0.5497484251968504
11
1.4132005905511811
21
0.547736653543307
0
LINE
8
BLACK
6
CONTINUOUS
10
1.4132005905511811
20
0.547736653543307
11
1.4132009055118111
21
0.5477365748031496
0
LINE
8
BLACK
6
CONTINUOUS
10
1.4132009055118111
20
0.5477365748031496
11
1.4155846456692913
21
0.5474803149606299
0
LINE
8
BLACK
6
CONTINUOUS
10
1.4155846456692913
20
0.5474803149606299
11
1.4155851181102361
21
0.5474803149606299
0
LINE
8
BLACK
6
CONTINUOUS
10
1.4155851181102361
20
0.5474803149606299
11
1.4844153149606298
21
0.5474803149606299
0
LINE
8
BLACK
6
CONTINUOUS
10
1.4844153149606298
20
0.5474803149606299
11
1.4867990551181103
21
0.5477365748031496
0
LINE
8
BLACK
6
CONTINUOUS
10
1.4867990551181103
20
0.5477365748031496
11
1.4867993700787401
21
0.547736653543307
0
LINE
8
BLACK
6
CONTINUOUS
10
1.4867993700787401
20
0.547736653543307
11
1.4921929921259842
21
0.5497484251968504
0
LINE
8
BLACK
6
CONTINUOUS
10
1.4921929921259842
20
0.5497484251968504
11
1.492193188976378
21
0.5497485039370079
0
LINE
8
BLACK
6
CONTINUOUS
10
1.492193188976378
20
0.5497485039370079
11
1.4968016141732283
21
0.5531983464566929
0
LINE
8
BLACK
6
CONTINUOUS
10
1.4968016141732283
20
0.5531983464566929
11
1.5002514566929133
21
0.5578067716535433
0
LINE
8
BLACK
6
CONTINUOUS
10
1.5002514566929133
20
0.5578067716535433
11
1.5002515354330708
21
0.557806968503937
0
LINE
8
BLACK
6
CONTINUOUS
10
1.5002515354330708
20
0.557806968503937
11
1.502263307086614
21
0.5632005905511811
0
LINE
8
BLACK
6
CONTINUOUS
10
1.502263307086614
20
0.5632005905511811
11
1.5022633858267715
21
0.563200905511811
0
LINE
8
BLACK
6
CONTINUOUS
10
1.5022633858267715
20
0.563200905511811
11
1.5025196456692913
21
0.5655846456692913
0
LINE
8
BLACK
6
CONTINUOUS
10
1.5025196456692913
20
0.5655846456692913
11
1.5025196850393701
21
0.5655853149606299
0
LINE
8
BLACK
6
CONTINUOUS
10
1.5025196850393701
20
0.5655853149606299
11
1.5025196850393701
21
0.6344146456692913
0
LINE
8
BLACK
6
CONTINUOUS
10
1.5025196850393701
20
0.6344146456692913
11
1.5025196456692913
21
0.6344153149606299
0
LINE
8
BLACK
6
CONTINUOUS
10
1.5025196456692913
20
0.6344153149606299
11
1.5022633858267715
21
0.6367990551181102
0
LINE
8
BLACK
6
CONTINUOUS
10
1.5022633858267715
20
0.6367990551181102
11
1.502263307086614
21
0.6367993700787401
0
LINE
8
BLACK
6
CONTINUOUS
10
1.502263307086614
20
0.6367993700787401
11
1.5019866141732283
21
0.6375411417322835
0
LINE
8
BLACK
6
CONTINUOUS
10
1.5019866141732283
20
0.6375411417322835
11
1.5002515354330708
21
0.6421930708661417
0
LINE
8
BLACK
6
CONTINUOUS
10
1.5002515354330708
20
0.6421930708661417
11
1.4968016141732283
21
0.6468016141732283
0
LINE
8
BLACK
6
CONTINUOUS
10
1.4968016141732283
20
0.6468016141732283
11
1.4921930708661417
21
0.6502515354330709
0
LINE
8
BLACK
6
CONTINUOUS
10
1.4921930708661417
20
0.6502515354330709
11
1.4867992519685038
21
0.6522633464566929
0
LINE
8
BLACK
6
CONTINUOUS
10
1.4867992519685038
20
0.6522633464566929
11
1.4867991732283463
21
0.6522633464566929
0
LINE
8
BLACK
6
CONTINUOUS
10
1.4867991732283463
20
0.6522633464566929
11
1.4867990551181103
21
0.6522633858267717
0
LINE
8
BLACK
6
CONTINUOUS
10
1.4867990551181103
20
0.6522633858267717
11
1.4844153149606298
21
0.6525196456692913
0
LINE
8
BLACK
6
CONTINUOUS
10
1.4844153149606298
20
0.6525196456692913
11
1.4844151574803148
21
0.6525196456692913
0
LINE
8
BLACK
6
CONTINUOUS
10
1.4844151574803148
20
0.6525196456692913
11
1.4844148818897638
21
0.6525196850393701
0
LINE
8
BLACK
6
CONTINUOUS
10
1.4844148818897638
20
0.6525196850393701
11
1.4155851181102361
21
0.6525196850393701
0
LINE
8
BLACK
6
CONTINUOUS
10
1.4155851181102361
20
0.6525196850393701
11
1.4155848425196851
21
0.6525196456692913
0
LINE
8
BLACK
6
CONTINUOUS
10
1.4155848425196851
20
0.6525196456692913
11
1.4155846456692913
21
0.6525196456692913
0
LINE
8
BLACK
6
CONTINUOUS
10
1.4155846456692913
20
0.6525196456692913
11
1.4132009055118111
21
0.6522633858267717
0
LINE
8
BLACK
6
CONTINUOUS
10
1.4132009055118111
20
0.6522633858267717
11
1.4132005905511811
21
0.6522633070866142
0
LINE
8
BLACK
6
CONTINUOUS
10
1.4132005905511811
20
0.6522633070866142
11
1.4101328740157479
21
0.6511190551181102
0
LINE
8
BLACK
6
CONTINUOUS
10
1.4101328740157479
20
0.6511190551181102
11
1.4078069291338582
21
0.6502515354330709
0
LINE
8
BLACK
6
CONTINUOUS
10
1.4078069291338582
20
0.6502515354330709
11
1.4031983858267716
21
0.6468016141732283
0
LINE
8
BLACK
6
CONTINUOUS
10
1.4031983858267716
20
0.6468016141732283
11
1.4031983464566928
21
0.6468015354330708
0
LINE
8
BLACK
6
CONTINUOUS
10
1.4031983464566928
20
0.6468015354330708
11
1.4029728346456694
21
0.6466327165354331
0
LINE
8
BLACK
6
CONTINUOUS
10
1.4029728346456694
20
0.6466327165354331
11
1.4003539370078739
21
0.645655905511811
0
LINE
8
BLACK
6
CONTINUOUS
10
1.4003539370078739
20
0.645655905511811
11
1.3976226377952756
21
0.6462500393700787
0
LINE
8
BLACK
6
CONTINUOUS
10
1.3976226377952756
20
0.6462500393700787
11
1.3970271653543307
21
0.6466327165354331
0
LINE
8
BLACK
6
CONTINUOUS
10
1.3970271653543307
20
0.6466327165354331
11
1.396801653543307
21
0.6468015354330708
0
LINE
8
BLACK
6
CONTINUOUS
10
1.396801653543307
20
0.6468015354330708
11
1.3968016141732282
21
0.6468016141732283
0
LINE
8
BLACK
6
CONTINUOUS
10
1.3968016141732282
20
0.6468016141732283
11
1.3921930708661416
21
0.6502515354330709
0
LINE
8
BLACK
6
CONTINUOUS
10
1.3921930708661416
20
0.6502515354330709
11
1.386799251968504
21
0.6522633464566929
0
LINE
8
BLACK
6
CONTINUOUS
10
1.386799251968504
20
0.6522633464566929
11
1.3867991732283464
21
0.6522633464566929
0
LINE
8
BLACK
6
CONTINUOUS
10
1.3867991732283464
20
0.6522633464566929
11
1.3867990551181102
21
0.6522633858267717
0
LINE
8
BLACK
6
CONTINUOUS
10
1.3867990551181102
20
0.6522633858267717
11
1.38441531496063
21
0.6525196456692913
0
LINE
8
BLACK
6
CONTINUOUS
10
1.38441531496063
20
0.6525196456692913
11
1.384415157480315
21
0.6525196456692913
0
LINE
8
BLACK
6
CONTINUOUS
10
1.384415157480315
20
0.6525196456692913
11
1.3844148818897637
21
0.6525196850393701
0
LINE
8
BLACK
6
CONTINUOUS
10
1.3844148818897637
20
0.6525196850393701
11
1.3155851181102363
21
0.6525196850393701
0
LINE
8
BLACK
6
CONTINUOUS
10
1.3155851181102363
20
0.6525196850393701
11
1.315584842519685
21
0.6525196456692913
0
LINE
8
BLACK
6
CONTINUOUS
10
1.315584842519685
20
0.6525196456692913
11
1.3155846456692912
21
0.6525196456692913
0
LINE
8
BLACK
6
CONTINUOUS
10
1.3155846456692912
20
0.6525196456692913
11
1.313200905511811
21
0.6522633858267717
0
LINE
8
BLACK
6
CONTINUOUS
10
1.313200905511811
20
0.6522633858267717
11
1.313200590551181
21
0.6522633070866142
0
LINE
8
BLACK
6
CONTINUOUS
10
1.313200590551181
20
0.6522633070866142
11
1.3101328740157481
21
0.6511190551181102
0
LINE
8
BLACK
6
CONTINUOUS
10
1.3101328740157481
20
0.6511190551181102
11
1.3078069291338583
21
0.6502515354330709
0
LINE
8
BLACK
6
CONTINUOUS
10
1.3078069291338583
20
0.6502515354330709
11
1.3078068503937008
21
0.6502514960629922
0
LINE
8
BLACK
6
CONTINUOUS
10
1.3078068503937008
20
0.6502514960629922
11
1.3078067716535433
21
0.6502514566929134
0
LINE
8
BLACK
6
CONTINUOUS
10
1.3078067716535433
20
0.6502514566929134
11
1.3031982677165355
21
0.6468015354330708
0
LINE
8
BLACK
6
CONTINUOUS
10
1.3031982677165355
20
0.6468015354330708
11
1.3029879921259842
21
0.6465912598425196
0
LINE
8
BLACK
6
CONTINUOUS
10
1.3029879921259842
20
0.6465912598425196
11
1.3005347637795275
21
0.645251653543307
0
LINE
8
BLACK
6
CONTINUOUS
10
1.3005347637795275
20
0.645251653543307
11
1.2977467716535434
21
0.645451062992126
0
LINE
8
BLACK
6
CONTINUOUS
10
1.2977467716535434
20
0.645451062992126
11
1.2955091338582676
21
0.6471261417322834
0
LINE
8
BLACK
6
CONTINUOUS
10
1.2955091338582676
20
0.6471261417322834
11
1.2945323228346457
21
0.6497450393700788
0
LINE
8
BLACK
6
CONTINUOUS
10
1.2945323228346457
20
0.6497450393700788
11
1.2945196850393701
21
0.650098937007874
0
LINE
8
BLACK
6
CONTINUOUS
10
1.2945196850393701
20
0.650098937007874
11
1.2945196850393701
21
0.6653646456692913
0
LINE
8
BLACK
6
CONTINUOUS
10
1.2945196850393701
20
0.6653646456692913
11
1.2945196456692913
21
0.6653653149606299
0
LINE
8
BLACK
6
CONTINUOUS
10
1.2945196456692913
20
0.6653653149606299
11
1.2942633858267716
21
0.6677490551181102
0
LINE
8
BLACK
6
CONTINUOUS
10
1.2942633858267716
20
0.6677490551181102
11
1.2942633070866141
21
0.6677493700787401
0
LINE
8
BLACK
6
CONTINUOUS
10
1.2942633070866141
20
0.6677493700787401
11
1.2933486614173229
21
0.6702016141732283
0
LINE
8
BLACK
6
CONTINUOUS
10
1.2933486614173229
20
0.6702016141732283
11
1.2922515354330708
21
0.6731430708661417
0
LINE
8
BLACK
6
CONTINUOUS
10
1.2922515354330708
20
0.6731430708661417
11
1.2888016141732284
21
0.6777516141732284
0
LINE
8
BLACK
6
CONTINUOUS
10
1.2888016141732284
20
0.6777516141732284
11
1.2841930708661418
21
0.6812015354330708
0
LINE
8
BLACK
6
CONTINUOUS
10
1.2841930708661418
20
0.6812015354330708
11
1.2787992519685039
21
0.6832133464566928
0
LINE
8
BLACK
6
CONTINUOUS
10
1.2787992519685039
20
0.6832133464566928
11
1.2787991732283464
21
0.6832133464566928
0
LINE
8
BLACK
6
CONTINUOUS
10
1.2787991732283464
20
0.6832133464566928
11
1.2787990551181103
21
0.6832133858267716
0
LINE
8
BLACK
6
CONTINUOUS
10
1.2787990551181103
20
0.6832133858267716
11
1.2764153149606299
21
0.6834696456692914
0
LINE
8
BLACK
6
CONTINUOUS
10
1.2764153149606299
20
0.6834696456692914
11
1.2764151574803149
21
0.6834696456692914
0
LINE
8
BLACK
6
CONTINUOUS
10
1.2764151574803149
20
0.6834696456692914
11
1.2764148818897638
21
0.6834696850393701
0
LINE
8
BLACK
6
CONTINUOUS
10
1.2764148818897638
20
0.6834696850393701
11
1.2213851181102362
21
0.6834696850393701
0
LINE
8
BLACK
6
CONTINUOUS
10
1.2213851181102362
20
0.6834696850393701
11
1.2213848425196849
21
0.6834696456692914
0
LINE
8
BLACK
6
CONTINUOUS
10
1.2213848425196849
20
0.6834696456692914
11
1.2213846456692914
21
0.6834696456692914
0
LINE
8
BLACK
6
CONTINUOUS
10
1.2213846456692914
20
0.6834696456692914
11
1.219000905511811
21
0.6832133858267716
0
LINE
8
BLACK
6
CONTINUOUS
10
1.219000905511811
20
0.6832133858267716
11
1.2190005905511812
21
0.6832133070866142
0
LINE
8
BLACK
6
CONTINUOUS
10
1.2190005905511812
20
0.6832133070866142
11
1.215932874015748
21
0.6820690551181102
0
LINE
8
BLACK
6
CONTINUOUS
10
1.215932874015748
20
0.6820690551181102
11
1.2136069291338583
21
0.6812015354330708
0
LINE
8
BLACK
6
CONTINUOUS
10
1.2136069291338583
20
0.6812015354330708
11
1.2136068503937008
21
0.6812014960629921
0
LINE
8
BLACK
6
CONTINUOUS
10
1.2136068503937008
20
0.6812014960629921
11
1.2136067716535432
21
0.6812014566929133
0
LINE
8
BLACK
6
CONTINUOUS
10
1.2136067716535432
20
0.6812014566929133
11
1.2089983464566929
21
0.6777516141732284
0
LINE
8
BLACK
6
CONTINUOUS
10
1.2089983464566929
20
0.6777516141732284
11
1.2055485039370077
21
0.6731431889763779
0
LINE
8
BLACK
6
CONTINUOUS
10
1.2055485039370077
20
0.6731431889763779
11
1.2055484251968505
21
0.6731429921259843
0
LINE
8
BLACK
6
CONTINUOUS
10
1.2055484251968505
20
0.6731429921259843
11
1.203536653543307
21
0.6677493700787401
0
LINE
8
BLACK
6
CONTINUOUS
10
1.203536653543307
20
0.6677493700787401
11
1.2035365748031497
21
0.6677490551181102
0
LINE
8
BLACK
6
CONTINUOUS
10
1.2035365748031497
20
0.6677490551181102
11
1.2032803149606299
21
0.6653653149606299
0
LINE
8
BLACK
6
CONTINUOUS
10
1.2032803149606299
20
0.6653653149606299
11
1.2032803149606299
21
0.5946346456692914
0
LINE
8
BLACK
6
CONTINUOUS
10
1.2032803149606299
20
0.5946346456692914
11
1.2035365748031497
21
0.592250905511811
0
LINE
8
BLACK
6
CONTINUOUS
10
1.2035365748031497
20
0.592250905511811
11
1.203536653543307
21
0.5922505905511811
0
LINE
8
BLACK
6
CONTINUOUS
10
1.203536653543307
20
0.5922505905511811
11
1.2055484251968505
21
0.586856968503937
0
LINE
8
BLACK
6
CONTINUOUS
10
1.2055484251968505
20
0.586856968503937
11
1.2055485039370077
21
0.5868567716535433
0
LINE
8
BLACK
6
CONTINUOUS
10
1.2055485039370077
20
0.5868567716535433
11
1.2089983464566929
21
0.5822483464566929
0
LINE
8
BLACK
6
CONTINUOUS
10
1.2089983464566929
20
0.5822483464566929
11
1.2136067716535432
21
0.5787985039370078
0
LINE
8
BLACK
6
CONTINUOUS
10
1.2136067716535432
20
0.5787985039370078
11
1.213606968503937
21
0.5787984251968504
0
LINE
8
BLACK
6
CONTINUOUS
10
1.213606968503937
20
0.5787984251968504
11
1.2190005905511812
21
0.576786653543307
0
LINE
8
BLACK
6
CONTINUOUS
10
1.2190005905511812
20
0.576786653543307
11
1.219000905511811
21
0.5767865748031495
0
LINE
8
BLACK
6
CONTINUOUS
10
1.219000905511811
20
0.5767865748031495
11
1.2213846456692914
21
0.5765303149606299
0
LINE
8
BLACK
6
CONTINUOUS
10
1.2213846456692914
20
0.5765303149606299
11
1.2213851181102362
21
0.5765303149606299
0
LINE
8
BLACK
6
CONTINUOUS
10
1.2213851181102362
20
0.5765303149606299
11
1.2439196850393701
21
0.5765303149606299
0
LINE
8
BLACK
6
CONTINUOUS
10
1.2439196850393701
20
0.5765303149606299
11
1.2466016141732283
21
0.5757428346456693
0
LINE
8
BLACK
6
CONTINUOUS
10
1.2466016141732283
20
0.5757428346456693
11
1.2484320472440944
21
0.5736303937007874
0
LINE
8
BLACK
6
CONTINUOUS
10
1.2484320472440944
20
0.5736303937007874
11
1.2488803149606298
21
0.5715696850393701
0
LINE
8
BLACK
6
CONTINUOUS
10
1.2488803149606298
20
0.5715696850393701
11
1.2488803149606298
21
0.4321062598425197
0
LINE
8
BLACK
6
CONTINUOUS
10
1.2488803149606298
20
0.4321062598425197
11
1.2480928346456692
21
0.4294243307086614
0
LINE
8
BLACK
6
CONTINUOUS
10
1.2480928346456692
20
0.4294243307086614
11
1.2459803937007874
21
0.4275938976377953
0
LINE
8
BLACK
6
CONTINUOUS
10
1.2459803937007874
20
0.4275938976377953
11
1.2439196850393701
21
0.4271456299212598
0
LINE
8
BLACK
6
CONTINUOUS
10
1.2439196850393701
20
0.4271456299212598
11
1.2295858267716535
21
0.4271456299212598
0
LINE
8
BLACK
6
CONTINUOUS
10
1.2295858267716535
20
0.4271456299212598
11
1.2269038976377953
21
0.4279331102362204
0
LINE
8
BLACK
6
CONTINUOUS
10
1.2269038976377953
20
0.4279331102362204
11
1.2255028346456693
21
0.4294379921259843
0
LINE
8
BLACK
6
CONTINUOUS
10
1.2255028346456693
20
0.4294379921259843
11
1.2254641732283464
21
0.4294090551181102
0
LINE
8
BLACK
6
CONTINUOUS
10
1.2254641732283464
20
0.4294090551181102
11
1.2218016141732284
21
0.4343016141732283
0
LINE
8
BLACK
6
CONTINUOUS
10
1.2218016141732284
20
0.4343016141732283
11
1.2171931889763778
21
0.4377514566929134
0
LINE
8
BLACK
6
CONTINUOUS
10
1.2171931889763778
20
0.4377514566929134
11
1.2171931496062991
21
0.4377514566929134
0
LINE
8
BLACK
6
CONTINUOUS
10
1.2171931496062991
20
0.4377514566929134
11
1.2171930708661418
21
0.4377515354330709
0
LINE
8
BLACK
6
CONTINUOUS
10
1.2171930708661418
20
0.4377515354330709
11
1.2117992519685039
21
0.4397633464566929
0
LINE
8
BLACK
6
CONTINUOUS
10
1.2117992519685039
20
0.4397633464566929
11
1.2117991732283464
21
0.4397633464566929
0
LINE
8
BLACK
6
CONTINUOUS
10
1.2117991732283464
20
0.4397633464566929
11
1.2117990551181101
21
0.4397633858267717
0
LINE
8
BLACK
6
CONTINUOUS
10
1.2117990551181101
20
0.4397633858267717
11
1.2094153149606299
21
0.4400196456692913
0
LINE
8
BLACK
6
CONTINUOUS
10
1.2094153149606299
20
0.4400196456692913
11
1.2094151574803149
21
0.4400196456692913
0
LINE
8
BLACK
6
CONTINUOUS
10
1.2094151574803149
20
0.4400196456692913
11
1.2094148818897636
21
0.4400196850393701
0
LINE
8
BLACK
6
CONTINUOUS
10
1.2094148818897636
20
0.4400196850393701
11
1.1505851181102362
21
0.4400196850393701
0
LINE
8
BLACK
6
CONTINUOUS
10
1.1505851181102362
20
0.4400196850393701
11
1.150584842519685
21
0.4400196456692913
0
LINE
8
BLACK
6
CONTINUOUS
10
1.150584842519685
20
0.4400196456692913
11
1.1505846456692914
21
0.4400196456692913
0
LINE
8
BLACK
6
CONTINUOUS
10
1.1505846456692914
20
0.4400196456692913
11
1.148200905511811
21
0.4397633858267717
0
LINE
8
BLACK
6
CONTINUOUS
10
1.148200905511811
20
0.4397633858267717
11
1.1482005905511812
21
0.4397633070866142
0
LINE
8
BLACK
6
CONTINUOUS
10
1.1482005905511812
20
0.4397633070866142
11
1.145132874015748
21
0.4386190551181102
0
LINE
8
BLACK
6
CONTINUOUS
10
1.145132874015748
20
0.4386190551181102
11
1.1428069291338583
21
0.4377515354330709
0
LINE
8
BLACK
6
CONTINUOUS
10
1.1428069291338583
20
0.4377515354330709
11
1.1428068503937008
21
0.4377514960629921
0
LINE
8
BLACK
6
CONTINUOUS
10
1.1428068503937008
20
0.4377514960629921
11
1.1428067716535433
21
0.4377514566929134
0
LINE
8
BLACK
6
CONTINUOUS
10
1.1428067716535433
20
0.4377514566929134
11
1.1381982677165354
21
0.4343015354330709
0
LINE
8
BLACK
6
CONTINUOUS
10
1.1381982677165354
20
0.4343015354330709
11
1.1379474803149605
21
0.4340507480314961
0
LINE
8
BLACK
6
CONTINUOUS
10
1.1379474803149605
20
0.4340507480314961
11
1.1378596062992126
21
0.4341385826771653
0
LINE
8
BLACK
6
CONTINUOUS
10
1.1378596062992126
20
0.4341385826771653
11
1.1361151968503937
21
0.4328325590551181
0
LINE
8
BLACK
6
CONTINUOUS
10
1.1361151968503937
20
0.4328325590551181
11
1.1343813385826771
21
0.43251968503937
0
LINE
8
BLACK
6
CONTINUOUS
10
1.1343813385826771
20
0.43251968503937
11
1.1156186614173229
21
0.43251968503937
0
LINE
8
BLACK
6
CONTINUOUS
10
1.1156186614173229
20
0.43251968503937
11
1.1129367322834645
21
0.4333071653543307
0
LINE
8
BLACK
6
CONTINUOUS
10
1.1129367322834645
20
0.4333071653543307
11
1.1120937795275589
21
0.4340920078740158
0
LINE
8
BLACK
6
CONTINUOUS
10
1.1120937795275589
20
0.4340920078740158
11
1.1120525196850393
21
0.4340507480314961
0
LINE
8
BLACK
6
CONTINUOUS
10
1.1120525196850393
20
0.4340507480314961
11
1.1118016929133858
21
0.4343015354330709
0
LINE
8
BLACK
6
CONTINUOUS
10
1.1118016929133858
20
0.4343015354330709
11
1.1118016141732283
21
0.4343015354330709
0
LINE
8
BLACK
6
CONTINUOUS
10
1.1118016141732283
20
0.4343015354330709
11
1.1118016141732283
21
0.4343016141732283
0
LINE
8
BLACK
6
CONTINUOUS
10
1.1118016141732283
20
0.4343016141732283
11
1.1071930708661417
21
0.4377515354330709
0
LINE
8
BLACK
6
CONTINUOUS
10
1.1071930708661417
20
0.4377515354330709
11
1.1017992519685038
21
0.4397633464566929
0
LINE
8
BLACK
6
CONTINUOUS
10
1.1017992519685038
20
0.4397633464566929
11
1.1017991732283465
21
0.4397633464566929
0
LINE
8
BLACK
6
CONTINUOUS
10
1.1017991732283465
20
0.4397633464566929
11
1.1017990551181103
21
0.4397633858267717
0
LINE
8
BLACK
6
CONTINUOUS
10
1.1017990551181103
20
0.4397633858267717
11
1.0994153149606298
21
0.4400196456692913
0
LINE
8
BLACK
6
CONTINUOUS
10
1.0994153149606298
20
0.4400196456692913
11
1.099415157480315
21
0.4400196456692913
0
LINE
8
BLACK
6
CONTINUOUS
10
1.099415157480315
20
0.4400196456692913
11
1.0994148818897638
21
0.4400196850393701
0
LINE
8
BLACK
6
CONTINUOUS
10
1.0994148818897638
20
0.4400196850393701
11
1.0405851181102361
21
0.4400196850393701
0
LINE
8
BLACK
6
CONTINUOUS
10
1.0405851181102361
20
0.4400196850393701
11
1.0405848425196851
21
0.4400196456692913
0
LINE
8
BLACK
6
CONTINUOUS
10
1.0405848425196851
20
0.4400196456692913
11
1.0405846456692913
21
0.4400196456692913
0
LINE
8
BLACK
6
CONTINUOUS
10
1.0405846456692913
20
0.4400196456692913
11
1.0382009055118111
21
0.4397633858267717
0
LINE
8
BLACK
6
CONTINUOUS
10
1.0382009055118111
20
0.4397633858267717
11
1.0382005905511811
21
0.4397633070866142
0
LINE
8
BLACK
6
CONTINUOUS
10
1.0382005905511811
20
0.4397633070866142
11
1.0351328740157479
21
0.4386190551181102
0
LINE
8
BLACK
6
CONTINUOUS
10
1.0351328740157479
20
0.4386190551181102
11
1.0328069291338582
21
0.4377515354330709
0
LINE
8
BLACK
6
CONTINUOUS
10
1.0328069291338582
20
0.4377515354330709
11
1.0328068503937007
21
0.4377514960629921
0
LINE
8
BLACK
6
CONTINUOUS
10
1.0328068503937007
20
0.4377514960629921
11
1.0328067716535432
21
0.4377514566929134
0
LINE
8
BLACK
6
CONTINUOUS
10
1.0328067716535432
20
0.4377514566929134
11
1.0281982677165353
21
0.4343015354330709
0
LINE
8
BLACK
6
CONTINUOUS
10
1.0281982677165353
20
0.4343015354330709
11
1.0279474803149606
21
0.4340507480314961
0
LINE
8
BLACK
6
CONTINUOUS
10
1.0279474803149606
20
0.4340507480314961
11
1.0278596062992125
21
0.4341385826771653
0
LINE
8
BLACK
6
CONTINUOUS
10
1.0278596062992125
20
0.4341385826771653
11
1.0261151968503937
21
0.4328325590551181
0
LINE
8
BLACK
6
CONTINUOUS
10
1.0261151968503937
20
0.4328325590551181
11
1.0243813385826772
21
0.43251968503937
0
LINE
8
BLACK
6
CONTINUOUS
10
1.0243813385826772
20
0.43251968503937
11
0.9487464173228346
21
0.43251968503937
0
LINE
8
BLACK
6
CONTINUOUS
10
0.9487464173228346
20
0.43251968503937
11
0.9460644881889764
21
0.4333071653543307
0
LINE
8
BLACK
6
CONTINUOUS
10
0.9460644881889764
20
0.4333071653543307
11
0.9442340551181102
21
0.4354196062992126
0
LINE
8
BLACK
6
CONTINUOUS
10
0.9442340551181102
20
0.4354196062992126
11
0.9438362598425196
21
0.4381862992125984
0
LINE
8
BLACK
6
CONTINUOUS
10
0.9438362598425196
20
0.4381862992125984
11
0.9447752362204724
21
0.4404531496062992
0
LINE
8
BLACK
6
CONTINUOUS
10
0.9447752362204724
20
0.4404531496062992
11
0.9456015354330708
21
0.4415569291338582
0
LINE
8
BLACK
6
CONTINUOUS
10
0.9456015354330708
20
0.4415569291338582
11
0.9456015354330708
21
0.441556968503937
0
LINE
8
BLACK
6
CONTINUOUS
10
0.9456015354330708
20
0.441556968503937
11
0.9456184251968504
21
0.4416021653543307
0
LINE
8
BLACK
6
CONTINUOUS
10
0.9456184251968504
20
0.4416021653543307
11
0.9466476377952756
21
0.4443616141732283
0
LINE
8
BLACK
6
CONTINUOUS
10
0.9466476377952756
20
0.4443616141732283
11
0.9476133070866142
21
0.4469505905511811
0
LINE
8
BLACK
6
CONTINUOUS
10
0.9476133070866142
20
0.4469505905511811
11
0.9476133858267717
21
0.446950905511811
0
LINE
8
BLACK
6
CONTINUOUS
10
0.9476133858267717
20
0.446950905511811
11
0.9478696456692913
21
0.4493346456692913
0
LINE
8
BLACK
6
CONTINUOUS
10
0.9478696456692913
20
0.4493346456692913
11
0.9478696850393701
21
0.4493353149606299
0
LINE
8
BLACK
6
CONTINUOUS
10
0.9478696850393701
20
0.4493353149606299
11
0.9478696850393701
21
0.45125
0
LINE
8
BLACK
6
CONTINUOUS
10
0.9478696850393701
20
0.45125
11
0.9369499999999999
21
0.45125
0
LINE
8
BLACK
6
CONTINUOUS
10
0.9369499999999999
20
0.45125
11
0.9369499999999999
21
0.50915
0
LINE
8
BLACK
6
CONTINUOUS
10
0.9369499999999999
20
0.50915
11
0.9478696850393701
21
0.50915
0
LINE
8
BLACK
6
CONTINUOUS
10
0.9478696850393701
20
0.50915
11
0.9478696850393701
21
0.5110646456692913
0
LINE
8
BLACK
6
CONTINUOUS
10
0.9478696850393701
20
0.5110646456692913
11
0.9478696456692913
21
0.5110653149606299
0
LINE
8
BLACK
6
CONTINUOUS
10
0.9478696456692913
20
0.5110653149606299
11
0.9476133858267717
21
0.5134490551181102
0
LINE
8
BLACK
6
CONTINUOUS
10
0.9476133858267717
20
0.5134490551181102
11
0.9476133070866142
21
0.5134493700787401
0
LINE
8
BLACK
6
CONTINUOUS
10
0.9476133070866142
20
0.5134493700787401
11
0.9474324803149606
21
0.5139342125984252
0
LINE
8
BLACK
6
CONTINUOUS
10
0.9474324803149606
20
0.5139342125984252
11
0.9471196850393701
21
0.5156677952755906
0
LINE
8
BLACK
6
CONTINUOUS
10
0.9471196850393701
20
0.5156677952755906
11
0.9471196850393701
21
0.5561462598425196
0
LINE
8
BLACK
6
CONTINUOUS
10
0.9471196850393701
20
0.5561462598425196
11
0.9479071653543307
21
0.558828188976378
0
LINE
8
BLACK
6
CONTINUOUS
10
0.9479071653543307
20
0.558828188976378
11
0.9485726377952756
21
0.559653937007874
0
LINE
8
BLACK
6
CONTINUOUS
10
0.9485726377952756
20
0.559653937007874
11
1.134946062992126
21
0.7460273622047244
0
LINE
8
BLACK
6
CONTINUOUS
10
1.134946062992126
20
0.7460273622047244
11
1.1373992913385826
21
0.747366968503937
0
LINE
8
BLACK
6
CONTINUOUS
10
1.1373992913385826
20
0.747366968503937
11
1.1384537401574804
21
0.7474803149606299
0
LINE
8
BLACK
6
CONTINUOUS
10
1.1384537401574804
20
0.7474803149606299
11
1.1844153149606298
21
0.7474803149606299
0
LINE
8
BLACK
6
CONTINUOUS
10
1.1844153149606298
20
0.7474803149606299
11
1.1867990551181102
21
0.7477365748031496
0
LINE
8
BLACK
6
CONTINUOUS
10
1.1867990551181102
20
0.7477365748031496
11
1.18679937007874
21
0.7477366535433071
0
LINE
8
BLACK
6
CONTINUOUS
10
1.18679937007874
20
0.7477366535433071
11
1.1921929921259842
21
0.7497484251968504
0
LINE
8
BLACK
6
CONTINUOUS
10
1.1921929921259842
20
0.7497484251968504
11
1.1921931889763779
21
0.7497485039370079
0
LINE
8
BLACK
6
CONTINUOUS
10
1.1921931889763779
20
0.7497485039370079
11
1.1968016141732283
21
0.7531983464566929
0
LINE
8
BLACK
6
CONTINUOUS
10
1.1968016141732283
20
0.7531983464566929
11
1.2002514566929134
21
0.7578067716535433
0
LINE
8
BLACK
6
CONTINUOUS
10
1.2002514566929134
20
0.7578067716535433
11
1.2002515354330709
21
0.757806968503937
0
LINE
8
BLACK
6
CONTINUOUS
10
1.2002515354330709
20
0.757806968503937
11
1.2022633070866142
21
0.7632005905511811
0
LINE
8
BLACK
6
CONTINUOUS
10
1.2022633070866142
20
0.7632005905511811
11
1.2022633858267717
21
0.763200905511811
0
LINE
8
BLACK
6
CONTINUOUS
10
1.2022633858267717
20
0.763200905511811
11
1.2025196456692913
21
0.7655846456692913
0
LINE
8
BLACK
6
CONTINUOUS
10
1.2025196456692913
20
0.7655846456692913
11
1.20251968503937
21
0.7655853149606299
0
LINE
8
BLACK
6
CONTINUOUS
10
1.20251968503937
20
0.7655853149606299
11
1.20251968503937
21
0.8344146456692914
0
LINE
8
BLACK
6
CONTINUOUS
10
1.20251968503937
20
0.8344146456692914
11
1.2025196456692913
21
0.8344153149606299
0
LINE
8
BLACK
6
CONTINUOUS
10
1.2025196456692913
20
0.8344153149606299
11
1.2022633858267717
21
0.8367990551181103
0
LINE
8
BLACK
6
CONTINUOUS
10
1.2022633858267717
20
0.8367990551181103
11
1.2022633070866142
21
0.8367993700787402
0
LINE
8
BLACK
6
CONTINUOUS
10
1.2022633070866142
20
0.8367993700787402
11
1.2019866141732283
21
0.8375411417322834
0
LINE
8
BLACK
6
CONTINUOUS
10
1.2019866141732283
20
0.8375411417322834
11
1.2002515354330709
21
0.8421930708661417
0
LINE
8
BLACK
6
CONTINUOUS
10
1.2002515354330709
20
0.8421930708661417
11
1.1968016141732283
21
0.8468016141732283
0
LINE
8
BLACK
6
CONTINUOUS
10
1.1968016141732283
20
0.8468016141732283
11
1.196801496062992
21
0.8468016929133858
0
LINE
8
BLACK
6
CONTINUOUS
10
1.196801496062992
20
0.8468016929133858
11
1.1966327165354331
21
0.8470271653543306
0
LINE
8
BLACK
6
CONTINUOUS
10
1.1966327165354331
20
0.8470271653543306
11
1.195655905511811
21
0.849646062992126
0
LINE
8
BLACK
6
CONTINUOUS
10
1.195655905511811
20
0.849646062992126
11
1.1962500393700788
21
0.8523773622047244
0
LINE
8
BLACK
6
CONTINUOUS
10
1.1962500393700788
20
0.8523773622047244
11
1.1966327165354331
21
0.8529728346456693
0
LINE
8
BLACK
6
CONTINUOUS
10
1.1966327165354331
20
0.8529728346456693
11
1.196801496062992
21
0.8531982677165354
0
LINE
8
BLACK
6
CONTINUOUS
10
1.196801496062992
20
0.8531982677165354
11
1.1968016141732283
21
0.8531983858267717
0
LINE
8
BLACK
6
CONTINUOUS
10
1.1968016141732283
20
0.8531983858267717
11
1.2002515354330709
21
0.8578069291338583
0
LINE
8
BLACK
6
CONTINUOUS
10
1.2002515354330709
20
0.8578069291338583
11
1.202263346456693
21
0.863200748031496
0
LINE
8
BLACK
6
CONTINUOUS
10
1.202263346456693
20
0.863200748031496
11
1.2022633858267717
21
0.8632009055118111
0
LINE
8
BLACK
6
CONTINUOUS
10
1.2022633858267717
20
0.8632009055118111
11
1.2025196456692913
21
0.8655846456692913
0
LINE
8
BLACK
6
CONTINUOUS
10
1.2025196456692913
20
0.8655846456692913
11
1.20251968503937
21
0.8655853149606298
0
LINE
8
BLACK
6
CONTINUOUS
10
1.20251968503937
20
0.8655853149606298
11
1.20251968503937
21
0.9344146456692913
0
LINE
8
BLACK
6
CONTINUOUS
10
1.20251968503937
20
0.9344146456692913
11
1.2025196456692913
21
0.9344153149606299
0
LINE
8
BLACK
6
CONTINUOUS
10
1.2025196456692913
20
0.9344153149606299
11
1.2022633858267717
21
0.9367990551181102
0
LINE
8
BLACK
6
CONTINUOUS
10
1.2022633858267717
20
0.9367990551181102
11
1.2022633070866142
21
0.9367993700787401
0
LINE
8
BLACK
6
CONTINUOUS
10
1.2022633070866142
20
0.9367993700787401
11
1.2019866141732283
21
0.9375411417322834
0
LINE
8
BLACK
6
CONTINUOUS
10
1.2019866141732283
20
0.9375411417322834
11
1.2002515354330709
21
0.9421930708661417
0
LINE
8
BLACK
6
CONTINUOUS
10
1.2002515354330709
20
0.9421930708661417
11
1.1968016141732283
21
0.9468016141732283
0
LINE
8
BLACK
6
CONTINUOUS
10
1.1968016141732283
20
0.9468016141732283
11
1.1921930708661417
21
0.9502515354330708
0
LINE
8
BLACK
6
CONTINUOUS
10
1.1921930708661417
20
0.9502515354330708
11
1.186799251968504
21
0.9522633464566929
0
LINE
8
BLACK
6
CONTINUOUS
10
1.186799251968504
20
0.9522633464566929
11
1.1867991732283465
21
0.9522633464566929
0
LINE
8
BLACK
6
CONTINUOUS
10
1.1867991732283465
20
0.9522633464566929
11
1.1867990551181102
21
0.9522633858267716
0
LINE
8
BLACK
6
CONTINUOUS
10
1.1867990551181102
20
0.9522633858267716
11
1.1844153149606298
21
0.9525196456692914
0
LINE
8
BLACK
6
CONTINUOUS
10
1.1844153149606298
20
0.9525196456692914
11
1.184415157480315
21
0.9525196456692914
0
LINE
8
BLACK
6
CONTINUOUS
10
1.184415157480315
20
0.9525196456692914
11
1.1844148818897637
21
0.95251968503937
0
LINE
8
BLACK
6
CONTINUOUS
10
1.1844148818897637
20
0.95251968503937
11
1.1844146456692912
21
0.95251968503937
0
LINE
8
BLACK
6
CONTINUOUS
10
1.1844146456692912
20
0.95251968503937
11
1.18248031496063
21
0.95251968503937
0
LINE
8
BLACK
6
CONTINUOUS
10
1.18248031496063
20
0.95251968503937
11
1.1797983858267715
21
0.9533071653543307
0
LINE
8
BLACK
6
CONTINUOUS
10
1.1797983858267715
20
0.9533071653543307
11
1.1779679527559055
21
0.9554196062992126
0
LINE
8
BLACK
6
CONTINUOUS
10
1.1779679527559055
20
0.9554196062992126
11
1.1775196850393701
21
0.9574803149606299
0
LINE
8
BLACK
6
CONTINUOUS
10
1.1775196850393701
20
0.9574803149606299
11
1.1775196850393701
21
0.9703206299212598
0
LINE
8
BLACK
6
CONTINUOUS
10
1.1775196850393701
20
0.9703206299212598
11
1.1783071653543307
21
0.9730025590551181
0
LINE
8
BLACK
6
CONTINUOUS
10
1.1783071653543307
20
0.9730025590551181
11
1.1804196062992125
21
0.9748329921259842
0
LINE
8
BLACK
6
CONTINUOUS
10
1.1804196062992125
20
0.9748329921259842
11
1.1815051968503936
21
0.9751307874015748
0
LINE
8
BLACK
6
CONTINUOUS
10
1.1815051968503936
20
0.9751307874015748
11
1.1814970866141732
21
0.9751652362204725
0
LINE
8
BLACK
6
CONTINUOUS
10
1.1814970866141732
20
0.9751652362204725
11
1.1817993700787401
21
0.975236653543307
0
LINE
8
BLACK
6
CONTINUOUS
10
1.1817993700787401
20
0.975236653543307
11
1.1871929921259843
21
0.9772484251968504
0
LINE
8
BLACK
6
CONTINUOUS
10
1.1871929921259843
20
0.9772484251968504
11
1.1871931889763778
21
0.9772485039370079
0
LINE
8
BLACK
6
CONTINUOUS
10
1.1871931889763778
20
0.9772485039370079
11
1.1918016141732284
21
0.9806983464566928
0
LINE
8
BLACK
6
CONTINUOUS
10
1.1918016141732284
20
0.9806983464566928
11
1.1952514566929133
21
0.9853067716535433
0
LINE
8
BLACK
6
CONTINUOUS
10
1.1952514566929133
20
0.9853067716535433
11
1.1952515354330708
21
0.985306968503937
0
LINE
8
BLACK
6
CONTINUOUS
10
1.1952515354330708
20
0.985306968503937
11
1.1972633070866141
21
0.9907005905511811
0
LINE
8
BLACK
6
CONTINUOUS
10
1.1972633070866141
20
0.9907005905511811
11
1.1972633858267716
21
0.990700905511811
0
LINE
8
BLACK
6
CONTINUOUS
10
1.1972633858267716
20
0.990700905511811
11
1.1975196456692914
21
0.9930846456692913
0
LINE
8
BLACK
6
CONTINUOUS
10
1.1975196456692914
20
0.9930846456692913
11
1.1975196850393701
21
0.9930853149606299
0
LINE
8
BLACK
6
CONTINUOUS
10
1.1975196850393701
20
0.9930853149606299
11
1.1975196850393701
21
1.0319146456692914
0
LINE
8
BLACK
6
CONTINUOUS
10
1.1975196850393701
20
1.0319146456692914
11
1.1975196456692914
21
1.0319153149606299
0
LINE
8
BLACK
6
CONTINUOUS
10
1.1975196456692914
20
1.0319153149606299
11
1.1972633858267716
21
1.0342990551181102
0
LINE
8
BLACK
6
CONTINUOUS
10
1.1972633858267716
20
1.0342990551181102
11
1.1972633070866141
21
1.0342993700787402
0
LINE
8
BLACK
6
CONTINUOUS
10
1.1972633070866141
20
1.0342993700787402
11
1.1963294881889763
21
1.0368029921259843
0
LINE
8
BLACK
6
CONTINUOUS
10
1.1963294881889763
20
1.0368029921259843
11
1.1952515354330708
21
1.0396930708661416
0
LINE
8
BLACK
6
CONTINUOUS
10
1.1952515354330708
20
1.0396930708661416
11
1.1949122047244094
21
1.0401463385826772
0
LINE
8
BLACK
6
CONTINUOUS
10
1.1949122047244094
20
1.0401463385826772
11
1.1918016141732284
21
1.0443016141732284
0
LINE
8
BLACK
6
CONTINUOUS
10
1.1918016141732284
20
1.0443016141732284
11
1.1894943700787401
21
1.0460288188976379
0
LINE
8
BLACK
6
CONTINUOUS
10
1.1894943700787401
20
1.0460288188976379
11
1.1878192913385826
21
1.0482664566929134
0
LINE
8
BLACK
6
CONTINUOUS
10
1.1878192913385826
20
1.0482664566929134
11
1.1876199212598424
21
1.0510544881889763
0
LINE
8
BLACK
6
CONTINUOUS
10
1.1876199212598424
20
1.0510544881889763
11
1.1889594881889765
21
1.053507716535433
0
LINE
8
BLACK
6
CONTINUOUS
10
1.1889594881889765
20
1.053507716535433
11
1.1894943700787401
21
1.0539711811023622
0
LINE
8
BLACK
6
CONTINUOUS
10
1.1894943700787401
20
1.0539711811023622
11
1.1918016141732284
21
1.0556983464566929
0
LINE
8
BLACK
6
CONTINUOUS
10
1.1918016141732284
20
1.0556983464566929
11
1.1952514566929133
21
1.0603067716535433
0
LINE
8
BLACK
6
CONTINUOUS
10
1.1952514566929133
20
1.0603067716535433
11
1.1952515354330708
21
1.060306968503937
0
LINE
8
BLACK
6
CONTINUOUS
10
1.1952515354330708
20
1.060306968503937
11
1.1972633070866141
21
1.0657005905511812
0
LINE
8
BLACK
6
CONTINUOUS
10
1.1972633070866141
20
1.0657005905511812
11
1.1972633858267716
21
1.065700905511811
0
LINE
8
BLACK
6
CONTINUOUS
10
1.1972633858267716
20
1.065700905511811
11
1.1975196456692914
21
1.0680846456692914
0
LINE
8
BLACK
6
CONTINUOUS
10
1.1975196456692914
20
1.0680846456692914
11
1.1975196850393701
21
1.06808531496063
0
LINE
8
BLACK
6
CONTINUOUS
10
1.1975196850393701
20
1.06808531496063
11
1.1975196850393701
21
1.1069146456692913
0
LINE
8
BLACK
6
CONTINUOUS
10
1.1975196850393701
20
1.1069146456692913
11
1.1975196456692914
21
1.1069153149606299
0
LINE
8
BLACK
6
CONTINUOUS
10
1.1975196456692914
20
1.1069153149606299
11
1.1972633858267716
21
1.1092990551181101
0
LINE
8
BLACK
6
CONTINUOUS
10
1.1972633858267716
20
1.1092990551181101
11
1.1972633070866141
21
1.1092993700787401
0
LINE
8
BLACK
6
CONTINUOUS
10
1.1972633070866141
20
1.1092993700787401
11
1.1969866141732284
21
1.1100411417322835
0
LINE
8
BLACK
6
CONTINUOUS
10
1.1969866141732284
20
1.1100411417322835
11
1.1952515354330708
21
1.1146930708661418
0
LINE
8
BLACK
6
CONTINUOUS
10
1.1952515354330708
20
1.1146930708661418
11
1.1951480708661417
21
1.1148312598425196
0
LINE
8
BLACK
6
CONTINUOUS
10
1.1951480708661417
20
1.1148312598425196
11
1.1918016141732284
21
1.1193016141732284
0
LINE
8
BLACK
6
CONTINUOUS
10
1.1918016141732284
20
1.1193016141732284
11
1.1871931889763778
21
1.1227514566929133
0
LINE
8
BLACK
6
CONTINUOUS
10
1.1871931889763778
20
1.1227514566929133
11
1.1871931496062993
21
1.1227514566929133
0
LINE
8
BLACK
6
CONTINUOUS
10
1.1871931496062993
20
1.1227514566929133
11
1.1871930708661418
21
1.1227515354330708
0
LINE
8
BLACK
6
CONTINUOUS
10
1.1871930708661418
20
1.1227515354330708
11
1.1817992519685039
21
1.1247633464566928
0
LINE
8
BLACK
6
CONTINUOUS
10
1.1817992519685039
20
1.1247633464566928
11
1.1817991732283464
21
1.1247633464566928
0
LINE
8
BLACK
6
CONTINUOUS
10
1.1817991732283464
20
1.1247633464566928
11
1.1817990551181101
21
1.1247633858267716
0
LINE
8
BLACK
6
CONTINUOUS
10
1.1817990551181101
20
1.1247633858267716
11
1.1794153149606299
21
1.1250196456692914
0
LINE
8
BLACK
6
CONTINUOUS
10
1.1794153149606299
20
1.1250196456692914
11
1.1794151574803149
21
1.1250196456692914
0
LINE
8
BLACK
6
CONTINUOUS
10
1.1794151574803149
20
1.1250196456692914
11
1.1794148818897638
21
1.1250196850393701
0
LINE
8
BLACK
6
CONTINUOUS
10
1.1794148818897638
20
1.1250196850393701
11
1.1205851181102362
21
1.1250196850393701
0
LINE
8
BLACK
6
CONTINUOUS
10
1.1205851181102362
20
1.1250196850393701
11
1.1205848425196849
21
1.1250196456692914
0
LINE
8
BLACK
6
CONTINUOUS
10
1.1205848425196849
20
1.1250196456692914
11
1.1205846456692914
21
1.1250196456692914
0
LINE
8
BLACK
6
CONTINUOUS
10
1.1205846456692914
20
1.1250196456692914
11
1.1182009055118109
21
1.1247633858267716
0
LINE
8
BLACK
6
CONTINUOUS
10
1.1182009055118109
20
1.1247633858267716
11
1.1182005905511812
21
1.1247633070866141
0
LINE
8
BLACK
6
CONTINUOUS
10
1.1182005905511812
20
1.1247633070866141
11
1.115132874015748
21
1.1236190551181102
0
LINE
8
BLACK
6
CONTINUOUS
10
1.115132874015748
20
1.1236190551181102
11
1.1128069291338583
21
1.1227515354330708
0
LINE
8
BLACK
6
CONTINUOUS
10
1.1128069291338583
20
1.1227515354330708
11
1.1128068503937008
21
1.1227514960629921
0
LINE
8
BLACK
6
CONTINUOUS
10
1.1128068503937008
20
1.1227514960629921
11
1.1128067716535432
21
1.1227514566929133
0
LINE
8
BLACK
6
CONTINUOUS
10
1.1128067716535432
20
1.1227514566929133
11
1.1081983464566929
21
1.1193016141732284
0
LINE
8
BLACK
6
CONTINUOUS
10
1.1081983464566929
20
1.1193016141732284
11
1.1064810236220473
21
1.1170075196850393
0
LINE
8
BLACK
6
CONTINUOUS
10
1.1064810236220473
20
1.1170075196850393
11
1.1042433858267717
21
1.1153324409448819
0
LINE
8
BLACK
6
CONTINUOUS
10
1.1042433858267717
20
1.1153324409448819
11
1.1025098425196851
21
1.1150196850393701
0
LINE
8
BLACK
6
CONTINUOUS
10
1.1025098425196851
20
1.1150196850393701
11
1.0974901574803149
21
1.1150196850393701
0
LINE
8
BLACK
6
CONTINUOUS
10
1.0974901574803149
20
1.1150196850393701
11
1.0948082283464566
21
1.1158071653543307
0
LINE
8
BLACK
6
CONTINUOUS
10
1.0948082283464566
20
1.1158071653543307
11
1.0935189763779527
21
1.1170075196850393
0
LINE
8
BLACK
6
CONTINUOUS
10
1.0935189763779527
20
1.1170075196850393
11
1.0918016141732283
21
1.1193016141732284
0
LINE
8
BLACK
6
CONTINUOUS
10
1.0918016141732283
20
1.1193016141732284
11
1.087193188976378
21
1.1227514566929133
0
LINE
8
BLACK
6
CONTINUOUS
10
1.087193188976378
20
1.1227514566929133
11
1.0871931496062992
21
1.1227514566929133
0
LINE
8
BLACK
6
CONTINUOUS
10
1.0871931496062992
20
1.1227514566929133
11
1.0871930708661417
21
1.1227515354330708
0
LINE
8
BLACK
6
CONTINUOUS
10
1.0871930708661417
20
1.1227515354330708
11
1.081799251968504
21
1.1247633464566928
0
LINE
8
BLACK
6
CONTINUOUS
10
1.081799251968504
20
1.1247633464566928
11
1.0817991732283465
21
1.1247633464566928
0
LINE
8
BLACK
6
CONTINUOUS
10
1.0817991732283465
20
1.1247633464566928
11
1.0817990551181103
21
1.1247633858267716
0
LINE
8
BLACK
6
CONTINUOUS
10
1.0817990551181103
20
1.1247633858267716
11
1.0794153149606298
21
1.1250196456692914
0
LINE
8
BLACK
6
CONTINUOUS
10
1.0794153149606298
20
1.1250196456692914
11
1.079415157480315
21
1.1250196456692914
0
LINE
8
BLACK
6
CONTINUOUS
10
1.079415157480315
20
1.1250196456692914
11
1.0794148818897638
21
1.1250196850393701
0
LINE
8
BLACK
6
CONTINUOUS
10
1.0794148818897638
20
1.1250196850393701
11
1.0205851181102361
21
1.1250196850393701
0
LINE
8
BLACK
6
CONTINUOUS
10
1.0205851181102361
20
1.1250196850393701
11
1.0205848425196851
21
1.1250196456692914
0
LINE
8
BLACK
6
CONTINUOUS
10
1.0205848425196851
20
1.1250196456692914
11
1.0205846456692913
21
1.1250196456692914
0
LINE
8
BLACK
6
CONTINUOUS
10
1.0205846456692913
20
1.1250196456692914
11
1.0182009055118111
21
1.1247633858267716
0
LINE
8
BLACK
6
CONTINUOUS
10
1.0182009055118111
20
1.1247633858267716
11
1.0182005905511811
21
1.1247633070866141
0
LINE
8
BLACK
6
CONTINUOUS
10
1.0182005905511811
20
1.1247633070866141
11
1.0151328740157479
21
1.1236190551181102
0
LINE
8
BLACK
6
CONTINUOUS
10
1.0151328740157479
20
1.1236190551181102
11
1.0128069291338582
21
1.1227515354330708
0
LINE
8
BLACK
6
CONTINUOUS
10
1.0128069291338582
20
1.1227515354330708
11
1.0128068503937007
21
1.1227514960629921
0
LINE
8
BLACK
6
CONTINUOUS
10
1.0128068503937007
20
1.1227514960629921
11
1.0128067716535434
21
1.1227514566929133
0
LINE
8
BLACK
6
CONTINUOUS
10
1.0128067716535434
20
1.1227514566929133
11
1.0081983464566928
21
1.1193016141732284
0
LINE
8
BLACK
6
CONTINUOUS
10
1.0081983464566928
20
1.1193016141732284
11
1.0064810236220472
21
1.1170075196850393
0
LINE
8
BLACK
6
CONTINUOUS
10
1.0064810236220472
20
1.1170075196850393
11
1.0042433858267716
21
1.1153324409448819
0
LINE
8
BLACK
6
CONTINUOUS
10
1.0042433858267716
20
1.1153324409448819
11
1.002509842519685
21
1.1150196850393701
0
LINE
8
BLACK
6
CONTINUOUS
10
1.002509842519685
20
1.1150196850393701
11
0.9974901574803149
21
1.1150196850393701
0
LINE
8
BLACK
6
CONTINUOUS
10
0.9974901574803149
20
1.1150196850393701
11
0.9948082283464567
21
1.1158071653543307
0
LINE
8
BLACK
6
CONTINUOUS
10
0.9948082283464567
20
1.1158071653543307
11
0.9935189763779527
21
1.1170075196850393
0
LINE
8
BLACK
6
CONTINUOUS
10
0.9935189763779527
20
1.1170075196850393
11
0.9918016141732283
21
1.1193016141732284
0
LINE
8
BLACK
6
CONTINUOUS
10
0.9918016141732283
20
1.1193016141732284
11
0.987193188976378
21
1.1227514566929133
0
LINE
8
BLACK
6
CONTINUOUS
10
0.987193188976378
20
1.1227514566929133
11
0.9871931496062992
21
1.1227514566929133
0
LINE
8
BLACK
6
CONTINUOUS
10
0.9871931496062992
20
1.1227514566929133
11
0.9871930708661417
21
1.1227515354330708
0
LINE
8
BLACK
6
CONTINUOUS
10
0.9871930708661417
20
1.1227515354330708
11
0.9817992519685039
21
1.1247633464566928
0
LINE
8
BLACK
6
CONTINUOUS
10
0.9817992519685039
20
1.1247633464566928
11
0.9817991732283464
21
1.1247633464566928
0
LINE
8
BLACK
6
CONTINUOUS
10
0.9817991732283464
20
1.1247633464566928
11
0.9817990551181102
21
1.1247633858267716
0
LINE
8
BLACK
6
CONTINUOUS
10
0.9817990551181102
20
1.1247633858267716
11
0.9794153149606299
21
1.1250196456692914
0
LINE
8
BLACK
6
CONTINUOUS
10
0.9794153149606299
20
1.1250196456692914
11
0.9794151574803149
21
1.1250196456692914
0
LINE
8
BLACK
6
CONTINUOUS
10
0.9794151574803149
20
1.1250196456692914
11
0.9794148818897638
21
1.1250196850393701
0
LINE
8
BLACK
6
CONTINUOUS
10
0.9794148818897638
20
1.1250196850393701
11
0.9205851181102362
21
1.1250196850393701
0
LINE
8
BLACK
6
CONTINUOUS
10
0.9205851181102362
20
1.1250196850393701
11
0.920584842519685
21
1.1250196456692914
0
LINE
8
BLACK
6
CONTINUOUS
10
0.920584842519685
20
1.1250196456692914
11
0.9205846456692913
21
1.1250196456692914
0
LINE
8
BLACK
6
CONTINUOUS
10
0.9205846456692913
20
1.1250196456692914
11
0.918200905511811
21
1.1247633858267716
0
LINE
8
BLACK
6
CONTINUOUS
10
0.918200905511811
20
1.1247633858267716
11
0.9182005905511811
21
1.1247633070866141
0
LINE
8
BLACK
6
CONTINUOUS
10
0.9182005905511811
20
1.1247633070866141
11
0.9151328740157481
21
1.1236190551181102
0
LINE
8
BLACK
6
CONTINUOUS
10
0.9151328740157481
20
1.1236190551181102
11
0.9128069291338583
21
1.1227515354330708
0
LINE
8
BLACK
6
CONTINUOUS
10
0.9128069291338583
20
1.1227515354330708
11
0.9128068503937008
21
1.1227514960629921
0
LINE
8
BLACK
6
CONTINUOUS
10
0.9128068503937008
20
1.1227514960629921
11
0.9128067716535433
21
1.1227514566929133
0
LINE
8
BLACK
6
CONTINUOUS
10
0.9128067716535433
20
1.1227514566929133
11
0.9081983464566928
21
1.1193016141732284
0
LINE
8
BLACK
6
CONTINUOUS
10
0.9081983464566928
20
1.1193016141732284
11
0.9064810236220472
21
1.1170075196850393
0
LINE
8
BLACK
6
CONTINUOUS
10
0.9064810236220472
20
1.1170075196850393
11
0.9042433858267717
21
1.1153324409448819
0
LINE
8
BLACK
6
CONTINUOUS
10
0.9042433858267717
20
1.1153324409448819
11
0.902509842519685
21
1.1150196850393701
0
LINE
8
BLACK
6
CONTINUOUS
10
0.902509842519685
20
1.1150196850393701
11
0.8974901574803149
21
1.1150196850393701
0
LINE
8
BLACK
6
CONTINUOUS
10
0.8974901574803149
20
1.1150196850393701
11
0.8948082283464567
21
1.1158071653543307
0
LINE
8
BLACK
6
CONTINUOUS
10
0.8948082283464567
20
1.1158071653543307
11
0.8935189763779527
21
1.1170075196850393
0
LINE
8
BLACK
6
CONTINUOUS
10
0.8935189763779527
20
1.1170075196850393
11
0.8918016141732283
21
1.1193016141732284
0
LINE
8
BLACK
6
CONTINUOUS
10
0.8918016141732283
20
1.1193016141732284
11
0.8871931889763779
21
1.1227514566929133
0
LINE
8
BLACK
6
CONTINUOUS
10
0.8871931889763779
20
1.1227514566929133
11
0.8871931496062992
21
1.1227514566929133
0
LINE
8
BLACK
6
CONTINUOUS
10
0.8871931496062992
20
1.1227514566929133
11
0.8871930708661417
21
1.1227515354330708
0
LINE
8
BLACK
6
CONTINUOUS
10
0.8871930708661417
20
1.1227515354330708
11
0.8817992519685039
21
1.1247633464566928
0
LINE
8
BLACK
6
CONTINUOUS
10
0.8817992519685039
20
1.1247633464566928
11
0.8817991732283464
21
1.1247633464566928
0
LINE
8
BLACK
6
CONTINUOUS
10
0.8817991732283464
20
1.1247633464566928
11
0.8817990551181102
21
1.1247633858267716
0
LINE
8
BLACK
6
CONTINUOUS
10
0.8817990551181102
20
1.1247633858267716
11
0.8794153149606299
21
1.1250196456692914
0
LINE
8
BLACK
6
CONTINUOUS
10
0.8794153149606299
20
1.1250196456692914
11
0.879415157480315
21
1.1250196456692914
0
LINE
8
BLACK
6
CONTINUOUS
10
0.879415157480315
20
1.1250196456692914
11
0.8794148818897638
21
1.1250196850393701
0
LINE
8
BLACK
6
CONTINUOUS
10
0.8794148818897638
20
1.1250196850393701
11
0.8205851181102362
21
1.1250196850393701
0
LINE
8
BLACK
6
CONTINUOUS
10
0.8205851181102362
20
1.1250196850393701
11
0.820584842519685
21
1.1250196456692914
0
LINE
8
BLACK
6
CONTINUOUS
10
0.820584842519685
20
1.1250196456692914
11
0.8205846456692913
21
1.1250196456692914
0
LINE
8
BLACK
6
CONTINUOUS
10
0.8205846456692913
20
1.1250196456692914
11
0.818200905511811
21
1.1247633858267716
0
LINE
8
BLACK
6
CONTINUOUS
10
0.818200905511811
20
1.1247633858267716
11
0.8182005905511811
21
1.1247633070866141
0
LINE
8
BLACK
6
CONTINUOUS
10
0.8182005905511811
20
1.1247633070866141
11
0.815132874015748
21
1.1236190551181102
0
LINE
8
BLACK
6
CONTINUOUS
10
0.815132874015748
20
1.1236190551181102
11
0.8128069291338582
21
1.1227515354330708
0
LINE
8
BLACK
6
CONTINUOUS
10
0.8128069291338582
20
1.1227515354330708
11
0.8128068503937008
21
1.1227514960629921
0
LINE
8
BLACK
6
CONTINUOUS
10
0.8128068503937008
20
1.1227514960629921
11
0.8128067716535433
21
1.1227514566929133
0
LINE
8
BLACK
6
CONTINUOUS
10
0.8128067716535433
20
1.1227514566929133
11
0.8081983464566929
21
1.1193016141732284
0
LINE
8
BLACK
6
CONTINUOUS
10
0.8081983464566929
20
1.1193016141732284
11
0.8064810236220472
21
1.1170075196850393
0
LINE
8
BLACK
6
CONTINUOUS
10
0.8064810236220472
20
1.1170075196850393
11
0.8042433858267717
21
1.1153324409448819
0
LINE
8
BLACK
6
CONTINUOUS
10
0.8042433858267717
20
1.1153324409448819
11
0.802509842519685
21
1.1150196850393701
0
LINE
8
BLACK
6
CONTINUOUS
10
0.802509842519685
20
1.1150196850393701
11
0.7974901574803149
21
1.1150196850393701
0
LINE
8
BLACK
6
CONTINUOUS
10
0.7974901574803149
20
1.1150196850393701
11
0.7948082283464567
21
1.1158071653543307
0
LINE
8
BLACK
6
CONTINUOUS
10
0.7948082283464567
20
1.1158071653543307
11
0.7935189763779528
21
1.1170075196850393
0
LINE
8
BLACK
6
CONTINUOUS
10
0.7935189763779528
20
1.1170075196850393
11
0.7918016141732284
21
1.1193016141732284
0
LINE
8
BLACK
6
CONTINUOUS
10
0.7918016141732284
20
1.1193016141732284
11
0.7871931889763779
21
1.1227514566929133
0
LINE
8
BLACK
6
CONTINUOUS
10
0.7871931889763779
20
1.1227514566929133
11
0.7871931496062992
21
1.1227514566929133
0
LINE
8
BLACK
6
CONTINUOUS
10
0.7871931496062992
20
1.1227514566929133
11
0.7871930708661418
21
1.1227515354330708
0
LINE
8
BLACK
6
CONTINUOUS
10
0.7871930708661418
20
1.1227515354330708
11
0.781799251968504
21
1.1247633464566928
0
LINE
8
BLACK
6
CONTINUOUS
10
0.781799251968504
20
1.1247633464566928
11
0.7817991732283465
21
1.1247633464566928
0
LINE
8
BLACK
6
CONTINUOUS
10
0.7817991732283465
20
1.1247633464566928
11
0.7817990551181102
21
1.1247633858267716
0
LINE
8
BLACK
6
CONTINUOUS
10
0.7817990551181102
20
1.1247633858267716
11
0.7794153149606299
21
1.1250196456692914
0
LINE
8
BLACK
6
CONTINUOUS
10
0.7794153149606299
20
1.1250196456692914
11
0.779415157480315
21
1.1250196456692914
0
LINE
8
BLACK
6
CONTINUOUS
10
0.779415157480315
20
1.1250196456692914
11
0.7794148818897637
21
1.1250196850393701
0
LINE
8
BLACK
6
CONTINUOUS
10
0.7794148818897637
20
1.1250196850393701
11
0.7205851181102362
21
1.1250196850393701
0
LINE
8
BLACK
6
CONTINUOUS
10
0.7205851181102362
20
1.1250196850393701
11
0.720584842519685
21
1.1250196456692914
0
LINE
8
BLACK
6
CONTINUOUS
10
0.720584842519685
20
1.1250196456692914
11
0.7205846456692914
21
1.1250196456692914
0
LINE
8
BLACK
6
CONTINUOUS
10
0.7205846456692914
20
1.1250196456692914
11
0.718200905511811
21
1.1247633858267716
0
LINE
8
BLACK
6
CONTINUOUS
10
0.718200905511811
20
1.1247633858267716
11
0.7182005905511811
21
1.1247633070866141
0
LINE
8
BLACK
6
CONTINUOUS
10
0.7182005905511811
20
1.1247633070866141
11
0.715132874015748
21
1.1236190551181102
0
LINE
8
BLACK
6
CONTINUOUS
10
0.715132874015748
20
1.1236190551181102
11
0.7128069291338582
21
1.1227515354330708
0
LINE
8
BLACK
6
CONTINUOUS
10
0.7128069291338582
20
1.1227515354330708
11
0.7128068503937007
21
1.1227514960629921
0
LINE
8
BLACK
6
CONTINUOUS
10
0.7128068503937007
20
1.1227514960629921
11
0.7128067716535433
21
1.1227514566929133
0
LINE
8
BLACK
6
CONTINUOUS
10
0.7128067716535433
20
1.1227514566929133
11
0.7081983464566929
21
1.1193016141732284
0
LINE
8
BLACK
6
CONTINUOUS
10
0.7081983464566929
20
1.1193016141732284
11
0.7064810236220472
21
1.1170075196850393
0
LINE
8
BLACK
6
CONTINUOUS
10
0.7064810236220472
20
1.1170075196850393
11
0.7042433858267716
21
1.1153324409448819
0
LINE
8
BLACK
6
CONTINUOUS
10
0.7042433858267716
20
1.1153324409448819
11
0.7025098425196851
21
1.1150196850393701
0
LINE
8
BLACK
6
CONTINUOUS
10
0.7025098425196851
20
1.1150196850393701
11
0.697490157480315
21
1.1150196850393701
0
LINE
8
BLACK
6
CONTINUOUS
10
0.697490157480315
20
1.1150196850393701
11
0.6948082283464567
21
1.1158071653543307
0
LINE
8
BLACK
6
CONTINUOUS
10
0.6948082283464567
20
1.1158071653543307
11
0.6935189763779528
21
1.1170075196850393
0
LINE
8
BLACK
6
CONTINUOUS
10
0.6935189763779528
20
1.1170075196850393
11
0.6918016141732284
21
1.1193016141732284
0
LINE
8
BLACK
6
CONTINUOUS
10
0.6918016141732284
20
1.1193016141732284
11
0.6871931889763779
21
1.1227514566929133
0
LINE
8
BLACK
6
CONTINUOUS
10
0.6871931889763779
20
1.1227514566929133
11
0.6871931496062992
21
1.1227514566929133
0
LINE
8
BLACK
6
CONTINUOUS
10
0.6871931496062992
20
1.1227514566929133
11
0.6871930708661417
21
1.1227515354330708
0
LINE
8
BLACK
6
CONTINUOUS
10
0.6871930708661417
20
1.1227515354330708
11
0.6817992519685039
21
1.1247633464566928
0
LINE
8
BLACK
6
CONTINUOUS
10
0.6817992519685039
20
1.1247633464566928
11
0.6817991732283465
21
1.1247633464566928
0
LINE
8
BLACK
6
CONTINUOUS
10
0.6817991732283465
20
1.1247633464566928
11
0.6817990551181102
21
1.1247633858267716
0
LINE
8
BLACK
6
CONTINUOUS
10
0.6817990551181102
20
1.1247633858267716
11
0.6794153149606299
21
1.1250196456692914
0
LINE
8
BLACK
6
CONTINUOUS
10
0.6794153149606299
20
1.1250196456692914
11
0.6794151574803149
21
1.1250196456692914
0
LINE
8
BLACK
6
CONTINUOUS
10
0.6794151574803149
20
1.1250196456692914
11
0.6794148818897637
21
1.1250196850393701
0
LINE
8
BLACK
6
CONTINUOUS
10
0.6794148818897637
20
1.1250196850393701
11
0.6205851181102362
21
1.1250196850393701
0
LINE
8
BLACK
6
CONTINUOUS
10
0.6205851181102362
20
1.1250196850393701
11
0.620584842519685
21
1.1250196456692914
0
LINE
8
BLACK
6
CONTINUOUS
10
0.620584842519685
20
1.1250196456692914
11
0.6205846456692913
21
1.1250196456692914
0
LINE
8
BLACK
6
CONTINUOUS
10
0.6205846456692913
20
1.1250196456692914
11
0.6182009055118111
21
1.1247633858267716
0
LINE
8
BLACK
6
CONTINUOUS
10
0.6182009055118111
20
1.1247633858267716
11
0.618200590551181
21
1.1247633070866141
0
LINE
8
BLACK
6
CONTINUOUS
10
0.618200590551181
20
1.1247633070866141
11
0.615132874015748
21
1.1236190551181102
0
LINE
8
BLACK
6
CONTINUOUS
10
0.615132874015748
20
1.1236190551181102
11
0.6128069291338583
21
1.1227515354330708
0
LINE
8
BLACK
6
CONTINUOUS
10
0.6128069291338583
20
1.1227515354330708
11
0.6128068503937008
21
1.1227514960629921
0
LINE
8
BLACK
6
CONTINUOUS
10
0.6128068503937008
20
1.1227514960629921
11
0.6128067716535432
21
1.1227514566929133
0
LINE
8
BLACK
6
CONTINUOUS
10
0.6128067716535432
20
1.1227514566929133
11
0.6081983464566929
21
1.1193016141732284
0
LINE
8
BLACK
6
CONTINUOUS
10
0.6081983464566929
20
1.1193016141732284
11
0.6064810236220473
21
1.1170075196850393
0
LINE
8
BLACK
6
CONTINUOUS
10
0.6064810236220473
20
1.1170075196850393
11
0.6042433858267716
21
1.1153324409448819
0
LINE
8
BLACK
6
CONTINUOUS
10
0.6042433858267716
20
1.1153324409448819
11
0.602509842519685
21
1.1150196850393701
0
LINE
8
BLACK
6
CONTINUOUS
10
0.602509842519685
20
1.1150196850393701
11
0.597490157480315
21
1.1150196850393701
0
LINE
8
BLACK
6
CONTINUOUS
10
0.597490157480315
20
1.1150196850393701
11
0.5948082283464566
21
1.1158071653543307
0
LINE
8
BLACK
6
CONTINUOUS
10
0.5948082283464566
20
1.1158071653543307
11
0.5935189763779527
21
1.1170075196850393
0
LINE
8
BLACK
6
CONTINUOUS
10
0.5935189763779527
20
1.1170075196850393
11
0.5918016141732283
21
1.1193016141732284
0
LINE
8
BLACK
6
CONTINUOUS
10
0.5918016141732283
20
1.1193016141732284
11
0.587193188976378
21
1.1227514566929133
0
LINE
8
BLACK
6
CONTINUOUS
10
0.587193188976378
20
1.1227514566929133
11
0.5871931496062992
21
1.1227514566929133
0
LINE
8
BLACK
6
CONTINUOUS
10
0.5871931496062992
20
1.1227514566929133
11
0.5871930708661417
21
1.1227515354330708
0
LINE
8
BLACK
6
CONTINUOUS
10
0.5871930708661417
20
1.1227515354330708
11
0.5817992519685039
21
1.1247633464566928
0
LINE
8
BLACK
6
CONTINUOUS
10
0.5817992519685039
20
1.1247633464566928
11
0.5817991732283464
21
1.1247633464566928
0
LINE
8
BLACK
6
CONTINUOUS
10
0.5817991732283464
20
1.1247633464566928
11
0.5817990551181103
21
1.1247633858267716
0
LINE
8
BLACK
6
CONTINUOUS
10
0.5817990551181103
20
1.1247633858267716
11
0.5794153149606299
21
1.1250196456692914
0
LINE
8
BLACK
6
CONTINUOUS
10
0.5794153149606299
20
1.1250196456692914
11
0.5794151574803149
21
1.1250196456692914
0
LINE
8
BLACK
6
CONTINUOUS
10
0.5794151574803149
20
1.1250196456692914
11
0.5794148818897638
21
1.1250196850393701
0
LINE
8
BLACK
6
CONTINUOUS
10
0.5794148818897638
20
1.1250196850393701
11
0.5205851181102362
21
1.1250196850393701
0
LINE
8
BLACK
6
CONTINUOUS
10
0.5205851181102362
20
1.1250196850393701
11
0.5205848425196851
21
1.1250196456692914
0
LINE
8
BLACK
6
CONTINUOUS
10
0.5205848425196851
20
1.1250196456692914
11
0.5205846456692913
21
1.1250196456692914
0
LINE
8
BLACK
6
CONTINUOUS
10
0.5205846456692913
20
1.1250196456692914
11
0.518200905511811
21
1.1247633858267716
0
LINE
8
BLACK
6
CONTINUOUS
10
0.518200905511811
20
1.1247633858267716
11
0.5182005905511811
21
1.1247633070866141
0
LINE
8
BLACK
6
CONTINUOUS
10
0.5182005905511811
20
1.1247633070866141
11
0.515132874015748
21
1.1236190551181102
0
LINE
8
BLACK
6
CONTINUOUS
10
0.515132874015748
20
1.1236190551181102
11
0.5128069291338583
21
1.1227515354330708
0
LINE
8
BLACK
6
CONTINUOUS
10
0.5128069291338583
20
1.1227515354330708
11
0.5128068503937008
21
1.1227514960629921
0
LINE
8
BLACK
6
CONTINUOUS
10
0.5128068503937008
20
1.1227514960629921
11
0.5128067716535433
21
1.1227514566929133
0
LINE
8
BLACK
6
CONTINUOUS
10
0.5128067716535433
20
1.1227514566929133
11
0.5081983464566929
21
1.1193016141732284
0
LINE
8
BLACK
6
CONTINUOUS
10
0.5081983464566929
20
1.1193016141732284
11
0.5064810236220473
21
1.1170075196850393
0
LINE
8
BLACK
6
CONTINUOUS
10
0.5064810236220473
20
1.1170075196850393
11
0.5042433858267716
21
1.1153324409448819
0
LINE
8
BLACK
6
CONTINUOUS
10
0.5042433858267716
20
1.1153324409448819
11
0.502509842519685
21
1.1150196850393701
0
LINE
8
BLACK
6
CONTINUOUS
10
0.502509842519685
20
1.1150196850393701
11
0.4974901574803149
21
1.1150196850393701
0
LINE
8
BLACK
6
CONTINUOUS
10
0.4974901574803149
20
1.1150196850393701
11
0.4948082283464567
21
1.1158071653543307
0
LINE
8
BLACK
6
CONTINUOUS
10
0.4948082283464567
20
1.1158071653543307
11
0.4935189763779527
21
1.1170075196850393
0
LINE
8
BLACK
6
CONTINUOUS
10
0.4935189763779527
20
1.1170075196850393
11
0.4918016141732283
21
1.1193016141732284
0
LINE
8
BLACK
6
CONTINUOUS
10
0.4918016141732283
20
1.1193016141732284
11
0.4871931889763779
21
1.1227514566929133
0
LINE
8
BLACK
6
CONTINUOUS
10
0.4871931889763779
20
1.1227514566929133
11
0.4871931496062992
21
1.1227514566929133
0
LINE
8
BLACK
6
CONTINUOUS
10
0.4871931496062992
20
1.1227514566929133
11
0.4871930708661417
21
1.1227515354330708
0
LINE
8
BLACK
6
CONTINUOUS
10
0.4871930708661417
20
1.1227515354330708
11
0.4817992519685039
21
1.1247633464566928
0
LINE
8
BLACK
6
CONTINUOUS
10
0.4817992519685039
20
1.1247633464566928
11
0.4817991732283464
21
1.1247633464566928
0
LINE
8
BLACK
6
CONTINUOUS
10
0.4817991732283464
20
1.1247633464566928
11
0.4817990551181102
21
1.1247633858267716
0
LINE
8
BLACK
6
CONTINUOUS
10
0.4817990551181102
20
1.1247633858267716
11
0.4794153149606299
21
1.1250196456692914
0
LINE
8
BLACK
6
CONTINUOUS
10
0.4794153149606299
20
1.1250196456692914
11
0.4794151574803149
21
1.1250196456692914
0
LINE
8
BLACK
6
CONTINUOUS
10
0.4794151574803149
20
1.1250196456692914
11
0.4794148818897638
21
1.1250196850393701
0
LINE
8
BLACK
6
CONTINUOUS
10
0.4794148818897638
20
1.1250196850393701
11
0.4205851181102362
21
1.1250196850393701
0
LINE
8
BLACK
6
CONTINUOUS
10
0.4205851181102362
20
1.1250196850393701
11
0.420584842519685
21
1.1250196456692914
0
LINE
8
BLACK
6
CONTINUOUS
10
0.420584842519685
20
1.1250196456692914
11
0.4205846456692913
21
1.1250196456692914
0
LINE
8
BLACK
6
CONTINUOUS
10
0.4205846456692913
20
1.1250196456692914
11
0.418200905511811
21
1.1247633858267716
0
LINE
8
BLACK
6
CONTINUOUS
10
0.418200905511811
20
1.1247633858267716
11
0.4182005905511811
21
1.1247633070866141
0
LINE
8
BLACK
6
CONTINUOUS
10
0.4182005905511811
20
1.1247633070866141
11
0.415132874015748
21
1.1236190551181102
0
LINE
8
BLACK
6
CONTINUOUS
10
0.415132874015748
20
1.1236190551181102
11
0.4128069291338582
21
1.1227515354330708
0
LINE
8
BLACK
6
CONTINUOUS
10
0.4128069291338582
20
1.1227515354330708
11
0.4128068503937008
21
1.1227514960629921
0
LINE
8
BLACK
6
CONTINUOUS
10
0.4128068503937008
20
1.1227514960629921
11
0.4128067716535433
21
1.1227514566929133
0
LINE
8
BLACK
6
CONTINUOUS
10
0.4128067716535433
20
1.1227514566929133
11
0.4081983464566929
21
1.1193016141732284
0
LINE
8
BLACK
6
CONTINUOUS
10
0.4081983464566929
20
1.1193016141732284
11
0.4045358267716536
21
1.1144090551181103
0
LINE
8
BLACK
6
CONTINUOUS
10
0.4045358267716536
20
1.1144090551181103
11
0.4044555511811024
21
1.1144691338582677
0
LINE
8
BLACK
6
CONTINUOUS
10
0.4044555511811024
20
1.1144691338582677
11
0.4028549606299213
21
1.1128685433070866
0
LINE
8
BLACK
6
CONTINUOUS
10
0.4028549606299213
20
1.1128685433070866
11
0.4001237007874016
21
1.1122743700787401
0
LINE
8
BLACK
6
CONTINUOUS
10
0.4001237007874016
20
1.1122743700787401
11
0.3981392125984252
21
1.1128474409448819
0
LINE
8
BLACK
6
CONTINUOUS
10
0.3981392125984252
20
1.1128474409448819
11
0.3946865354330709
21
1.1146929921259843
0
LINE
8
BLACK
6
CONTINUOUS
10
0.3946865354330709
20
1.1146929921259843
11
0.394427874015748
21
1.1148312598425196
0
LINE
8
BLACK
6
CONTINUOUS
10
0.394427874015748
20
1.1148312598425196
11
0.3944277952755905
21
1.1148312598425196
0
LINE
8
BLACK
6
CONTINUOUS
10
0.3944277952755905
20
1.1148312598425196
11
0.3944276377952756
21
1.1148313779527559
0
LINE
8
BLACK
6
CONTINUOUS
10
0.3944276377952756
20
1.1148313779527559
11
0.387355157480315
21
1.116976811023622
0
LINE
8
BLACK
6
CONTINUOUS
10
0.387355157480315
20
1.116976811023622
11
0.3873549212598425
21
1.116976811023622
0
LINE
8
BLACK
6
CONTINUOUS
10
0.3873549212598425
20
1.116976811023622
11
0.3873548818897637
21
1.1169768503937008
0
LINE
8
BLACK
6
CONTINUOUS
10
0.3873548818897637
20
1.1169768503937008
11
0.3800001181102362
21
1.117701220472441
0
LINE
8
BLACK
6
CONTINUOUS
10
0.3800001181102362
20
1.117701220472441
11
0.3799998818897637
21
1.117701220472441
0
LINE
8
BLACK
6
CONTINUOUS
10
0.3799998818897637
20
1.117701220472441
11
0.3726451181102362
21
1.1169768503937008
0
LINE
8
BLACK
6
CONTINUOUS
10
0.3726451181102362
20
1.1169768503937008
11
0.3726450393700788
21
1.1169768503937008
0
LINE
8
BLACK
6
CONTINUOUS
10
0.3726450393700788
20
1.1169768503937008
11
0.3726449212598425
21
1.116976811023622
0
LINE
8
BLACK
6
CONTINUOUS
10
0.3726449212598425
20
1.116976811023622
11
0.372644842519685
21
1.116976811023622
0
LINE
8
BLACK
6
CONTINUOUS
10
0.372644842519685
20
1.116976811023622
11
0.3655723622047244
21
1.1148313779527559
0
LINE
8
BLACK
6
CONTINUOUS
10
0.3655723622047244
20
1.1148313779527559
11
0.3655722047244094
21
1.1148312992125984
0
LINE
8
BLACK
6
CONTINUOUS
10
0.3655722047244094
20
1.1148312992125984
11
0.3653134645669291
21
1.1146929921259843
0
LINE
8
BLACK
6
CONTINUOUS
10
0.3653134645669291
20
1.1146929921259843
11
0.3590543307086614
21
1.1113474015748031
0
LINE
8
BLACK
6
CONTINUOUS
10
0.3590543307086614
20
1.1113474015748031
11
0.3533412204724409
21
1.1066587795275591
0
LINE
8
BLACK
6
CONTINUOUS
10
0.3533412204724409
20
1.1066587795275591
11
0.3486525984251969
21
1.1009456692913386
0
LINE
8
BLACK
6
CONTINUOUS
10
0.3486525984251969
20
1.1009456692913386
11
0.3451686614173228
21
1.0944277559055118
0
LINE
8
BLACK
6
CONTINUOUS
10
0.3451686614173228
20
1.0944277559055118
11
0.3451685826771653
21
1.0944275196850393
0
LINE
8
BLACK
6
CONTINUOUS
10
0.3451685826771653
20
1.0944275196850393
11
0.3430231102362205
21
1.0873549212598426
0
LINE
8
BLACK
6
CONTINUOUS
10
0.3430231102362205
20
1.0873549212598426
11
0.3430231102362205
21
1.0873548425196851
0
LINE
8
BLACK
6
CONTINUOUS
10
0.3430231102362205
20
1.0873548425196851
11
0.342298779527559
21
1.0800001181102361
0
LINE
8
BLACK
6
CONTINUOUS
10
0.342298779527559
20
1.0800001181102361
11
0.342298779527559
21
1.0799998425196851
0
LINE
8
BLACK
6
CONTINUOUS
10
0.342298779527559
20
1.0799998425196851
11
0.3430231102362205
21
1.0726451181102361
0
LINE
8
BLACK
6
CONTINUOUS
10
0.3430231102362205
20
1.0726451181102361
11
0.3430231102362205
21
1.0726450393700788
0
LINE
8
BLACK
6
CONTINUOUS
10
0.3430231102362205
20
1.0726450393700788
11
0.3451685826771653
21
1.0655724409448819
0
LINE
8
BLACK
6
CONTINUOUS
10
0.3451685826771653
20
1.0655724409448819
11
0.3451686614173228
21
1.0655722047244094
0
LINE
8
BLACK
6
CONTINUOUS
10
0.3451686614173228
20
1.0655722047244094
11
0.3486525984251969
21
1.0590542913385828
0
LINE
8
BLACK
6
CONTINUOUS
10
0.3486525984251969
20
1.0590542913385828
11
0.3533412204724409
21
1.0533412204724408
0
LINE
8
BLACK
6
CONTINUOUS
10
0.3533412204724409
20
1.0533412204724408
11
0.3590542913385827
21
1.0486525984251969
0
LINE
8
BLACK
6
CONTINUOUS
10
0.3590542913385827
20
1.0486525984251969
11
0.3655722047244094
21
1.0451686614173228
0
LINE
8
BLACK
6
CONTINUOUS
10
0.3655722047244094
20
1.0451686614173228
11
0.3655724409448819
21
1.0451685826771653
0
LINE
8
BLACK
6
CONTINUOUS
10
0.3655724409448819
20
1.0451685826771653
11
0.3726450787401575
21
1.0430231102362204
0
LINE
8
BLACK
6
CONTINUOUS
10
0.3726450787401575
20
1.0430231102362204
11
0.3799998818897637
21
1.0422987795275591
0
LINE
8
BLACK
6
CONTINUOUS
10
0.3799998818897637
20
1.0422987795275591
11
0.38
21
1.0422987795275591
0
LINE
8
BLACK
6
CONTINUOUS
10
0.38
20
1.0422987795275591
11
0.3800001181102362
21
1.0422987795275591
0
LINE
8
BLACK
6
CONTINUOUS
10
0.3800001181102362
20
1.0422987795275591
11
0.387354842519685
21
1.0430231102362204
0
LINE
8
BLACK
6
CONTINUOUS
10
0.387354842519685
20
1.0430231102362204
11
0.3873549212598425
21
1.0430231102362204
0
LINE
8
BLACK
6
CONTINUOUS
10
0.3873549212598425
20
1.0430231102362204
11
0.3944275196850394
21
1.0451685826771653
0
LINE
8
BLACK
6
CONTINUOUS
10
0.3944275196850394
20
1.0451685826771653
11
0.3944277559055118
21
1.0451686614173228
0
LINE
8
BLACK
6
CONTINUOUS
10
0.3944277559055118
20
1.0451686614173228
11
0.3987781496062992
21
1.0474940157480315
0
LINE
8
BLACK
6
CONTINUOUS
10
0.3987781496062992
20
1.0474940157480315
11
0.4015146062992126
21
1.0480637795275591
0
LINE
8
BLACK
6
CONTINUOUS
10
0.4015146062992126
20
1.0480637795275591
11
0.40412468503937
21
1.047063622047244
0
LINE
8
BLACK
6
CONTINUOUS
10
0.40412468503937
20
1.047063622047244
11
0.4057797244094488
21
1.0448111417322834
0
LINE
8
BLACK
6
CONTINUOUS
10
0.4057797244094488
20
1.0448111417322834
11
0.4059542519685039
21
1.0420214566929134
0
LINE
8
BLACK
6
CONTINUOUS
10
0.4059542519685039
20
1.0420214566929134
11
0.4050877559055118
21
1.0401463385826772
0
LINE
8
BLACK
6
CONTINUOUS
10
0.4050877559055118
20
1.0401463385826772
11
0.4047485039370078
21
1.0396931889763779
0
LINE
8
BLACK
6
CONTINUOUS
10
0.4047485039370078
20
1.0396931889763779
11
0.4047484251968504
21
1.0396929921259843
0
LINE
8
BLACK
6
CONTINUOUS
10
0.4047484251968504
20
1.0396929921259843
11
0.4027366535433071
21
1.0342993700787402
0
LINE
8
BLACK
6
CONTINUOUS
10
0.4027366535433071
20
1.0342993700787402
11
0.4027365748031496
21
1.0342990551181102
0
LINE
8
BLACK
6
CONTINUOUS
10
0.4027365748031496
20
1.0342990551181102
11
0.4024803149606299
21
1.0319153149606299
0
LINE
8
BLACK
6
CONTINUOUS
10
0.4024803149606299
20
1.0319153149606299
11
0.4024803149606299
21
0.9930846456692913
0
LINE
8
BLACK
6
CONTINUOUS
10
0.4024803149606299
20
0.9930846456692913
11
0.4027365748031496
21
0.990700905511811
0
LINE
8
BLACK
6
CONTINUOUS
10
0.4027365748031496
20
0.990700905511811
11
0.4027366535433071
21
0.9907005905511811
0
LINE
8
BLACK
6
CONTINUOUS
10
0.4027366535433071
20
0.9907005905511811
11
0.4047484251968504
21
0.985306968503937
0
LINE
8
BLACK
6
CONTINUOUS
10
0.4047484251968504
20
0.985306968503937
11
0.4047485039370078
21
0.9853067716535433
0
LINE
8
BLACK
6
CONTINUOUS
10
0.4047485039370078
20
0.9853067716535433
11
0.4081983464566929
21
0.9806983464566928
0
LINE
8
BLACK
6
CONTINUOUS
10
0.4081983464566929
20
0.9806983464566928
11
0.4128067716535433
21
0.9772485039370079
0
LINE
8
BLACK
6
CONTINUOUS
10
0.4128067716535433
20
0.9772485039370079
11
0.412806968503937
21
0.9772484251968504
0
LINE
8
BLACK
6
CONTINUOUS
10
0.412806968503937
20
0.9772484251968504
11
0.4182005905511811
21
0.975236653543307
0
LINE
8
BLACK
6
CONTINUOUS
10
0.4182005905511811
20
0.975236653543307
11
0.4185029133858267
21
0.9751652362204725
0
LINE
8
BLACK
6
CONTINUOUS
10
0.4185029133858267
20
0.9751652362204725
11
0.4184813779527559
21
0.9750741338582677
0
LINE
8
BLACK
6
CONTINUOUS
10
0.4184813779527559
20
0.9750741338582677
11
0.4206325196850393
21
0.974183031496063
0
LINE
8
BLACK
6
CONTINUOUS
10
0.4206325196850393
20
0.974183031496063
11
0.4222265354330709
21
0.971886968503937
0
LINE
8
BLACK
6
CONTINUOUS
10
0.4222265354330709
20
0.971886968503937
11
0.4224803149606299
21
0.9703206299212598
0
LINE
8
BLACK
6
CONTINUOUS
10
0.4224803149606299
20
0.9703206299212598
11
0.4224803149606299
21
0.9574803149606299
0
LINE
8
BLACK
6
CONTINUOUS
10
0.4224803149606299
20
0.9574803149606299
11
0.4216928346456693
21
0.9547983858267717
0
LINE
8
BLACK
6
CONTINUOUS
10
0.4216928346456693
20
0.9547983858267717
11
0.4195803937007874
21
0.9529679527559055
0
LINE
8
BLACK
6
CONTINUOUS
10
0.4195803937007874
20
0.9529679527559055
11
0.4175196850393701
21
0.95251968503937
0
LINE
8
BLACK
6
CONTINUOUS
10
0.4175196850393701
20
0.95251968503937
11
0.4155851181102362
21
0.95251968503937
0
LINE
8
BLACK
6
CONTINUOUS
10
0.4155851181102362
20
0.95251968503937
11
0.415584842519685
21
0.9525196456692914
0
LINE
8
BLACK
6
CONTINUOUS
10
0.415584842519685
20
0.9525196456692914
11
0.4155846456692913
21
0.9525196456692914
0
LINE
8
BLACK
6
CONTINUOUS
10
0.4155846456692913
20
0.9525196456692914
11
0.413200905511811
21
0.9522633858267716
0
LINE
8
BLACK
6
CONTINUOUS
10
0.413200905511811
20
0.9522633858267716
11
0.4132005905511811
21
0.9522633070866141
0
LINE
8
BLACK
6
CONTINUOUS
10
0.4132005905511811
20
0.9522633070866141
11
0.410132874015748
21
0.9511190551181102
0
LINE
8
BLACK
6
CONTINUOUS
10
0.410132874015748
20
0.9511190551181102
11
0.4078069291338582
21
0.9502515354330708
0
LINE
8
BLACK
6
CONTINUOUS
10
0.4078069291338582
20
0.9502515354330708
11
0.4078068503937008
21
0.9502514960629921
0
LINE
8
BLACK
6
CONTINUOUS
10
0.4078068503937008
20
0.9502514960629921
11
0.4078067716535433
21
0.9502514566929133
0
LINE
8
BLACK
6
CONTINUOUS
10
0.4078067716535433
20
0.9502514566929133
11
0.4031983464566929
21
0.9468016141732283
0
LINE
8
BLACK
6
CONTINUOUS
10
0.4031983464566929
20
0.9468016141732283
11
0.3997485039370078
21
0.9421931889763779
0
LINE
8
BLACK
6
CONTINUOUS
10
0.3997485039370078
20
0.9421931889763779
11
0.3997484251968504
21
0.9421929921259843
0
LINE
8
BLACK
6
CONTINUOUS
10
0.3997484251968504
20
0.9421929921259843
11
0.3977366535433071
21
0.9367993700787401
0
LINE
8
BLACK
6
CONTINUOUS
10
0.3977366535433071
20
0.9367993700787401
11
0.3977365748031496
21
0.9367990551181102
0
LINE
8
BLACK
6
CONTINUOUS
10
0.3977365748031496
20
0.9367990551181102
11
0.3974803149606299
21
0.9344153149606299
0
LINE
8
BLACK
6
CONTINUOUS
10
0.3974803149606299
20
0.9344153149606299
11
0.3974803149606299
21
0.8655846456692913
0
LINE
8
BLACK
6
CONTINUOUS
10
0.3974803149606299
20
0.8655846456692913
11
0.3977365748031496
21
0.8632009055118111
0
LINE
8
BLACK
6
CONTINUOUS
10
0.3977365748031496
20
0.8632009055118111
11
0.3977366535433071
21
0.863200590551181
0
LINE
8
BLACK
6
CONTINUOUS
10
0.3977366535433071
20
0.863200590551181
11
0.3997484251968504
21
0.857806968503937
0
LINE
8
BLACK
6
CONTINUOUS
10
0.3997484251968504
20
0.857806968503937
11
0.3997485039370078
21
0.8578067716535432
0
LINE
8
BLACK
6
CONTINUOUS
10
0.3997485039370078
20
0.8578067716535432
11
0.4033672440944882
21
0.8529727952755906
0
LINE
8
BLACK
6
CONTINUOUS
10
0.4033672440944882
20
0.8529727952755906
11
0.4043440551181102
21
0.8503538976377952
0
LINE
8
BLACK
6
CONTINUOUS
10
0.4043440551181102
20
0.8503538976377952
11
0.4037499212598425
21
0.8476226377952756
0
LINE
8
BLACK
6
CONTINUOUS
10
0.4037499212598425
20
0.8476226377952756
11
0.4033672440944882
21
0.8470272047244094
0
LINE
8
BLACK
6
CONTINUOUS
10
0.4033672440944882
20
0.8470272047244094
11
0.3997485039370078
21
0.842193188976378
0
LINE
8
BLACK
6
CONTINUOUS
10
0.3997485039370078
20
0.842193188976378
11
0.3997484251968504
21
0.8421929921259842
0
LINE
8
BLACK
6
CONTINUOUS
10
0.3997484251968504
20
0.8421929921259842
11
0.3977366535433071
21
0.8367993700787402
0
LINE
8
BLACK
6
CONTINUOUS
10
0.3977366535433071
20
0.8367993700787402
11
0.3977365748031496
21
0.8367990551181103
0
LINE
8
BLACK
6
CONTINUOUS
10
0.3977365748031496
20
0.8367990551181103
11
0.3974803149606299
21
0.8344153149606299
0
LINE
8
BLACK
6
CONTINUOUS
10
0.3974803149606299
20
0.8344153149606299
11
0.3974803149606299
21
0.7655846456692913
0
LINE
8
BLACK
6
CONTINUOUS
10
0.3974803149606299
20
0.7655846456692913
11
0.3977365748031496
21
0.763200905511811
0
LINE
8
BLACK
6
CONTINUOUS
10
0.3977365748031496
20
0.763200905511811
11
0.3977366535433071
21
0.7632005905511811
0
LINE
8
BLACK
6
CONTINUOUS
10
0.3977366535433071
20
0.7632005905511811
11
0.3997484251968504
21
0.757806968503937
0
LINE
8
BLACK
6
CONTINUOUS
10
0.3997484251968504
20
0.757806968503937
11
0.3997485039370078
21
0.7578067716535433
0
LINE
8
BLACK
6
CONTINUOUS
10
0.3997485039370078
20
0.7578067716535433
11
0.4031983464566929
21
0.7531983464566929
0
LINE
8
BLACK
6
CONTINUOUS
10
0.4031983464566929
20
0.7531983464566929
11
0.4078067716535433
21
0.7497485039370079
0
LINE
8
BLACK
6
CONTINUOUS
10
0.4078067716535433
20
0.7497485039370079
11
0.407806968503937
21
0.7497484251968504
0
LINE
8
BLACK
6
CONTINUOUS
10
0.407806968503937
20
0.7497484251968504
11
0.4132005905511811
21
0.7477366535433071
0
LINE
8
BLACK
6
CONTINUOUS
10
0.4132005905511811
20
0.7477366535433071
11
0.413200905511811
21
0.7477365748031496
0
LINE
8
BLACK
6
CONTINUOUS
10
0.413200905511811
20
0.7477365748031496
11
0.4155846456692913
21
0.7474803149606299
0
LINE
8
BLACK
6
CONTINUOUS
10
0.4155846456692913
20
0.7474803149606299
11
0.4155851181102362
21
0.7474803149606299
0
LINE
8
BLACK
6
CONTINUOUS
10
0.4155851181102362
20
0.7474803149606299
11
0.4189775196850394
21
0.7474803149606299
0
LINE
8
BLACK
6
CONTINUOUS
10
0.4189775196850394
20
0.7474803149606299
11
0.4216594488188976
21
0.7466928346456693
0
LINE
8
BLACK
6
CONTINUOUS
10
0.4216594488188976
20
0.7466928346456693
11
0.4234898818897638
21
0.7445803937007874
0
LINE
8
BLACK
6
CONTINUOUS
10
0.4234898818897638
20
0.7445803937007874
11
0.4235605511811024
21
0.744418031496063
0
LINE
8
BLACK
6
CONTINUOUS
10
0.4235605511811024
20
0.744418031496063
11
0.4256123622047244
21
0.7394644881889764
0
LINE
8
BLACK
6
CONTINUOUS
10
0.4256123622047244
20
0.7394644881889764
11
0.4282542913385827
21
0.7355105905511811
0
LINE
8
BLACK
6
CONTINUOUS
10
0.4282542913385827
20
0.7355105905511811
11
0.4286240157480315
21
0.7349572834645669
0
LINE
8
BLACK
6
CONTINUOUS
10
0.4286240157480315
20
0.7349572834645669
11
0.4286242125984252
21
0.7349570472440945
0
LINE
8
BLACK
6
CONTINUOUS
10
0.4286242125984252
20
0.7349570472440945
11
0.4620827952755905
21
0.7014984251968504
0
LINE
8
BLACK
6
CONTINUOUS
10
0.4620827952755905
20
0.7014984251968504
11
0.4643364173228346
21
0.6999926377952755
0
LINE
8
BLACK
6
CONTINUOUS
10
0.4643364173228346
20
0.6999926377952755
11
0.4665902362204724
21
0.6984866929133858
0
LINE
8
BLACK
6
CONTINUOUS
10
0.4665902362204724
20
0.6984866929133858
11
0.4665902755905512
21
0.6984866535433071
0
LINE
8
BLACK
6
CONTINUOUS
10
0.4665902755905512
20
0.6984866535433071
11
0.4686646850393701
21
0.6976274015748032
0
LINE
8
BLACK
6
CONTINUOUS
10
0.4686646850393701
20
0.6976274015748032
11
0.4686646456692913
21
0.6976273622047244
0
LINE
8
BLACK
6
CONTINUOUS
10
0.4686646456692913
20
0.6976273622047244
11
0.4715982677165354
21
0.6964122440944882
0
LINE
8
BLACK
6
CONTINUOUS
10
0.4715982677165354
20
0.6964122440944882
11
0.4715985826771654
21
0.6964121653543307
0
LINE
8
BLACK
6
CONTINUOUS
10
0.4715985826771654
20
0.6964121653543307
11
0.4769148031496063
21
0.6953547244094488
0
LINE
8
BLACK
6
CONTINUOUS
10
0.4769148031496063
20
0.6953547244094488
11
0.4769151181102362
21
0.6953547244094488
0
LINE
8
BLACK
6
CONTINUOUS
10
0.4769151181102362
20
0.6953547244094488
11
0.4769151574803149
21
0.6953547244094488
0
LINE
8
BLACK
6
CONTINUOUS
10
0.4769151574803149
20
0.6953547244094488
11
0.5698254724409448
21
0.6953547244094488
0
LINE
8
BLACK
6
CONTINUOUS
10
0.5698254724409448
20
0.6953547244094488
11
0.5725074015748032
21
0.6945672440944882
0
LINE
8
BLACK
6
CONTINUOUS
10
0.5725074015748032
20
0.6945672440944882
11
0.5733331496062992
21
0.6939017716535433
0
LINE
8
BLACK
6
CONTINUOUS
10
0.5733331496062992
20
0.6939017716535433
11
0.6687468897637795
21
0.5984879921259842
0
LINE
8
BLACK
6
CONTINUOUS
10
0.6687468897637795
20
0.5984879921259842
11
0.6700864960629921
21
0.5960347637795276
0
LINE
8
BLACK
6
CONTINUOUS
10
0.6700864960629921
20
0.5960347637795276
11
0.6698870866141732
21
0.5932467322834646
0
LINE
8
BLACK
6
CONTINUOUS
10
0.6698870866141732
20
0.5932467322834646
11
0.6682120078740157
21
0.5910091338582677
0
LINE
8
BLACK
6
CONTINUOUS
10
0.6682120078740157
20
0.5910091338582677
11
0.6655931102362205
21
0.5900323228346457
0
LINE
8
BLACK
6
CONTINUOUS
10
0.6655931102362205
20
0.5900323228346457
11
0.6652392125984252
21
0.5900196850393701
0
LINE
8
BLACK
6
CONTINUOUS
10
0.6652392125984252
20
0.5900196850393701
11
0.587490157480315
21
0.5900196850393701
0
LINE
8
BLACK
6
CONTINUOUS
10
0.587490157480315
20
0.5900196850393701
11
0.5848082283464566
21
0.5908071653543306
0
LINE
8
BLACK
6
CONTINUOUS
10
0.5848082283464566
20
0.5908071653543306
11
0.5835189763779527
21
0.5920075196850394
0
LINE
8
BLACK
6
CONTINUOUS
10
0.5835189763779527
20
0.5920075196850394
11
0.5818016141732283
21
0.5943016141732284
0
LINE
8
BLACK
6
CONTINUOUS
10
0.5818016141732283
20
0.5943016141732284
11
0.5771931889763779
21
0.5977514566929134
0
LINE
8
BLACK
6
CONTINUOUS
10
0.5771931889763779
20
0.5977514566929134
11
0.5771931496062992
21
0.5977514566929134
0
LINE
8
BLACK
6
CONTINUOUS
10
0.5771931496062992
20
0.5977514566929134
11
0.5771930708661417
21
0.5977515354330708
0
LINE
8
BLACK
6
CONTINUOUS
10
0.5771930708661417
20
0.5977515354330708
11
0.5717992519685039
21
0.5997633464566929
0
LINE
8
BLACK
6
CONTINUOUS
10
0.5717992519685039
20
0.5997633464566929
11
0.5717991732283464
21
0.5997633464566929
0
LINE
8
BLACK
6
CONTINUOUS
10
0.5717991732283464
20
0.5997633464566929
11
0.5717990551181102
21
0.5997633858267717
0
LINE
8
BLACK
6
CONTINUOUS
10
0.5717990551181102
20
0.5997633858267717
11
0.5694153149606299
21
0.6000196456692913
0
LINE
8
BLACK
6
CONTINUOUS
10
0.5694153149606299
20
0.6000196456692913
11
0.5694151574803149
21
0.6000196456692913
0
LINE
8
BLACK
6
CONTINUOUS
10
0.5694151574803149
20
0.6000196456692913
11
0.5694148818897637
21
0.6000196850393701
0
LINE
8
BLACK
6
CONTINUOUS
10
0.5694148818897637
20
0.6000196850393701
11
0.5694146456692913
21
0.6000196850393701
0
LINE
8
BLACK
6
CONTINUOUS
10
0.5694146456692913
20
0.6000196850393701
11
0.533453779527559
21
0.6000196850393701
0
LINE
8
BLACK
6
CONTINUOUS
10
0.533453779527559
20
0.6000196850393701
11
0.5307718503937008
21
0.6008071653543307
0
LINE
8
BLACK
6
CONTINUOUS
10
0.5307718503937008
20
0.6008071653543307
11
0.5299461023622047
21
0.6014726377952756
0
LINE
8
BLACK
6
CONTINUOUS
10
0.5299461023622047
20
0.6014726377952756
11
0.4100429921259842
21
0.7213757086614173
0
LINE
8
BLACK
6
CONTINUOUS
10
0.4100429921259842
20
0.7213757086614173
11
0.4100427952755906
21
0.721375905511811
0
LINE
8
BLACK
6
CONTINUOUS
10
0.4100427952755906
20
0.721375905511811
11
0.4055354724409449
21
0.7243876377952756
0
LINE
8
BLACK
6
CONTINUOUS
10
0.4055354724409449
20
0.7243876377952756
11
0.4005272047244094
21
0.726462125984252
0
LINE
8
BLACK
6
CONTINUOUS
10
0.4005272047244094
20
0.726462125984252
11
0.3952104724409449
21
0.72751968503937
0
LINE
8
BLACK
6
CONTINUOUS
10
0.3952104724409449
20
0.72751968503937
11
0.3952104330708661
21
0.72751968503937
0
LINE
8
BLACK
6
CONTINUOUS
10
0.3952104330708661
20
0.72751968503937
11
0.3074803149606299
21
0.72751968503937
0
LINE
8
BLACK
6
CONTINUOUS
10
0.3074803149606299
20
0.72751968503937
11
0.3047983858267717
21
0.7283071653543307
0
LINE
8
BLACK
6
CONTINUOUS
10
0.3047983858267717
20
0.7283071653543307
11
0.3029679527559055
21
0.7304196062992125
0
LINE
8
BLACK
6
CONTINUOUS
10
0.3029679527559055
20
0.7304196062992125
11
0.30251968503937
21
0.7324803149606299
0
LINE
8
BLACK
6
CONTINUOUS
10
0.30251968503937
20
0.7324803149606299
11
0.30251968503937
21
0.7344146456692914
0
LINE
8
BLACK
6
CONTINUOUS
10
0.30251968503937
20
0.7344146456692914
11
0.3025196456692913
21
0.73441531496063
0
LINE
8
BLACK
6
CONTINUOUS
10
0.3025196456692913
20
0.73441531496063
11
0.3022633858267716
21
0.7367990551181102
0
LINE
8
BLACK
6
CONTINUOUS
10
0.3022633858267716
20
0.7367990551181102
11
0.3022633070866141
21
0.7367993700787402
0
LINE
8
BLACK
6
CONTINUOUS
10
0.3022633070866141
20
0.7367993700787402
11
0.3012692519685039
21
0.7394644881889764
0
LINE
8
BLACK
6
CONTINUOUS
10
0.3012692519685039
20
0.7394644881889764
11
0.3002515354330709
21
0.7421930708661417
0
LINE
8
BLACK
6
CONTINUOUS
10
0.3002515354330709
20
0.7421930708661417
11
0.2968016141732283
21
0.7468016141732283
0
LINE
8
BLACK
6
CONTINUOUS
10
0.2968016141732283
20
0.7468016141732283
11
0.2959118503937008
21
0.7474676771653543
0
LINE
8
BLACK
6
CONTINUOUS
10
0.2959118503937008
20
0.7474676771653543
11
0.292193188976378
21
0.7502514566929134
0
LINE
8
BLACK
6
CONTINUOUS
10
0.292193188976378
20
0.7502514566929134
11
0.2921931496062992
21
0.7502514566929134
0
LINE
8
BLACK
6
CONTINUOUS
10
0.2921931496062992
20
0.7502514566929134
11
0.2921930708661417
21
0.7502515354330709
0
LINE
8
BLACK
6
CONTINUOUS
10
0.2921930708661417
20
0.7502515354330709
11
0.2867992519685039
21
0.7522633464566929
0
LINE
8
BLACK
6
CONTINUOUS
10
0.2867992519685039
20
0.7522633464566929
11
0.2867991732283465
21
0.7522633464566929
0
LINE
8
BLACK
6
CONTINUOUS
10
0.2867991732283465
20
0.7522633464566929
11
0.2867990551181102
21
0.7522633858267717
0
LINE
8
BLACK
6
CONTINUOUS
10
0.2867990551181102
20
0.7522633858267717
11
0.2844153149606299
21
0.7525196456692913
0
LINE
8
BLACK
6
CONTINUOUS
10
0.2844153149606299
20
0.7525196456692913
11
0.2844151574803149
21
0.7525196456692913
0
LINE
8
BLACK
6
CONTINUOUS
10
0.2844151574803149
20
0.7525196456692913
11
0.2844148818897638
21
0.7525196850393701
0
LINE
8
BLACK
6
CONTINUOUS
10
0.2844148818897638
20
0.7525196850393701
11
0.2155851181102362
21
0.7525196850393701
0
LINE
8
BLACK
6
CONTINUOUS
10
0.2155851181102362
20
0.7525196850393701
11
0.215584842519685
21
0.7525196456692913
0
LINE
8
BLACK
6
CONTINUOUS
10
0.215584842519685
20
0.7525196456692913
11
0.2155846456692913
21
0.7525196456692913
0
LINE
8
BLACK
6
CONTINUOUS
10
0.2155846456692913
20
0.7525196456692913
11
0.213200905511811
21
0.7522633858267717
0
LINE
8
BLACK
6
CONTINUOUS
10
0.213200905511811
20
0.7522633858267717
11
0.2132005905511811
21
0.7522633070866142
0
LINE
8
BLACK
6
CONTINUOUS
10
0.2132005905511811
20
0.7522633070866142
11
0.210132874015748
21
0.7511190551181102
0
LINE
8
BLACK
6
CONTINUOUS
10
0.210132874015748
20
0.7511190551181102
11
0.2078069291338583
21
0.7502515354330709
0
LINE
8
BLACK
6
CONTINUOUS
10
0.2078069291338583
20
0.7502515354330709
11
0.2031983858267717
21
0.7468016141732283
0
LINE
8
BLACK
6
CONTINUOUS
10
0.2031983858267717
20
0.7468016141732283
11
0.2031982677165354
21
0.7468014960629921
0
LINE
8
BLACK
6
CONTINUOUS
10
0.2031982677165354
20
0.7468014960629921
11
0.2029728346456693
21
0.7466327165354331
0
LINE
8
BLACK
6
CONTINUOUS
10
0.2029728346456693
20
0.7466327165354331
11
0.200353937007874
21
0.745655905511811
0
LINE
8
BLACK
6
CONTINUOUS
10
0.200353937007874
20
0.745655905511811
11
0.1976226377952756
21
0.7462500393700787
0
LINE
8
BLACK
6
CONTINUOUS
10
0.1976226377952756
20
0.7462500393700787
11
0.1970271653543307
21
0.7466327165354331
0
LINE
8
BLACK
6
CONTINUOUS
10
0.1970271653543307
20
0.7466327165354331
11
0.1968016929133858
21
0.7468014960629921
0
LINE
8
BLACK
6
CONTINUOUS
10
0.1968016929133858
20
0.7468014960629921
11
0.1968016141732283
21
0.7468016141732283
0
LINE
8
BLACK
6
CONTINUOUS
10
0.1968016141732283
20
0.7468016141732283
11
0.1921930708661417
21
0.7502515354330709
0
LINE
8
BLACK
6
CONTINUOUS
10
0.1921930708661417
20
0.7502515354330709
11
0.1867992519685039
21
0.7522633464566929
0
LINE
8
BLACK
6
CONTINUOUS
10
0.1867992519685039
20
0.7522633464566929
11
0.1867991732283465
21
0.7522633464566929
0
LINE
8
BLACK
6
CONTINUOUS
10
0.1867991732283465
20
0.7522633464566929
11
0.1867990551181102
21
0.7522633858267717
0
LINE
8
BLACK
6
CONTINUOUS
10
0.1867990551181102
20
0.7522633858267717
11
0.1844153149606299
21
0.7525196456692913
0
LINE
8
BLACK
6
CONTINUOUS
10
0.1844153149606299
20
0.7525196456692913
11
0.184415157480315
21
0.7525196456692913
0
LINE
8
BLACK
6
CONTINUOUS
10
0.184415157480315
20
0.7525196456692913
11
0.1844148818897638
21
0.7525196850393701
0
LINE
8
BLACK
6
CONTINUOUS
10
0.1844148818897638
20
0.7525196850393701
11
0.1155851181102362
21
0.7525196850393701
0
LINE
8
BLACK
6
CONTINUOUS
10
0.1155851181102362
20
0.7525196850393701
11
0.115584842519685
21
0.7525196456692913
0
LINE
8
BLACK
6
CONTINUOUS
10
0.115584842519685
20
0.7525196456692913
11
0.1155846456692913
21
0.7525196456692913
0
LINE
8
BLACK
6
CONTINUOUS
10
0.1155846456692913
20
0.7525196456692913
11
0.113200905511811
21
0.7522633858267717
0
LINE
8
BLACK
6
CONTINUOUS
10
0.113200905511811
20
0.7522633858267717
11
0.1132005905511811
21
0.7522633070866142
0
LINE
8
BLACK
6
CONTINUOUS
10
0.1132005905511811
20
0.7522633070866142
11
0.110132874015748
21
0.7511190551181102
0
LINE
8
BLACK
6
CONTINUOUS
10
0.110132874015748
20
0.7511190551181102
11
0.1078069291338583
21
0.7502515354330709
0
LINE
8
BLACK
6
CONTINUOUS
10
0.1078069291338583
20
0.7502515354330709
11
0.1078068503937008
21
0.7502514960629921
0
LINE
8
BLACK
6
CONTINUOUS
10
0.1078068503937008
20
0.7502514960629921
11
0.1078067716535433
21
0.7502514566929134
0
LINE
8
BLACK
6
CONTINUOUS
10
0.1078067716535433
20
0.7502514566929134
11
0.1031983464566929
21
0.7468016141732283
0
LINE
8
BLACK
6
CONTINUOUS
10
0.1031983464566929
20
0.7468016141732283
11
0.0997485039370079
21
0.742193188976378
0
LINE
8
BLACK
6
CONTINUOUS
10
0.0997485039370079
20
0.742193188976378
11
0.0997484251968504
21
0.7421929921259842
0
LINE
8
BLACK
6
CONTINUOUS
10
0.0997484251968504
20
0.7421929921259842
11
0.0977366535433071
21
0.7367993700787402
0
LINE
8
BLACK
6
CONTINUOUS
10
0.0977366535433071
20
0.7367993700787402
11
0.0977365748031496
21
0.7367990551181102
0
LINE
8
BLACK
6
CONTINUOUS
10
0.0977365748031496
20
0.7367990551181102
11
0.0974803149606299
21
0.73441531496063
0
LINE
8
BLACK
6
CONTINUOUS
10
0.0974803149606299
20
0.73441531496063
11
0.0974803149606299
21
0.6655846456692913
0
CIRCLE
8
BLACK
10
0.45
20
0.29
40
0.0068897637795276
0
CIRCLE
8
BLACK
10
0.45
20
0.39
40
0.0068897637795276
0
CIRCLE
8
BLACK
10
0.2
20
-0.2
40
0.0068897637795276
0
CIRCLE
8
BLACK
10
1.3999999999999999
20
1.
40
0.0068897637795276
0
CIRCLE
8
BLACK
10
0.1988188976377953
20
1.
40
0.0068897637795276
0
CIRCLE
8
BLACK
10
1.3999999999999999
20
-0.2
40
0.0068897637795276
0
CIRCLE
8
BLACK
10
1.45
20
0.5
40
0.0068897637795276
0
CIRCLE
8
BLACK
10
1.45
20
0.6
40
0.0068897637795276
0
CIRCLE
8
BLACK
10
1.45
20
0.7
40
0.0068897637795276
0
CIRCLE
8
BLACK
10
1.3499999999999999
20
0.7
40
0.0068897637795276
0
CIRCLE
8
BLACK
10
1.3499999999999999
20
0.6
40
0.0068897637795276
0
CIRCLE
8
BLACK
10
1.3499999999999999
20
0.5
40
0.0068897637795276
0
CIRCLE
8
BLACK
10
0.15
20
0.7
40
0.0068897637795276
0
CIRCLE
8
BLACK
10
0.15
20
0.6
40
0.0068897637795276
0
CIRCLE
8
BLACK
10
0.25
20
0.6
40
0.0068897637795276
0
CIRCLE
8
BLACK
10
0.25
20
0.7
40
0.0068897637795276
0
CIRCLE
8
BLACK
10
0.25
20
0.05
40
0.0068897637795276
0
CIRCLE
8
BLACK
10
0.25
20
0.15
40
0.0068897637795276
0
CIRCLE
8
BLACK
10
0.25
20
0.25
40
0.0068897637795276
0
CIRCLE
8
BLACK
10
0.25
20
0.35
40
0.0068897637795276
0
CIRCLE
8
BLACK
10
0.25
20
0.45
40
0.0068897637795276
0
CIRCLE
8
BLACK
10
0.15
20
0.45
40
0.0068897637795276
0
CIRCLE
8
BLACK
10
0.15
20
0.35
40
0.0068897637795276
0
CIRCLE
8
BLACK
10
0.15
20
0.25
40
0.0068897637795276
0
CIRCLE
8
BLACK
10
0.15
20
0.15
40
0.0068897637795276
0
CIRCLE
8
BLACK
10
0.15
20
0.05
40
0.0068897637795276
0
CIRCLE
8
BLACK
10
0.5499999999999999
20
0.39
40
0.0068897637795276
0
CIRCLE
8
BLACK
10
0.5499999999999999
20
0.29
40
0.0068897637795276
0
CIRCLE
8
BLACK
10
0.45
20
0.7999999999999999
40
0.0068897637795276
0
CIRCLE
8
BLACK
10
0.5499999999999999
20
0.7999999999999999
40
0.0068897637795276
0
CIRCLE
8
BLACK
10
0.65
20
0.7999999999999999
40
0.0068897637795276
0
CIRCLE
8
BLACK
10
0.75
20
0.7999999999999999
40
0.0068897637795276
0
CIRCLE
8
BLACK
10
0.85
20
0.7999999999999999
40
0.0068897637795276
0
CIRCLE
8
BLACK
10
0.95
20
0.7999999999999999
40
0.0068897637795276
0
CIRCLE
8
BLACK
10
1.05
20
0.7999999999999999
40
0.0068897637795276
0
CIRCLE
8
BLACK
10
1.1499999999999999
20
0.7999999999999999
40
0.0068897637795276
0
CIRCLE
8
BLACK
10
1.1499999999999999
20
0.9
40
0.0068897637795276
0
CIRCLE
8
BLACK
10
1.05
20
0.9
40
0.0068897637795276
0
CIRCLE
8
BLACK
10
0.95
20
0.9
40
0.0068897637795276
0
CIRCLE
8
BLACK
10
0.85
20
0.9
40
0.0068897637795276
0
CIRCLE
8
BLACK
10
0.75
20
0.9
40
0.0068897637795276
0
CIRCLE
8
BLACK
10
0.65
20
0.9
40
0.0068897637795276
0
CIRCLE
8
BLACK
10
0.5499999999999999
20
0.9
40
0.0068897637795276
0
CIRCLE
8
BLACK
10
0.45
20
0.9
40
0.0068897637795276
0
CIRCLE
8
BLACK
10
1.1499999999999999
20
0.
40
0.0068897637795276
0
CIRCLE
8
BLACK
10
1.05
20
0.
40
0.0068897637795276
0
CIRCLE
8
BLACK
10
0.95
20
0.
40
0.0068897637795276
0
CIRCLE
8
BLACK
10
0.85
20
0.
40
0.0068897637795276
0
CIRCLE
8
BLACK
10
0.75
20
0.
40
0.0068897637795276
0
CIRCLE
8
BLACK
10
0.65
20
0.
40
0.0068897637795276
0
CIRCLE
8
BLACK
10
0.5499999999999999
20
0.
40
0.0068897637795276
0
CIRCLE
8
BLACK
10
0.45
20
0.
40
0.0068897637795276
0
CIRCLE
8
BLACK
10
0.45
20
-0.1
40
0.0068897637795276
0
CIRCLE
8
BLACK
10
0.5499999999999999
20
-0.1
40
0.0068897637795276
0
CIRCLE
8
BLACK
10
0.65
20
-0.1
40
0.0068897637795276
0
CIRCLE
8
BLACK
10
0.75
20
-0.1
40
0.0068897637795276
0
CIRCLE
8
BLACK
10
0.85
20
-0.1
40
0.0068897637795276
0
CIRCLE
8
BLACK
10
0.95
20
-0.1
40
0.0068897637795276
0
CIRCLE
8
BLACK
10
1.05
20
-0.1
40
0.0068897637795276
0
CIRCLE
8
BLACK
10
1.1499999999999999
20
-0.1
40
0.0068897637795276
0
CIRCLE
8
BLACK
10
1.3049999999999999
20
0.245
40
0.0068897637795276
0
CIRCLE
8
BLACK
10
1.405
20
0.245
40
0.0068897637795276
0
CIRCLE
8
BLACK
10
1.405
20
0.145
40
0.0068897637795276
0
CIRCLE
8
BLACK
10
1.3049999999999999
20
0.145
40
0.0068897637795276
0
CIRCLE
8
BLACK
10
0.7
20
0.54
40
0.0125
0
CIRCLE
8
BLACK
10
0.37
20
-0.24
40
0.0125
0
CIRCLE
8
BLACK
10
0.38
20
1.0800000000000001
40
0.0125
  0
ENDSEC
  0
EOF
