  0
SECTION
  2
HEADER
  9
$ANGBASE
  50
0.0
  9
$ANGDIR
  70
1
  9
$MEASUREMENT
  70
0
  0
ENDSEC
  0
SECTION
  2
TABLES
  0
TABLE
  2
LTYPE
  70
4
  0
LTYPE
  5
40F
  2
CONTINUOUS
  70
0
  3
Solid line
  72
65
  73
0
  40
0.0
  0
LTYPE
  5
410
  2
DASHDOT
 70
0
  3
Dash Dot ____ _ ____ _
 72
65
 73
4
 40
2.0
 49
1.25
 49
-0.25
 49
0.25
 49
-0.25
  0
LTYPE
  5
411
  2
DASHED
 70
0
  3
Dashed __ __ __ __ __
 72
65
 73
2
 40
0.75
 49
0.5
 49
-0.25
  0
LTYPE
  5
43B
  2
DOTTED
 70
0
  3
Dotted .  .  .  .
 72
65
 73
2
 40
0.2
 49
0.0
 49
-0.2
  0
ENDTAB
  0
TABLE
  2
STYLE
  70
4
  0
STYLE
  2
KICAD
  70
0
  40
0
  41
1
  42
1
  50
0
  71
0
  3
isocp.shx
  0
STYLE
  2
KICADB
  70
0
  40
0
  41
1
  42
1
  50
0
  71
0
  3
isocp.shx
  0
STYLE
  2
KICADI
  70
0
  40
0
  41
1
  42
1
  50
15
  71
0
  3
isocp.shx
  0
STYLE
  2
KICADBI
  70
0
  40
0
  41
1
  42
1
  50
15
  71
0
  3
isocp.shx
  0
ENDTAB
  0
TABLE
  2
LAYER
  70
1
  0
LAYER
  2
BLACK
  70
0
  62
7
  6
CONTINUOUS
  0
ENDTAB
  0
ENDSEC
  0
SECTION
  2
ENTITIES
0
LINE
8
BLACK
6
CONTINUOUS
10
0.3872697637795275
20
1.0959185433070866
11
0.3914600787401575
21
1.0932256299212597
0
LINE
8
BLACK
6
CONTINUOUS
10
0.3914600787401575
20
1.0932256299212597
11
0.3947219291338583
21
1.089461220472441
0
LINE
8
BLACK
6
CONTINUOUS
10
0.3947219291338583
20
1.089461220472441
11
0.3967911417322835
21
1.08493031496063
0
LINE
8
BLACK
6
CONTINUOUS
10
0.3967911417322835
20
1.08493031496063
11
0.3975
21
1.0800000000000001
0
LINE
8
BLACK
6
CONTINUOUS
10
0.3975
20
1.0800000000000001
11
0.3967911417322835
21
1.0750696850393699
0
LINE
8
BLACK
6
CONTINUOUS
10
0.3967911417322835
20
1.0750696850393699
11
0.3947219291338583
21
1.0705387795275589
0
LINE
8
BLACK
6
CONTINUOUS
10
0.3947219291338583
20
1.0705387795275589
11
0.3914600787401575
21
1.0667743700787402
0
LINE
8
BLACK
6
CONTINUOUS
10
0.3914600787401575
20
1.0667743700787402
11
0.39
21
1.0658360236220472
0
LINE
8
BLACK
6
CONTINUOUS
10
0.39
20
1.0658360236220472
11
0.39
21
1.0552512992125984
0
LINE
8
BLACK
6
CONTINUOUS
10
0.39
20
1.0552512992125984
11
0.39
21
0.7769688188976378
0
LINE
8
BLACK
6
CONTINUOUS
10
0.39
20
0.7769688188976378
11
0.6074451181102362
21
0.5595237007874015
0
LINE
8
BLACK
6
CONTINUOUS
10
0.6074451181102362
20
0.5595237007874015
11
0.609612874015748
21
0.5562794488188976
0
LINE
8
BLACK
6
CONTINUOUS
10
0.609612874015748
20
0.5562794488188976
11
0.6102257086614173
21
0.5531983464566929
0
LINE
8
BLACK
6
CONTINUOUS
10
0.6102257086614173
20
0.5531983464566929
11
0.6103740551181103
21
0.5524526377952755
0
LINE
8
BLACK
6
CONTINUOUS
10
0.6103740551181103
20
0.5524526377952755
11
0.6103740551181103
21
0.3403740551181103
0
LINE
8
BLACK
6
CONTINUOUS
10
0.6103740551181103
20
0.3403740551181103
11
0.609612874015748
21
0.3365472440944882
0
LINE
8
BLACK
6
CONTINUOUS
10
0.609612874015748
20
0.3365472440944882
11
0.6074451181102362
21
0.3333029921259842
0
LINE
8
BLACK
6
CONTINUOUS
10
0.6074451181102362
20
0.3333029921259842
11
0.5825
21
0.308357874015748
0
LINE
8
BLACK
6
CONTINUOUS
10
0.5825
20
0.308357874015748
11
0.5825
21
0.2575
0
LINE
8
BLACK
6
CONTINUOUS
10
0.5825
20
0.2575
11
0.5599999999999999
21
0.2575
0
LINE
8
BLACK
6
CONTINUOUS
10
0.5599999999999999
20
0.2575
11
0.5599999999999999
21
0.2375
0
LINE
8
BLACK
6
CONTINUOUS
10
0.5599999999999999
20
0.2375
11
0.5592387795275591
21
0.2336731496062992
0
LINE
8
BLACK
6
CONTINUOUS
10
0.5592387795275591
20
0.2336731496062992
11
0.5575000393700787
21
0.2310709448818898
0
LINE
8
BLACK
6
CONTINUOUS
10
0.5575000393700787
20
0.2310709448818898
11
0.5570710629921259
21
0.230428937007874
0
LINE
8
BLACK
6
CONTINUOUS
10
0.5570710629921259
20
0.230428937007874
11
0.38
21
0.053357874015748
0
LINE
8
BLACK
6
CONTINUOUS
10
0.38
20
0.053357874015748
11
0.38
21
-0.2258360236220472
0
LINE
8
BLACK
6
CONTINUOUS
10
0.38
20
-0.2258360236220472
11
0.3814600787401575
21
-0.2267743700787402
0
LINE
8
BLACK
6
CONTINUOUS
10
0.3814600787401575
20
-0.2267743700787402
11
0.3847219291338583
21
-0.2305387795275591
0
LINE
8
BLACK
6
CONTINUOUS
10
0.3847219291338583
20
-0.2305387795275591
11
0.3867911417322835
21
-0.2350696850393701
0
LINE
8
BLACK
6
CONTINUOUS
10
0.3867911417322835
20
-0.2350696850393701
11
0.3875
21
-0.24
0
LINE
8
BLACK
6
CONTINUOUS
10
0.3875
20
-0.24
11
0.3867911417322835
21
-0.2449303149606299
0
LINE
8
BLACK
6
CONTINUOUS
10
0.3867911417322835
20
-0.2449303149606299
11
0.3847219291338583
21
-0.2494612204724409
0
LINE
8
BLACK
6
CONTINUOUS
10
0.3847219291338583
20
-0.2494612204724409
11
0.3814600787401575
21
-0.2532256299212599
0
LINE
8
BLACK
6
CONTINUOUS
10
0.3814600787401575
20
-0.2532256299212599
11
0.3772697637795275
21
-0.2559185433070866
0
LINE
8
BLACK
6
CONTINUOUS
10
0.3772697637795275
20
-0.2559185433070866
11
0.3724905118110236
21
-0.2573218897637795
0
LINE
8
BLACK
6
CONTINUOUS
10
0.3724905118110236
20
-0.2573218897637795
11
0.3675094881889764
21
-0.2573218897637795
0
LINE
8
BLACK
6
CONTINUOUS
10
0.3675094881889764
20
-0.2573218897637795
11
0.3627302362204725
21
-0.2559185433070866
0
LINE
8
BLACK
6
CONTINUOUS
10
0.3627302362204725
20
-0.2559185433070866
11
0.3585399212598425
21
-0.2532256299212599
0
LINE
8
BLACK
6
CONTINUOUS
10
0.3585399212598425
20
-0.2532256299212599
11
0.3552780708661417
21
-0.2494612204724409
0
LINE
8
BLACK
6
CONTINUOUS
10
0.3552780708661417
20
-0.2494612204724409
11
0.3532088582677165
21
-0.2449303149606299
0
LINE
8
BLACK
6
CONTINUOUS
10
0.3532088582677165
20
-0.2449303149606299
11
0.3525
21
-0.24
0
LINE
8
BLACK
6
CONTINUOUS
10
0.3525
20
-0.24
11
0.3532088582677165
21
-0.2350696850393701
0
LINE
8
BLACK
6
CONTINUOUS
10
0.3532088582677165
20
-0.2350696850393701
11
0.3552780708661417
21
-0.2305387795275591
0
LINE
8
BLACK
6
CONTINUOUS
10
0.3552780708661417
20
-0.2305387795275591
11
0.3585399212598425
21
-0.2267743700787402
0
LINE
8
BLACK
6
CONTINUOUS
10
0.3585399212598425
20
-0.2267743700787402
11
0.36
21
-0.2258360236220472
0
LINE
8
BLACK
6
CONTINUOUS
10
0.36
20
-0.2258360236220472
11
0.36
21
0.0575
0
LINE
8
BLACK
6
CONTINUOUS
10
0.36
20
0.0575
11
0.3607612204724409
21
0.0613268503937008
0
LINE
8
BLACK
6
CONTINUOUS
10
0.3607612204724409
20
0.0613268503937008
11
0.362928937007874
21
0.064571062992126
0
LINE
8
BLACK
6
CONTINUOUS
10
0.362928937007874
20
0.064571062992126
11
0.54
21
0.241642125984252
0
LINE
8
BLACK
6
CONTINUOUS
10
0.54
20
0.241642125984252
11
0.54
21
0.2575
0
LINE
8
BLACK
6
CONTINUOUS
10
0.54
20
0.2575
11
0.5175
21
0.2575
0
LINE
8
BLACK
6
CONTINUOUS
10
0.5175
20
0.2575
11
0.5175
21
0.3225
0
LINE
8
BLACK
6
CONTINUOUS
10
0.5175
20
0.3225
11
0.568357874015748
21
0.3225
0
LINE
8
BLACK
6
CONTINUOUS
10
0.568357874015748
20
0.3225
11
0.5903740551181103
21
0.3445161811023622
0
LINE
8
BLACK
6
CONTINUOUS
10
0.5903740551181103
20
0.3445161811023622
11
0.5903740551181103
21
0.5483105118110236
0
LINE
8
BLACK
6
CONTINUOUS
10
0.5903740551181103
20
0.5483105118110236
11
0.372928937007874
21
0.7657556299212598
0
LINE
8
BLACK
6
CONTINUOUS
10
0.372928937007874
20
0.7657556299212598
11
0.3717633858267717
21
0.7675
0
LINE
8
BLACK
6
CONTINUOUS
10
0.3717633858267717
20
0.7675
11
0.3707612204724409
21
0.768999842519685
0
LINE
8
BLACK
6
CONTINUOUS
10
0.3707612204724409
20
0.768999842519685
11
0.37
21
0.7728266929133858
0
LINE
8
BLACK
6
CONTINUOUS
10
0.37
20
0.7728266929133858
11
0.37
21
1.0552512992125984
0
LINE
8
BLACK
6
CONTINUOUS
10
0.37
20
1.0552512992125984
11
0.37
21
1.0658360236220472
0
LINE
8
BLACK
6
CONTINUOUS
10
0.37
20
1.0658360236220472
11
0.3685399212598425
21
1.0667743700787402
0
LINE
8
BLACK
6
CONTINUOUS
10
0.3685399212598425
20
1.0667743700787402
11
0.3652780708661417
21
1.0705387795275589
0
LINE
8
BLACK
6
CONTINUOUS
10
0.3652780708661417
20
1.0705387795275589
11
0.3632088582677165
21
1.0750696850393699
0
LINE
8
BLACK
6
CONTINUOUS
10
0.3632088582677165
20
1.0750696850393699
11
0.3625
21
1.0800000000000001
0
LINE
8
BLACK
6
CONTINUOUS
10
0.3625
20
1.0800000000000001
11
0.3632088582677165
21
1.08493031496063
0
LINE
8
BLACK
6
CONTINUOUS
10
0.3632088582677165
20
1.08493031496063
11
0.3652780708661417
21
1.089461220472441
0
LINE
8
BLACK
6
CONTINUOUS
10
0.3652780708661417
20
1.089461220472441
11
0.3685399212598425
21
1.0932256299212597
0
LINE
8
BLACK
6
CONTINUOUS
10
0.3685399212598425
20
1.0932256299212597
11
0.3727302362204724
21
1.0959185433070866
0
LINE
8
BLACK
6
CONTINUOUS
10
0.3727302362204724
20
1.0959185433070866
11
0.3775094881889764
21
1.0973218897637795
0
LINE
8
BLACK
6
CONTINUOUS
10
0.3775094881889764
20
1.0973218897637795
11
0.3824905118110236
21
1.0973218897637795
0
LINE
8
BLACK
6
CONTINUOUS
10
0.3824905118110236
20
1.0973218897637795
11
0.3872697637795275
21
1.0959185433070866
0
LINE
8
BLACK
6
CONTINUOUS
10
0.4825
20
-0.1325
11
0.4175
21
-0.1325
0
LINE
8
BLACK
6
CONTINUOUS
10
0.4175
20
-0.1325
11
0.4175
21
-0.0675
0
LINE
8
BLACK
6
CONTINUOUS
10
0.4175
20
-0.0675
11
0.4825
21
-0.0675
0
LINE
8
BLACK
6
CONTINUOUS
10
0.4825
20
-0.0675
11
0.4825
21
-0.1325
0
LINE
8
BLACK
6
CONTINUOUS
10
0.5825
20
-0.1325
11
0.5175
21
-0.1325
0
LINE
8
BLACK
6
CONTINUOUS
10
0.5175
20
-0.1325
11
0.5175
21
-0.0675
0
LINE
8
BLACK
6
CONTINUOUS
10
0.5175
20
-0.0675
11
0.5825
21
-0.0675
0
LINE
8
BLACK
6
CONTINUOUS
10
0.5825
20
-0.0675
11
0.5825
21
-0.1325
0
LINE
8
BLACK
6
CONTINUOUS
10
0.6825
20
-0.1325
11
0.6174999999999999
21
-0.1325
0
LINE
8
BLACK
6
CONTINUOUS
10
0.6174999999999999
20
-0.1325
11
0.6174999999999999
21
-0.0675
0
LINE
8
BLACK
6
CONTINUOUS
10
0.6174999999999999
20
-0.0675
11
0.6825
21
-0.0675
0
LINE
8
BLACK
6
CONTINUOUS
10
0.6825
20
-0.0675
11
0.6825
21
-0.1325
0
LINE
8
BLACK
6
CONTINUOUS
10
0.7825
20
-0.1325
11
0.7175
21
-0.1325
0
LINE
8
BLACK
6
CONTINUOUS
10
0.7175
20
-0.1325
11
0.7175
21
-0.0675
0
LINE
8
BLACK
6
CONTINUOUS
10
0.7175
20
-0.0675
11
0.7825
21
-0.0675
0
LINE
8
BLACK
6
CONTINUOUS
10
0.7825
20
-0.0675
11
0.7825
21
-0.1325
0
LINE
8
BLACK
6
CONTINUOUS
10
0.8825
20
-0.1325
11
0.8175
21
-0.1325
0
LINE
8
BLACK
6
CONTINUOUS
10
0.8175
20
-0.1325
11
0.8175
21
-0.0675
0
LINE
8
BLACK
6
CONTINUOUS
10
0.8175
20
-0.0675
11
0.8825
21
-0.0675
0
LINE
8
BLACK
6
CONTINUOUS
10
0.8825
20
-0.0675
11
0.8825
21
-0.1325
0
LINE
8
BLACK
6
CONTINUOUS
10
0.9824999999999999
20
-0.1325
11
0.9175
21
-0.1325
0
LINE
8
BLACK
6
CONTINUOUS
10
0.9175
20
-0.1325
11
0.9175
21
-0.0675
0
LINE
8
BLACK
6
CONTINUOUS
10
0.9175
20
-0.0675
11
0.9824999999999999
21
-0.0675
0
LINE
8
BLACK
6
CONTINUOUS
10
0.9824999999999999
20
-0.0675
11
0.9824999999999999
21
-0.1325
0
LINE
8
BLACK
6
CONTINUOUS
10
1.0825
20
-0.1325
11
1.0175000000000001
21
-0.1325
0
LINE
8
BLACK
6
CONTINUOUS
10
1.0175000000000001
20
-0.1325
11
1.0175000000000001
21
-0.0675
0
LINE
8
BLACK
6
CONTINUOUS
10
1.0175000000000001
20
-0.0675
11
1.0825
21
-0.0675
0
LINE
8
BLACK
6
CONTINUOUS
10
1.0825
20
-0.0675
11
1.0825
21
-0.1325
0
LINE
8
BLACK
6
CONTINUOUS
10
1.1824999999999999
20
-0.1325
11
1.1174999999999999
21
-0.1325
0
LINE
8
BLACK
6
CONTINUOUS
10
1.1174999999999999
20
-0.1325
11
1.1174999999999999
21
-0.0675
0
LINE
8
BLACK
6
CONTINUOUS
10
1.1174999999999999
20
-0.0675
11
1.1824999999999999
21
-0.0675
0
LINE
8
BLACK
6
CONTINUOUS
10
1.1824999999999999
20
-0.0675
11
1.1824999999999999
21
-0.1325
0
LINE
8
BLACK
6
CONTINUOUS
10
0.4825
20
-0.0325
11
0.4175
21
-0.0325
0
LINE
8
BLACK
6
CONTINUOUS
10
0.4175
20
-0.0325
11
0.4175
21
0.0325
0
LINE
8
BLACK
6
CONTINUOUS
10
0.4175
20
0.0325
11
0.4825
21
0.0325
0
LINE
8
BLACK
6
CONTINUOUS
10
0.4825
20
0.0325
11
0.4825
21
-0.0325
0
LINE
8
BLACK
6
CONTINUOUS
10
0.5825
20
-0.0325
11
0.5175
21
-0.0325
0
LINE
8
BLACK
6
CONTINUOUS
10
0.5175
20
-0.0325
11
0.5175
21
0.0325
0
LINE
8
BLACK
6
CONTINUOUS
10
0.5175
20
0.0325
11
0.5825
21
0.0325
0
LINE
8
BLACK
6
CONTINUOUS
10
0.5825
20
0.0325
11
0.5825
21
-0.0325
0
LINE
8
BLACK
6
CONTINUOUS
10
0.6825
20
-0.0325
11
0.6174999999999999
21
-0.0325
0
LINE
8
BLACK
6
CONTINUOUS
10
0.6174999999999999
20
-0.0325
11
0.6174999999999999
21
0.0325
0
LINE
8
BLACK
6
CONTINUOUS
10
0.6174999999999999
20
0.0325
11
0.6825
21
0.0325
0
LINE
8
BLACK
6
CONTINUOUS
10
0.6825
20
0.0325
11
0.6825
21
-0.0325
0
LINE
8
BLACK
6
CONTINUOUS
10
0.7825
20
-0.0325
11
0.7175
21
-0.0325
0
LINE
8
BLACK
6
CONTINUOUS
10
0.7175
20
-0.0325
11
0.7175
21
0.0325
0
LINE
8
BLACK
6
CONTINUOUS
10
0.7175
20
0.0325
11
0.7825
21
0.0325
0
LINE
8
BLACK
6
CONTINUOUS
10
0.7825
20
0.0325
11
0.7825
21
-0.0325
0
LINE
8
BLACK
6
CONTINUOUS
10
0.8825
20
-0.0325
11
0.8175
21
-0.0325
0
LINE
8
BLACK
6
CONTINUOUS
10
0.8175
20
-0.0325
11
0.8175
21
0.0325
0
LINE
8
BLACK
6
CONTINUOUS
10
0.8175
20
0.0325
11
0.8825
21
0.0325
0
LINE
8
BLACK
6
CONTINUOUS
10
0.8825
20
0.0325
11
0.8825
21
-0.0325
0
LINE
8
BLACK
6
CONTINUOUS
10
0.9824999999999999
20
-0.0325
11
0.9175
21
-0.0325
0
LINE
8
BLACK
6
CONTINUOUS
10
0.9175
20
-0.0325
11
0.9175
21
0.0325
0
LINE
8
BLACK
6
CONTINUOUS
10
0.9175
20
0.0325
11
0.9824999999999999
21
0.0325
0
LINE
8
BLACK
6
CONTINUOUS
10
0.9824999999999999
20
0.0325
11
0.9824999999999999
21
-0.0325
0
LINE
8
BLACK
6
CONTINUOUS
10
1.0825
20
-0.0325
11
1.0175000000000001
21
-0.0325
0
LINE
8
BLACK
6
CONTINUOUS
10
1.0175000000000001
20
-0.0325
11
1.0175000000000001
21
0.0325
0
LINE
8
BLACK
6
CONTINUOUS
10
1.0175000000000001
20
0.0325
11
1.0825
21
0.0325
0
LINE
8
BLACK
6
CONTINUOUS
10
1.0825
20
0.0325
11
1.0825
21
-0.0325
0
LINE
8
BLACK
6
CONTINUOUS
10
1.1824999999999999
20
-0.0325
11
1.1174999999999999
21
-0.0325
0
LINE
8
BLACK
6
CONTINUOUS
10
1.1174999999999999
20
-0.0325
11
1.1174999999999999
21
0.0325
0
LINE
8
BLACK
6
CONTINUOUS
10
1.1174999999999999
20
0.0325
11
1.1824999999999999
21
0.0325
0
LINE
8
BLACK
6
CONTINUOUS
10
1.1824999999999999
20
0.0325
11
1.1824999999999999
21
-0.0325
0
LINE
8
BLACK
6
CONTINUOUS
10
0.4825
20
0.2575
11
0.4175
21
0.2575
0
LINE
8
BLACK
6
CONTINUOUS
10
0.4175
20
0.2575
11
0.4175
21
0.3225
0
LINE
8
BLACK
6
CONTINUOUS
10
0.4175
20
0.3225
11
0.4825
21
0.3225
0
LINE
8
BLACK
6
CONTINUOUS
10
0.4825
20
0.3225
11
0.4825
21
0.2575
0
LINE
8
BLACK
6
CONTINUOUS
10
0.4825
20
0.3575
11
0.4175
21
0.3575
0
LINE
8
BLACK
6
CONTINUOUS
10
0.4175
20
0.3575
11
0.4175
21
0.4225
0
LINE
8
BLACK
6
CONTINUOUS
10
0.4175
20
0.4225
11
0.4825
21
0.4225
0
LINE
8
BLACK
6
CONTINUOUS
10
0.4825
20
0.4225
11
0.4825
21
0.3575
0
LINE
8
BLACK
6
CONTINUOUS
10
0.5825
20
0.3575
11
0.5175
21
0.3575
0
LINE
8
BLACK
6
CONTINUOUS
10
0.5175
20
0.3575
11
0.5175
21
0.4225
0
LINE
8
BLACK
6
CONTINUOUS
10
0.5175
20
0.4225
11
0.5825
21
0.4225
0
LINE
8
BLACK
6
CONTINUOUS
10
0.5825
20
0.4225
11
0.5825
21
0.3575
0
LINE
8
BLACK
6
CONTINUOUS
10
0.4825
20
0.7675
11
0.4175
21
0.7675
0
LINE
8
BLACK
6
CONTINUOUS
10
0.4175
20
0.7675
11
0.4175
21
0.8325
0
LINE
8
BLACK
6
CONTINUOUS
10
0.4175
20
0.8325
11
0.4825
21
0.8325
0
LINE
8
BLACK
6
CONTINUOUS
10
0.4825
20
0.8325
11
0.4825
21
0.7675
0
LINE
8
BLACK
6
CONTINUOUS
10
0.5825
20
0.7675
11
0.5175
21
0.7675
0
LINE
8
BLACK
6
CONTINUOUS
10
0.5175
20
0.7675
11
0.5175
21
0.8325
0
LINE
8
BLACK
6
CONTINUOUS
10
0.5175
20
0.8325
11
0.5825
21
0.8325
0
LINE
8
BLACK
6
CONTINUOUS
10
0.5825
20
0.8325
11
0.5825
21
0.7675
0
LINE
8
BLACK
6
CONTINUOUS
10
0.6825
20
0.7675
11
0.6174999999999999
21
0.7675
0
LINE
8
BLACK
6
CONTINUOUS
10
0.6174999999999999
20
0.7675
11
0.6174999999999999
21
0.8325
0
LINE
8
BLACK
6
CONTINUOUS
10
0.6174999999999999
20
0.8325
11
0.6825
21
0.8325
0
LINE
8
BLACK
6
CONTINUOUS
10
0.6825
20
0.8325
11
0.6825
21
0.7675
0
LINE
8
BLACK
6
CONTINUOUS
10
0.7825
20
0.7675
11
0.7175
21
0.7675
0
LINE
8
BLACK
6
CONTINUOUS
10
0.7175
20
0.7675
11
0.7175
21
0.8325
0
LINE
8
BLACK
6
CONTINUOUS
10
0.7175
20
0.8325
11
0.7825
21
0.8325
0
LINE
8
BLACK
6
CONTINUOUS
10
0.7825
20
0.8325
11
0.7825
21
0.7675
0
LINE
8
BLACK
6
CONTINUOUS
10
0.8825
20
0.7675
11
0.8175
21
0.7675
0
LINE
8
BLACK
6
CONTINUOUS
10
0.8175
20
0.7675
11
0.8175
21
0.8325
0
LINE
8
BLACK
6
CONTINUOUS
10
0.8175
20
0.8325
11
0.8825
21
0.8325
0
LINE
8
BLACK
6
CONTINUOUS
10
0.8825
20
0.8325
11
0.8825
21
0.7675
0
LINE
8
BLACK
6
CONTINUOUS
10
0.9824999999999999
20
0.7675
11
0.9175
21
0.7675
0
LINE
8
BLACK
6
CONTINUOUS
10
0.9175
20
0.7675
11
0.9175
21
0.8325
0
LINE
8
BLACK
6
CONTINUOUS
10
0.9175
20
0.8325
11
0.9824999999999999
21
0.8325
0
LINE
8
BLACK
6
CONTINUOUS
10
0.9824999999999999
20
0.8325
11
0.9824999999999999
21
0.7675
0
LINE
8
BLACK
6
CONTINUOUS
10
1.0825
20
0.7675
11
1.0175000000000001
21
0.7675
0
LINE
8
BLACK
6
CONTINUOUS
10
1.0175000000000001
20
0.7675
11
1.0175000000000001
21
0.8325
0
LINE
8
BLACK
6
CONTINUOUS
10
1.0175000000000001
20
0.8325
11
1.0825
21
0.8325
0
LINE
8
BLACK
6
CONTINUOUS
10
1.0825
20
0.8325
11
1.0825
21
0.7675
0
LINE
8
BLACK
6
CONTINUOUS
10
1.1824999999999999
20
0.7675
11
1.1174999999999999
21
0.7675
0
LINE
8
BLACK
6
CONTINUOUS
10
1.1174999999999999
20
0.7675
11
1.1174999999999999
21
0.8325
0
LINE
8
BLACK
6
CONTINUOUS
10
1.1174999999999999
20
0.8325
11
1.1824999999999999
21
0.8325
0
LINE
8
BLACK
6
CONTINUOUS
10
1.1824999999999999
20
0.8325
11
1.1824999999999999
21
0.7675
0
LINE
8
BLACK
6
CONTINUOUS
10
0.4825
20
0.8674999999999999
11
0.4175
21
0.8674999999999999
0
LINE
8
BLACK
6
CONTINUOUS
10
0.4175
20
0.8674999999999999
11
0.4175
21
0.9325
0
LINE
8
BLACK
6
CONTINUOUS
10
0.4175
20
0.9325
11
0.4825
21
0.9325
0
LINE
8
BLACK
6
CONTINUOUS
10
0.4825
20
0.9325
11
0.4825
21
0.8674999999999999
0
LINE
8
BLACK
6
CONTINUOUS
10
0.5825
20
0.8674999999999999
11
0.5175
21
0.8674999999999999
0
LINE
8
BLACK
6
CONTINUOUS
10
0.5175
20
0.8674999999999999
11
0.5175
21
0.9325
0
LINE
8
BLACK
6
CONTINUOUS
10
0.5175
20
0.9325
11
0.5825
21
0.9325
0
LINE
8
BLACK
6
CONTINUOUS
10
0.5825
20
0.9325
11
0.5825
21
0.8674999999999999
0
LINE
8
BLACK
6
CONTINUOUS
10
0.6825
20
0.8674999999999999
11
0.6174999999999999
21
0.8674999999999999
0
LINE
8
BLACK
6
CONTINUOUS
10
0.6174999999999999
20
0.8674999999999999
11
0.6174999999999999
21
0.9325
0
LINE
8
BLACK
6
CONTINUOUS
10
0.6174999999999999
20
0.9325
11
0.6825
21
0.9325
0
LINE
8
BLACK
6
CONTINUOUS
10
0.6825
20
0.9325
11
0.6825
21
0.8674999999999999
0
LINE
8
BLACK
6
CONTINUOUS
10
0.7825
20
0.8674999999999999
11
0.7175
21
0.8674999999999999
0
LINE
8
BLACK
6
CONTINUOUS
10
0.7175
20
0.8674999999999999
11
0.7175
21
0.9325
0
LINE
8
BLACK
6
CONTINUOUS
10
0.7175
20
0.9325
11
0.7825
21
0.9325
0
LINE
8
BLACK
6
CONTINUOUS
10
0.7825
20
0.9325
11
0.7825
21
0.8674999999999999
0
LINE
8
BLACK
6
CONTINUOUS
10
0.8825
20
0.8674999999999999
11
0.8175
21
0.8674999999999999
0
LINE
8
BLACK
6
CONTINUOUS
10
0.8175
20
0.8674999999999999
11
0.8175
21
0.9325
0
LINE
8
BLACK
6
CONTINUOUS
10
0.8175
20
0.9325
11
0.8825
21
0.9325
0
LINE
8
BLACK
6
CONTINUOUS
10
0.8825
20
0.9325
11
0.8825
21
0.8674999999999999
0
LINE
8
BLACK
6
CONTINUOUS
10
0.9824999999999999
20
0.8674999999999999
11
0.9175
21
0.8674999999999999
0
LINE
8
BLACK
6
CONTINUOUS
10
0.9175
20
0.8674999999999999
11
0.9175
21
0.9325
0
LINE
8
BLACK
6
CONTINUOUS
10
0.9175
20
0.9325
11
0.9824999999999999
21
0.9325
0
LINE
8
BLACK
6
CONTINUOUS
10
0.9824999999999999
20
0.9325
11
0.9824999999999999
21
0.8674999999999999
0
LINE
8
BLACK
6
CONTINUOUS
10
1.0825
20
0.8674999999999999
11
1.0175000000000001
21
0.8674999999999999
0
LINE
8
BLACK
6
CONTINUOUS
10
1.0175000000000001
20
0.8674999999999999
11
1.0175000000000001
21
0.9325
0
LINE
8
BLACK
6
CONTINUOUS
10
1.0175000000000001
20
0.9325
11
1.0825
21
0.9325
0
LINE
8
BLACK
6
CONTINUOUS
10
1.0825
20
0.9325
11
1.0825
21
0.8674999999999999
0
LINE
8
BLACK
6
CONTINUOUS
10
1.1824999999999999
20
0.8674999999999999
11
1.1174999999999999
21
0.8674999999999999
0
LINE
8
BLACK
6
CONTINUOUS
10
1.1174999999999999
20
0.8674999999999999
11
1.1174999999999999
21
0.9325
0
LINE
8
BLACK
6
CONTINUOUS
10
1.1174999999999999
20
0.9325
11
1.1824999999999999
21
0.9325
0
LINE
8
BLACK
6
CONTINUOUS
10
1.1824999999999999
20
0.9325
11
1.1824999999999999
21
0.8674999999999999
0
LINE
8
BLACK
6
CONTINUOUS
10
1.3374999999999999
20
0.1125
11
1.2725
21
0.1125
0
LINE
8
BLACK
6
CONTINUOUS
10
1.2725
20
0.1125
11
1.2725
21
0.1775
0
LINE
8
BLACK
6
CONTINUOUS
10
1.2725
20
0.1775
11
1.3374999999999999
21
0.1775
0
LINE
8
BLACK
6
CONTINUOUS
10
1.3374999999999999
20
0.1775
11
1.3374999999999999
21
0.1125
0
LINE
8
BLACK
6
CONTINUOUS
10
0.7072697637795275
20
0.5559185433070866
11
0.7114600787401575
21
0.5532256299212598
0
LINE
8
BLACK
6
CONTINUOUS
10
0.7114600787401575
20
0.5532256299212598
11
0.7147219291338582
21
0.5494612204724409
0
LINE
8
BLACK
6
CONTINUOUS
10
0.7147219291338582
20
0.5494612204724409
11
0.7167911417322834
21
0.5449303149606299
0
LINE
8
BLACK
6
CONTINUOUS
10
0.7167911417322834
20
0.5449303149606299
11
0.7175
21
0.54
0
LINE
8
BLACK
6
CONTINUOUS
10
0.7175
20
0.54
11
0.7167911417322834
21
0.53506968503937
0
LINE
8
BLACK
6
CONTINUOUS
10
0.7167911417322834
20
0.53506968503937
11
0.7163979133858267
21
0.5342086614173228
0
LINE
8
BLACK
6
CONTINUOUS
10
0.7163979133858267
20
0.5342086614173228
11
0.7228031496062992
21
0.5278033858267717
0
LINE
8
BLACK
6
CONTINUOUS
10
0.7228031496062992
20
0.5278033858267717
11
0.7228032677165355
21
0.5278033464566929
0
LINE
8
BLACK
6
CONTINUOUS
10
0.7228032677165355
20
0.5278033464566929
11
0.9981066141732283
21
0.2525
0
LINE
8
BLACK
6
CONTINUOUS
10
0.9981066141732283
20
0.2525
11
1.2725
21
0.2525
0
LINE
8
BLACK
6
CONTINUOUS
10
1.2725
20
0.2525
11
1.2725
21
0.2775
0
LINE
8
BLACK
6
CONTINUOUS
10
1.2725
20
0.2775
11
1.3374999999999999
21
0.2775
0
LINE
8
BLACK
6
CONTINUOUS
10
1.3374999999999999
20
0.2775
11
1.3374999999999999
21
0.2125
0
LINE
8
BLACK
6
CONTINUOUS
10
1.3374999999999999
20
0.2125
11
1.2725
21
0.2125
0
LINE
8
BLACK
6
CONTINUOUS
10
1.2725
20
0.2125
11
1.2725
21
0.2375
0
LINE
8
BLACK
6
CONTINUOUS
10
1.2725
20
0.2375
11
0.995
21
0.2375
0
LINE
8
BLACK
6
CONTINUOUS
10
0.995
20
0.2375
11
0.9937733464566929
21
0.2377799606299213
0
LINE
8
BLACK
6
CONTINUOUS
10
0.9937733464566929
20
0.2377799606299213
11
0.9925229133858268
21
0.2379208661417323
0
LINE
8
BLACK
6
CONTINUOUS
10
0.9925229133858268
20
0.2379208661417323
11
0.9921617322834645
21
0.2381477559055118
0
LINE
8
BLACK
6
CONTINUOUS
10
0.9921617322834645
20
0.2381477559055118
11
0.9917458661417322
21
0.2382427165354331
0
LINE
8
BLACK
6
CONTINUOUS
10
0.9917458661417322
20
0.2382427165354331
11
0.9907620472440944
21
0.2390272440944882
0
LINE
8
BLACK
6
CONTINUOUS
10
0.9907620472440944
20
0.2390272440944882
11
0.9896966929133858
21
0.2396966929133858
0
LINE
8
BLACK
6
CONTINUOUS
10
0.9896966929133858
20
0.2396966929133858
11
0.7121966535433071
21
0.5171967322834645
0
LINE
8
BLACK
6
CONTINUOUS
10
0.7121966535433071
20
0.5171967322834645
11
0.7121965748031496
21
0.517196811023622
0
LINE
8
BLACK
6
CONTINUOUS
10
0.7121965748031496
20
0.517196811023622
11
0.7057563385826772
21
0.5236370472440944
0
LINE
8
BLACK
6
CONTINUOUS
10
0.7057563385826772
20
0.5236370472440944
11
0.7024905118110236
21
0.5226781102362205
0
LINE
8
BLACK
6
CONTINUOUS
10
0.7024905118110236
20
0.5226781102362205
11
0.6975094881889764
21
0.5226781102362205
0
LINE
8
BLACK
6
CONTINUOUS
10
0.6975094881889764
20
0.5226781102362205
11
0.6927302362204725
21
0.5240814566929134
0
LINE
8
BLACK
6
CONTINUOUS
10
0.6927302362204725
20
0.5240814566929134
11
0.6885399212598425
21
0.5267743700787402
0
LINE
8
BLACK
6
CONTINUOUS
10
0.6885399212598425
20
0.5267743700787402
11
0.6852780708661417
21
0.530538779527559
0
LINE
8
BLACK
6
CONTINUOUS
10
0.6852780708661417
20
0.530538779527559
11
0.6832088582677165
21
0.53506968503937
0
LINE
8
BLACK
6
CONTINUOUS
10
0.6832088582677165
20
0.53506968503937
11
0.6825
21
0.54
0
LINE
8
BLACK
6
CONTINUOUS
10
0.6825
20
0.54
11
0.6832088582677165
21
0.5449303149606299
0
LINE
8
BLACK
6
CONTINUOUS
10
0.6832088582677165
20
0.5449303149606299
11
0.6852780708661417
21
0.5494612204724409
0
LINE
8
BLACK
6
CONTINUOUS
10
0.6852780708661417
20
0.5494612204724409
11
0.6885399212598425
21
0.5532256299212598
0
LINE
8
BLACK
6
CONTINUOUS
10
0.6885399212598425
20
0.5532256299212598
11
0.6927302362204725
21
0.5559185433070866
0
LINE
8
BLACK
6
CONTINUOUS
10
0.6927302362204725
20
0.5559185433070866
11
0.6975094881889764
21
0.5573218897637795
0
LINE
8
BLACK
6
CONTINUOUS
10
0.6975094881889764
20
0.5573218897637795
11
0.7024905118110236
21
0.5573218897637795
0
LINE
8
BLACK
6
CONTINUOUS
10
0.7024905118110236
20
0.5573218897637795
11
0.7072697637795275
21
0.5559185433070866
0
LINE
8
BLACK
6
CONTINUOUS
10
0.1825
20
0.1175
11
0.1175
21
0.1175
0
LINE
8
BLACK
6
CONTINUOUS
10
0.1175
20
0.1175
11
0.1175
21
0.1825
0
LINE
8
BLACK
6
CONTINUOUS
10
0.1175
20
0.1825
11
0.1825
21
0.1825
0
LINE
8
BLACK
6
CONTINUOUS
10
0.1825
20
0.1825
11
0.1825
21
0.1175
0
LINE
8
BLACK
6
CONTINUOUS
10
0.2825
20
0.1175
11
0.2175
21
0.1175
0
LINE
8
BLACK
6
CONTINUOUS
10
0.2175
20
0.1175
11
0.2175
21
0.1825
0
LINE
8
BLACK
6
CONTINUOUS
10
0.2175
20
0.1825
11
0.2825
21
0.1825
0
LINE
8
BLACK
6
CONTINUOUS
10
0.2825
20
0.1825
11
0.2825
21
0.1175
0
LINE
8
BLACK
6
CONTINUOUS
10
0.1825
20
0.2175
11
0.1175
21
0.2175
0
LINE
8
BLACK
6
CONTINUOUS
10
0.1175
20
0.2175
11
0.1175
21
0.2825
0
LINE
8
BLACK
6
CONTINUOUS
10
0.1175
20
0.2825
11
0.1825
21
0.2825
0
LINE
8
BLACK
6
CONTINUOUS
10
0.1825
20
0.2825
11
0.1825
21
0.2175
0
LINE
8
BLACK
6
CONTINUOUS
10
0.2825
20
0.2175
11
0.2175
21
0.2175
0
LINE
8
BLACK
6
CONTINUOUS
10
0.2175
20
0.2175
11
0.2175
21
0.2825
0
LINE
8
BLACK
6
CONTINUOUS
10
0.2175
20
0.2825
11
0.2825
21
0.2825
0
LINE
8
BLACK
6
CONTINUOUS
10
0.2825
20
0.2825
11
0.2825
21
0.2175
0
LINE
8
BLACK
6
CONTINUOUS
10
0.1825
20
0.3175
11
0.1175
21
0.3175
0
LINE
8
BLACK
6
CONTINUOUS
10
0.1175
20
0.3175
11
0.1175
21
0.3825
0
LINE
8
BLACK
6
CONTINUOUS
10
0.1175
20
0.3825
11
0.1825
21
0.3825
0
LINE
8
BLACK
6
CONTINUOUS
10
0.1825
20
0.3825
11
0.1825
21
0.3175
0
LINE
8
BLACK
6
CONTINUOUS
10
0.2825
20
0.3175
11
0.2175
21
0.3175
0
LINE
8
BLACK
6
CONTINUOUS
10
0.2175
20
0.3175
11
0.2175
21
0.3825
0
LINE
8
BLACK
6
CONTINUOUS
10
0.2175
20
0.3825
11
0.2825
21
0.3825
0
LINE
8
BLACK
6
CONTINUOUS
10
0.2825
20
0.3825
11
0.2825
21
0.3175
0
LINE
8
BLACK
6
CONTINUOUS
10
0.1825
20
0.5675
11
0.1175
21
0.5675
0
LINE
8
BLACK
6
CONTINUOUS
10
0.1175
20
0.5675
11
0.1175
21
0.6325
0
LINE
8
BLACK
6
CONTINUOUS
10
0.1175
20
0.6325
11
0.1825
21
0.6325
0
LINE
8
BLACK
6
CONTINUOUS
10
0.1825
20
0.6325
11
0.1825
21
0.5675
0
LINE
8
BLACK
6
CONTINUOUS
10
0.2825
20
0.5675
11
0.2175
21
0.5675
0
LINE
8
BLACK
6
CONTINUOUS
10
0.2175
20
0.5675
11
0.2175
21
0.6325
0
LINE
8
BLACK
6
CONTINUOUS
10
0.2175
20
0.6325
11
0.2825
21
0.6325
0
LINE
8
BLACK
6
CONTINUOUS
10
0.2825
20
0.6325
11
0.2825
21
0.5675
0
LINE
8
BLACK
6
CONTINUOUS
10
0.1825
20
0.6675
11
0.1175
21
0.6675
0
LINE
8
BLACK
6
CONTINUOUS
10
0.1175
20
0.6675
11
0.1175
21
0.7324999999999999
0
LINE
8
BLACK
6
CONTINUOUS
10
0.1175
20
0.7324999999999999
11
0.1825
21
0.7324999999999999
0
LINE
8
BLACK
6
CONTINUOUS
10
0.1825
20
0.7324999999999999
11
0.1825
21
0.6675
0
LINE
8
BLACK
6
CONTINUOUS
10
0.2825
20
0.6675
11
0.2175
21
0.6675
0
LINE
8
BLACK
6
CONTINUOUS
10
0.2175
20
0.6675
11
0.2175
21
0.7324999999999999
0
LINE
8
BLACK
6
CONTINUOUS
10
0.2175
20
0.7324999999999999
11
0.2825
21
0.7324999999999999
0
LINE
8
BLACK
6
CONTINUOUS
10
0.2825
20
0.7324999999999999
11
0.2825
21
0.6675
0
LINE
8
BLACK
6
CONTINUOUS
10
1.3825000000000001
20
0.5675
11
1.3174999999999999
21
0.5675
0
LINE
8
BLACK
6
CONTINUOUS
10
1.3174999999999999
20
0.5675
11
1.3174999999999999
21
0.6325
0
LINE
8
BLACK
6
CONTINUOUS
10
1.3174999999999999
20
0.6325
11
1.3825000000000001
21
0.6325
0
LINE
8
BLACK
6
CONTINUOUS
10
1.3825000000000001
20
0.6325
11
1.3825000000000001
21
0.5675
0
LINE
8
BLACK
6
CONTINUOUS
10
1.4824999999999999
20
0.5675
11
1.4175
21
0.5675
0
LINE
8
BLACK
6
CONTINUOUS
10
1.4175
20
0.5675
11
1.4175
21
0.6325
0
LINE
8
BLACK
6
CONTINUOUS
10
1.4175
20
0.6325
11
1.4824999999999999
21
0.6325
0
LINE
8
BLACK
6
CONTINUOUS
10
1.4824999999999999
20
0.6325
11
1.4824999999999999
21
0.5675
0
LINE
8
BLACK
6
CONTINUOUS
10
1.5856543700787402
20
1.1871455905511812
11
1.5874848031496063
21
1.1850331496062991
0
LINE
8
BLACK
6
CONTINUOUS
10
1.5874848031496063
20
1.1850331496062991
11
1.5879330708661417
21
1.1829724409448819
0
LINE
8
BLACK
6
CONTINUOUS
10
1.5879330708661417
20
1.1829724409448819
11
1.5879330708661417
21
-0.3829724409448819
0
LINE
8
BLACK
6
CONTINUOUS
10
1.5879330708661417
20
-0.3829724409448819
11
1.5871455905511811
21
-0.3856543700787401
0
LINE
8
BLACK
6
CONTINUOUS
10
1.5871455905511811
20
-0.3856543700787401
11
1.5850331496062993
21
-0.3874848031496063
0
LINE
8
BLACK
6
CONTINUOUS
10
1.5850331496062993
20
-0.3874848031496063
11
1.5829724409448818
21
-0.3879330708661417
0
LINE
8
BLACK
6
CONTINUOUS
10
1.5829724409448818
20
-0.3879330708661417
11
0.0170275590551181
21
-0.3879330708661417
0
LINE
8
BLACK
6
CONTINUOUS
10
0.0170275590551181
20
-0.3879330708661417
11
0.0143456299212598
21
-0.3871455905511811
0
LINE
8
BLACK
6
CONTINUOUS
10
0.0143456299212598
20
-0.3871455905511811
11
0.0125151968503937
21
-0.3850331496062992
0
LINE
8
BLACK
6
CONTINUOUS
10
0.0125151968503937
20
-0.3850331496062992
11
0.0120669291338583
21
-0.3829724409448819
0
LINE
8
BLACK
6
CONTINUOUS
10
0.0120669291338583
20
-0.3829724409448819
11
0.0120669291338583
21
-0.2400001181102362
0
LINE
8
BLACK
6
CONTINUOUS
10
0.0120669291338583
20
-0.2400001181102362
11
0.0120669291338583
21
0.1155846456692913
0
LINE
8
BLACK
6
CONTINUOUS
10
0.0120669291338583
20
0.1155846456692913
11
0.0120669291338583
21
0.5655846456692913
0
LINE
8
BLACK
6
CONTINUOUS
10
0.0120669291338583
20
0.5655846456692913
11
0.0120669291338583
21
1.1829724409448819
0
LINE
8
BLACK
6
CONTINUOUS
10
0.0120669291338583
20
1.1829724409448819
11
0.0128544094488189
21
1.1856543700787401
0
LINE
8
BLACK
6
CONTINUOUS
10
0.0128544094488189
20
1.1856543700787401
11
0.0149668503937008
21
1.1874848031496064
0
LINE
8
BLACK
6
CONTINUOUS
10
0.0149668503937008
20
1.1874848031496064
11
0.0170275590551181
21
1.1879330708661417
0
LINE
8
BLACK
6
CONTINUOUS
10
0.0170275590551181
20
1.1879330708661417
11
1.5829724409448818
21
1.1879330708661417
0
LINE
8
BLACK
6
CONTINUOUS
10
1.5829724409448818
20
1.1879330708661417
11
1.5856543700787402
21
1.1871455905511812
0
LINE
8
BLACK
6
CONTINUOUS
10
0.3726451181102362
20
1.1169768503937008
11
0.3726450393700788
21
1.1169768503937008
0
LINE
8
BLACK
6
CONTINUOUS
10
0.3726450393700788
20
1.1169768503937008
11
0.3726449212598425
21
1.116976811023622
0
LINE
8
BLACK
6
CONTINUOUS
10
0.3726449212598425
20
1.116976811023622
11
0.372644842519685
21
1.116976811023622
0
LINE
8
BLACK
6
CONTINUOUS
10
0.372644842519685
20
1.116976811023622
11
0.3655723622047244
21
1.1148313779527559
0
LINE
8
BLACK
6
CONTINUOUS
10
0.3655723622047244
20
1.1148313779527559
11
0.3590543307086614
21
1.1113474015748031
0
LINE
8
BLACK
6
CONTINUOUS
10
0.3590543307086614
20
1.1113474015748031
11
0.3533412204724409
21
1.1066587795275591
0
LINE
8
BLACK
6
CONTINUOUS
10
0.3533412204724409
20
1.1066587795275591
11
0.3486525984251969
21
1.1009456692913386
0
LINE
8
BLACK
6
CONTINUOUS
10
0.3486525984251969
20
1.1009456692913386
11
0.3451686614173228
21
1.0944277559055118
0
LINE
8
BLACK
6
CONTINUOUS
10
0.3451686614173228
20
1.0944277559055118
11
0.3451685826771653
21
1.0944275196850393
0
LINE
8
BLACK
6
CONTINUOUS
10
0.3451685826771653
20
1.0944275196850393
11
0.3430231102362205
21
1.0873549212598426
0
LINE
8
BLACK
6
CONTINUOUS
10
0.3430231102362205
20
1.0873549212598426
11
0.3430231102362205
21
1.0873548425196851
0
LINE
8
BLACK
6
CONTINUOUS
10
0.3430231102362205
20
1.0873548425196851
11
0.342298779527559
21
1.0800001181102361
0
LINE
8
BLACK
6
CONTINUOUS
10
0.342298779527559
20
1.0800001181102361
11
0.342298779527559
21
1.0799998425196851
0
LINE
8
BLACK
6
CONTINUOUS
10
0.342298779527559
20
1.0799998425196851
11
0.3430231102362205
21
1.0726451181102361
0
LINE
8
BLACK
6
CONTINUOUS
10
0.3430231102362205
20
1.0726451181102361
11
0.3430231102362205
21
1.0726450393700788
0
LINE
8
BLACK
6
CONTINUOUS
10
0.3430231102362205
20
1.0726450393700788
11
0.3451685826771653
21
1.0655724409448819
0
LINE
8
BLACK
6
CONTINUOUS
10
0.3451685826771653
20
1.0655724409448819
11
0.3451686614173228
21
1.0655722047244094
0
LINE
8
BLACK
6
CONTINUOUS
10
0.3451686614173228
20
1.0655722047244094
11
0.3486526377952756
21
1.0590542125984252
0
LINE
8
BLACK
6
CONTINUOUS
10
0.3486526377952756
20
1.0590542125984252
11
0.3488543700787402
21
1.0588084251968504
0
LINE
8
BLACK
6
CONTINUOUS
10
0.3488543700787402
20
1.0588084251968504
11
0.349946968503937
21
1.0562356692913386
0
LINE
8
BLACK
6
CONTINUOUS
10
0.349946968503937
20
1.0562356692913386
11
0.3499803149606299
21
1.055661535433071
0
LINE
8
BLACK
6
CONTINUOUS
10
0.3499803149606299
20
1.055661535433071
11
0.3499803149606299
21
0.7753750393700787
0
LINE
8
BLACK
6
CONTINUOUS
10
0.3499803149606299
20
0.7753750393700787
11
0.3499279527559055
21
0.7746561417322835
0
LINE
8
BLACK
6
CONTINUOUS
10
0.3499279527559055
20
0.7746561417322835
11
0.3497887401574803
21
0.7737058267716536
0
LINE
8
BLACK
6
CONTINUOUS
10
0.3497887401574803
20
0.7737058267716536
11
0.3497887401574803
21
0.7737056692913385
0
LINE
8
BLACK
6
CONTINUOUS
10
0.3497887401574803
20
0.7737056692913385
11
0.3499614566929134
21
0.7717314960629921
0
LINE
8
BLACK
6
CONTINUOUS
10
0.3499614566929134
20
0.7717314960629921
11
0.3499803149606299
21
0.7712992125984252
0
LINE
8
BLACK
6
CONTINUOUS
10
0.3499803149606299
20
0.7712992125984252
11
0.3499803149606299
21
0.7710782283464567
0
LINE
8
BLACK
6
CONTINUOUS
10
0.3499803149606299
20
0.7710782283464567
11
0.3501242519685039
21
0.7698464173228347
0
LINE
8
BLACK
6
CONTINUOUS
10
0.3501242519685039
20
0.7698464173228347
11
0.3501388582677165
21
0.7697031102362204
0
LINE
8
BLACK
6
CONTINUOUS
10
0.3501388582677165
20
0.7697031102362204
11
0.3504002755905511
21
0.7667151574803149
0
LINE
8
BLACK
6
CONTINUOUS
10
0.3504002755905511
20
0.7667151574803149
11
0.3504587795275591
21
0.7664319291338583
0
LINE
8
BLACK
6
CONTINUOUS
10
0.3504587795275591
20
0.7664319291338583
11
0.3504564566929134
21
0.7664314173228346
0
LINE
8
BLACK
6
CONTINUOUS
10
0.3504564566929134
20
0.7664314173228346
11
0.3505217322834646
21
0.7661370472440945
0
LINE
8
BLACK
6
CONTINUOUS
10
0.3505217322834646
20
0.7661370472440945
11
0.3505240157480315
21
0.7661375984251968
0
LINE
8
BLACK
6
CONTINUOUS
10
0.3505240157480315
20
0.7661375984251968
11
0.3505907086614173
21
0.765856220472441
0
LINE
8
BLACK
6
CONTINUOUS
10
0.3505907086614173
20
0.765856220472441
11
0.3516167716535433
21
0.7630369291338582
0
LINE
8
BLACK
6
CONTINUOUS
10
0.3516167716535433
20
0.7630369291338582
11
0.351664094488189
21
0.7629008661417322
0
LINE
8
BLACK
6
CONTINUOUS
10
0.351664094488189
20
0.7629008661417322
11
0.3526075984251968
21
0.7600535826771654
0
LINE
8
BLACK
6
CONTINUOUS
10
0.3526075984251968
20
0.7600535826771654
11
0.3527296850393701
21
0.7597918503937008
0
LINE
8
BLACK
6
CONTINUOUS
10
0.3527296850393701
20
0.7597918503937008
11
0.3527275590551181
21
0.7597908661417323
0
LINE
8
BLACK
6
CONTINUOUS
10
0.3527275590551181
20
0.7597908661417323
11
0.3528591338582677
21
0.7595191338582677
0
LINE
8
BLACK
6
CONTINUOUS
10
0.3528591338582677
20
0.7595191338582677
11
0.3528611811023622
21
0.7595201968503937
0
LINE
8
BLACK
6
CONTINUOUS
10
0.3528611811023622
20
0.7595201968503937
11
0.3529906692913386
21
0.7592622834645669
0
LINE
8
BLACK
6
CONTINUOUS
10
0.3529906692913386
20
0.7592622834645669
11
0.3546396456692913
21
0.7567551181102362
0
LINE
8
BLACK
6
CONTINUOUS
10
0.3546396456692913
20
0.7567551181102362
11
0.3547170472440945
21
0.756633622047244
0
LINE
8
BLACK
6
CONTINUOUS
10
0.3547170472440945
20
0.756633622047244
11
0.3562917716535433
21
0.7540806692913385
0
LINE
8
BLACK
6
CONTINUOUS
10
0.3562917716535433
20
0.7540806692913385
11
0.356470905511811
21
0.7538541732283465
0
LINE
8
BLACK
6
CONTINUOUS
10
0.356470905511811
20
0.7538541732283465
11
0.3564690551181102
21
0.7538526771653543
0
LINE
8
BLACK
6
CONTINUOUS
10
0.3564690551181102
20
0.7538526771653543
11
0.3566594488188976
21
0.753618937007874
0
LINE
8
BLACK
6
CONTINUOUS
10
0.3566594488188976
20
0.753618937007874
11
0.3566612598425197
21
0.7536204330708661
0
LINE
8
BLACK
6
CONTINUOUS
10
0.3566612598425197
20
0.7536204330708661
11
0.356846968503937
21
0.7533991338582677
0
LINE
8
BLACK
6
CONTINUOUS
10
0.356846968503937
20
0.7533991338582677
11
0.3568470078740157
21
0.7533990551181102
0
LINE
8
BLACK
6
CONTINUOUS
10
0.3568470078740157
20
0.7533990551181102
11
0.3568470472440945
21
0.7533990551181102
0
LINE
8
BLACK
6
CONTINUOUS
10
0.3568470472440945
20
0.7533990551181102
11
0.3570597244094488
21
0.7531983858267717
0
LINE
8
BLACK
6
CONTINUOUS
10
0.3570597244094488
20
0.7531983858267717
11
0.3590305511811023
21
0.751338937007874
0
LINE
8
BLACK
6
CONTINUOUS
10
0.3590305511811023
20
0.751338937007874
11
0.359133937007874
21
0.7512384645669291
0
LINE
8
BLACK
6
CONTINUOUS
10
0.359133937007874
20
0.7512384645669291
11
0.5689014173228346
21
0.5414710236220472
0
LINE
8
BLACK
6
CONTINUOUS
10
0.5689014173228346
20
0.5414710236220472
11
0.5702410236220472
21
0.5390177952755906
0
LINE
8
BLACK
6
CONTINUOUS
10
0.5702410236220472
20
0.5390177952755906
11
0.5703543700787401
21
0.5379633464566929
0
LINE
8
BLACK
6
CONTINUOUS
10
0.5703543700787401
20
0.5379633464566929
11
0.5703543700787401
21
0.4474803149606299
0
LINE
8
BLACK
6
CONTINUOUS
10
0.5703543700787401
20
0.4474803149606299
11
0.5695668897637796
21
0.4447983858267717
0
LINE
8
BLACK
6
CONTINUOUS
10
0.5695668897637796
20
0.4447983858267717
11
0.5674544488188976
21
0.4429679527559055
0
LINE
8
BLACK
6
CONTINUOUS
10
0.5674544488188976
20
0.4429679527559055
11
0.5653937401574803
21
0.4425196850393701
0
LINE
8
BLACK
6
CONTINUOUS
10
0.5653937401574803
20
0.4425196850393701
11
0.5155851181102362
21
0.4425196850393701
0
LINE
8
BLACK
6
CONTINUOUS
10
0.5155851181102362
20
0.4425196850393701
11
0.5155848425196851
21
0.4425196456692913
0
LINE
8
BLACK
6
CONTINUOUS
10
0.5155848425196851
20
0.4425196456692913
11
0.5155846456692913
21
0.4425196456692913
0
LINE
8
BLACK
6
CONTINUOUS
10
0.5155846456692913
20
0.4425196456692913
11
0.513200905511811
21
0.4422633858267717
0
LINE
8
BLACK
6
CONTINUOUS
10
0.513200905511811
20
0.4422633858267717
11
0.5132005905511811
21
0.4422633070866142
0
LINE
8
BLACK
6
CONTINUOUS
10
0.5132005905511811
20
0.4422633070866142
11
0.510132874015748
21
0.4411190551181102
0
LINE
8
BLACK
6
CONTINUOUS
10
0.510132874015748
20
0.4411190551181102
11
0.5078069291338583
21
0.4402515354330708
0
LINE
8
BLACK
6
CONTINUOUS
10
0.5078069291338583
20
0.4402515354330708
11
0.5031983858267717
21
0.4368016141732283
0
LINE
8
BLACK
6
CONTINUOUS
10
0.5031983858267717
20
0.4368016141732283
11
0.5031982677165354
21
0.4368014960629921
0
LINE
8
BLACK
6
CONTINUOUS
10
0.5031982677165354
20
0.4368014960629921
11
0.5029728346456693
21
0.4366327165354331
0
LINE
8
BLACK
6
CONTINUOUS
10
0.5029728346456693
20
0.4366327165354331
11
0.500353937007874
21
0.435655905511811
0
LINE
8
BLACK
6
CONTINUOUS
10
0.500353937007874
20
0.435655905511811
11
0.4976226377952756
21
0.4362500393700787
0
LINE
8
BLACK
6
CONTINUOUS
10
0.4976226377952756
20
0.4362500393700787
11
0.4970271653543307
21
0.4366327165354331
0
LINE
8
BLACK
6
CONTINUOUS
10
0.4970271653543307
20
0.4366327165354331
11
0.4968016929133858
21
0.4368014960629921
0
LINE
8
BLACK
6
CONTINUOUS
10
0.4968016929133858
20
0.4368014960629921
11
0.4968016141732283
21
0.4368016141732283
0
LINE
8
BLACK
6
CONTINUOUS
10
0.4968016141732283
20
0.4368016141732283
11
0.4921930708661417
21
0.4402515354330708
0
LINE
8
BLACK
6
CONTINUOUS
10
0.4921930708661417
20
0.4402515354330708
11
0.4867992519685039
21
0.4422633464566929
0
LINE
8
BLACK
6
CONTINUOUS
10
0.4867992519685039
20
0.4422633464566929
11
0.4867991732283464
21
0.4422633464566929
0
LINE
8
BLACK
6
CONTINUOUS
10
0.4867991732283464
20
0.4422633464566929
11
0.4867990551181102
21
0.4422633858267717
0
LINE
8
BLACK
6
CONTINUOUS
10
0.4867990551181102
20
0.4422633858267717
11
0.4844153149606299
21
0.4425196456692913
0
LINE
8
BLACK
6
CONTINUOUS
10
0.4844153149606299
20
0.4425196456692913
11
0.4844151574803149
21
0.4425196456692913
0
LINE
8
BLACK
6
CONTINUOUS
10
0.4844151574803149
20
0.4425196456692913
11
0.4844148818897638
21
0.4425196850393701
0
LINE
8
BLACK
6
CONTINUOUS
10
0.4844148818897638
20
0.4425196850393701
11
0.4155851181102362
21
0.4425196850393701
0
LINE
8
BLACK
6
CONTINUOUS
10
0.4155851181102362
20
0.4425196850393701
11
0.415584842519685
21
0.4425196456692913
0
LINE
8
BLACK
6
CONTINUOUS
10
0.415584842519685
20
0.4425196456692913
11
0.4155846456692913
21
0.4425196456692913
0
LINE
8
BLACK
6
CONTINUOUS
10
0.4155846456692913
20
0.4425196456692913
11
0.413200905511811
21
0.4422633858267717
0
LINE
8
BLACK
6
CONTINUOUS
10
0.413200905511811
20
0.4422633858267717
11
0.4132005905511811
21
0.4422633070866142
0
LINE
8
BLACK
6
CONTINUOUS
10
0.4132005905511811
20
0.4422633070866142
11
0.410132874015748
21
0.4411190551181102
0
LINE
8
BLACK
6
CONTINUOUS
10
0.410132874015748
20
0.4411190551181102
11
0.4078069291338582
21
0.4402515354330708
0
LINE
8
BLACK
6
CONTINUOUS
10
0.4078069291338582
20
0.4402515354330708
11
0.4078068503937008
21
0.4402514960629921
0
LINE
8
BLACK
6
CONTINUOUS
10
0.4078068503937008
20
0.4402514960629921
11
0.4078067716535433
21
0.4402514566929134
0
LINE
8
BLACK
6
CONTINUOUS
10
0.4078067716535433
20
0.4402514566929134
11
0.4031983464566929
21
0.4368016141732283
0
LINE
8
BLACK
6
CONTINUOUS
10
0.4031983464566929
20
0.4368016141732283
11
0.3997485039370078
21
0.4321931889763779
0
LINE
8
BLACK
6
CONTINUOUS
10
0.3997485039370078
20
0.4321931889763779
11
0.3997484251968504
21
0.4321929921259842
0
LINE
8
BLACK
6
CONTINUOUS
10
0.3997484251968504
20
0.4321929921259842
11
0.3977366535433071
21
0.4267993700787401
0
LINE
8
BLACK
6
CONTINUOUS
10
0.3977366535433071
20
0.4267993700787401
11
0.3977365748031496
21
0.4267990551181102
0
LINE
8
BLACK
6
CONTINUOUS
10
0.3977365748031496
20
0.4267990551181102
11
0.3974803149606299
21
0.4244153149606299
0
LINE
8
BLACK
6
CONTINUOUS
10
0.3974803149606299
20
0.4244153149606299
11
0.3974803149606299
21
0.3555846456692913
0
LINE
8
BLACK
6
CONTINUOUS
10
0.3974803149606299
20
0.3555846456692913
11
0.3977365748031496
21
0.353200905511811
0
LINE
8
BLACK
6
CONTINUOUS
10
0.3977365748031496
20
0.353200905511811
11
0.3977366535433071
21
0.3532005905511811
0
LINE
8
BLACK
6
CONTINUOUS
10
0.3977366535433071
20
0.3532005905511811
11
0.3997484251968504
21
0.347806968503937
0
LINE
8
BLACK
6
CONTINUOUS
10
0.3997484251968504
20
0.347806968503937
11
0.3997485039370078
21
0.3478067716535433
0
LINE
8
BLACK
6
CONTINUOUS
10
0.3997485039370078
20
0.3478067716535433
11
0.4033672440944882
21
0.3429727952755905
0
LINE
8
BLACK
6
CONTINUOUS
10
0.4033672440944882
20
0.3429727952755905
11
0.4043440551181102
21
0.3403538976377953
0
LINE
8
BLACK
6
CONTINUOUS
10
0.4043440551181102
20
0.3403538976377953
11
0.4037499212598425
21
0.3376226377952756
0
LINE
8
BLACK
6
CONTINUOUS
10
0.4037499212598425
20
0.3376226377952756
11
0.4033672440944882
21
0.3370272047244094
0
LINE
8
BLACK
6
CONTINUOUS
10
0.4033672440944882
20
0.3370272047244094
11
0.3997485039370078
21
0.332193188976378
0
LINE
8
BLACK
6
CONTINUOUS
10
0.3997485039370078
20
0.332193188976378
11
0.3997484251968504
21
0.3321929921259842
0
LINE
8
BLACK
6
CONTINUOUS
10
0.3997484251968504
20
0.3321929921259842
11
0.3977366535433071
21
0.3267993700787402
0
LINE
8
BLACK
6
CONTINUOUS
10
0.3977366535433071
20
0.3267993700787402
11
0.3977365748031496
21
0.3267990551181102
0
LINE
8
BLACK
6
CONTINUOUS
10
0.3977365748031496
20
0.3267990551181102
11
0.3974803149606299
21
0.3244153149606299
0
LINE
8
BLACK
6
CONTINUOUS
10
0.3974803149606299
20
0.3244153149606299
11
0.3974803149606299
21
0.2555846456692913
0
LINE
8
BLACK
6
CONTINUOUS
10
0.3974803149606299
20
0.2555846456692913
11
0.3977365748031496
21
0.253200905511811
0
LINE
8
BLACK
6
CONTINUOUS
10
0.3977365748031496
20
0.253200905511811
11
0.3977366535433071
21
0.2532005905511811
0
LINE
8
BLACK
6
CONTINUOUS
10
0.3977366535433071
20
0.2532005905511811
11
0.3997484251968504
21
0.247806968503937
0
LINE
8
BLACK
6
CONTINUOUS
10
0.3997484251968504
20
0.247806968503937
11
0.3997485039370078
21
0.2478067716535433
0
LINE
8
BLACK
6
CONTINUOUS
10
0.3997485039370078
20
0.2478067716535433
11
0.4031983464566929
21
0.2431983464566929
0
LINE
8
BLACK
6
CONTINUOUS
10
0.4031983464566929
20
0.2431983464566929
11
0.4078067716535433
21
0.2397485039370079
0
LINE
8
BLACK
6
CONTINUOUS
10
0.4078067716535433
20
0.2397485039370079
11
0.407806968503937
21
0.2397484251968504
0
LINE
8
BLACK
6
CONTINUOUS
10
0.407806968503937
20
0.2397484251968504
11
0.4132005905511811
21
0.2377366535433071
0
LINE
8
BLACK
6
CONTINUOUS
10
0.4132005905511811
20
0.2377366535433071
11
0.413200905511811
21
0.2377365748031496
0
LINE
8
BLACK
6
CONTINUOUS
10
0.413200905511811
20
0.2377365748031496
11
0.4155846456692913
21
0.2374803149606299
0
LINE
8
BLACK
6
CONTINUOUS
10
0.4155846456692913
20
0.2374803149606299
11
0.4155851181102362
21
0.2374803149606299
0
LINE
8
BLACK
6
CONTINUOUS
10
0.4155851181102362
20
0.2374803149606299
11
0.4844153149606299
21
0.2374803149606299
0
LINE
8
BLACK
6
CONTINUOUS
10
0.4844153149606299
20
0.2374803149606299
11
0.4867990551181102
21
0.2377365748031496
0
LINE
8
BLACK
6
CONTINUOUS
10
0.4867990551181102
20
0.2377365748031496
11
0.4867993700787401
21
0.2377366535433071
0
LINE
8
BLACK
6
CONTINUOUS
10
0.4867993700787401
20
0.2377366535433071
11
0.4921929921259842
21
0.2397484251968504
0
LINE
8
BLACK
6
CONTINUOUS
10
0.4921929921259842
20
0.2397484251968504
11
0.4921931889763779
21
0.2397485039370079
0
LINE
8
BLACK
6
CONTINUOUS
10
0.4921931889763779
20
0.2397485039370079
11
0.4970272047244094
21
0.2433672440944882
0
LINE
8
BLACK
6
CONTINUOUS
10
0.4970272047244094
20
0.2433672440944882
11
0.4996461023622047
21
0.2443440551181102
0
LINE
8
BLACK
6
CONTINUOUS
10
0.4996461023622047
20
0.2443440551181102
11
0.5023773622047244
21
0.2437499212598425
0
LINE
8
BLACK
6
CONTINUOUS
10
0.5023773622047244
20
0.2437499212598425
11
0.502972874015748
21
0.2433672047244095
0
LINE
8
BLACK
6
CONTINUOUS
10
0.502972874015748
20
0.2433672047244095
11
0.5043605118110236
21
0.2423283858267717
0
LINE
8
BLACK
6
CONTINUOUS
10
0.5043605118110236
20
0.2423283858267717
11
0.5060355511811023
21
0.2400907086614173
0
LINE
8
BLACK
6
CONTINUOUS
10
0.5060355511811023
20
0.2400907086614173
11
0.5062348818897637
21
0.2373026771653543
0
LINE
8
BLACK
6
CONTINUOUS
10
0.5062348818897637
20
0.2373026771653543
11
0.5048953149606299
21
0.2348495669291339
0
LINE
8
BLACK
6
CONTINUOUS
10
0.5048953149606299
20
0.2348495669291339
11
0.3505749606299213
21
0.0805292125984252
0
LINE
8
BLACK
6
CONTINUOUS
10
0.3505749606299213
20
0.0805292125984252
11
0.3500296456692913
21
0.0800579133858268
0
LINE
8
BLACK
6
CONTINUOUS
10
0.3500296456692913
20
0.0800579133858268
11
0.3492589763779527
21
0.0794841732283465
0
LINE
8
BLACK
6
CONTINUOUS
10
0.3492589763779527
20
0.0794841732283465
11
0.3492588976377953
21
0.079484094488189
0
LINE
8
BLACK
6
CONTINUOUS
10
0.3492588976377953
20
0.079484094488189
11
0.347985
21
0.0779659448818898
0
LINE
8
BLACK
6
CONTINUOUS
10
0.347985
20
0.0779659448818898
11
0.3476926771653543
21
0.077646968503937
0
LINE
8
BLACK
6
CONTINUOUS
10
0.3476926771653543
20
0.077646968503937
11
0.3475366929133858
21
0.0774909842519685
0
LINE
8
BLACK
6
CONTINUOUS
10
0.3475366929133858
20
0.0774909842519685
11
0.3475365748031496
21
0.0774908267716535
0
LINE
8
BLACK
6
CONTINUOUS
10
0.3475365748031496
20
0.0774908267716535
11
0.3467675196850394
21
0.0765182283464567
0
LINE
8
BLACK
6
CONTINUOUS
10
0.3467675196850394
20
0.0765182283464567
11
0.3466764173228347
21
0.0764063779527559
0
LINE
8
BLACK
6
CONTINUOUS
10
0.3466764173228347
20
0.0764063779527559
11
0.3447482283464567
21
0.0741084645669291
0
LINE
8
BLACK
6
CONTINUOUS
10
0.3447482283464567
20
0.0741084645669291
11
0.3445896062992126
21
0.0738672440944882
0
LINE
8
BLACK
6
CONTINUOUS
10
0.3445896062992126
20
0.0738672440944882
11
0.3445875590551181
21
0.0738685433070866
0
LINE
8
BLACK
6
CONTINUOUS
10
0.3445875590551181
20
0.0738685433070866
11
0.3444255905511811
21
0.0736142913385827
0
LINE
8
BLACK
6
CONTINUOUS
10
0.3444255905511811
20
0.0736142913385827
11
0.3444275984251968
21
0.0736130708661417
0
LINE
8
BLACK
6
CONTINUOUS
10
0.3444275984251968
20
0.0736130708661417
11
0.3442757480314961
21
0.0733668897637795
0
LINE
8
BLACK
6
CONTINUOUS
10
0.3442757480314961
20
0.0733668897637795
11
0.343007874015748
21
0.0706479527559055
0
LINE
8
BLACK
6
CONTINUOUS
10
0.343007874015748
20
0.0706479527559055
11
0.3429450393700788
21
0.0705181496062992
0
LINE
8
BLACK
6
CONTINUOUS
10
0.3429450393700788
20
0.0705181496062992
11
0.3415987007874016
21
0.0678373622047244
0
LINE
8
BLACK
6
CONTINUOUS
10
0.3415987007874016
20
0.0678373622047244
11
0.3414998818897638
21
0.0675657874015748
0
LINE
8
BLACK
6
CONTINUOUS
10
0.3414998818897638
20
0.0675657874015748
11
0.3414975984251968
21
0.0675665748031496
0
LINE
8
BLACK
6
CONTINUOUS
10
0.3414975984251968
20
0.0675665748031496
11
0.3413986220472441
21
0.0672818503937008
0
LINE
8
BLACK
6
CONTINUOUS
10
0.3413986220472441
20
0.0672818503937008
11
0.341400905511811
21
0.0672811023622047
0
LINE
8
BLACK
6
CONTINUOUS
10
0.341400905511811
20
0.0672811023622047
11
0.3413100393700788
21
0.067006968503937
0
LINE
8
BLACK
6
CONTINUOUS
10
0.3413100393700788
20
0.067006968503937
11
0.3407035039370079
21
0.0640694881889764
0
LINE
8
BLACK
6
CONTINUOUS
10
0.3407035039370079
20
0.0640694881889764
11
0.3406722834645669
21
0.0639287401574803
0
LINE
8
BLACK
6
CONTINUOUS
10
0.3406722834645669
20
0.0639287401574803
11
0.3399803149606299
21
0.0610088582677165
0
LINE
8
BLACK
6
CONTINUOUS
10
0.3399803149606299
20
0.0610088582677165
11
0.3399467716535433
21
0.0607217716535433
0
LINE
8
BLACK
6
CONTINUOUS
10
0.3399467716535433
20
0.0607217716535433
11
0.3399443700787402
21
0.0607220472440945
0
LINE
8
BLACK
6
CONTINUOUS
10
0.3399443700787402
20
0.0607220472440945
11
0.339913779527559
21
0.0604224015748032
0
LINE
8
BLACK
6
CONTINUOUS
10
0.339913779527559
20
0.0604224015748032
11
0.3399161811023622
21
0.0604222047244094
0
LINE
8
BLACK
6
CONTINUOUS
10
0.3399161811023622
20
0.0604222047244094
11
0.3398909842519685
21
0.0601342519685039
0
LINE
8
BLACK
6
CONTINUOUS
10
0.3398909842519685
20
0.0601342519685039
11
0.3399782283464567
21
0.0571356299212598
0
LINE
8
BLACK
6
CONTINUOUS
10
0.3399782283464567
20
0.0571356299212598
11
0.3399803149606299
21
0.0569913779527559
0
LINE
8
BLACK
6
CONTINUOUS
10
0.3399803149606299
20
0.0569913779527559
11
0.3399803149606299
21
-0.2156615354330709
0
LINE
8
BLACK
6
CONTINUOUS
10
0.3399803149606299
20
-0.2156615354330709
11
0.3391928346456693
21
-0.2183434645669291
0
LINE
8
BLACK
6
CONTINUOUS
10
0.3391928346456693
20
-0.2183434645669291
11
0.3388543700787401
21
-0.2188084251968504
0
LINE
8
BLACK
6
CONTINUOUS
10
0.3388543700787401
20
-0.2188084251968504
11
0.3386526377952756
21
-0.2190542125984252
0
LINE
8
BLACK
6
CONTINUOUS
10
0.3386526377952756
20
-0.2190542125984252
11
0.3351686614173228
21
-0.2255722047244094
0
LINE
8
BLACK
6
CONTINUOUS
10
0.3351686614173228
20
-0.2255722047244094
11
0.3351685826771654
21
-0.2255724409448819
0
LINE
8
BLACK
6
CONTINUOUS
10
0.3351685826771654
20
-0.2255724409448819
11
0.3330231102362204
21
-0.2326450393700787
0
LINE
8
BLACK
6
CONTINUOUS
10
0.3330231102362204
20
-0.2326450393700787
11
0.3330231102362204
21
-0.2326451181102362
0
LINE
8
BLACK
6
CONTINUOUS
10
0.3330231102362204
20
-0.2326451181102362
11
0.332298779527559
21
-0.239999842519685
0
LINE
8
BLACK
6
CONTINUOUS
10
0.332298779527559
20
-0.239999842519685
11
0.332298779527559
21
-0.2400001181102362
0
LINE
8
BLACK
6
CONTINUOUS
10
0.332298779527559
20
-0.2400001181102362
11
0.3330231102362204
21
-0.247354842519685
0
LINE
8
BLACK
6
CONTINUOUS
10
0.3330231102362204
20
-0.247354842519685
11
0.3330231102362204
21
-0.2473549212598425
0
LINE
8
BLACK
6
CONTINUOUS
10
0.3330231102362204
20
-0.2473549212598425
11
0.3351685826771654
21
-0.2544275196850393
0
LINE
8
BLACK
6
CONTINUOUS
10
0.3351685826771654
20
-0.2544275196850393
11
0.3351686614173228
21
-0.2544277559055118
0
LINE
8
BLACK
6
CONTINUOUS
10
0.3351686614173228
20
-0.2544277559055118
11
0.3386525984251968
21
-0.2609456692913386
0
LINE
8
BLACK
6
CONTINUOUS
10
0.3386525984251968
20
-0.2609456692913386
11
0.3433412204724409
21
-0.2666587795275591
0
LINE
8
BLACK
6
CONTINUOUS
10
0.3433412204724409
20
-0.2666587795275591
11
0.3490543307086614
21
-0.2713474015748031
0
LINE
8
BLACK
6
CONTINUOUS
10
0.3490543307086614
20
-0.2713474015748031
11
0.3555723622047244
21
-0.2748313779527559
0
LINE
8
BLACK
6
CONTINUOUS
10
0.3555723622047244
20
-0.2748313779527559
11
0.362644842519685
21
-0.276976811023622
0
LINE
8
BLACK
6
CONTINUOUS
10
0.362644842519685
20
-0.276976811023622
11
0.362645
21
-0.276976811023622
0
LINE
8
BLACK
6
CONTINUOUS
10
0.362645
20
-0.276976811023622
11
0.3626450787401574
21
-0.2769768503937008
0
LINE
8
BLACK
6
CONTINUOUS
10
0.3626450787401574
20
-0.2769768503937008
11
0.3699998818897638
21
-0.2777012204724409
0
LINE
8
BLACK
6
CONTINUOUS
10
0.3699998818897638
20
-0.2777012204724409
11
0.37
21
-0.2777012204724409
0
LINE
8
BLACK
6
CONTINUOUS
10
0.37
20
-0.2777012204724409
11
0.3700001181102362
21
-0.2777012204724409
0
LINE
8
BLACK
6
CONTINUOUS
10
0.3700001181102362
20
-0.2777012204724409
11
0.377354842519685
21
-0.2769768503937008
0
LINE
8
BLACK
6
CONTINUOUS
10
0.377354842519685
20
-0.2769768503937008
11
0.3773549212598425
21
-0.2769768503937008
0
LINE
8
BLACK
6
CONTINUOUS
10
0.3773549212598425
20
-0.2769768503937008
11
0.3773549606299212
21
-0.276976811023622
0
LINE
8
BLACK
6
CONTINUOUS
10
0.3773549606299212
20
-0.276976811023622
11
0.377355157480315
21
-0.276976811023622
0
LINE
8
BLACK
6
CONTINUOUS
10
0.377355157480315
20
-0.276976811023622
11
0.3844276377952756
21
-0.2748313779527559
0
LINE
8
BLACK
6
CONTINUOUS
10
0.3844276377952756
20
-0.2748313779527559
11
0.3909456692913386
21
-0.2713474015748031
0
LINE
8
BLACK
6
CONTINUOUS
10
0.3909456692913386
20
-0.2713474015748031
11
0.3966587795275591
21
-0.2666587795275591
0
LINE
8
BLACK
6
CONTINUOUS
10
0.3966587795275591
20
-0.2666587795275591
11
0.4013474015748031
21
-0.2609456692913386
0
LINE
8
BLACK
6
CONTINUOUS
10
0.4013474015748031
20
-0.2609456692913386
11
0.4048313779527559
21
-0.2544276377952756
0
LINE
8
BLACK
6
CONTINUOUS
10
0.4048313779527559
20
-0.2544276377952756
11
0.406976811023622
21
-0.2473551574803149
0
LINE
8
BLACK
6
CONTINUOUS
10
0.406976811023622
20
-0.2473551574803149
11
0.407701220472441
21
-0.24
0
LINE
8
BLACK
6
CONTINUOUS
10
0.407701220472441
20
-0.24
11
0.4069768503937008
21
-0.2326451181102362
0
LINE
8
BLACK
6
CONTINUOUS
10
0.4069768503937008
20
-0.2326451181102362
11
0.4069768503937008
21
-0.2326450393700787
0
LINE
8
BLACK
6
CONTINUOUS
10
0.4069768503937008
20
-0.2326450393700787
11
0.406976811023622
21
-0.2326449212598425
0
LINE
8
BLACK
6
CONTINUOUS
10
0.406976811023622
20
-0.2326449212598425
11
0.406976811023622
21
-0.232644842519685
0
LINE
8
BLACK
6
CONTINUOUS
10
0.406976811023622
20
-0.232644842519685
11
0.4048313779527559
21
-0.2255723622047244
0
LINE
8
BLACK
6
CONTINUOUS
10
0.4048313779527559
20
-0.2255723622047244
11
0.4013474015748031
21
-0.2190543307086614
0
LINE
8
BLACK
6
CONTINUOUS
10
0.4013474015748031
20
-0.2190543307086614
11
0.4013473228346456
21
-0.2190542125984252
0
LINE
8
BLACK
6
CONTINUOUS
10
0.4013473228346456
20
-0.2190542125984252
11
0.4011456299212598
21
-0.2188084251968504
0
LINE
8
BLACK
6
CONTINUOUS
10
0.4011456299212598
20
-0.2188084251968504
11
0.400053031496063
21
-0.2162356692913386
0
LINE
8
BLACK
6
CONTINUOUS
10
0.400053031496063
20
-0.2162356692913386
11
0.4000196850393701
21
-0.2156615354330709
0
LINE
8
BLACK
6
CONTINUOUS
10
0.4000196850393701
20
-0.2156615354330709
11
0.4000196850393701
21
-0.1543321653543307
0
LINE
8
BLACK
6
CONTINUOUS
10
0.4000196850393701
20
-0.1543321653543307
11
0.4008071653543307
21
-0.1516502362204724
0
LINE
8
BLACK
6
CONTINUOUS
10
0.4008071653543307
20
-0.1516502362204724
11
0.4029196062992126
21
-0.1498198031496063
0
LINE
8
BLACK
6
CONTINUOUS
10
0.4029196062992126
20
-0.1498198031496063
11
0.4056862992125984
21
-0.1494220078740157
0
LINE
8
BLACK
6
CONTINUOUS
10
0.4056862992125984
20
-0.1494220078740157
11
0.4074552755905512
21
-0.1501547637795276
0
LINE
8
BLACK
6
CONTINUOUS
10
0.4074552755905512
20
-0.1501547637795276
11
0.4074953543307087
21
-0.1500814173228346
0
LINE
8
BLACK
6
CONTINUOUS
10
0.4074953543307087
20
-0.1500814173228346
11
0.407806811023622
21
-0.1502514173228346
0
LINE
8
BLACK
6
CONTINUOUS
10
0.407806811023622
20
-0.1502514173228346
11
0.4078069291338582
21
-0.1502515354330709
0
LINE
8
BLACK
6
CONTINUOUS
10
0.4078069291338582
20
-0.1502515354330709
11
0.410132874015748
21
-0.1511190551181102
0
LINE
8
BLACK
6
CONTINUOUS
10
0.410132874015748
20
-0.1511190551181102
11
0.4132005905511811
21
-0.1522633070866142
0
LINE
8
BLACK
6
CONTINUOUS
10
0.4132005905511811
20
-0.1522633070866142
11
0.413200905511811
21
-0.1522633858267717
0
LINE
8
BLACK
6
CONTINUOUS
10
0.413200905511811
20
-0.1522633858267717
11
0.4155846456692913
21
-0.1525196456692913
0
LINE
8
BLACK
6
CONTINUOUS
10
0.4155846456692913
20
-0.1525196456692913
11
0.415584842519685
21
-0.1525196456692913
0
LINE
8
BLACK
6
CONTINUOUS
10
0.415584842519685
20
-0.1525196456692913
11
0.4155851181102362
21
-0.1525196850393701
0
LINE
8
BLACK
6
CONTINUOUS
10
0.4155851181102362
20
-0.1525196850393701
11
0.4155853543307086
21
-0.1525196850393701
0
LINE
8
BLACK
6
CONTINUOUS
10
0.4155853543307086
20
-0.1525196850393701
11
0.4844146456692913
21
-0.1525196850393701
0
LINE
8
BLACK
6
CONTINUOUS
10
0.4844146456692913
20
-0.1525196850393701
11
0.4844148818897638
21
-0.1525196850393701
0
LINE
8
BLACK
6
CONTINUOUS
10
0.4844148818897638
20
-0.1525196850393701
11
0.4844151574803149
21
-0.1525196456692913
0
LINE
8
BLACK
6
CONTINUOUS
10
0.4844151574803149
20
-0.1525196456692913
11
0.4844153149606299
21
-0.1525196456692913
0
LINE
8
BLACK
6
CONTINUOUS
10
0.4844153149606299
20
-0.1525196456692913
11
0.4867990551181102
21
-0.1522633858267717
0
LINE
8
BLACK
6
CONTINUOUS
10
0.4867990551181102
20
-0.1522633858267717
11
0.4867991732283464
21
-0.1522633464566929
0
LINE
8
BLACK
6
CONTINUOUS
10
0.4867991732283464
20
-0.1522633464566929
11
0.4867992519685039
21
-0.1522633464566929
0
LINE
8
BLACK
6
CONTINUOUS
10
0.4867992519685039
20
-0.1522633464566929
11
0.4921930708661417
21
-0.1502515354330709
0
LINE
8
BLACK
6
CONTINUOUS
10
0.4921930708661417
20
-0.1502515354330709
11
0.4968016141732283
21
-0.1468016141732283
0
LINE
8
BLACK
6
CONTINUOUS
10
0.4968016141732283
20
-0.1468016141732283
11
0.4968016929133858
21
-0.1468014960629921
0
LINE
8
BLACK
6
CONTINUOUS
10
0.4968016929133858
20
-0.1468014960629921
11
0.4970271653543307
21
-0.1466327165354331
0
LINE
8
BLACK
6
CONTINUOUS
10
0.4970271653543307
20
-0.1466327165354331
11
0.499646062992126
21
-0.145655905511811
0
LINE
8
BLACK
6
CONTINUOUS
10
0.499646062992126
20
-0.145655905511811
11
0.5023773622047244
21
-0.1462500393700787
0
LINE
8
BLACK
6
CONTINUOUS
10
0.5023773622047244
20
-0.1462500393700787
11
0.5029728346456693
21
-0.1466327165354331
0
LINE
8
BLACK
6
CONTINUOUS
10
0.5029728346456693
20
-0.1466327165354331
11
0.5031982677165354
21
-0.1468014960629921
0
LINE
8
BLACK
6
CONTINUOUS
10
0.5031982677165354
20
-0.1468014960629921
11
0.5031983858267717
21
-0.1468016141732283
0
LINE
8
BLACK
6
CONTINUOUS
10
0.5031983858267717
20
-0.1468016141732283
11
0.5066988188976378
21
-0.1494220078740157
0
LINE
8
BLACK
6
CONTINUOUS
10
0.5066988188976378
20
-0.1494220078740157
11
0.5078069291338583
21
-0.1502515354330709
0
LINE
8
BLACK
6
CONTINUOUS
10
0.5078069291338583
20
-0.1502515354330709
11
0.5132005905511811
21
-0.1522633070866142
0
LINE
8
BLACK
6
CONTINUOUS
10
0.5132005905511811
20
-0.1522633070866142
11
0.513200905511811
21
-0.1522633858267717
0
LINE
8
BLACK
6
CONTINUOUS
10
0.513200905511811
20
-0.1522633858267717
11
0.5155846456692913
21
-0.1525196456692913
0
LINE
8
BLACK
6
CONTINUOUS
10
0.5155846456692913
20
-0.1525196456692913
11
0.5155848425196851
21
-0.1525196456692913
0
LINE
8
BLACK
6
CONTINUOUS
10
0.5155848425196851
20
-0.1525196456692913
11
0.5155851181102362
21
-0.1525196850393701
0
LINE
8
BLACK
6
CONTINUOUS
10
0.5155851181102362
20
-0.1525196850393701
11
0.5155853543307086
21
-0.1525196850393701
0
LINE
8
BLACK
6
CONTINUOUS
10
0.5155853543307086
20
-0.1525196850393701
11
0.5844146456692914
21
-0.1525196850393701
0
LINE
8
BLACK
6
CONTINUOUS
10
0.5844146456692914
20
-0.1525196850393701
11
0.5844148818897638
21
-0.1525196850393701
0
LINE
8
BLACK
6
CONTINUOUS
10
0.5844148818897638
20
-0.1525196850393701
11
0.5844151574803149
21
-0.1525196456692913
0
LINE
8
BLACK
6
CONTINUOUS
10
0.5844151574803149
20
-0.1525196456692913
11
0.5844153149606299
21
-0.1525196456692913
0
LINE
8
BLACK
6
CONTINUOUS
10
0.5844153149606299
20
-0.1525196456692913
11
0.5867990551181103
21
-0.1522633858267717
0
LINE
8
BLACK
6
CONTINUOUS
10
0.5867990551181103
20
-0.1522633858267717
11
0.5867991732283464
21
-0.1522633464566929
0
LINE
8
BLACK
6
CONTINUOUS
10
0.5867991732283464
20
-0.1522633464566929
11
0.5867992519685039
21
-0.1522633464566929
0
LINE
8
BLACK
6
CONTINUOUS
10
0.5867992519685039
20
-0.1522633464566929
11
0.5921930708661417
21
-0.1502515354330709
0
LINE
8
BLACK
6
CONTINUOUS
10
0.5921930708661417
20
-0.1502515354330709
11
0.5968016141732283
21
-0.1468016141732283
0
LINE
8
BLACK
6
CONTINUOUS
10
0.5968016141732283
20
-0.1468016141732283
11
0.5968016929133858
21
-0.1468014960629921
0
LINE
8
BLACK
6
CONTINUOUS
10
0.5968016929133858
20
-0.1468014960629921
11
0.5970271653543306
21
-0.1466327165354331
0
LINE
8
BLACK
6
CONTINUOUS
10
0.5970271653543306
20
-0.1466327165354331
11
0.599646062992126
21
-0.145655905511811
0
LINE
8
BLACK
6
CONTINUOUS
10
0.599646062992126
20
-0.145655905511811
11
0.6023773622047244
21
-0.1462500393700787
0
LINE
8
BLACK
6
CONTINUOUS
10
0.6023773622047244
20
-0.1462500393700787
11
0.6029728346456693
21
-0.1466327165354331
0
LINE
8
BLACK
6
CONTINUOUS
10
0.6029728346456693
20
-0.1466327165354331
11
0.6031982677165354
21
-0.1468014960629921
0
LINE
8
BLACK
6
CONTINUOUS
10
0.6031982677165354
20
-0.1468014960629921
11
0.6031983858267717
21
-0.1468016141732283
0
LINE
8
BLACK
6
CONTINUOUS
10
0.6031983858267717
20
-0.1468016141732283
11
0.6066988188976378
21
-0.1494220078740157
0
LINE
8
BLACK
6
CONTINUOUS
10
0.6066988188976378
20
-0.1494220078740157
11
0.6078069291338583
21
-0.1502515354330709
0
LINE
8
BLACK
6
CONTINUOUS
10
0.6078069291338583
20
-0.1502515354330709
11
0.613200590551181
21
-0.1522633070866142
0
LINE
8
BLACK
6
CONTINUOUS
10
0.613200590551181
20
-0.1522633070866142
11
0.6132009055118111
21
-0.1522633858267717
0
LINE
8
BLACK
6
CONTINUOUS
10
0.6132009055118111
20
-0.1522633858267717
11
0.6155846456692913
21
-0.1525196456692913
0
LINE
8
BLACK
6
CONTINUOUS
10
0.6155846456692913
20
-0.1525196456692913
11
0.615584842519685
21
-0.1525196456692913
0
LINE
8
BLACK
6
CONTINUOUS
10
0.615584842519685
20
-0.1525196456692913
11
0.6155851181102362
21
-0.1525196850393701
0
LINE
8
BLACK
6
CONTINUOUS
10
0.6155851181102362
20
-0.1525196850393701
11
0.6155853543307086
21
-0.1525196850393701
0
LINE
8
BLACK
6
CONTINUOUS
10
0.6155853543307086
20
-0.1525196850393701
11
0.6844146456692913
21
-0.1525196850393701
0
LINE
8
BLACK
6
CONTINUOUS
10
0.6844146456692913
20
-0.1525196850393701
11
0.6844148818897637
21
-0.1525196850393701
0
LINE
8
BLACK
6
CONTINUOUS
10
0.6844148818897637
20
-0.1525196850393701
11
0.6844151574803149
21
-0.1525196456692913
0
LINE
8
BLACK
6
CONTINUOUS
10
0.6844151574803149
20
-0.1525196456692913
11
0.6844153149606299
21
-0.1525196456692913
0
LINE
8
BLACK
6
CONTINUOUS
10
0.6844153149606299
20
-0.1525196456692913
11
0.6867990551181102
21
-0.1522633858267717
0
LINE
8
BLACK
6
CONTINUOUS
10
0.6867990551181102
20
-0.1522633858267717
11
0.6867991732283465
21
-0.1522633464566929
0
LINE
8
BLACK
6
CONTINUOUS
10
0.6867991732283465
20
-0.1522633464566929
11
0.6867992519685039
21
-0.1522633464566929
0
LINE
8
BLACK
6
CONTINUOUS
10
0.6867992519685039
20
-0.1522633464566929
11
0.6921930708661417
21
-0.1502515354330709
0
LINE
8
BLACK
6
CONTINUOUS
10
0.6921930708661417
20
-0.1502515354330709
11
0.6968016141732283
21
-0.1468016141732283
0
LINE
8
BLACK
6
CONTINUOUS
10
0.6968016141732283
20
-0.1468016141732283
11
0.6968016929133858
21
-0.1468014960629921
0
LINE
8
BLACK
6
CONTINUOUS
10
0.6968016929133858
20
-0.1468014960629921
11
0.6970271653543307
21
-0.1466327165354331
0
LINE
8
BLACK
6
CONTINUOUS
10
0.6970271653543307
20
-0.1466327165354331
11
0.6996460629921259
21
-0.145655905511811
0
LINE
8
BLACK
6
CONTINUOUS
10
0.6996460629921259
20
-0.145655905511811
11
0.7023773622047244
21
-0.1462500393700787
0
LINE
8
BLACK
6
CONTINUOUS
10
0.7023773622047244
20
-0.1462500393700787
11
0.7029728346456693
21
-0.1466327165354331
0
LINE
8
BLACK
6
CONTINUOUS
10
0.7029728346456693
20
-0.1466327165354331
11
0.7031982677165354
21
-0.1468014960629921
0
LINE
8
BLACK
6
CONTINUOUS
10
0.7031982677165354
20
-0.1468014960629921
11
0.7031983858267716
21
-0.1468016141732283
0
LINE
8
BLACK
6
CONTINUOUS
10
0.7031983858267716
20
-0.1468016141732283
11
0.7066988188976377
21
-0.1494220078740157
0
LINE
8
BLACK
6
CONTINUOUS
10
0.7066988188976377
20
-0.1494220078740157
11
0.7078069291338582
21
-0.1502515354330709
0
LINE
8
BLACK
6
CONTINUOUS
10
0.7078069291338582
20
-0.1502515354330709
11
0.7132005905511811
21
-0.1522633070866142
0
LINE
8
BLACK
6
CONTINUOUS
10
0.7132005905511811
20
-0.1522633070866142
11
0.713200905511811
21
-0.1522633858267717
0
LINE
8
BLACK
6
CONTINUOUS
10
0.713200905511811
20
-0.1522633858267717
11
0.7155846456692914
21
-0.1525196456692913
0
LINE
8
BLACK
6
CONTINUOUS
10
0.7155846456692914
20
-0.1525196456692913
11
0.715584842519685
21
-0.1525196456692913
0
LINE
8
BLACK
6
CONTINUOUS
10
0.715584842519685
20
-0.1525196456692913
11
0.7155851181102362
21
-0.1525196850393701
0
LINE
8
BLACK
6
CONTINUOUS
10
0.7155851181102362
20
-0.1525196850393701
11
0.7155853543307087
21
-0.1525196850393701
0
LINE
8
BLACK
6
CONTINUOUS
10
0.7155853543307087
20
-0.1525196850393701
11
0.7844146456692913
21
-0.1525196850393701
0
LINE
8
BLACK
6
CONTINUOUS
10
0.7844146456692913
20
-0.1525196850393701
11
0.7844148818897637
21
-0.1525196850393701
0
LINE
8
BLACK
6
CONTINUOUS
10
0.7844148818897637
20
-0.1525196850393701
11
0.784415157480315
21
-0.1525196456692913
0
LINE
8
BLACK
6
CONTINUOUS
10
0.784415157480315
20
-0.1525196456692913
11
0.7844153149606299
21
-0.1525196456692913
0
LINE
8
BLACK
6
CONTINUOUS
10
0.7844153149606299
20
-0.1525196456692913
11
0.7867990551181102
21
-0.1522633858267717
0
LINE
8
BLACK
6
CONTINUOUS
10
0.7867990551181102
20
-0.1522633858267717
11
0.7867991732283465
21
-0.1522633464566929
0
LINE
8
BLACK
6
CONTINUOUS
10
0.7867991732283465
20
-0.1522633464566929
11
0.7867992519685039
21
-0.1522633464566929
0
LINE
8
BLACK
6
CONTINUOUS
10
0.7867992519685039
20
-0.1522633464566929
11
0.7921930708661418
21
-0.1502515354330709
0
LINE
8
BLACK
6
CONTINUOUS
10
0.7921930708661418
20
-0.1502515354330709
11
0.7968016141732284
21
-0.1468016141732283
0
LINE
8
BLACK
6
CONTINUOUS
10
0.7968016141732284
20
-0.1468016141732283
11
0.7968016929133858
21
-0.1468014960629921
0
LINE
8
BLACK
6
CONTINUOUS
10
0.7968016929133858
20
-0.1468014960629921
11
0.7970271653543307
21
-0.1466327165354331
0
LINE
8
BLACK
6
CONTINUOUS
10
0.7970271653543307
20
-0.1466327165354331
11
0.7996460629921259
21
-0.145655905511811
0
LINE
8
BLACK
6
CONTINUOUS
10
0.7996460629921259
20
-0.145655905511811
11
0.8023773622047244
21
-0.1462500393700787
0
LINE
8
BLACK
6
CONTINUOUS
10
0.8023773622047244
20
-0.1462500393700787
11
0.8029728346456693
21
-0.1466327165354331
0
LINE
8
BLACK
6
CONTINUOUS
10
0.8029728346456693
20
-0.1466327165354331
11
0.8031982677165355
21
-0.1468014960629921
0
LINE
8
BLACK
6
CONTINUOUS
10
0.8031982677165355
20
-0.1468014960629921
11
0.8031983858267716
21
-0.1468016141732283
0
LINE
8
BLACK
6
CONTINUOUS
10
0.8031983858267716
20
-0.1468016141732283
11
0.8066988188976377
21
-0.1494220078740157
0
LINE
8
BLACK
6
CONTINUOUS
10
0.8066988188976377
20
-0.1494220078740157
11
0.8078069291338582
21
-0.1502515354330709
0
LINE
8
BLACK
6
CONTINUOUS
10
0.8078069291338582
20
-0.1502515354330709
11
0.8132005905511811
21
-0.1522633070866142
0
LINE
8
BLACK
6
CONTINUOUS
10
0.8132005905511811
20
-0.1522633070866142
11
0.813200905511811
21
-0.1522633858267717
0
LINE
8
BLACK
6
CONTINUOUS
10
0.813200905511811
20
-0.1522633858267717
11
0.8155846456692913
21
-0.1525196456692913
0
LINE
8
BLACK
6
CONTINUOUS
10
0.8155846456692913
20
-0.1525196456692913
11
0.815584842519685
21
-0.1525196456692913
0
LINE
8
BLACK
6
CONTINUOUS
10
0.815584842519685
20
-0.1525196456692913
11
0.8155851181102362
21
-0.1525196850393701
0
LINE
8
BLACK
6
CONTINUOUS
10
0.8155851181102362
20
-0.1525196850393701
11
0.8155853543307087
21
-0.1525196850393701
0
LINE
8
BLACK
6
CONTINUOUS
10
0.8155853543307087
20
-0.1525196850393701
11
0.8844146456692913
21
-0.1525196850393701
0
LINE
8
BLACK
6
CONTINUOUS
10
0.8844146456692913
20
-0.1525196850393701
11
0.8844148818897638
21
-0.1525196850393701
0
LINE
8
BLACK
6
CONTINUOUS
10
0.8844148818897638
20
-0.1525196850393701
11
0.884415157480315
21
-0.1525196456692913
0
LINE
8
BLACK
6
CONTINUOUS
10
0.884415157480315
20
-0.1525196456692913
11
0.8844153149606299
21
-0.1525196456692913
0
LINE
8
BLACK
6
CONTINUOUS
10
0.8844153149606299
20
-0.1525196456692913
11
0.8867990551181102
21
-0.1522633858267717
0
LINE
8
BLACK
6
CONTINUOUS
10
0.8867990551181102
20
-0.1522633858267717
11
0.8867991732283464
21
-0.1522633464566929
0
LINE
8
BLACK
6
CONTINUOUS
10
0.8867991732283464
20
-0.1522633464566929
11
0.886799251968504
21
-0.1522633464566929
0
LINE
8
BLACK
6
CONTINUOUS
10
0.886799251968504
20
-0.1522633464566929
11
0.8921930708661417
21
-0.1502515354330709
0
LINE
8
BLACK
6
CONTINUOUS
10
0.8921930708661417
20
-0.1502515354330709
11
0.8968016141732283
21
-0.1468016141732283
0
LINE
8
BLACK
6
CONTINUOUS
10
0.8968016141732283
20
-0.1468016141732283
11
0.8968016929133859
21
-0.1468014960629921
0
LINE
8
BLACK
6
CONTINUOUS
10
0.8968016929133859
20
-0.1468014960629921
11
0.8970271653543307
21
-0.1466327165354331
0
LINE
8
BLACK
6
CONTINUOUS
10
0.8970271653543307
20
-0.1466327165354331
11
0.899646062992126
21
-0.145655905511811
0
LINE
8
BLACK
6
CONTINUOUS
10
0.899646062992126
20
-0.145655905511811
11
0.9023773622047244
21
-0.1462500393700787
0
LINE
8
BLACK
6
CONTINUOUS
10
0.9023773622047244
20
-0.1462500393700787
11
0.9029728346456692
21
-0.1466327165354331
0
LINE
8
BLACK
6
CONTINUOUS
10
0.9029728346456692
20
-0.1466327165354331
11
0.9031982677165354
21
-0.1468014960629921
0
LINE
8
BLACK
6
CONTINUOUS
10
0.9031982677165354
20
-0.1468014960629921
11
0.9031983858267716
21
-0.1468016141732283
0
LINE
8
BLACK
6
CONTINUOUS
10
0.9031983858267716
20
-0.1468016141732283
11
0.9066988188976378
21
-0.1494220078740157
0
LINE
8
BLACK
6
CONTINUOUS
10
0.9066988188976378
20
-0.1494220078740157
11
0.9078069291338583
21
-0.1502515354330709
0
LINE
8
BLACK
6
CONTINUOUS
10
0.9078069291338583
20
-0.1502515354330709
11
0.9132005905511811
21
-0.1522633070866142
0
LINE
8
BLACK
6
CONTINUOUS
10
0.9132005905511811
20
-0.1522633070866142
11
0.913200905511811
21
-0.1522633858267717
0
LINE
8
BLACK
6
CONTINUOUS
10
0.913200905511811
20
-0.1522633858267717
11
0.9155846456692913
21
-0.1525196456692913
0
LINE
8
BLACK
6
CONTINUOUS
10
0.9155846456692913
20
-0.1525196456692913
11
0.915584842519685
21
-0.1525196456692913
0
LINE
8
BLACK
6
CONTINUOUS
10
0.915584842519685
20
-0.1525196456692913
11
0.9155851181102362
21
-0.1525196850393701
0
LINE
8
BLACK
6
CONTINUOUS
10
0.9155851181102362
20
-0.1525196850393701
11
0.9155853543307086
21
-0.1525196850393701
0
LINE
8
BLACK
6
CONTINUOUS
10
0.9155853543307086
20
-0.1525196850393701
11
0.9844146456692913
21
-0.1525196850393701
0
LINE
8
BLACK
6
CONTINUOUS
10
0.9844146456692913
20
-0.1525196850393701
11
0.9844148818897638
21
-0.1525196850393701
0
LINE
8
BLACK
6
CONTINUOUS
10
0.9844148818897638
20
-0.1525196850393701
11
0.9844151574803149
21
-0.1525196456692913
0
LINE
8
BLACK
6
CONTINUOUS
10
0.9844151574803149
20
-0.1525196456692913
11
0.98441531496063
21
-0.1525196456692913
0
LINE
8
BLACK
6
CONTINUOUS
10
0.98441531496063
20
-0.1525196456692913
11
0.9867990551181102
21
-0.1522633858267717
0
LINE
8
BLACK
6
CONTINUOUS
10
0.9867990551181102
20
-0.1522633858267717
11
0.9867991732283464
21
-0.1522633464566929
0
LINE
8
BLACK
6
CONTINUOUS
10
0.9867991732283464
20
-0.1522633464566929
11
0.9867992519685039
21
-0.1522633464566929
0
LINE
8
BLACK
6
CONTINUOUS
10
0.9867992519685039
20
-0.1522633464566929
11
0.9921930708661417
21
-0.1502515354330709
0
LINE
8
BLACK
6
CONTINUOUS
10
0.9921930708661417
20
-0.1502515354330709
11
0.9968016141732283
21
-0.1468016141732283
0
LINE
8
BLACK
6
CONTINUOUS
10
0.9968016141732283
20
-0.1468016141732283
11
0.9968016929133858
21
-0.1468014960629921
0
LINE
8
BLACK
6
CONTINUOUS
10
0.9968016929133858
20
-0.1468014960629921
11
0.9970271653543307
21
-0.1466327165354331
0
LINE
8
BLACK
6
CONTINUOUS
10
0.9970271653543307
20
-0.1466327165354331
11
0.999646062992126
21
-0.145655905511811
0
LINE
8
BLACK
6
CONTINUOUS
10
0.999646062992126
20
-0.145655905511811
11
1.0023773622047243
21
-0.1462500393700787
0
LINE
8
BLACK
6
CONTINUOUS
10
1.0023773622047243
20
-0.1462500393700787
11
1.0029728346456692
21
-0.1466327165354331
0
LINE
8
BLACK
6
CONTINUOUS
10
1.0029728346456692
20
-0.1466327165354331
11
1.0031982677165354
21
-0.1468014960629921
0
LINE
8
BLACK
6
CONTINUOUS
10
1.0031982677165354
20
-0.1468014960629921
11
1.0031983858267717
21
-0.1468016141732283
0
LINE
8
BLACK
6
CONTINUOUS
10
1.0031983858267717
20
-0.1468016141732283
11
1.0066988188976378
21
-0.1494220078740157
0
LINE
8
BLACK
6
CONTINUOUS
10
1.0066988188976378
20
-0.1494220078740157
11
1.0078069291338583
21
-0.1502515354330709
0
LINE
8
BLACK
6
CONTINUOUS
10
1.0078069291338583
20
-0.1502515354330709
11
1.0132005905511812
21
-0.1522633070866142
0
LINE
8
BLACK
6
CONTINUOUS
10
1.0132005905511812
20
-0.1522633070866142
11
1.013200905511811
21
-0.1522633858267717
0
LINE
8
BLACK
6
CONTINUOUS
10
1.013200905511811
20
-0.1522633858267717
11
1.0155846456692914
21
-0.1525196456692913
0
LINE
8
BLACK
6
CONTINUOUS
10
1.0155846456692914
20
-0.1525196456692913
11
1.0155848425196849
21
-0.1525196456692913
0
LINE
8
BLACK
6
CONTINUOUS
10
1.0155848425196849
20
-0.1525196456692913
11
1.0155851181102362
21
-0.1525196850393701
0
LINE
8
BLACK
6
CONTINUOUS
10
1.0155851181102362
20
-0.1525196850393701
11
1.0155853543307087
21
-0.1525196850393701
0
LINE
8
BLACK
6
CONTINUOUS
10
1.0155853543307087
20
-0.1525196850393701
11
1.0844146456692914
21
-0.1525196850393701
0
LINE
8
BLACK
6
CONTINUOUS
10
1.0844146456692914
20
-0.1525196850393701
11
1.0844148818897636
21
-0.1525196850393701
0
LINE
8
BLACK
6
CONTINUOUS
10
1.0844148818897636
20
-0.1525196850393701
11
1.0844151574803149
21
-0.1525196456692913
0
LINE
8
BLACK
6
CONTINUOUS
10
1.0844151574803149
20
-0.1525196456692913
11
1.0844153149606299
21
-0.1525196456692913
0
LINE
8
BLACK
6
CONTINUOUS
10
1.0844153149606299
20
-0.1525196456692913
11
1.0867990551181101
21
-0.1522633858267717
0
LINE
8
BLACK
6
CONTINUOUS
10
1.0867990551181101
20
-0.1522633858267717
11
1.0867991732283464
21
-0.1522633464566929
0
LINE
8
BLACK
6
CONTINUOUS
10
1.0867991732283464
20
-0.1522633464566929
11
1.0867992519685039
21
-0.1522633464566929
0
LINE
8
BLACK
6
CONTINUOUS
10
1.0867992519685039
20
-0.1522633464566929
11
1.0921930708661418
21
-0.1502515354330709
0
LINE
8
BLACK
6
CONTINUOUS
10
1.0921930708661418
20
-0.1502515354330709
11
1.0968016141732284
21
-0.1468016141732283
0
LINE
8
BLACK
6
CONTINUOUS
10
1.0968016141732284
20
-0.1468016141732283
11
1.0968016929133857
21
-0.1468014960629921
0
LINE
8
BLACK
6
CONTINUOUS
10
1.0968016929133857
20
-0.1468014960629921
11
1.0970271653543306
21
-0.1466327165354331
0
LINE
8
BLACK
6
CONTINUOUS
10
1.0970271653543306
20
-0.1466327165354331
11
1.0996460629921259
21
-0.145655905511811
0
LINE
8
BLACK
6
CONTINUOUS
10
1.0996460629921259
20
-0.145655905511811
11
1.1023773622047244
21
-0.1462500393700787
0
LINE
8
BLACK
6
CONTINUOUS
10
1.1023773622047244
20
-0.1462500393700787
11
1.1029728346456693
21
-0.1466327165354331
0
LINE
8
BLACK
6
CONTINUOUS
10
1.1029728346456693
20
-0.1466327165354331
11
1.1031982677165355
21
-0.1468014960629921
0
LINE
8
BLACK
6
CONTINUOUS
10
1.1031982677165355
20
-0.1468014960629921
11
1.1031983858267715
21
-0.1468016141732283
0
LINE
8
BLACK
6
CONTINUOUS
10
1.1031983858267715
20
-0.1468016141732283
11
1.1066988188976377
21
-0.1494220078740157
0
LINE
8
BLACK
6
CONTINUOUS
10
1.1066988188976377
20
-0.1494220078740157
11
1.1078069291338581
21
-0.1502515354330709
0
LINE
8
BLACK
6
CONTINUOUS
10
1.1078069291338581
20
-0.1502515354330709
11
1.113200590551181
21
-0.1522633070866142
0
LINE
8
BLACK
6
CONTINUOUS
10
1.113200590551181
20
-0.1522633070866142
11
1.1132009055118111
21
-0.1522633858267717
0
LINE
8
BLACK
6
CONTINUOUS
10
1.1132009055118111
20
-0.1522633858267717
11
1.1155846456692913
21
-0.1525196456692913
0
LINE
8
BLACK
6
CONTINUOUS
10
1.1155846456692913
20
-0.1525196456692913
11
1.115584842519685
21
-0.1525196456692913
0
LINE
8
BLACK
6
CONTINUOUS
10
1.115584842519685
20
-0.1525196456692913
11
1.1155851181102361
21
-0.1525196850393701
0
LINE
8
BLACK
6
CONTINUOUS
10
1.1155851181102361
20
-0.1525196850393701
11
1.1155853543307086
21
-0.1525196850393701
0
LINE
8
BLACK
6
CONTINUOUS
10
1.1155853543307086
20
-0.1525196850393701
11
1.1844146456692912
21
-0.1525196850393701
0
LINE
8
BLACK
6
CONTINUOUS
10
1.1844146456692912
20
-0.1525196850393701
11
1.1844148818897637
21
-0.1525196850393701
0
LINE
8
BLACK
6
CONTINUOUS
10
1.1844148818897637
20
-0.1525196850393701
11
1.184415157480315
21
-0.1525196456692913
0
LINE
8
BLACK
6
CONTINUOUS
10
1.184415157480315
20
-0.1525196456692913
11
1.1844153149606298
21
-0.1525196456692913
0
LINE
8
BLACK
6
CONTINUOUS
10
1.1844153149606298
20
-0.1525196456692913
11
1.1867990551181102
21
-0.1522633858267717
0
LINE
8
BLACK
6
CONTINUOUS
10
1.1867990551181102
20
-0.1522633858267717
11
1.1867991732283465
21
-0.1522633464566929
0
LINE
8
BLACK
6
CONTINUOUS
10
1.1867991732283465
20
-0.1522633464566929
11
1.186799251968504
21
-0.1522633464566929
0
LINE
8
BLACK
6
CONTINUOUS
10
1.186799251968504
20
-0.1522633464566929
11
1.1921930708661417
21
-0.1502515354330709
0
LINE
8
BLACK
6
CONTINUOUS
10
1.1921930708661417
20
-0.1502515354330709
11
1.1923223622047243
21
-0.1501547637795276
0
LINE
8
BLACK
6
CONTINUOUS
10
1.1923223622047243
20
-0.1501547637795276
11
1.1968016141732283
21
-0.1468016141732283
0
LINE
8
BLACK
6
CONTINUOUS
10
1.1968016141732283
20
-0.1468016141732283
11
1.2002514566929134
21
-0.1421931889763779
0
LINE
8
BLACK
6
CONTINUOUS
10
1.2002514566929134
20
-0.1421931889763779
11
1.2002514566929134
21
-0.1421931496062992
0
LINE
8
BLACK
6
CONTINUOUS
10
1.2002514566929134
20
-0.1421931496062992
11
1.2002515354330709
21
-0.1421930708661417
0
LINE
8
BLACK
6
CONTINUOUS
10
1.2002515354330709
20
-0.1421930708661417
11
1.202263346456693
21
-0.1367992519685039
0
LINE
8
BLACK
6
CONTINUOUS
10
1.202263346456693
20
-0.1367992519685039
11
1.20251968503937
21
-0.1344148818897638
0
LINE
8
BLACK
6
CONTINUOUS
10
1.20251968503937
20
-0.1344148818897638
11
1.20251968503937
21
-0.0655851181102362
0
LINE
8
BLACK
6
CONTINUOUS
10
1.20251968503937
20
-0.0655851181102362
11
1.2025196456692913
21
-0.0655846456692913
0
LINE
8
BLACK
6
CONTINUOUS
10
1.2025196456692913
20
-0.0655846456692913
11
1.2022633858267717
21
-0.063200905511811
0
LINE
8
BLACK
6
CONTINUOUS
10
1.2022633858267717
20
-0.063200905511811
11
1.2022633070866142
21
-0.0632005905511811
0
LINE
8
BLACK
6
CONTINUOUS
10
1.2022633070866142
20
-0.0632005905511811
11
1.2002515354330709
21
-0.057806968503937
0
LINE
8
BLACK
6
CONTINUOUS
10
1.2002515354330709
20
-0.057806968503937
11
1.2002515354330709
21
-0.0578069291338583
0
LINE
8
BLACK
6
CONTINUOUS
10
1.2002515354330709
20
-0.0578069291338583
11
1.1999803149606298
21
-0.0574446062992126
0
LINE
8
BLACK
6
CONTINUOUS
10
1.1999803149606298
20
-0.0574446062992126
11
1.1968016141732283
21
-0.0531983858267717
0
LINE
8
BLACK
6
CONTINUOUS
10
1.1968016141732283
20
-0.0531983858267717
11
1.196801496062992
21
-0.0531982677165354
0
LINE
8
BLACK
6
CONTINUOUS
10
1.196801496062992
20
-0.0531982677165354
11
1.1966327165354331
21
-0.0529728346456693
0
LINE
8
BLACK
6
CONTINUOUS
10
1.1966327165354331
20
-0.0529728346456693
11
1.195655905511811
21
-0.050353937007874
0
LINE
8
BLACK
6
CONTINUOUS
10
1.195655905511811
20
-0.050353937007874
11
1.1962500393700788
21
-0.0476226377952756
0
LINE
8
BLACK
6
CONTINUOUS
10
1.1962500393700788
20
-0.0476226377952756
11
1.1966327165354331
21
-0.0470271653543307
0
LINE
8
BLACK
6
CONTINUOUS
10
1.1966327165354331
20
-0.0470271653543307
11
1.196801496062992
21
-0.0468016929133858
0
LINE
8
BLACK
6
CONTINUOUS
10
1.196801496062992
20
-0.0468016929133858
11
1.1968016141732283
21
-0.0468016141732283
0
LINE
8
BLACK
6
CONTINUOUS
10
1.1968016141732283
20
-0.0468016141732283
11
1.2002515354330709
21
-0.0421930708661417
0
LINE
8
BLACK
6
CONTINUOUS
10
1.2002515354330709
20
-0.0421930708661417
11
1.202263346456693
21
-0.0367992519685039
0
LINE
8
BLACK
6
CONTINUOUS
10
1.202263346456693
20
-0.0367992519685039
11
1.20251968503937
21
-0.0344148818897638
0
LINE
8
BLACK
6
CONTINUOUS
10
1.20251968503937
20
-0.0344148818897638
11
1.20251968503937
21
0.0344148818897638
0
LINE
8
BLACK
6
CONTINUOUS
10
1.20251968503937
20
0.0344148818897638
11
1.2025196456692913
21
0.0344153149606299
0
LINE
8
BLACK
6
CONTINUOUS
10
1.2025196456692913
20
0.0344153149606299
11
1.2022633858267717
21
0.0367990551181102
0
LINE
8
BLACK
6
CONTINUOUS
10
1.2022633858267717
20
0.0367990551181102
11
1.2022633070866142
21
0.0367993700787402
0
LINE
8
BLACK
6
CONTINUOUS
10
1.2022633070866142
20
0.0367993700787402
11
1.2015062204724409
21
0.0388291338582677
0
LINE
8
BLACK
6
CONTINUOUS
10
1.2015062204724409
20
0.0388291338582677
11
1.2002515354330709
21
0.0421930708661417
0
LINE
8
BLACK
6
CONTINUOUS
10
1.2002515354330709
20
0.0421930708661417
11
1.1999803149606298
21
0.0425553543307087
0
LINE
8
BLACK
6
CONTINUOUS
10
1.1999803149606298
20
0.0425553543307087
11
1.1968016141732283
21
0.0468016141732283
0
LINE
8
BLACK
6
CONTINUOUS
10
1.1968016141732283
20
0.0468016141732283
11
1.1921931889763779
21
0.0502514566929134
0
LINE
8
BLACK
6
CONTINUOUS
10
1.1921931889763779
20
0.0502514566929134
11
1.1921931496062992
21
0.0502514566929134
0
LINE
8
BLACK
6
CONTINUOUS
10
1.1921931496062992
20
0.0502514566929134
11
1.1921930708661417
21
0.0502515354330709
0
LINE
8
BLACK
6
CONTINUOUS
10
1.1921930708661417
20
0.0502515354330709
11
1.186799251968504
21
0.0522633464566929
0
LINE
8
BLACK
6
CONTINUOUS
10
1.186799251968504
20
0.0522633464566929
11
1.1867991732283465
21
0.0522633464566929
0
LINE
8
BLACK
6
CONTINUOUS
10
1.1867991732283465
20
0.0522633464566929
11
1.1867990551181102
21
0.0522633858267717
0
LINE
8
BLACK
6
CONTINUOUS
10
1.1867990551181102
20
0.0522633858267717
11
1.1844153149606298
21
0.0525196456692913
0
LINE
8
BLACK
6
CONTINUOUS
10
1.1844153149606298
20
0.0525196456692913
11
1.184415157480315
21
0.0525196456692913
0
LINE
8
BLACK
6
CONTINUOUS
10
1.184415157480315
20
0.0525196456692913
11
1.1844148818897637
21
0.0525196850393701
0
LINE
8
BLACK
6
CONTINUOUS
10
1.1844148818897637
20
0.0525196850393701
11
1.1155851181102361
21
0.0525196850393701
0
LINE
8
BLACK
6
CONTINUOUS
10
1.1155851181102361
20
0.0525196850393701
11
1.115584842519685
21
0.0525196456692913
0
LINE
8
BLACK
6
CONTINUOUS
10
1.115584842519685
20
0.0525196456692913
11
1.1155846456692913
21
0.0525196456692913
0
LINE
8
BLACK
6
CONTINUOUS
10
1.1155846456692913
20
0.0525196456692913
11
1.1132009055118111
21
0.0522633858267717
0
LINE
8
BLACK
6
CONTINUOUS
10
1.1132009055118111
20
0.0522633858267717
11
1.113200590551181
21
0.0522633070866142
0
LINE
8
BLACK
6
CONTINUOUS
10
1.113200590551181
20
0.0522633070866142
11
1.1101328740157481
21
0.0511190551181102
0
LINE
8
BLACK
6
CONTINUOUS
10
1.1101328740157481
20
0.0511190551181102
11
1.1078069291338581
21
0.0502515354330709
0
LINE
8
BLACK
6
CONTINUOUS
10
1.1078069291338581
20
0.0502515354330709
11
1.1031983858267715
21
0.0468016141732283
0
LINE
8
BLACK
6
CONTINUOUS
10
1.1031983858267715
20
0.0468016141732283
11
1.1031982677165355
21
0.0468014960629921
0
LINE
8
BLACK
6
CONTINUOUS
10
1.1031982677165355
20
0.0468014960629921
11
1.1029728346456693
21
0.0466327165354331
0
LINE
8
BLACK
6
CONTINUOUS
10
1.1029728346456693
20
0.0466327165354331
11
1.1003539370078741
21
0.045655905511811
0
LINE
8
BLACK
6
CONTINUOUS
10
1.1003539370078741
20
0.045655905511811
11
1.0976226377952756
21
0.0462500393700787
0
LINE
8
BLACK
6
CONTINUOUS
10
1.0976226377952756
20
0.0462500393700787
11
1.0970271653543306
21
0.0466327165354331
0
LINE
8
BLACK
6
CONTINUOUS
10
1.0970271653543306
20
0.0466327165354331
11
1.0968016929133857
21
0.0468014960629921
0
LINE
8
BLACK
6
CONTINUOUS
10
1.0968016929133857
20
0.0468014960629921
11
1.0968016141732284
21
0.0468016141732283
0
LINE
8
BLACK
6
CONTINUOUS
10
1.0968016141732284
20
0.0468016141732283
11
1.0921930708661418
21
0.0502515354330709
0
LINE
8
BLACK
6
CONTINUOUS
10
1.0921930708661418
20
0.0502515354330709
11
1.0867992519685039
21
0.0522633464566929
0
LINE
8
BLACK
6
CONTINUOUS
10
1.0867992519685039
20
0.0522633464566929
11
1.0867991732283464
21
0.0522633464566929
0
LINE
8
BLACK
6
CONTINUOUS
10
1.0867991732283464
20
0.0522633464566929
11
1.0867990551181101
21
0.0522633858267717
0
LINE
8
BLACK
6
CONTINUOUS
10
1.0867990551181101
20
0.0522633858267717
11
1.0844153149606299
21
0.0525196456692913
0
LINE
8
BLACK
6
CONTINUOUS
10
1.0844153149606299
20
0.0525196456692913
11
1.0844151574803149
21
0.0525196456692913
0
LINE
8
BLACK
6
CONTINUOUS
10
1.0844151574803149
20
0.0525196456692913
11
1.0844148818897636
21
0.0525196850393701
0
LINE
8
BLACK
6
CONTINUOUS
10
1.0844148818897636
20
0.0525196850393701
11
1.0155851181102362
21
0.0525196850393701
0
LINE
8
BLACK
6
CONTINUOUS
10
1.0155851181102362
20
0.0525196850393701
11
1.0155848425196849
21
0.0525196456692913
0
LINE
8
BLACK
6
CONTINUOUS
10
1.0155848425196849
20
0.0525196456692913
11
1.0155846456692914
21
0.0525196456692913
0
LINE
8
BLACK
6
CONTINUOUS
10
1.0155846456692914
20
0.0525196456692913
11
1.013200905511811
21
0.0522633858267717
0
LINE
8
BLACK
6
CONTINUOUS
10
1.013200905511811
20
0.0522633858267717
11
1.0132005905511812
21
0.0522633070866142
0
LINE
8
BLACK
6
CONTINUOUS
10
1.0132005905511812
20
0.0522633070866142
11
1.010132874015748
21
0.0511190551181102
0
LINE
8
BLACK
6
CONTINUOUS
10
1.010132874015748
20
0.0511190551181102
11
1.0078069291338583
21
0.0502515354330709
0
LINE
8
BLACK
6
CONTINUOUS
10
1.0078069291338583
20
0.0502515354330709
11
1.0031983858267717
21
0.0468016141732283
0
LINE
8
BLACK
6
CONTINUOUS
10
1.0031983858267717
20
0.0468016141732283
11
1.0031982677165354
21
0.0468014960629921
0
LINE
8
BLACK
6
CONTINUOUS
10
1.0031982677165354
20
0.0468014960629921
11
1.0029728346456692
21
0.0466327165354331
0
LINE
8
BLACK
6
CONTINUOUS
10
1.0029728346456692
20
0.0466327165354331
11
1.000353937007874
21
0.045655905511811
0
LINE
8
BLACK
6
CONTINUOUS
10
1.000353937007874
20
0.045655905511811
11
0.9976226377952756
21
0.0462500393700787
0
LINE
8
BLACK
6
CONTINUOUS
10
0.9976226377952756
20
0.0462500393700787
11
0.9970271653543307
21
0.0466327165354331
0
LINE
8
BLACK
6
CONTINUOUS
10
0.9970271653543307
20
0.0466327165354331
11
0.9968016929133858
21
0.0468014960629921
0
LINE
8
BLACK
6
CONTINUOUS
10
0.9968016929133858
20
0.0468014960629921
11
0.9968016141732283
21
0.0468016141732283
0
LINE
8
BLACK
6
CONTINUOUS
10
0.9968016141732283
20
0.0468016141732283
11
0.9921930708661417
21
0.0502515354330709
0
LINE
8
BLACK
6
CONTINUOUS
10
0.9921930708661417
20
0.0502515354330709
11
0.9867992519685039
21
0.0522633464566929
0
LINE
8
BLACK
6
CONTINUOUS
10
0.9867992519685039
20
0.0522633464566929
11
0.9867991732283464
21
0.0522633464566929
0
LINE
8
BLACK
6
CONTINUOUS
10
0.9867991732283464
20
0.0522633464566929
11
0.9867990551181102
21
0.0522633858267717
0
LINE
8
BLACK
6
CONTINUOUS
10
0.9867990551181102
20
0.0522633858267717
11
0.98441531496063
21
0.0525196456692913
0
LINE
8
BLACK
6
CONTINUOUS
10
0.98441531496063
20
0.0525196456692913
11
0.9844151574803149
21
0.0525196456692913
0
LINE
8
BLACK
6
CONTINUOUS
10
0.9844151574803149
20
0.0525196456692913
11
0.9844148818897638
21
0.0525196850393701
0
LINE
8
BLACK
6
CONTINUOUS
10
0.9844148818897638
20
0.0525196850393701
11
0.9155851181102362
21
0.0525196850393701
0
LINE
8
BLACK
6
CONTINUOUS
10
0.9155851181102362
20
0.0525196850393701
11
0.915584842519685
21
0.0525196456692913
0
LINE
8
BLACK
6
CONTINUOUS
10
0.915584842519685
20
0.0525196456692913
11
0.9155846456692913
21
0.0525196456692913
0
LINE
8
BLACK
6
CONTINUOUS
10
0.9155846456692913
20
0.0525196456692913
11
0.913200905511811
21
0.0522633858267717
0
LINE
8
BLACK
6
CONTINUOUS
10
0.913200905511811
20
0.0522633858267717
11
0.9132005905511811
21
0.0522633070866142
0
LINE
8
BLACK
6
CONTINUOUS
10
0.9132005905511811
20
0.0522633070866142
11
0.9101328740157481
21
0.0511190551181102
0
LINE
8
BLACK
6
CONTINUOUS
10
0.9101328740157481
20
0.0511190551181102
11
0.9078069291338583
21
0.0502515354330709
0
LINE
8
BLACK
6
CONTINUOUS
10
0.9078069291338583
20
0.0502515354330709
11
0.9031983858267716
21
0.0468016141732283
0
LINE
8
BLACK
6
CONTINUOUS
10
0.9031983858267716
20
0.0468016141732283
11
0.9031982677165354
21
0.0468014960629921
0
LINE
8
BLACK
6
CONTINUOUS
10
0.9031982677165354
20
0.0468014960629921
11
0.9029728346456692
21
0.0466327165354331
0
LINE
8
BLACK
6
CONTINUOUS
10
0.9029728346456692
20
0.0466327165354331
11
0.900353937007874
21
0.045655905511811
0
LINE
8
BLACK
6
CONTINUOUS
10
0.900353937007874
20
0.045655905511811
11
0.8976226377952756
21
0.0462500393700787
0
LINE
8
BLACK
6
CONTINUOUS
10
0.8976226377952756
20
0.0462500393700787
11
0.8970271653543307
21
0.0466327165354331
0
LINE
8
BLACK
6
CONTINUOUS
10
0.8970271653543307
20
0.0466327165354331
11
0.8968016929133859
21
0.0468014960629921
0
LINE
8
BLACK
6
CONTINUOUS
10
0.8968016929133859
20
0.0468014960629921
11
0.8968016141732283
21
0.0468016141732283
0
LINE
8
BLACK
6
CONTINUOUS
10
0.8968016141732283
20
0.0468016141732283
11
0.8921930708661417
21
0.0502515354330709
0
LINE
8
BLACK
6
CONTINUOUS
10
0.8921930708661417
20
0.0502515354330709
11
0.886799251968504
21
0.0522633464566929
0
LINE
8
BLACK
6
CONTINUOUS
10
0.886799251968504
20
0.0522633464566929
11
0.8867991732283464
21
0.0522633464566929
0
LINE
8
BLACK
6
CONTINUOUS
10
0.8867991732283464
20
0.0522633464566929
11
0.8867990551181102
21
0.0522633858267717
0
LINE
8
BLACK
6
CONTINUOUS
10
0.8867990551181102
20
0.0522633858267717
11
0.8844153149606299
21
0.0525196456692913
0
LINE
8
BLACK
6
CONTINUOUS
10
0.8844153149606299
20
0.0525196456692913
11
0.884415157480315
21
0.0525196456692913
0
LINE
8
BLACK
6
CONTINUOUS
10
0.884415157480315
20
0.0525196456692913
11
0.8844148818897638
21
0.0525196850393701
0
LINE
8
BLACK
6
CONTINUOUS
10
0.8844148818897638
20
0.0525196850393701
11
0.8155851181102362
21
0.0525196850393701
0
LINE
8
BLACK
6
CONTINUOUS
10
0.8155851181102362
20
0.0525196850393701
11
0.815584842519685
21
0.0525196456692913
0
LINE
8
BLACK
6
CONTINUOUS
10
0.815584842519685
20
0.0525196456692913
11
0.8155846456692913
21
0.0525196456692913
0
LINE
8
BLACK
6
CONTINUOUS
10
0.8155846456692913
20
0.0525196456692913
11
0.813200905511811
21
0.0522633858267717
0
LINE
8
BLACK
6
CONTINUOUS
10
0.813200905511811
20
0.0522633858267717
11
0.8132005905511811
21
0.0522633070866142
0
LINE
8
BLACK
6
CONTINUOUS
10
0.8132005905511811
20
0.0522633070866142
11
0.810132874015748
21
0.0511190551181102
0
LINE
8
BLACK
6
CONTINUOUS
10
0.810132874015748
20
0.0511190551181102
11
0.8078069291338582
21
0.0502515354330709
0
LINE
8
BLACK
6
CONTINUOUS
10
0.8078069291338582
20
0.0502515354330709
11
0.8031983858267716
21
0.0468016141732283
0
LINE
8
BLACK
6
CONTINUOUS
10
0.8031983858267716
20
0.0468016141732283
11
0.8031982677165355
21
0.0468014960629921
0
LINE
8
BLACK
6
CONTINUOUS
10
0.8031982677165355
20
0.0468014960629921
11
0.8029728346456693
21
0.0466327165354331
0
LINE
8
BLACK
6
CONTINUOUS
10
0.8029728346456693
20
0.0466327165354331
11
0.8003539370078741
21
0.045655905511811
0
LINE
8
BLACK
6
CONTINUOUS
10
0.8003539370078741
20
0.045655905511811
11
0.7976226377952755
21
0.0462500393700787
0
LINE
8
BLACK
6
CONTINUOUS
10
0.7976226377952755
20
0.0462500393700787
11
0.7970271653543307
21
0.0466327165354331
0
LINE
8
BLACK
6
CONTINUOUS
10
0.7970271653543307
20
0.0466327165354331
11
0.7968016929133858
21
0.0468014960629921
0
LINE
8
BLACK
6
CONTINUOUS
10
0.7968016929133858
20
0.0468014960629921
11
0.7968016141732284
21
0.0468016141732283
0
LINE
8
BLACK
6
CONTINUOUS
10
0.7968016141732284
20
0.0468016141732283
11
0.7921930708661418
21
0.0502515354330709
0
LINE
8
BLACK
6
CONTINUOUS
10
0.7921930708661418
20
0.0502515354330709
11
0.7867992519685039
21
0.0522633464566929
0
LINE
8
BLACK
6
CONTINUOUS
10
0.7867992519685039
20
0.0522633464566929
11
0.7867991732283465
21
0.0522633464566929
0
LINE
8
BLACK
6
CONTINUOUS
10
0.7867991732283465
20
0.0522633464566929
11
0.7867990551181102
21
0.0522633858267717
0
LINE
8
BLACK
6
CONTINUOUS
10
0.7867990551181102
20
0.0522633858267717
11
0.7844153149606299
21
0.0525196456692913
0
LINE
8
BLACK
6
CONTINUOUS
10
0.7844153149606299
20
0.0525196456692913
11
0.784415157480315
21
0.0525196456692913
0
LINE
8
BLACK
6
CONTINUOUS
10
0.784415157480315
20
0.0525196456692913
11
0.7844148818897637
21
0.0525196850393701
0
LINE
8
BLACK
6
CONTINUOUS
10
0.7844148818897637
20
0.0525196850393701
11
0.7155851181102362
21
0.0525196850393701
0
LINE
8
BLACK
6
CONTINUOUS
10
0.7155851181102362
20
0.0525196850393701
11
0.715584842519685
21
0.0525196456692913
0
LINE
8
BLACK
6
CONTINUOUS
10
0.715584842519685
20
0.0525196456692913
11
0.7155846456692914
21
0.0525196456692913
0
LINE
8
BLACK
6
CONTINUOUS
10
0.7155846456692914
20
0.0525196456692913
11
0.713200905511811
21
0.0522633858267717
0
LINE
8
BLACK
6
CONTINUOUS
10
0.713200905511811
20
0.0522633858267717
11
0.7132005905511811
21
0.0522633070866142
0
LINE
8
BLACK
6
CONTINUOUS
10
0.7132005905511811
20
0.0522633070866142
11
0.710132874015748
21
0.0511190551181102
0
LINE
8
BLACK
6
CONTINUOUS
10
0.710132874015748
20
0.0511190551181102
11
0.7078069291338582
21
0.0502515354330709
0
LINE
8
BLACK
6
CONTINUOUS
10
0.7078069291338582
20
0.0502515354330709
11
0.7031983858267716
21
0.0468016141732283
0
LINE
8
BLACK
6
CONTINUOUS
10
0.7031983858267716
20
0.0468016141732283
11
0.7031982677165354
21
0.0468014960629921
0
LINE
8
BLACK
6
CONTINUOUS
10
0.7031982677165354
20
0.0468014960629921
11
0.7029728346456693
21
0.0466327165354331
0
LINE
8
BLACK
6
CONTINUOUS
10
0.7029728346456693
20
0.0466327165354331
11
0.700353937007874
21
0.045655905511811
0
LINE
8
BLACK
6
CONTINUOUS
10
0.700353937007874
20
0.045655905511811
11
0.6976226377952756
21
0.0462500393700787
0
LINE
8
BLACK
6
CONTINUOUS
10
0.6976226377952756
20
0.0462500393700787
11
0.6970271653543307
21
0.0466327165354331
0
LINE
8
BLACK
6
CONTINUOUS
10
0.6970271653543307
20
0.0466327165354331
11
0.6968016929133858
21
0.0468014960629921
0
LINE
8
BLACK
6
CONTINUOUS
10
0.6968016929133858
20
0.0468014960629921
11
0.6968016141732283
21
0.0468016141732283
0
LINE
8
BLACK
6
CONTINUOUS
10
0.6968016141732283
20
0.0468016141732283
11
0.6921930708661417
21
0.0502515354330709
0
LINE
8
BLACK
6
CONTINUOUS
10
0.6921930708661417
20
0.0502515354330709
11
0.6867992519685039
21
0.0522633464566929
0
LINE
8
BLACK
6
CONTINUOUS
10
0.6867992519685039
20
0.0522633464566929
11
0.6867991732283465
21
0.0522633464566929
0
LINE
8
BLACK
6
CONTINUOUS
10
0.6867991732283465
20
0.0522633464566929
11
0.6867990551181102
21
0.0522633858267717
0
LINE
8
BLACK
6
CONTINUOUS
10
0.6867990551181102
20
0.0522633858267717
11
0.6844153149606299
21
0.0525196456692913
0
LINE
8
BLACK
6
CONTINUOUS
10
0.6844153149606299
20
0.0525196456692913
11
0.6844151574803149
21
0.0525196456692913
0
LINE
8
BLACK
6
CONTINUOUS
10
0.6844151574803149
20
0.0525196456692913
11
0.6844148818897637
21
0.0525196850393701
0
LINE
8
BLACK
6
CONTINUOUS
10
0.6844148818897637
20
0.0525196850393701
11
0.6155851181102362
21
0.0525196850393701
0
LINE
8
BLACK
6
CONTINUOUS
10
0.6155851181102362
20
0.0525196850393701
11
0.615584842519685
21
0.0525196456692913
0
LINE
8
BLACK
6
CONTINUOUS
10
0.615584842519685
20
0.0525196456692913
11
0.6155846456692913
21
0.0525196456692913
0
LINE
8
BLACK
6
CONTINUOUS
10
0.6155846456692913
20
0.0525196456692913
11
0.6132009055118111
21
0.0522633858267717
0
LINE
8
BLACK
6
CONTINUOUS
10
0.6132009055118111
20
0.0522633858267717
11
0.613200590551181
21
0.0522633070866142
0
LINE
8
BLACK
6
CONTINUOUS
10
0.613200590551181
20
0.0522633070866142
11
0.610132874015748
21
0.0511190551181102
0
LINE
8
BLACK
6
CONTINUOUS
10
0.610132874015748
20
0.0511190551181102
11
0.6078069291338583
21
0.0502515354330709
0
LINE
8
BLACK
6
CONTINUOUS
10
0.6078069291338583
20
0.0502515354330709
11
0.6031983858267717
21
0.0468016141732283
0
LINE
8
BLACK
6
CONTINUOUS
10
0.6031983858267717
20
0.0468016141732283
11
0.6031982677165354
21
0.0468014960629921
0
LINE
8
BLACK
6
CONTINUOUS
10
0.6031982677165354
20
0.0468014960629921
11
0.6029728346456693
21
0.0466327165354331
0
LINE
8
BLACK
6
CONTINUOUS
10
0.6029728346456693
20
0.0466327165354331
11
0.600353937007874
21
0.045655905511811
0
LINE
8
BLACK
6
CONTINUOUS
10
0.600353937007874
20
0.045655905511811
11
0.5976226377952756
21
0.0462500393700787
0
LINE
8
BLACK
6
CONTINUOUS
10
0.5976226377952756
20
0.0462500393700787
11
0.5970271653543306
21
0.0466327165354331
0
LINE
8
BLACK
6
CONTINUOUS
10
0.5970271653543306
20
0.0466327165354331
11
0.5968016929133858
21
0.0468014960629921
0
LINE
8
BLACK
6
CONTINUOUS
10
0.5968016929133858
20
0.0468014960629921
11
0.5968016141732283
21
0.0468016141732283
0
LINE
8
BLACK
6
CONTINUOUS
10
0.5968016141732283
20
0.0468016141732283
11
0.5921930708661417
21
0.0502515354330709
0
LINE
8
BLACK
6
CONTINUOUS
10
0.5921930708661417
20
0.0502515354330709
11
0.5867992519685039
21
0.0522633464566929
0
LINE
8
BLACK
6
CONTINUOUS
10
0.5867992519685039
20
0.0522633464566929
11
0.5867991732283464
21
0.0522633464566929
0
LINE
8
BLACK
6
CONTINUOUS
10
0.5867991732283464
20
0.0522633464566929
11
0.5867990551181103
21
0.0522633858267717
0
LINE
8
BLACK
6
CONTINUOUS
10
0.5867990551181103
20
0.0522633858267717
11
0.5844153149606299
21
0.0525196456692913
0
LINE
8
BLACK
6
CONTINUOUS
10
0.5844153149606299
20
0.0525196456692913
11
0.5844151574803149
21
0.0525196456692913
0
LINE
8
BLACK
6
CONTINUOUS
10
0.5844151574803149
20
0.0525196456692913
11
0.5844148818897638
21
0.0525196850393701
0
LINE
8
BLACK
6
CONTINUOUS
10
0.5844148818897638
20
0.0525196850393701
11
0.5155851181102362
21
0.0525196850393701
0
LINE
8
BLACK
6
CONTINUOUS
10
0.5155851181102362
20
0.0525196850393701
11
0.5155848425196851
21
0.0525196456692913
0
LINE
8
BLACK
6
CONTINUOUS
10
0.5155848425196851
20
0.0525196456692913
11
0.5155846456692913
21
0.0525196456692913
0
LINE
8
BLACK
6
CONTINUOUS
10
0.5155846456692913
20
0.0525196456692913
11
0.513200905511811
21
0.0522633858267717
0
LINE
8
BLACK
6
CONTINUOUS
10
0.513200905511811
20
0.0522633858267717
11
0.5132005905511811
21
0.0522633070866142
0
LINE
8
BLACK
6
CONTINUOUS
10
0.5132005905511811
20
0.0522633070866142
11
0.510132874015748
21
0.0511190551181102
0
LINE
8
BLACK
6
CONTINUOUS
10
0.510132874015748
20
0.0511190551181102
11
0.5078069291338583
21
0.0502515354330709
0
LINE
8
BLACK
6
CONTINUOUS
10
0.5078069291338583
20
0.0502515354330709
11
0.5031983858267717
21
0.0468016141732283
0
LINE
8
BLACK
6
CONTINUOUS
10
0.5031983858267717
20
0.0468016141732283
11
0.5031982677165354
21
0.0468014960629921
0
LINE
8
BLACK
6
CONTINUOUS
10
0.5031982677165354
20
0.0468014960629921
11
0.5029728346456693
21
0.0466327165354331
0
LINE
8
BLACK
6
CONTINUOUS
10
0.5029728346456693
20
0.0466327165354331
11
0.500353937007874
21
0.045655905511811
0
LINE
8
BLACK
6
CONTINUOUS
10
0.500353937007874
20
0.045655905511811
11
0.4976226377952756
21
0.0462500393700787
0
LINE
8
BLACK
6
CONTINUOUS
10
0.4976226377952756
20
0.0462500393700787
11
0.4970271653543307
21
0.0466327165354331
0
LINE
8
BLACK
6
CONTINUOUS
10
0.4970271653543307
20
0.0466327165354331
11
0.4968016929133858
21
0.0468014960629921
0
LINE
8
BLACK
6
CONTINUOUS
10
0.4968016929133858
20
0.0468014960629921
11
0.4968016141732283
21
0.0468016141732283
0
LINE
8
BLACK
6
CONTINUOUS
10
0.4968016141732283
20
0.0468016141732283
11
0.4921930708661417
21
0.0502515354330709
0
LINE
8
BLACK
6
CONTINUOUS
10
0.4921930708661417
20
0.0502515354330709
11
0.4867992519685039
21
0.0522633464566929
0
LINE
8
BLACK
6
CONTINUOUS
10
0.4867992519685039
20
0.0522633464566929
11
0.4867991732283464
21
0.0522633464566929
0
LINE
8
BLACK
6
CONTINUOUS
10
0.4867991732283464
20
0.0522633464566929
11
0.4867990551181102
21
0.0522633858267717
0
LINE
8
BLACK
6
CONTINUOUS
10
0.4867990551181102
20
0.0522633858267717
11
0.4844153149606299
21
0.0525196456692913
0
LINE
8
BLACK
6
CONTINUOUS
10
0.4844153149606299
20
0.0525196456692913
11
0.4844151574803149
21
0.0525196456692913
0
LINE
8
BLACK
6
CONTINUOUS
10
0.4844151574803149
20
0.0525196456692913
11
0.4844148818897638
21
0.0525196850393701
0
LINE
8
BLACK
6
CONTINUOUS
10
0.4844148818897638
20
0.0525196850393701
11
0.4194499212598425
21
0.0525196850393701
0
LINE
8
BLACK
6
CONTINUOUS
10
0.4194499212598425
20
0.0525196850393701
11
0.4167679921259843
21
0.0533071653543307
0
LINE
8
BLACK
6
CONTINUOUS
10
0.4167679921259843
20
0.0533071653543307
11
0.4149375590551181
21
0.0554196062992126
0
LINE
8
BLACK
6
CONTINUOUS
10
0.4149375590551181
20
0.0554196062992126
11
0.4145397637795276
21
0.0581862992125984
0
LINE
8
BLACK
6
CONTINUOUS
10
0.4145397637795276
20
0.0581862992125984
11
0.4157009448818897
21
0.0607288188976378
0
LINE
8
BLACK
6
CONTINUOUS
10
0.4157009448818897
20
0.0607288188976378
11
0.4159422440944882
21
0.0609879921259842
0
LINE
8
BLACK
6
CONTINUOUS
10
0.4159422440944882
20
0.0609879921259842
11
0.5694250393700787
21
0.2144707874015748
0
LINE
8
BLACK
6
CONTINUOUS
10
0.5694250393700787
20
0.2144707874015748
11
0.5699704724409449
21
0.2149421653543307
0
LINE
8
BLACK
6
CONTINUOUS
10
0.5699704724409449
20
0.2149421653543307
11
0.5707409842519685
21
0.2155157874015748
0
LINE
8
BLACK
6
CONTINUOUS
10
0.5707409842519685
20
0.2155157874015748
11
0.5707993307086614
21
0.2155853149606299
0
LINE
8
BLACK
6
CONTINUOUS
10
0.5707993307086614
20
0.2155853149606299
11
0.5720150393700787
21
0.2170341732283464
0
LINE
8
BLACK
6
CONTINUOUS
10
0.5720150393700787
20
0.2170341732283464
11
0.5723070472440944
21
0.2173527952755905
0
LINE
8
BLACK
6
CONTINUOUS
10
0.5723070472440944
20
0.2173527952755905
11
0.5724635039370078
21
0.2175092519685039
0
LINE
8
BLACK
6
CONTINUOUS
10
0.5724635039370078
20
0.2175092519685039
11
0.5732329527559055
21
0.2184823622047244
0
LINE
8
BLACK
6
CONTINUOUS
10
0.5732329527559055
20
0.2184823622047244
11
0.5733235039370078
21
0.2185935433070866
0
LINE
8
BLACK
6
CONTINUOUS
10
0.5733235039370078
20
0.2185935433070866
11
0.575251811023622
21
0.2208916141732283
0
LINE
8
BLACK
6
CONTINUOUS
10
0.575251811023622
20
0.2208916141732283
11
0.5752518503937007
21
0.2208916929133858
0
LINE
8
BLACK
6
CONTINUOUS
10
0.5752518503937007
20
0.2208916929133858
11
0.575410590551181
21
0.221133031496063
0
LINE
8
BLACK
6
CONTINUOUS
10
0.575410590551181
20
0.221133031496063
11
0.5754125984251969
21
0.2211316535433071
0
LINE
8
BLACK
6
CONTINUOUS
10
0.5754125984251969
20
0.2211316535433071
11
0.5755744488188976
21
0.2213857086614173
0
LINE
8
BLACK
6
CONTINUOUS
10
0.5755744488188976
20
0.2213857086614173
11
0.5755724409448819
21
0.221386968503937
0
LINE
8
BLACK
6
CONTINUOUS
10
0.5755724409448819
20
0.221386968503937
11
0.5757240551181102
21
0.2216327952755905
0
LINE
8
BLACK
6
CONTINUOUS
10
0.5757240551181102
20
0.2216327952755905
11
0.5757241338582677
21
0.2216329527559055
0
LINE
8
BLACK
6
CONTINUOUS
10
0.5757241338582677
20
0.2216329527559055
11
0.5757242125984252
21
0.2216330708661417
0
LINE
8
BLACK
6
CONTINUOUS
10
0.5757242125984252
20
0.2216330708661417
11
0.5769922440944881
21
0.2243524409448819
0
LINE
8
BLACK
6
CONTINUOUS
10
0.5769922440944881
20
0.2243524409448819
11
0.5770550393700787
21
0.2244820472440945
0
LINE
8
BLACK
6
CONTINUOUS
10
0.5770550393700787
20
0.2244820472440945
11
0.5784012598425197
21
0.2271625984251968
0
LINE
8
BLACK
6
CONTINUOUS
10
0.5784012598425197
20
0.2271625984251968
11
0.5784013385826772
21
0.2271627559055118
0
LINE
8
BLACK
6
CONTINUOUS
10
0.5784013385826772
20
0.2271627559055118
11
0.5784013779527559
21
0.2271629133858268
0
LINE
8
BLACK
6
CONTINUOUS
10
0.5784013779527559
20
0.2271629133858268
11
0.5785001968503937
21
0.2274343700787402
0
LINE
8
BLACK
6
CONTINUOUS
10
0.5785001968503937
20
0.2274343700787402
11
0.5785024803149607
21
0.2274335039370079
0
LINE
8
BLACK
6
CONTINUOUS
10
0.5785024803149607
20
0.2274335039370079
11
0.5786013385826771
21
0.2277179921259843
0
LINE
8
BLACK
6
CONTINUOUS
10
0.5786013385826771
20
0.2277179921259843
11
0.5785990551181103
21
0.2277187795275591
0
LINE
8
BLACK
6
CONTINUOUS
10
0.5785990551181103
20
0.2277187795275591
11
0.5786899606299213
21
0.2279931496062992
0
LINE
8
BLACK
6
CONTINUOUS
10
0.5786899606299213
20
0.2279931496062992
11
0.5788684645669291
21
0.2288576377952756
0
LINE
8
BLACK
6
CONTINUOUS
10
0.5788684645669291
20
0.2288576377952756
11
0.5792966535433071
21
0.2309315354330709
0
LINE
8
BLACK
6
CONTINUOUS
10
0.5792966535433071
20
0.2309315354330709
11
0.5793275590551181
21
0.2310709448818898
0
LINE
8
BLACK
6
CONTINUOUS
10
0.5793275590551181
20
0.2310709448818898
11
0.5799449212598425
21
0.2336757086614173
0
LINE
8
BLACK
6
CONTINUOUS
10
0.5799449212598425
20
0.2336757086614173
11
0.5813296850393701
21
0.2361037007874016
0
LINE
8
BLACK
6
CONTINUOUS
10
0.5813296850393701
20
0.2361037007874016
11
0.5838072834645669
21
0.2373975984251968
0
LINE
8
BLACK
6
CONTINUOUS
10
0.5838072834645669
20
0.2373975984251968
11
0.5842837007874015
21
0.2374574803149606
0
LINE
8
BLACK
6
CONTINUOUS
10
0.5842837007874015
20
0.2374574803149606
11
0.5842827952755906
21
0.2374661023622047
0
LINE
8
BLACK
6
CONTINUOUS
10
0.5842827952755906
20
0.2374661023622047
11
0.5867990551181103
21
0.2377365748031496
0
LINE
8
BLACK
6
CONTINUOUS
10
0.5867990551181103
20
0.2377365748031496
11
0.5867993700787402
21
0.2377366535433071
0
LINE
8
BLACK
6
CONTINUOUS
10
0.5867993700787402
20
0.2377366535433071
11
0.5921929921259842
21
0.2397484251968504
0
LINE
8
BLACK
6
CONTINUOUS
10
0.5921929921259842
20
0.2397484251968504
11
0.592193188976378
21
0.2397485039370079
0
LINE
8
BLACK
6
CONTINUOUS
10
0.592193188976378
20
0.2397485039370079
11
0.5968016141732283
21
0.2431983464566929
0
LINE
8
BLACK
6
CONTINUOUS
10
0.5968016141732283
20
0.2431983464566929
11
0.6002514566929134
21
0.2478067716535433
0
LINE
8
BLACK
6
CONTINUOUS
10
0.6002514566929134
20
0.2478067716535433
11
0.6002515354330709
21
0.247806968503937
0
LINE
8
BLACK
6
CONTINUOUS
10
0.6002515354330709
20
0.247806968503937
11
0.6022633070866141
21
0.2532005905511811
0
LINE
8
BLACK
6
CONTINUOUS
10
0.6022633070866141
20
0.2532005905511811
11
0.6022633858267716
21
0.253200905511811
0
LINE
8
BLACK
6
CONTINUOUS
10
0.6022633858267716
20
0.253200905511811
11
0.6025196456692913
21
0.2555846456692913
0
LINE
8
BLACK
6
CONTINUOUS
10
0.6025196456692913
20
0.2555846456692913
11
0.60251968503937
21
0.2555853149606299
0
LINE
8
BLACK
6
CONTINUOUS
10
0.60251968503937
20
0.2555853149606299
11
0.60251968503937
21
0.2980107086614173
0
LINE
8
BLACK
6
CONTINUOUS
10
0.60251968503937
20
0.2980107086614173
11
0.6033071653543307
21
0.3006926377952756
0
LINE
8
BLACK
6
CONTINUOUS
10
0.6033071653543307
20
0.3006926377952756
11
0.6039726377952755
21
0.3015183858267717
0
LINE
8
BLACK
6
CONTINUOUS
10
0.6039726377952755
20
0.3015183858267717
11
0.6197990944881889
21
0.317344842519685
0
LINE
8
BLACK
6
CONTINUOUS
10
0.6197990944881889
20
0.317344842519685
11
0.6203445275590551
21
0.317816220472441
0
LINE
8
BLACK
6
CONTINUOUS
10
0.6203445275590551
20
0.317816220472441
11
0.6211150393700787
21
0.3183898425196851
0
LINE
8
BLACK
6
CONTINUOUS
10
0.6211150393700787
20
0.3183898425196851
11
0.6211150787401575
21
0.3183898818897637
0
LINE
8
BLACK
6
CONTINUOUS
10
0.6211150787401575
20
0.3183898818897637
11
0.6223890944881889
21
0.3199082283464567
0
LINE
8
BLACK
6
CONTINUOUS
10
0.6223890944881889
20
0.3199082283464567
11
0.6226811023622048
21
0.3202268503937008
0
LINE
8
BLACK
6
CONTINUOUS
10
0.6226811023622048
20
0.3202268503937008
11
0.6228375590551181
21
0.3203833070866142
0
LINE
8
BLACK
6
CONTINUOUS
10
0.6228375590551181
20
0.3203833070866142
11
0.6236070078740157
21
0.3213564173228347
0
LINE
8
BLACK
6
CONTINUOUS
10
0.6236070078740157
20
0.3213564173228347
11
0.6236975590551181
21
0.3214675984251968
0
LINE
8
BLACK
6
CONTINUOUS
10
0.6236975590551181
20
0.3214675984251968
11
0.6256258661417323
21
0.3237656692913386
0
LINE
8
BLACK
6
CONTINUOUS
10
0.6256258661417323
20
0.3237656692913386
11
0.625625905511811
21
0.323765748031496
0
LINE
8
BLACK
6
CONTINUOUS
10
0.625625905511811
20
0.323765748031496
11
0.6257846456692914
21
0.3240070866141732
0
LINE
8
BLACK
6
CONTINUOUS
10
0.6257846456692914
20
0.3240070866141732
11
0.6257866535433071
21
0.3240057086614173
0
LINE
8
BLACK
6
CONTINUOUS
10
0.6257866535433071
20
0.3240057086614173
11
0.6259485039370078
21
0.3242597637795275
0
LINE
8
BLACK
6
CONTINUOUS
10
0.6259485039370078
20
0.3242597637795275
11
0.6259464960629921
21
0.3242610236220472
0
LINE
8
BLACK
6
CONTINUOUS
10
0.6259464960629921
20
0.3242610236220472
11
0.6260981102362204
21
0.3245068110236221
0
LINE
8
BLACK
6
CONTINUOUS
10
0.6260981102362204
20
0.3245068110236221
11
0.6271670078740157
21
0.3267990551181102
0
LINE
8
BLACK
6
CONTINUOUS
10
0.6271670078740157
20
0.3267990551181102
11
0.6273661811023622
21
0.3272262992125984
0
LINE
8
BLACK
6
CONTINUOUS
10
0.6273661811023622
20
0.3272262992125984
11
0.6274289370078741
21
0.3273558661417323
0
LINE
8
BLACK
6
CONTINUOUS
10
0.6274289370078741
20
0.3273558661417323
11
0.6287753937007874
21
0.330036811023622
0
LINE
8
BLACK
6
CONTINUOUS
10
0.6287753937007874
20
0.330036811023622
11
0.6287754330708661
21
0.330036968503937
0
LINE
8
BLACK
6
CONTINUOUS
10
0.6287754330708661
20
0.330036968503937
11
0.6288742125984251
21
0.3303083464566929
0
LINE
8
BLACK
6
CONTINUOUS
10
0.6288742125984251
20
0.3303083464566929
11
0.6288764960629921
21
0.3303074803149606
0
LINE
8
BLACK
6
CONTINUOUS
10
0.6288764960629921
20
0.3303074803149606
11
0.6289754330708661
21
0.3305920866141732
0
LINE
8
BLACK
6
CONTINUOUS
10
0.6289754330708661
20
0.3305920866141732
11
0.6289731102362205
21
0.3305928740157481
0
LINE
8
BLACK
6
CONTINUOUS
10
0.6289731102362205
20
0.3305928740157481
11
0.6290638976377952
21
0.3308669291338582
0
LINE
8
BLACK
6
CONTINUOUS
10
0.6290638976377952
20
0.3308669291338582
11
0.6290638976377952
21
0.3308670078740157
0
LINE
8
BLACK
6
CONTINUOUS
10
0.6290638976377952
20
0.3308670078740157
11
0.6290640157480315
21
0.3308672440944882
0
LINE
8
BLACK
6
CONTINUOUS
10
0.6290640157480315
20
0.3308672440944882
11
0.6296711811023622
21
0.3338081102362205
0
LINE
8
BLACK
6
CONTINUOUS
10
0.6296711811023622
20
0.3338081102362205
11
0.6297012598425197
21
0.3339436220472441
0
LINE
8
BLACK
6
CONTINUOUS
10
0.6297012598425197
20
0.3339436220472441
11
0.6303937401574803
21
0.3368652755905512
0
LINE
8
BLACK
6
CONTINUOUS
10
0.6303937401574803
20
0.3368652755905512
11
0.6304272834645669
21
0.3371522440944882
0
LINE
8
BLACK
6
CONTINUOUS
10
0.6304272834645669
20
0.3371522440944882
11
0.6304296456692913
21
0.3371519291338583
0
LINE
8
BLACK
6
CONTINUOUS
10
0.6304296456692913
20
0.3371519291338583
11
0.6304602755905512
21
0.3374518503937008
0
LINE
8
BLACK
6
CONTINUOUS
10
0.6304602755905512
20
0.3374518503937008
11
0.630457874015748
21
0.3374520866141732
0
LINE
8
BLACK
6
CONTINUOUS
10
0.630457874015748
20
0.3374520866141732
11
0.6304829921259842
21
0.3377394881889764
0
LINE
8
BLACK
6
CONTINUOUS
10
0.6304829921259842
20
0.3377394881889764
11
0.6304830708661417
21
0.3377398818897638
0
LINE
8
BLACK
6
CONTINUOUS
10
0.6304830708661417
20
0.3377398818897638
11
0.6303957874015748
21
0.3407389763779528
0
LINE
8
BLACK
6
CONTINUOUS
10
0.6303957874015748
20
0.3407389763779528
11
0.6303937401574803
21
0.3408831889763779
0
LINE
8
BLACK
6
CONTINUOUS
10
0.6303937401574803
20
0.3408831889763779
11
0.6303937401574803
21
0.539999842519685
0
LINE
8
BLACK
6
CONTINUOUS
10
0.6303937401574803
20
0.539999842519685
11
0.6303937401574803
21
0.5499039763779527
0
LINE
8
BLACK
6
CONTINUOUS
10
0.6303937401574803
20
0.5499039763779527
11
0.6304461023622047
21
0.5506228346456693
0
LINE
8
BLACK
6
CONTINUOUS
10
0.6304461023622047
20
0.5506228346456693
11
0.6305853149606299
21
0.5515734251968504
0
LINE
8
BLACK
6
CONTINUOUS
10
0.6305853149606299
20
0.5515734251968504
11
0.6305853543307086
21
0.5515735826771654
0
LINE
8
BLACK
6
CONTINUOUS
10
0.6305853543307086
20
0.5515735826771654
11
0.6304125984251968
21
0.5535476377952756
0
LINE
8
BLACK
6
CONTINUOUS
10
0.6304125984251968
20
0.5535476377952756
11
0.6303937401574803
21
0.55398
0
LINE
8
BLACK
6
CONTINUOUS
10
0.6303937401574803
20
0.55398
11
0.6303937401574803
21
0.5542010236220473
0
LINE
8
BLACK
6
CONTINUOUS
10
0.6303937401574803
20
0.5542010236220473
11
0.6303937401574803
21
0.5542011417322834
0
LINE
8
BLACK
6
CONTINUOUS
10
0.6303937401574803
20
0.5542011417322834
11
0.6302493700787402
21
0.5554359842519685
0
LINE
8
BLACK
6
CONTINUOUS
10
0.6302493700787402
20
0.5554359842519685
11
0.6302355118110237
21
0.5555717716535433
0
LINE
8
BLACK
6
CONTINUOUS
10
0.6302355118110237
20
0.5555717716535433
11
0.6299737007874016
21
0.5585644488188977
0
LINE
8
BLACK
6
CONTINUOUS
10
0.6299737007874016
20
0.5585644488188977
11
0.6299735433070865
21
0.5585648818897637
0
LINE
8
BLACK
6
CONTINUOUS
10
0.6299735433070865
20
0.5585648818897637
11
0.6299152755905512
21
0.5588472440944882
0
LINE
8
BLACK
6
CONTINUOUS
10
0.6299152755905512
20
0.5588472440944882
11
0.6299176377952755
21
0.5588477165354331
0
LINE
8
BLACK
6
CONTINUOUS
10
0.6299176377952755
20
0.5588477165354331
11
0.6298523622047244
21
0.5591421653543307
0
LINE
8
BLACK
6
CONTINUOUS
10
0.6298523622047244
20
0.5591421653543307
11
0.6298500393700788
21
0.5591416141732284
0
LINE
8
BLACK
6
CONTINUOUS
10
0.6298500393700788
20
0.5591416141732284
11
0.6297834645669291
21
0.5594222834645669
0
LINE
8
BLACK
6
CONTINUOUS
10
0.6297834645669291
20
0.5594222834645669
11
0.6297834251968504
21
0.5594227952755906
0
LINE
8
BLACK
6
CONTINUOUS
10
0.6297834251968504
20
0.5594227952755906
11
0.628756811023622
21
0.5622432677165354
0
LINE
8
BLACK
6
CONTINUOUS
10
0.628756811023622
20
0.5622432677165354
11
0.6287100787401575
21
0.5623778346456693
0
LINE
8
BLACK
6
CONTINUOUS
10
0.6287100787401575
20
0.5623778346456693
11
0.6277663779527559
21
0.5652258661417323
0
LINE
8
BLACK
6
CONTINUOUS
10
0.6277663779527559
20
0.5652258661417323
11
0.6277662598425197
21
0.5652259842519685
0
LINE
8
BLACK
6
CONTINUOUS
10
0.6277662598425197
20
0.5652259842519685
11
0.6276442913385827
21
0.5654876771653543
0
LINE
8
BLACK
6
CONTINUOUS
10
0.6276442913385827
20
0.5654876771653543
11
0.6276464960629922
21
0.5654887007874015
0
LINE
8
BLACK
6
CONTINUOUS
10
0.6276464960629922
20
0.5654887007874015
11
0.6275152362204724
21
0.565759842519685
0
LINE
8
BLACK
6
CONTINUOUS
10
0.6275152362204724
20
0.565759842519685
11
0.6275130708661417
21
0.565758779527559
0
LINE
8
BLACK
6
CONTINUOUS
10
0.6275130708661417
20
0.565758779527559
11
0.6273833464566929
21
0.5660170078740158
0
LINE
8
BLACK
6
CONTINUOUS
10
0.6273833464566929
20
0.5660170078740158
11
0.6273832677165354
21
0.5660170472440945
0
LINE
8
BLACK
6
CONTINUOUS
10
0.6273832677165354
20
0.5660170472440945
11
0.6273832677165354
21
0.5660171653543307
0
LINE
8
BLACK
6
CONTINUOUS
10
0.6273832677165354
20
0.5660171653543307
11
0.6257346456692914
21
0.5685236614173228
0
LINE
8
BLACK
6
CONTINUOUS
10
0.6257346456692914
20
0.5685236614173228
11
0.6256571259842519
21
0.5686453937007874
0
LINE
8
BLACK
6
CONTINUOUS
10
0.6256571259842519
20
0.5686453937007874
11
0.624082283464567
21
0.5711986614173228
0
LINE
8
BLACK
6
CONTINUOUS
10
0.624082283464567
20
0.5711986614173228
11
0.6240821653543307
21
0.571198779527559
0
LINE
8
BLACK
6
CONTINUOUS
10
0.6240821653543307
20
0.571198779527559
11
0.6239028740157481
21
0.5714255905511811
0
LINE
8
BLACK
6
CONTINUOUS
10
0.6239028740157481
20
0.5714255905511811
11
0.6239047637795275
21
0.5714270866141732
0
LINE
8
BLACK
6
CONTINUOUS
10
0.6239047637795275
20
0.5714270866141732
11
0.6237148031496063
21
0.5716602755905512
0
LINE
8
BLACK
6
CONTINUOUS
10
0.6237148031496063
20
0.5716602755905512
11
0.6237129133858268
21
0.5716587007874016
0
LINE
8
BLACK
6
CONTINUOUS
10
0.6237129133858268
20
0.5716587007874016
11
0.6235272440944881
21
0.5718798818897638
0
LINE
8
BLACK
6
CONTINUOUS
10
0.6235272440944881
20
0.5718798818897638
11
0.6235270078740157
21
0.5718802755905512
0
LINE
8
BLACK
6
CONTINUOUS
10
0.6235270078740157
20
0.5718802755905512
11
0.6213427559055118
21
0.5739409448818897
0
LINE
8
BLACK
6
CONTINUOUS
10
0.6213427559055118
20
0.5739409448818897
11
0.6212420078740157
21
0.5740388582677165
0
LINE
8
BLACK
6
CONTINUOUS
10
0.6212420078740157
20
0.5740388582677165
11
0.456268937007874
21
0.7390120078740158
0
LINE
8
BLACK
6
CONTINUOUS
10
0.456268937007874
20
0.7390120078740158
11
0.4549293307086614
21
0.7414652362204724
0
LINE
8
BLACK
6
CONTINUOUS
10
0.4549293307086614
20
0.7414652362204724
11
0.4551287401574803
21
0.7442532677165354
0
LINE
8
BLACK
6
CONTINUOUS
10
0.4551287401574803
20
0.7442532677165354
11
0.4568038188976378
21
0.7464908661417322
0
LINE
8
BLACK
6
CONTINUOUS
10
0.4568038188976378
20
0.7464908661417322
11
0.459422716535433
21
0.7474676771653543
0
LINE
8
BLACK
6
CONTINUOUS
10
0.459422716535433
20
0.7474676771653543
11
0.4597766141732283
21
0.7474803149606299
0
LINE
8
BLACK
6
CONTINUOUS
10
0.4597766141732283
20
0.7474803149606299
11
0.4844153149606299
21
0.7474803149606299
0
LINE
8
BLACK
6
CONTINUOUS
10
0.4844153149606299
20
0.7474803149606299
11
0.4867990551181102
21
0.7477365748031496
0
LINE
8
BLACK
6
CONTINUOUS
10
0.4867990551181102
20
0.7477365748031496
11
0.4867993700787401
21
0.7477366535433071
0
LINE
8
BLACK
6
CONTINUOUS
10
0.4867993700787401
20
0.7477366535433071
11
0.4921929921259842
21
0.7497484251968504
0
LINE
8
BLACK
6
CONTINUOUS
10
0.4921929921259842
20
0.7497484251968504
11
0.4921931889763779
21
0.7497485039370079
0
LINE
8
BLACK
6
CONTINUOUS
10
0.4921931889763779
20
0.7497485039370079
11
0.4970272047244094
21
0.7533672440944882
0
LINE
8
BLACK
6
CONTINUOUS
10
0.4970272047244094
20
0.7533672440944882
11
0.4996461023622047
21
0.7543440551181102
0
LINE
8
BLACK
6
CONTINUOUS
10
0.4996461023622047
20
0.7543440551181102
11
0.5023773622047244
21
0.7537499212598425
0
LINE
8
BLACK
6
CONTINUOUS
10
0.5023773622047244
20
0.7537499212598425
11
0.5029727952755906
21
0.7533672440944882
0
LINE
8
BLACK
6
CONTINUOUS
10
0.5029727952755906
20
0.7533672440944882
11
0.5078067716535433
21
0.7497485039370079
0
LINE
8
BLACK
6
CONTINUOUS
10
0.5078067716535433
20
0.7497485039370079
11
0.507806968503937
21
0.7497484251968504
0
LINE
8
BLACK
6
CONTINUOUS
10
0.507806968503937
20
0.7497484251968504
11
0.5132005905511811
21
0.7477366535433071
0
LINE
8
BLACK
6
CONTINUOUS
10
0.5132005905511811
20
0.7477366535433071
11
0.513200905511811
21
0.7477365748031496
0
LINE
8
BLACK
6
CONTINUOUS
10
0.513200905511811
20
0.7477365748031496
11
0.5155846456692913
21
0.7474803149606299
0
LINE
8
BLACK
6
CONTINUOUS
10
0.5155846456692913
20
0.7474803149606299
11
0.5155851181102362
21
0.7474803149606299
0
LINE
8
BLACK
6
CONTINUOUS
10
0.5155851181102362
20
0.7474803149606299
11
0.5844153149606299
21
0.7474803149606299
0
LINE
8
BLACK
6
CONTINUOUS
10
0.5844153149606299
20
0.7474803149606299
11
0.5867990551181103
21
0.7477365748031496
0
LINE
8
BLACK
6
CONTINUOUS
10
0.5867990551181103
20
0.7477365748031496
11
0.5867993700787402
21
0.7477366535433071
0
LINE
8
BLACK
6
CONTINUOUS
10
0.5867993700787402
20
0.7477366535433071
11
0.5921929921259842
21
0.7497484251968504
0
LINE
8
BLACK
6
CONTINUOUS
10
0.5921929921259842
20
0.7497484251968504
11
0.592193188976378
21
0.7497485039370079
0
LINE
8
BLACK
6
CONTINUOUS
10
0.592193188976378
20
0.7497485039370079
11
0.5970272047244094
21
0.7533672440944882
0
LINE
8
BLACK
6
CONTINUOUS
10
0.5970272047244094
20
0.7533672440944882
11
0.5996461023622047
21
0.7543440551181102
0
LINE
8
BLACK
6
CONTINUOUS
10
0.5996461023622047
20
0.7543440551181102
11
0.6023773622047244
21
0.7537499212598425
0
LINE
8
BLACK
6
CONTINUOUS
10
0.6023773622047244
20
0.7537499212598425
11
0.6029727952755906
21
0.7533672440944882
0
LINE
8
BLACK
6
CONTINUOUS
10
0.6029727952755906
20
0.7533672440944882
11
0.6078067716535432
21
0.7497485039370079
0
LINE
8
BLACK
6
CONTINUOUS
10
0.6078067716535432
20
0.7497485039370079
11
0.607806968503937
21
0.7497484251968504
0
LINE
8
BLACK
6
CONTINUOUS
10
0.607806968503937
20
0.7497484251968504
11
0.613200590551181
21
0.7477366535433071
0
LINE
8
BLACK
6
CONTINUOUS
10
0.613200590551181
20
0.7477366535433071
11
0.6132009055118111
21
0.7477365748031496
0
LINE
8
BLACK
6
CONTINUOUS
10
0.6132009055118111
20
0.7477365748031496
11
0.6155846456692913
21
0.7474803149606299
0
LINE
8
BLACK
6
CONTINUOUS
10
0.6155846456692913
20
0.7474803149606299
11
0.6155851181102362
21
0.7474803149606299
0
LINE
8
BLACK
6
CONTINUOUS
10
0.6155851181102362
20
0.7474803149606299
11
0.6844153149606299
21
0.7474803149606299
0
LINE
8
BLACK
6
CONTINUOUS
10
0.6844153149606299
20
0.7474803149606299
11
0.6867990551181102
21
0.7477365748031496
0
LINE
8
BLACK
6
CONTINUOUS
10
0.6867990551181102
20
0.7477365748031496
11
0.6867993700787401
21
0.7477366535433071
0
LINE
8
BLACK
6
CONTINUOUS
10
0.6867993700787401
20
0.7477366535433071
11
0.6921929921259843
21
0.7497484251968504
0
LINE
8
BLACK
6
CONTINUOUS
10
0.6921929921259843
20
0.7497484251968504
11
0.6921931889763779
21
0.7497485039370079
0
LINE
8
BLACK
6
CONTINUOUS
10
0.6921931889763779
20
0.7497485039370079
11
0.6970272047244095
21
0.7533672440944882
0
LINE
8
BLACK
6
CONTINUOUS
10
0.6970272047244095
20
0.7533672440944882
11
0.6996461023622047
21
0.7543440551181102
0
LINE
8
BLACK
6
CONTINUOUS
10
0.6996461023622047
20
0.7543440551181102
11
0.7023773622047244
21
0.7537499212598425
0
LINE
8
BLACK
6
CONTINUOUS
10
0.7023773622047244
20
0.7537499212598425
11
0.7029727952755905
21
0.7533672440944882
0
LINE
8
BLACK
6
CONTINUOUS
10
0.7029727952755905
20
0.7533672440944882
11
0.7078067716535433
21
0.7497485039370079
0
LINE
8
BLACK
6
CONTINUOUS
10
0.7078067716535433
20
0.7497485039370079
11
0.707806968503937
21
0.7497484251968504
0
LINE
8
BLACK
6
CONTINUOUS
10
0.707806968503937
20
0.7497484251968504
11
0.7132005905511811
21
0.7477366535433071
0
LINE
8
BLACK
6
CONTINUOUS
10
0.7132005905511811
20
0.7477366535433071
11
0.713200905511811
21
0.7477365748031496
0
LINE
8
BLACK
6
CONTINUOUS
10
0.713200905511811
20
0.7477365748031496
11
0.7155846456692914
21
0.7474803149606299
0
LINE
8
BLACK
6
CONTINUOUS
10
0.7155846456692914
20
0.7474803149606299
11
0.7155851181102362
21
0.7474803149606299
0
LINE
8
BLACK
6
CONTINUOUS
10
0.7155851181102362
20
0.7474803149606299
11
0.7844153149606299
21
0.7474803149606299
0
LINE
8
BLACK
6
CONTINUOUS
10
0.7844153149606299
20
0.7474803149606299
11
0.7867990551181102
21
0.7477365748031496
0
LINE
8
BLACK
6
CONTINUOUS
10
0.7867990551181102
20
0.7477365748031496
11
0.7867993700787401
21
0.7477366535433071
0
LINE
8
BLACK
6
CONTINUOUS
10
0.7867993700787401
20
0.7477366535433071
11
0.7921929921259843
21
0.7497484251968504
0
LINE
8
BLACK
6
CONTINUOUS
10
0.7921929921259843
20
0.7497484251968504
11
0.7921931889763779
21
0.7497485039370079
0
LINE
8
BLACK
6
CONTINUOUS
10
0.7921931889763779
20
0.7497485039370079
11
0.7970272047244095
21
0.7533672440944882
0
LINE
8
BLACK
6
CONTINUOUS
10
0.7970272047244095
20
0.7533672440944882
11
0.7996461023622047
21
0.7543440551181102
0
LINE
8
BLACK
6
CONTINUOUS
10
0.7996461023622047
20
0.7543440551181102
11
0.8023773622047244
21
0.7537499212598425
0
LINE
8
BLACK
6
CONTINUOUS
10
0.8023773622047244
20
0.7537499212598425
11
0.8029727952755905
21
0.7533672440944882
0
LINE
8
BLACK
6
CONTINUOUS
10
0.8029727952755905
20
0.7533672440944882
11
0.8078067716535433
21
0.7497485039370079
0
LINE
8
BLACK
6
CONTINUOUS
10
0.8078067716535433
20
0.7497485039370079
11
0.807806968503937
21
0.7497484251968504
0
LINE
8
BLACK
6
CONTINUOUS
10
0.807806968503937
20
0.7497484251968504
11
0.8132005905511811
21
0.7477366535433071
0
LINE
8
BLACK
6
CONTINUOUS
10
0.8132005905511811
20
0.7477366535433071
11
0.813200905511811
21
0.7477365748031496
0
LINE
8
BLACK
6
CONTINUOUS
10
0.813200905511811
20
0.7477365748031496
11
0.8155846456692913
21
0.7474803149606299
0
LINE
8
BLACK
6
CONTINUOUS
10
0.8155846456692913
20
0.7474803149606299
11
0.8155851181102362
21
0.7474803149606299
0
LINE
8
BLACK
6
CONTINUOUS
10
0.8155851181102362
20
0.7474803149606299
11
0.8844153149606299
21
0.7474803149606299
0
LINE
8
BLACK
6
CONTINUOUS
10
0.8844153149606299
20
0.7474803149606299
11
0.8867990551181102
21
0.7477365748031496
0
LINE
8
BLACK
6
CONTINUOUS
10
0.8867990551181102
20
0.7477365748031496
11
0.8867993700787401
21
0.7477366535433071
0
LINE
8
BLACK
6
CONTINUOUS
10
0.8867993700787401
20
0.7477366535433071
11
0.8921929921259842
21
0.7497484251968504
0
LINE
8
BLACK
6
CONTINUOUS
10
0.8921929921259842
20
0.7497484251968504
11
0.8921931889763779
21
0.7497485039370079
0
LINE
8
BLACK
6
CONTINUOUS
10
0.8921931889763779
20
0.7497485039370079
11
0.8970272047244094
21
0.7533672440944882
0
LINE
8
BLACK
6
CONTINUOUS
10
0.8970272047244094
20
0.7533672440944882
11
0.8996461023622047
21
0.7543440551181102
0
LINE
8
BLACK
6
CONTINUOUS
10
0.8996461023622047
20
0.7543440551181102
11
0.9023773622047244
21
0.7537499212598425
0
LINE
8
BLACK
6
CONTINUOUS
10
0.9023773622047244
20
0.7537499212598425
11
0.9029727952755905
21
0.7533672440944882
0
LINE
8
BLACK
6
CONTINUOUS
10
0.9029727952755905
20
0.7533672440944882
11
0.9078067716535433
21
0.7497485039370079
0
LINE
8
BLACK
6
CONTINUOUS
10
0.9078067716535433
20
0.7497485039370079
11
0.9078069685039369
21
0.7497484251968504
0
LINE
8
BLACK
6
CONTINUOUS
10
0.9078069685039369
20
0.7497484251968504
11
0.9132005905511811
21
0.7477366535433071
0
LINE
8
BLACK
6
CONTINUOUS
10
0.9132005905511811
20
0.7477366535433071
11
0.913200905511811
21
0.7477365748031496
0
LINE
8
BLACK
6
CONTINUOUS
10
0.913200905511811
20
0.7477365748031496
11
0.9155846456692913
21
0.7474803149606299
0
LINE
8
BLACK
6
CONTINUOUS
10
0.9155846456692913
20
0.7474803149606299
11
0.9155851181102362
21
0.7474803149606299
0
LINE
8
BLACK
6
CONTINUOUS
10
0.9155851181102362
20
0.7474803149606299
11
0.98441531496063
21
0.7474803149606299
0
LINE
8
BLACK
6
CONTINUOUS
10
0.98441531496063
20
0.7474803149606299
11
0.9867990551181102
21
0.7477365748031496
0
LINE
8
BLACK
6
CONTINUOUS
10
0.9867990551181102
20
0.7477365748031496
11
0.9867993700787402
21
0.7477366535433071
0
LINE
8
BLACK
6
CONTINUOUS
10
0.9867993700787402
20
0.7477366535433071
11
0.9921929921259842
21
0.7497484251968504
0
LINE
8
BLACK
6
CONTINUOUS
10
0.9921929921259842
20
0.7497484251968504
11
0.992193188976378
21
0.7497485039370079
0
LINE
8
BLACK
6
CONTINUOUS
10
0.992193188976378
20
0.7497485039370079
11
0.9970272047244094
21
0.7533672440944882
0
LINE
8
BLACK
6
CONTINUOUS
10
0.9970272047244094
20
0.7533672440944882
11
0.9996461023622047
21
0.7543440551181102
0
LINE
8
BLACK
6
CONTINUOUS
10
0.9996461023622047
20
0.7543440551181102
11
1.0023773622047243
21
0.7537499212598425
0
LINE
8
BLACK
6
CONTINUOUS
10
1.0023773622047243
20
0.7537499212598425
11
1.0029727952755905
21
0.7533672440944882
0
LINE
8
BLACK
6
CONTINUOUS
10
1.0029727952755905
20
0.7533672440944882
11
1.0078067716535433
21
0.7497485039370079
0
LINE
8
BLACK
6
CONTINUOUS
10
1.0078067716535433
20
0.7497485039370079
11
1.007806968503937
21
0.7497484251968504
0
LINE
8
BLACK
6
CONTINUOUS
10
1.007806968503937
20
0.7497484251968504
11
1.0132005905511812
21
0.7477366535433071
0
LINE
8
BLACK
6
CONTINUOUS
10
1.0132005905511812
20
0.7477366535433071
11
1.013200905511811
21
0.7477365748031496
0
LINE
8
BLACK
6
CONTINUOUS
10
1.013200905511811
20
0.7477365748031496
11
1.0155846456692914
21
0.7474803149606299
0
LINE
8
BLACK
6
CONTINUOUS
10
1.0155846456692914
20
0.7474803149606299
11
1.0155851181102362
21
0.7474803149606299
0
LINE
8
BLACK
6
CONTINUOUS
10
1.0155851181102362
20
0.7474803149606299
11
1.0844153149606299
21
0.7474803149606299
0
LINE
8
BLACK
6
CONTINUOUS
10
1.0844153149606299
20
0.7474803149606299
11
1.0867990551181101
21
0.7477365748031496
0
LINE
8
BLACK
6
CONTINUOUS
10
1.0867990551181101
20
0.7477365748031496
11
1.0867993700787402
21
0.7477366535433071
0
LINE
8
BLACK
6
CONTINUOUS
10
1.0867993700787402
20
0.7477366535433071
11
1.0921929921259843
21
0.7497484251968504
0
LINE
8
BLACK
6
CONTINUOUS
10
1.0921929921259843
20
0.7497484251968504
11
1.0921931889763778
21
0.7497485039370079
0
LINE
8
BLACK
6
CONTINUOUS
10
1.0921931889763778
20
0.7497485039370079
11
1.0970272047244094
21
0.7533672440944882
0
LINE
8
BLACK
6
CONTINUOUS
10
1.0970272047244094
20
0.7533672440944882
11
1.0996461023622046
21
0.7543440551181102
0
LINE
8
BLACK
6
CONTINUOUS
10
1.0996461023622046
20
0.7543440551181102
11
1.1023773622047244
21
0.7537499212598425
0
LINE
8
BLACK
6
CONTINUOUS
10
1.1023773622047244
20
0.7537499212598425
11
1.1029727952755906
21
0.7533672440944882
0
LINE
8
BLACK
6
CONTINUOUS
10
1.1029727952755906
20
0.7533672440944882
11
1.1078067716535434
21
0.7497485039370079
0
LINE
8
BLACK
6
CONTINUOUS
10
1.1078067716535434
20
0.7497485039370079
11
1.1078069685039369
21
0.7497484251968504
0
LINE
8
BLACK
6
CONTINUOUS
10
1.1078069685039369
20
0.7497484251968504
11
1.113200590551181
21
0.7477366535433071
0
LINE
8
BLACK
6
CONTINUOUS
10
1.113200590551181
20
0.7477366535433071
11
1.1132009055118111
21
0.7477365748031496
0
LINE
8
BLACK
6
CONTINUOUS
10
1.1132009055118111
20
0.7477365748031496
11
1.1155846456692913
21
0.7474803149606299
0
LINE
8
BLACK
6
CONTINUOUS
10
1.1155846456692913
20
0.7474803149606299
11
1.1155851181102361
21
0.7474803149606299
0
LINE
8
BLACK
6
CONTINUOUS
10
1.1155851181102361
20
0.7474803149606299
11
1.1844153149606298
21
0.7474803149606299
0
LINE
8
BLACK
6
CONTINUOUS
10
1.1844153149606298
20
0.7474803149606299
11
1.1867990551181102
21
0.7477365748031496
0
LINE
8
BLACK
6
CONTINUOUS
10
1.1867990551181102
20
0.7477365748031496
11
1.18679937007874
21
0.7477366535433071
0
LINE
8
BLACK
6
CONTINUOUS
10
1.18679937007874
20
0.7477366535433071
11
1.1921929921259842
21
0.7497484251968504
0
LINE
8
BLACK
6
CONTINUOUS
10
1.1921929921259842
20
0.7497484251968504
11
1.1921931889763779
21
0.7497485039370079
0
LINE
8
BLACK
6
CONTINUOUS
10
1.1921931889763779
20
0.7497485039370079
11
1.1968016141732283
21
0.7531983464566929
0
LINE
8
BLACK
6
CONTINUOUS
10
1.1968016141732283
20
0.7531983464566929
11
1.2002514566929134
21
0.7578067716535433
0
LINE
8
BLACK
6
CONTINUOUS
10
1.2002514566929134
20
0.7578067716535433
11
1.2002515354330709
21
0.757806968503937
0
LINE
8
BLACK
6
CONTINUOUS
10
1.2002515354330709
20
0.757806968503937
11
1.2007943307086615
21
0.7592621653543307
0
LINE
8
BLACK
6
CONTINUOUS
10
1.2007943307086615
20
0.7592621653543307
11
1.2021514960629922
21
0.7629008661417322
0
LINE
8
BLACK
6
CONTINUOUS
10
1.2021514960629922
20
0.7629008661417322
11
1.2022633070866142
21
0.7632005905511811
0
LINE
8
BLACK
6
CONTINUOUS
10
1.2022633070866142
20
0.7632005905511811
11
1.2022633858267717
21
0.763200905511811
0
LINE
8
BLACK
6
CONTINUOUS
10
1.2022633858267717
20
0.763200905511811
11
1.2025196456692913
21
0.7655846456692913
0
LINE
8
BLACK
6
CONTINUOUS
10
1.2025196456692913
20
0.7655846456692913
11
1.20251968503937
21
0.7655853149606299
0
LINE
8
BLACK
6
CONTINUOUS
10
1.20251968503937
20
0.7655853149606299
11
1.20251968503937
21
0.8344146456692914
0
LINE
8
BLACK
6
CONTINUOUS
10
1.20251968503937
20
0.8344146456692914
11
1.2025196456692913
21
0.8344153149606299
0
LINE
8
BLACK
6
CONTINUOUS
10
1.2025196456692913
20
0.8344153149606299
11
1.2022633858267717
21
0.8367990551181103
0
LINE
8
BLACK
6
CONTINUOUS
10
1.2022633858267717
20
0.8367990551181103
11
1.2022633070866142
21
0.8367993700787402
0
LINE
8
BLACK
6
CONTINUOUS
10
1.2022633070866142
20
0.8367993700787402
11
1.2019866141732283
21
0.8375411417322834
0
LINE
8
BLACK
6
CONTINUOUS
10
1.2019866141732283
20
0.8375411417322834
11
1.2002515354330709
21
0.8421930708661417
0
LINE
8
BLACK
6
CONTINUOUS
10
1.2002515354330709
20
0.8421930708661417
11
1.1968016141732283
21
0.8468016141732283
0
LINE
8
BLACK
6
CONTINUOUS
10
1.1968016141732283
20
0.8468016141732283
11
1.196801496062992
21
0.8468016929133858
0
LINE
8
BLACK
6
CONTINUOUS
10
1.196801496062992
20
0.8468016929133858
11
1.1966327165354331
21
0.8470271653543306
0
LINE
8
BLACK
6
CONTINUOUS
10
1.1966327165354331
20
0.8470271653543306
11
1.195655905511811
21
0.849646062992126
0
LINE
8
BLACK
6
CONTINUOUS
10
1.195655905511811
20
0.849646062992126
11
1.1962500393700788
21
0.8523773622047244
0
LINE
8
BLACK
6
CONTINUOUS
10
1.1962500393700788
20
0.8523773622047244
11
1.1966327165354331
21
0.8529728346456693
0
LINE
8
BLACK
6
CONTINUOUS
10
1.1966327165354331
20
0.8529728346456693
11
1.196801496062992
21
0.8531982677165354
0
LINE
8
BLACK
6
CONTINUOUS
10
1.196801496062992
20
0.8531982677165354
11
1.1968016141732283
21
0.8531983858267717
0
LINE
8
BLACK
6
CONTINUOUS
10
1.1968016141732283
20
0.8531983858267717
11
1.2002515354330709
21
0.8578069291338583
0
LINE
8
BLACK
6
CONTINUOUS
10
1.2002515354330709
20
0.8578069291338583
11
1.202263346456693
21
0.863200748031496
0
LINE
8
BLACK
6
CONTINUOUS
10
1.202263346456693
20
0.863200748031496
11
1.2022633858267717
21
0.8632009055118111
0
LINE
8
BLACK
6
CONTINUOUS
10
1.2022633858267717
20
0.8632009055118111
11
1.2025196456692913
21
0.8655846456692913
0
LINE
8
BLACK
6
CONTINUOUS
10
1.2025196456692913
20
0.8655846456692913
11
1.20251968503937
21
0.8655853149606298
0
LINE
8
BLACK
6
CONTINUOUS
10
1.20251968503937
20
0.8655853149606298
11
1.20251968503937
21
0.9344146456692913
0
LINE
8
BLACK
6
CONTINUOUS
10
1.20251968503937
20
0.9344146456692913
11
1.2025196456692913
21
0.9344153149606299
0
LINE
8
BLACK
6
CONTINUOUS
10
1.2025196456692913
20
0.9344153149606299
11
1.2022633858267717
21
0.9367990551181102
0
LINE
8
BLACK
6
CONTINUOUS
10
1.2022633858267717
20
0.9367990551181102
11
1.2022633070866142
21
0.9367993700787401
0
LINE
8
BLACK
6
CONTINUOUS
10
1.2022633070866142
20
0.9367993700787401
11
1.2019866141732283
21
0.9375411417322834
0
LINE
8
BLACK
6
CONTINUOUS
10
1.2019866141732283
20
0.9375411417322834
11
1.2002515354330709
21
0.9421930708661417
0
LINE
8
BLACK
6
CONTINUOUS
10
1.2002515354330709
20
0.9421930708661417
11
1.1968016141732283
21
0.9468016141732283
0
LINE
8
BLACK
6
CONTINUOUS
10
1.1968016141732283
20
0.9468016141732283
11
1.1921930708661417
21
0.9502515354330708
0
LINE
8
BLACK
6
CONTINUOUS
10
1.1921930708661417
20
0.9502515354330708
11
1.186799251968504
21
0.9522633464566929
0
LINE
8
BLACK
6
CONTINUOUS
10
1.186799251968504
20
0.9522633464566929
11
1.1867991732283465
21
0.9522633464566929
0
LINE
8
BLACK
6
CONTINUOUS
10
1.1867991732283465
20
0.9522633464566929
11
1.1867990551181102
21
0.9522633858267716
0
LINE
8
BLACK
6
CONTINUOUS
10
1.1867990551181102
20
0.9522633858267716
11
1.1844153149606298
21
0.9525196456692914
0
LINE
8
BLACK
6
CONTINUOUS
10
1.1844153149606298
20
0.9525196456692914
11
1.184415157480315
21
0.9525196456692914
0
LINE
8
BLACK
6
CONTINUOUS
10
1.184415157480315
20
0.9525196456692914
11
1.1844148818897637
21
0.95251968503937
0
LINE
8
BLACK
6
CONTINUOUS
10
1.1844148818897637
20
0.95251968503937
11
1.1155851181102361
21
0.95251968503937
0
LINE
8
BLACK
6
CONTINUOUS
10
1.1155851181102361
20
0.95251968503937
11
1.115584842519685
21
0.9525196456692914
0
LINE
8
BLACK
6
CONTINUOUS
10
1.115584842519685
20
0.9525196456692914
11
1.1155846456692913
21
0.9525196456692914
0
LINE
8
BLACK
6
CONTINUOUS
10
1.1155846456692913
20
0.9525196456692914
11
1.1132009055118111
21
0.9522633858267716
0
LINE
8
BLACK
6
CONTINUOUS
10
1.1132009055118111
20
0.9522633858267716
11
1.113200590551181
21
0.9522633070866141
0
LINE
8
BLACK
6
CONTINUOUS
10
1.113200590551181
20
0.9522633070866141
11
1.1101328740157481
21
0.9511190551181102
0
LINE
8
BLACK
6
CONTINUOUS
10
1.1101328740157481
20
0.9511190551181102
11
1.1078069291338581
21
0.9502515354330708
0
LINE
8
BLACK
6
CONTINUOUS
10
1.1078069291338581
20
0.9502515354330708
11
1.1031983858267715
21
0.9468016141732283
0
LINE
8
BLACK
6
CONTINUOUS
10
1.1031983858267715
20
0.9468016141732283
11
1.1031982677165355
21
0.9468014960629921
0
LINE
8
BLACK
6
CONTINUOUS
10
1.1031982677165355
20
0.9468014960629921
11
1.1029728346456693
21
0.946632716535433
0
LINE
8
BLACK
6
CONTINUOUS
10
1.1029728346456693
20
0.946632716535433
11
1.1003539370078741
21
0.945655905511811
0
LINE
8
BLACK
6
CONTINUOUS
10
1.1003539370078741
20
0.945655905511811
11
1.0976226377952756
21
0.9462500393700787
0
LINE
8
BLACK
6
CONTINUOUS
10
1.0976226377952756
20
0.9462500393700787
11
1.0970271653543306
21
0.946632716535433
0
LINE
8
BLACK
6
CONTINUOUS
10
1.0970271653543306
20
0.946632716535433
11
1.0968016929133857
21
0.9468014960629921
0
LINE
8
BLACK
6
CONTINUOUS
10
1.0968016929133857
20
0.9468014960629921
11
1.0968016141732284
21
0.9468016141732283
0
LINE
8
BLACK
6
CONTINUOUS
10
1.0968016141732284
20
0.9468016141732283
11
1.0921930708661418
21
0.9502515354330708
0
LINE
8
BLACK
6
CONTINUOUS
10
1.0921930708661418
20
0.9502515354330708
11
1.0867992519685039
21
0.9522633464566929
0
LINE
8
BLACK
6
CONTINUOUS
10
1.0867992519685039
20
0.9522633464566929
11
1.0867991732283464
21
0.9522633464566929
0
LINE
8
BLACK
6
CONTINUOUS
10
1.0867991732283464
20
0.9522633464566929
11
1.0867990551181101
21
0.9522633858267716
0
LINE
8
BLACK
6
CONTINUOUS
10
1.0867990551181101
20
0.9522633858267716
11
1.0844153149606299
21
0.9525196456692914
0
LINE
8
BLACK
6
CONTINUOUS
10
1.0844153149606299
20
0.9525196456692914
11
1.0844151574803149
21
0.9525196456692914
0
LINE
8
BLACK
6
CONTINUOUS
10
1.0844151574803149
20
0.9525196456692914
11
1.0844148818897636
21
0.95251968503937
0
LINE
8
BLACK
6
CONTINUOUS
10
1.0844148818897636
20
0.95251968503937
11
1.0155851181102362
21
0.95251968503937
0
LINE
8
BLACK
6
CONTINUOUS
10
1.0155851181102362
20
0.95251968503937
11
1.0155848425196849
21
0.9525196456692914
0
LINE
8
BLACK
6
CONTINUOUS
10
1.0155848425196849
20
0.9525196456692914
11
1.0155846456692914
21
0.9525196456692914
0
LINE
8
BLACK
6
CONTINUOUS
10
1.0155846456692914
20
0.9525196456692914
11
1.013200905511811
21
0.9522633858267716
0
LINE
8
BLACK
6
CONTINUOUS
10
1.013200905511811
20
0.9522633858267716
11
1.0132005905511812
21
0.9522633070866141
0
LINE
8
BLACK
6
CONTINUOUS
10
1.0132005905511812
20
0.9522633070866141
11
1.010132874015748
21
0.9511190551181102
0
LINE
8
BLACK
6
CONTINUOUS
10
1.010132874015748
20
0.9511190551181102
11
1.0078069291338583
21
0.9502515354330708
0
LINE
8
BLACK
6
CONTINUOUS
10
1.0078069291338583
20
0.9502515354330708
11
1.0031983858267717
21
0.9468016141732283
0
LINE
8
BLACK
6
CONTINUOUS
10
1.0031983858267717
20
0.9468016141732283
11
1.0031982677165354
21
0.9468014960629921
0
LINE
8
BLACK
6
CONTINUOUS
10
1.0031982677165354
20
0.9468014960629921
11
1.0029728346456692
21
0.946632716535433
0
LINE
8
BLACK
6
CONTINUOUS
10
1.0029728346456692
20
0.946632716535433
11
1.000353937007874
21
0.945655905511811
0
LINE
8
BLACK
6
CONTINUOUS
10
1.000353937007874
20
0.945655905511811
11
0.9976226377952756
21
0.9462500393700787
0
LINE
8
BLACK
6
CONTINUOUS
10
0.9976226377952756
20
0.9462500393700787
11
0.9970271653543307
21
0.946632716535433
0
LINE
8
BLACK
6
CONTINUOUS
10
0.9970271653543307
20
0.946632716535433
11
0.9968016929133858
21
0.9468014960629921
0
LINE
8
BLACK
6
CONTINUOUS
10
0.9968016929133858
20
0.9468014960629921
11
0.9968016141732283
21
0.9468016141732283
0
LINE
8
BLACK
6
CONTINUOUS
10
0.9968016141732283
20
0.9468016141732283
11
0.9921930708661417
21
0.9502515354330708
0
LINE
8
BLACK
6
CONTINUOUS
10
0.9921930708661417
20
0.9502515354330708
11
0.9867992519685039
21
0.9522633464566929
0
LINE
8
BLACK
6
CONTINUOUS
10
0.9867992519685039
20
0.9522633464566929
11
0.9867991732283464
21
0.9522633464566929
0
LINE
8
BLACK
6
CONTINUOUS
10
0.9867991732283464
20
0.9522633464566929
11
0.9867990551181102
21
0.9522633858267716
0
LINE
8
BLACK
6
CONTINUOUS
10
0.9867990551181102
20
0.9522633858267716
11
0.98441531496063
21
0.9525196456692914
0
LINE
8
BLACK
6
CONTINUOUS
10
0.98441531496063
20
0.9525196456692914
11
0.9844151574803149
21
0.9525196456692914
0
LINE
8
BLACK
6
CONTINUOUS
10
0.9844151574803149
20
0.9525196456692914
11
0.9844148818897638
21
0.95251968503937
0
LINE
8
BLACK
6
CONTINUOUS
10
0.9844148818897638
20
0.95251968503937
11
0.9155851181102362
21
0.95251968503937
0
LINE
8
BLACK
6
CONTINUOUS
10
0.9155851181102362
20
0.95251968503937
11
0.915584842519685
21
0.9525196456692914
0
LINE
8
BLACK
6
CONTINUOUS
10
0.915584842519685
20
0.9525196456692914
11
0.9155846456692913
21
0.9525196456692914
0
LINE
8
BLACK
6
CONTINUOUS
10
0.9155846456692913
20
0.9525196456692914
11
0.913200905511811
21
0.9522633858267716
0
LINE
8
BLACK
6
CONTINUOUS
10
0.913200905511811
20
0.9522633858267716
11
0.9132005905511811
21
0.9522633070866141
0
LINE
8
BLACK
6
CONTINUOUS
10
0.9132005905511811
20
0.9522633070866141
11
0.9101328740157481
21
0.9511190551181102
0
LINE
8
BLACK
6
CONTINUOUS
10
0.9101328740157481
20
0.9511190551181102
11
0.9078069291338583
21
0.9502515354330708
0
LINE
8
BLACK
6
CONTINUOUS
10
0.9078069291338583
20
0.9502515354330708
11
0.9031983858267716
21
0.9468016141732283
0
LINE
8
BLACK
6
CONTINUOUS
10
0.9031983858267716
20
0.9468016141732283
11
0.9031982677165354
21
0.9468014960629921
0
LINE
8
BLACK
6
CONTINUOUS
10
0.9031982677165354
20
0.9468014960629921
11
0.9029728346456692
21
0.946632716535433
0
LINE
8
BLACK
6
CONTINUOUS
10
0.9029728346456692
20
0.946632716535433
11
0.900353937007874
21
0.945655905511811
0
LINE
8
BLACK
6
CONTINUOUS
10
0.900353937007874
20
0.945655905511811
11
0.8976226377952756
21
0.9462500393700787
0
LINE
8
BLACK
6
CONTINUOUS
10
0.8976226377952756
20
0.9462500393700787
11
0.8970271653543307
21
0.946632716535433
0
LINE
8
BLACK
6
CONTINUOUS
10
0.8970271653543307
20
0.946632716535433
11
0.8968016929133859
21
0.9468014960629921
0
LINE
8
BLACK
6
CONTINUOUS
10
0.8968016929133859
20
0.9468014960629921
11
0.8968016141732283
21
0.9468016141732283
0
LINE
8
BLACK
6
CONTINUOUS
10
0.8968016141732283
20
0.9468016141732283
11
0.8921930708661417
21
0.9502515354330708
0
LINE
8
BLACK
6
CONTINUOUS
10
0.8921930708661417
20
0.9502515354330708
11
0.886799251968504
21
0.9522633464566929
0
LINE
8
BLACK
6
CONTINUOUS
10
0.886799251968504
20
0.9522633464566929
11
0.8867991732283464
21
0.9522633464566929
0
LINE
8
BLACK
6
CONTINUOUS
10
0.8867991732283464
20
0.9522633464566929
11
0.8867990551181102
21
0.9522633858267716
0
LINE
8
BLACK
6
CONTINUOUS
10
0.8867990551181102
20
0.9522633858267716
11
0.8844153149606299
21
0.9525196456692914
0
LINE
8
BLACK
6
CONTINUOUS
10
0.8844153149606299
20
0.9525196456692914
11
0.884415157480315
21
0.9525196456692914
0
LINE
8
BLACK
6
CONTINUOUS
10
0.884415157480315
20
0.9525196456692914
11
0.8844148818897638
21
0.95251968503937
0
LINE
8
BLACK
6
CONTINUOUS
10
0.8844148818897638
20
0.95251968503937
11
0.8155851181102362
21
0.95251968503937
0
LINE
8
BLACK
6
CONTINUOUS
10
0.8155851181102362
20
0.95251968503937
11
0.815584842519685
21
0.9525196456692914
0
LINE
8
BLACK
6
CONTINUOUS
10
0.815584842519685
20
0.9525196456692914
11
0.8155846456692913
21
0.9525196456692914
0
LINE
8
BLACK
6
CONTINUOUS
10
0.8155846456692913
20
0.9525196456692914
11
0.813200905511811
21
0.9522633858267716
0
LINE
8
BLACK
6
CONTINUOUS
10
0.813200905511811
20
0.9522633858267716
11
0.8132005905511811
21
0.9522633070866141
0
LINE
8
BLACK
6
CONTINUOUS
10
0.8132005905511811
20
0.9522633070866141
11
0.810132874015748
21
0.9511190551181102
0
LINE
8
BLACK
6
CONTINUOUS
10
0.810132874015748
20
0.9511190551181102
11
0.8078069291338582
21
0.9502515354330708
0
LINE
8
BLACK
6
CONTINUOUS
10
0.8078069291338582
20
0.9502515354330708
11
0.8031983858267716
21
0.9468016141732283
0
LINE
8
BLACK
6
CONTINUOUS
10
0.8031983858267716
20
0.9468016141732283
11
0.8031982677165355
21
0.9468014960629921
0
LINE
8
BLACK
6
CONTINUOUS
10
0.8031982677165355
20
0.9468014960629921
11
0.8029728346456693
21
0.946632716535433
0
LINE
8
BLACK
6
CONTINUOUS
10
0.8029728346456693
20
0.946632716535433
11
0.8003539370078741
21
0.945655905511811
0
LINE
8
BLACK
6
CONTINUOUS
10
0.8003539370078741
20
0.945655905511811
11
0.7976226377952755
21
0.9462500393700787
0
LINE
8
BLACK
6
CONTINUOUS
10
0.7976226377952755
20
0.9462500393700787
11
0.7970271653543307
21
0.946632716535433
0
LINE
8
BLACK
6
CONTINUOUS
10
0.7970271653543307
20
0.946632716535433
11
0.7968016929133858
21
0.9468014960629921
0
LINE
8
BLACK
6
CONTINUOUS
10
0.7968016929133858
20
0.9468014960629921
11
0.7968016141732284
21
0.9468016141732283
0
LINE
8
BLACK
6
CONTINUOUS
10
0.7968016141732284
20
0.9468016141732283
11
0.7921930708661418
21
0.9502515354330708
0
LINE
8
BLACK
6
CONTINUOUS
10
0.7921930708661418
20
0.9502515354330708
11
0.7867992519685039
21
0.9522633464566929
0
LINE
8
BLACK
6
CONTINUOUS
10
0.7867992519685039
20
0.9522633464566929
11
0.7867991732283465
21
0.9522633464566929
0
LINE
8
BLACK
6
CONTINUOUS
10
0.7867991732283465
20
0.9522633464566929
11
0.7867990551181102
21
0.9522633858267716
0
LINE
8
BLACK
6
CONTINUOUS
10
0.7867990551181102
20
0.9522633858267716
11
0.7844153149606299
21
0.9525196456692914
0
LINE
8
BLACK
6
CONTINUOUS
10
0.7844153149606299
20
0.9525196456692914
11
0.784415157480315
21
0.9525196456692914
0
LINE
8
BLACK
6
CONTINUOUS
10
0.784415157480315
20
0.9525196456692914
11
0.7844148818897637
21
0.95251968503937
0
LINE
8
BLACK
6
CONTINUOUS
10
0.7844148818897637
20
0.95251968503937
11
0.7155851181102362
21
0.95251968503937
0
LINE
8
BLACK
6
CONTINUOUS
10
0.7155851181102362
20
0.95251968503937
11
0.715584842519685
21
0.9525196456692914
0
LINE
8
BLACK
6
CONTINUOUS
10
0.715584842519685
20
0.9525196456692914
11
0.7155846456692914
21
0.9525196456692914
0
LINE
8
BLACK
6
CONTINUOUS
10
0.7155846456692914
20
0.9525196456692914
11
0.713200905511811
21
0.9522633858267716
0
LINE
8
BLACK
6
CONTINUOUS
10
0.713200905511811
20
0.9522633858267716
11
0.7132005905511811
21
0.9522633070866141
0
LINE
8
BLACK
6
CONTINUOUS
10
0.7132005905511811
20
0.9522633070866141
11
0.710132874015748
21
0.9511190551181102
0
LINE
8
BLACK
6
CONTINUOUS
10
0.710132874015748
20
0.9511190551181102
11
0.7078069291338582
21
0.9502515354330708
0
LINE
8
BLACK
6
CONTINUOUS
10
0.7078069291338582
20
0.9502515354330708
11
0.7031983858267716
21
0.9468016141732283
0
LINE
8
BLACK
6
CONTINUOUS
10
0.7031983858267716
20
0.9468016141732283
11
0.7031982677165354
21
0.9468014960629921
0
LINE
8
BLACK
6
CONTINUOUS
10
0.7031982677165354
20
0.9468014960629921
11
0.7029728346456693
21
0.946632716535433
0
LINE
8
BLACK
6
CONTINUOUS
10
0.7029728346456693
20
0.946632716535433
11
0.700353937007874
21
0.945655905511811
0
LINE
8
BLACK
6
CONTINUOUS
10
0.700353937007874
20
0.945655905511811
11
0.6976226377952756
21
0.9462500393700787
0
LINE
8
BLACK
6
CONTINUOUS
10
0.6976226377952756
20
0.9462500393700787
11
0.6970271653543307
21
0.946632716535433
0
LINE
8
BLACK
6
CONTINUOUS
10
0.6970271653543307
20
0.946632716535433
11
0.6968016929133858
21
0.9468014960629921
0
LINE
8
BLACK
6
CONTINUOUS
10
0.6968016929133858
20
0.9468014960629921
11
0.6968016141732283
21
0.9468016141732283
0
LINE
8
BLACK
6
CONTINUOUS
10
0.6968016141732283
20
0.9468016141732283
11
0.6921930708661417
21
0.9502515354330708
0
LINE
8
BLACK
6
CONTINUOUS
10
0.6921930708661417
20
0.9502515354330708
11
0.6867992519685039
21
0.9522633464566929
0
LINE
8
BLACK
6
CONTINUOUS
10
0.6867992519685039
20
0.9522633464566929
11
0.6867991732283465
21
0.9522633464566929
0
LINE
8
BLACK
6
CONTINUOUS
10
0.6867991732283465
20
0.9522633464566929
11
0.6867990551181102
21
0.9522633858267716
0
LINE
8
BLACK
6
CONTINUOUS
10
0.6867990551181102
20
0.9522633858267716
11
0.6844153149606299
21
0.9525196456692914
0
LINE
8
BLACK
6
CONTINUOUS
10
0.6844153149606299
20
0.9525196456692914
11
0.6844151574803149
21
0.9525196456692914
0
LINE
8
BLACK
6
CONTINUOUS
10
0.6844151574803149
20
0.9525196456692914
11
0.6844148818897637
21
0.95251968503937
0
LINE
8
BLACK
6
CONTINUOUS
10
0.6844148818897637
20
0.95251968503937
11
0.6155851181102362
21
0.95251968503937
0
LINE
8
BLACK
6
CONTINUOUS
10
0.6155851181102362
20
0.95251968503937
11
0.615584842519685
21
0.9525196456692914
0
LINE
8
BLACK
6
CONTINUOUS
10
0.615584842519685
20
0.9525196456692914
11
0.6155846456692913
21
0.9525196456692914
0
LINE
8
BLACK
6
CONTINUOUS
10
0.6155846456692913
20
0.9525196456692914
11
0.6132009055118111
21
0.9522633858267716
0
LINE
8
BLACK
6
CONTINUOUS
10
0.6132009055118111
20
0.9522633858267716
11
0.613200590551181
21
0.9522633070866141
0
LINE
8
BLACK
6
CONTINUOUS
10
0.613200590551181
20
0.9522633070866141
11
0.610132874015748
21
0.9511190551181102
0
LINE
8
BLACK
6
CONTINUOUS
10
0.610132874015748
20
0.9511190551181102
11
0.6078069291338583
21
0.9502515354330708
0
LINE
8
BLACK
6
CONTINUOUS
10
0.6078069291338583
20
0.9502515354330708
11
0.6031983858267717
21
0.9468016141732283
0
LINE
8
BLACK
6
CONTINUOUS
10
0.6031983858267717
20
0.9468016141732283
11
0.6031982677165354
21
0.9468014960629921
0
LINE
8
BLACK
6
CONTINUOUS
10
0.6031982677165354
20
0.9468014960629921
11
0.6029728346456693
21
0.946632716535433
0
LINE
8
BLACK
6
CONTINUOUS
10
0.6029728346456693
20
0.946632716535433
11
0.600353937007874
21
0.945655905511811
0
LINE
8
BLACK
6
CONTINUOUS
10
0.600353937007874
20
0.945655905511811
11
0.5976226377952756
21
0.9462500393700787
0
LINE
8
BLACK
6
CONTINUOUS
10
0.5976226377952756
20
0.9462500393700787
11
0.5970271653543306
21
0.946632716535433
0
LINE
8
BLACK
6
CONTINUOUS
10
0.5970271653543306
20
0.946632716535433
11
0.5968016929133858
21
0.9468014960629921
0
LINE
8
BLACK
6
CONTINUOUS
10
0.5968016929133858
20
0.9468014960629921
11
0.5968016141732283
21
0.9468016141732283
0
LINE
8
BLACK
6
CONTINUOUS
10
0.5968016141732283
20
0.9468016141732283
11
0.5921930708661417
21
0.9502515354330708
0
LINE
8
BLACK
6
CONTINUOUS
10
0.5921930708661417
20
0.9502515354330708
11
0.5867992519685039
21
0.9522633464566929
0
LINE
8
BLACK
6
CONTINUOUS
10
0.5867992519685039
20
0.9522633464566929
11
0.5867991732283464
21
0.9522633464566929
0
LINE
8
BLACK
6
CONTINUOUS
10
0.5867991732283464
20
0.9522633464566929
11
0.5867990551181103
21
0.9522633858267716
0
LINE
8
BLACK
6
CONTINUOUS
10
0.5867990551181103
20
0.9522633858267716
11
0.5844153149606299
21
0.9525196456692914
0
LINE
8
BLACK
6
CONTINUOUS
10
0.5844153149606299
20
0.9525196456692914
11
0.5844151574803149
21
0.9525196456692914
0
LINE
8
BLACK
6
CONTINUOUS
10
0.5844151574803149
20
0.9525196456692914
11
0.5844148818897638
21
0.95251968503937
0
LINE
8
BLACK
6
CONTINUOUS
10
0.5844148818897638
20
0.95251968503937
11
0.5155851181102362
21
0.95251968503937
0
LINE
8
BLACK
6
CONTINUOUS
10
0.5155851181102362
20
0.95251968503937
11
0.5155848425196851
21
0.9525196456692914
0
LINE
8
BLACK
6
CONTINUOUS
10
0.5155848425196851
20
0.9525196456692914
11
0.5155846456692913
21
0.9525196456692914
0
LINE
8
BLACK
6
CONTINUOUS
10
0.5155846456692913
20
0.9525196456692914
11
0.513200905511811
21
0.9522633858267716
0
LINE
8
BLACK
6
CONTINUOUS
10
0.513200905511811
20
0.9522633858267716
11
0.5132005905511811
21
0.9522633070866141
0
LINE
8
BLACK
6
CONTINUOUS
10
0.5132005905511811
20
0.9522633070866141
11
0.510132874015748
21
0.9511190551181102
0
LINE
8
BLACK
6
CONTINUOUS
10
0.510132874015748
20
0.9511190551181102
11
0.5078069291338583
21
0.9502515354330708
0
LINE
8
BLACK
6
CONTINUOUS
10
0.5078069291338583
20
0.9502515354330708
11
0.5031983858267717
21
0.9468016141732283
0
LINE
8
BLACK
6
CONTINUOUS
10
0.5031983858267717
20
0.9468016141732283
11
0.5031982677165354
21
0.9468014960629921
0
LINE
8
BLACK
6
CONTINUOUS
10
0.5031982677165354
20
0.9468014960629921
11
0.5029728346456693
21
0.946632716535433
0
LINE
8
BLACK
6
CONTINUOUS
10
0.5029728346456693
20
0.946632716535433
11
0.500353937007874
21
0.945655905511811
0
LINE
8
BLACK
6
CONTINUOUS
10
0.500353937007874
20
0.945655905511811
11
0.4976226377952756
21
0.9462500393700787
0
LINE
8
BLACK
6
CONTINUOUS
10
0.4976226377952756
20
0.9462500393700787
11
0.4970271653543307
21
0.946632716535433
0
LINE
8
BLACK
6
CONTINUOUS
10
0.4970271653543307
20
0.946632716535433
11
0.4968016929133858
21
0.9468014960629921
0
LINE
8
BLACK
6
CONTINUOUS
10
0.4968016929133858
20
0.9468014960629921
11
0.4968016141732283
21
0.9468016141732283
0
LINE
8
BLACK
6
CONTINUOUS
10
0.4968016141732283
20
0.9468016141732283
11
0.4921930708661417
21
0.9502515354330708
0
LINE
8
BLACK
6
CONTINUOUS
10
0.4921930708661417
20
0.9502515354330708
11
0.4867992519685039
21
0.9522633464566929
0
LINE
8
BLACK
6
CONTINUOUS
10
0.4867992519685039
20
0.9522633464566929
11
0.4867991732283464
21
0.9522633464566929
0
LINE
8
BLACK
6
CONTINUOUS
10
0.4867991732283464
20
0.9522633464566929
11
0.4867990551181102
21
0.9522633858267716
0
LINE
8
BLACK
6
CONTINUOUS
10
0.4867990551181102
20
0.9522633858267716
11
0.4844153149606299
21
0.9525196456692914
0
LINE
8
BLACK
6
CONTINUOUS
10
0.4844153149606299
20
0.9525196456692914
11
0.4844151574803149
21
0.9525196456692914
0
LINE
8
BLACK
6
CONTINUOUS
10
0.4844151574803149
20
0.9525196456692914
11
0.4844148818897638
21
0.95251968503937
0
LINE
8
BLACK
6
CONTINUOUS
10
0.4844148818897638
20
0.95251968503937
11
0.4155851181102362
21
0.95251968503937
0
LINE
8
BLACK
6
CONTINUOUS
10
0.4155851181102362
20
0.95251968503937
11
0.4155111811023622
21
0.9525117322834645
0
LINE
8
BLACK
6
CONTINUOUS
10
0.4155111811023622
20
0.9525117322834645
11
0.4154941732283464
21
0.9525147637795275
0
LINE
8
BLACK
6
CONTINUOUS
10
0.4154941732283464
20
0.9525147637795275
11
0.4154523228346457
21
0.9525125590551181
0
LINE
8
BLACK
6
CONTINUOUS
10
0.4154523228346457
20
0.9525125590551181
11
0.4154517716535433
21
0.9525224409448819
0
LINE
8
BLACK
6
CONTINUOUS
10
0.4154517716535433
20
0.9525224409448819
11
0.4127604330708661
21
0.9530076377952755
0
LINE
8
BLACK
6
CONTINUOUS
10
0.4127604330708661
20
0.9530076377952755
11
0.4107144094488189
21
0.9549120472440945
0
LINE
8
BLACK
6
CONTINUOUS
10
0.4107144094488189
20
0.9549120472440945
11
0.4100196850393701
21
0.9574438582677165
0
LINE
8
BLACK
6
CONTINUOUS
10
0.4100196850393701
20
0.9574438582677165
11
0.4100196850393701
21
1.055661535433071
0
LINE
8
BLACK
6
CONTINUOUS
10
0.4100196850393701
20
1.055661535433071
11
0.4108071653543307
21
1.0583434645669292
0
LINE
8
BLACK
6
CONTINUOUS
10
0.4108071653543307
20
1.0583434645669292
11
0.4111456299212599
21
1.0588084251968504
0
LINE
8
BLACK
6
CONTINUOUS
10
0.4111456299212599
20
1.0588084251968504
11
0.4113473228346456
21
1.0590542125984252
0
LINE
8
BLACK
6
CONTINUOUS
10
0.4113473228346456
20
1.0590542125984252
11
0.4148312992125984
21
1.0655722047244094
0
LINE
8
BLACK
6
CONTINUOUS
10
0.4148312992125984
20
1.0655722047244094
11
0.4148313779527559
21
1.0655723622047244
0
LINE
8
BLACK
6
CONTINUOUS
10
0.4148313779527559
20
1.0655723622047244
11
0.4169768110236221
21
1.0726448425196851
0
LINE
8
BLACK
6
CONTINUOUS
10
0.4169768110236221
20
1.0726448425196851
11
0.4169768110236221
21
1.0726449212598426
0
LINE
8
BLACK
6
CONTINUOUS
10
0.4169768110236221
20
1.0726449212598426
11
0.4169768503937008
21
1.0726450393700788
0
LINE
8
BLACK
6
CONTINUOUS
10
0.4169768503937008
20
1.0726450393700788
11
0.4169768503937008
21
1.0726451181102361
0
LINE
8
BLACK
6
CONTINUOUS
10
0.4169768503937008
20
1.0726451181102361
11
0.417701220472441
21
1.0799998425196851
0
LINE
8
BLACK
6
CONTINUOUS
10
0.417701220472441
20
1.0799998425196851
11
0.417701220472441
21
1.0800001181102361
0
LINE
8
BLACK
6
CONTINUOUS
10
0.417701220472441
20
1.0800001181102361
11
0.4169768503937008
21
1.0873548425196851
0
LINE
8
BLACK
6
CONTINUOUS
10
0.4169768503937008
20
1.0873548425196851
11
0.4169768503937008
21
1.0873549212598426
0
LINE
8
BLACK
6
CONTINUOUS
10
0.4169768503937008
20
1.0873549212598426
11
0.4169768110236221
21
1.0873549606299213
0
LINE
8
BLACK
6
CONTINUOUS
10
0.4169768110236221
20
1.0873549606299213
11
0.4169768110236221
21
1.0873551574803149
0
LINE
8
BLACK
6
CONTINUOUS
10
0.4169768110236221
20
1.0873551574803149
11
0.4148313779527559
21
1.0944276377952755
0
LINE
8
BLACK
6
CONTINUOUS
10
0.4148313779527559
20
1.0944276377952755
11
0.4113474015748032
21
1.1009456692913386
0
LINE
8
BLACK
6
CONTINUOUS
10
0.4113474015748032
20
1.1009456692913386
11
0.406658779527559
21
1.1066587795275591
0
LINE
8
BLACK
6
CONTINUOUS
10
0.406658779527559
20
1.1066587795275591
11
0.4009456692913386
21
1.1113474015748031
0
LINE
8
BLACK
6
CONTINUOUS
10
0.4009456692913386
20
1.1113474015748031
11
0.3944276377952756
21
1.1148313779527559
0
LINE
8
BLACK
6
CONTINUOUS
10
0.3944276377952756
20
1.1148313779527559
11
0.387355157480315
21
1.116976811023622
0
LINE
8
BLACK
6
CONTINUOUS
10
0.387355157480315
20
1.116976811023622
11
0.3873549212598425
21
1.116976811023622
0
LINE
8
BLACK
6
CONTINUOUS
10
0.3873549212598425
20
1.116976811023622
11
0.3873548818897637
21
1.1169768503937008
0
LINE
8
BLACK
6
CONTINUOUS
10
0.3873548818897637
20
1.1169768503937008
11
0.3800001181102362
21
1.117701220472441
0
LINE
8
BLACK
6
CONTINUOUS
10
0.3800001181102362
20
1.117701220472441
11
0.3799998818897637
21
1.117701220472441
0
LINE
8
BLACK
6
CONTINUOUS
10
0.3799998818897637
20
1.117701220472441
11
0.3726451181102362
21
1.1169768503937008
0
LINE
8
BLACK
6
CONTINUOUS
10
0.0975
20
0.04
11
0.0975
21
0.0155866929133858
0
LINE
8
BLACK
6
CONTINUOUS
10
0.0975
20
0.0155866929133858
11
0.0977561023622047
21
0.0132049606299213
0
LINE
8
BLACK
6
CONTINUOUS
10
0.0977561023622047
20
0.0132049606299213
11
0.0997659448818898
21
0.0078163385826772
0
LINE
8
BLACK
6
CONTINUOUS
10
0.0997659448818898
20
0.0078163385826772
11
0.0997659448818898
21
0.0078162992125984
0
LINE
8
BLACK
6
CONTINUOUS
10
0.0997659448818898
20
0.0078162992125984
11
0.1032124015748031
21
0.0032124015748031
0
LINE
8
BLACK
6
CONTINUOUS
10
0.1032124015748031
20
0.0032124015748031
11
0.1078162992125984
21
-0.0002340157480315
0
LINE
8
BLACK
6
CONTINUOUS
10
0.1078162992125984
20
-0.0002340157480315
11
0.1132049606299213
21
-0.0022438582677165
0
LINE
8
BLACK
6
CONTINUOUS
10
0.1132049606299213
20
-0.0022438582677165
11
0.1155866929133858
21
-0.0024999606299213
0
LINE
8
BLACK
6
CONTINUOUS
10
0.1155866929133858
20
-0.0024999606299213
11
0.1155872047244094
21
-0.0025
0
LINE
8
BLACK
6
CONTINUOUS
10
0.1155872047244094
20
-0.0025
11
0.14
21
-0.0025
0
LINE
8
BLACK
6
CONTINUOUS
10
0.14
20
-0.0025
11
0.14
21
0.0175
0
LINE
8
BLACK
6
CONTINUOUS
10
0.14
20
0.0175
11
0.1175
21
0.0175
0
LINE
8
BLACK
6
CONTINUOUS
10
0.1175
20
0.0175
11
0.1175
21
0.04
0
LINE
8
BLACK
6
CONTINUOUS
10
0.1175
20
0.04
11
0.0975
21
0.04
0
LINE
8
BLACK
6
CONTINUOUS
10
0.1825
20
0.04
11
0.1825
21
0.0175
0
LINE
8
BLACK
6
CONTINUOUS
10
0.1825
20
0.0175
11
0.16
21
0.0175
0
LINE
8
BLACK
6
CONTINUOUS
10
0.16
20
0.0175
11
0.16
21
-0.0025
0
LINE
8
BLACK
6
CONTINUOUS
10
0.16
20
-0.0025
11
0.1844127952755905
21
-0.0025
0
LINE
8
BLACK
6
CONTINUOUS
10
0.1844127952755905
20
-0.0025
11
0.1844132677165354
21
-0.0024999606299213
0
LINE
8
BLACK
6
CONTINUOUS
10
0.1844132677165354
20
-0.0024999606299213
11
0.186795
21
-0.0022438582677165
0
LINE
8
BLACK
6
CONTINUOUS
10
0.186795
20
-0.0022438582677165
11
0.1921835826771653
21
-0.0002340551181102
0
LINE
8
BLACK
6
CONTINUOUS
10
0.1921835826771653
20
-0.0002340551181102
11
0.1970271653543307
21
0.0033918503937008
0
LINE
8
BLACK
6
CONTINUOUS
10
0.1970271653543307
20
0.0033918503937008
11
0.199646062992126
21
0.0043686614173228
0
LINE
8
BLACK
6
CONTINUOUS
10
0.199646062992126
20
0.0043686614173228
11
0.2023773622047244
21
0.0037745275590551
0
LINE
8
BLACK
6
CONTINUOUS
10
0.2023773622047244
20
0.0037745275590551
11
0.2029728346456693
21
0.0033918503937008
0
LINE
8
BLACK
6
CONTINUOUS
10
0.2029728346456693
20
0.0033918503937008
11
0.2078163779527559
21
-0.0002340551181102
0
LINE
8
BLACK
6
CONTINUOUS
10
0.2078163779527559
20
-0.0002340551181102
11
0.2132049606299213
21
-0.0022438582677165
0
LINE
8
BLACK
6
CONTINUOUS
10
0.2132049606299213
20
-0.0022438582677165
11
0.2155866929133858
21
-0.0024999606299213
0
LINE
8
BLACK
6
CONTINUOUS
10
0.2155866929133858
20
-0.0024999606299213
11
0.2155872047244095
21
-0.0025
0
LINE
8
BLACK
6
CONTINUOUS
10
0.2155872047244095
20
-0.0025
11
0.24
21
-0.0025
0
LINE
8
BLACK
6
CONTINUOUS
10
0.24
20
-0.0025
11
0.24
21
0.0175
0
LINE
8
BLACK
6
CONTINUOUS
10
0.24
20
0.0175
11
0.2175
21
0.0175
0
LINE
8
BLACK
6
CONTINUOUS
10
0.2175
20
0.0175
11
0.2175
21
0.04
0
LINE
8
BLACK
6
CONTINUOUS
10
0.2175
20
0.04
11
0.1825
21
0.04
0
LINE
8
BLACK
6
CONTINUOUS
10
0.2825
20
0.0175
11
0.26
21
0.0175
0
LINE
8
BLACK
6
CONTINUOUS
10
0.26
20
0.0175
11
0.26
21
-0.0025
0
LINE
8
BLACK
6
CONTINUOUS
10
0.26
20
-0.0025
11
0.2844127952755905
21
-0.0025
0
LINE
8
BLACK
6
CONTINUOUS
10
0.2844127952755905
20
-0.0025
11
0.2844132677165354
21
-0.0024999606299213
0
LINE
8
BLACK
6
CONTINUOUS
10
0.2844132677165354
20
-0.0024999606299213
11
0.286795
21
-0.0022438582677165
0
LINE
8
BLACK
6
CONTINUOUS
10
0.286795
20
-0.0022438582677165
11
0.2921836220472441
21
-0.0002340157480315
0
LINE
8
BLACK
6
CONTINUOUS
10
0.2921836220472441
20
-0.0002340157480315
11
0.2921836614173228
21
-0.0002340157480315
0
LINE
8
BLACK
6
CONTINUOUS
10
0.2921836614173228
20
-0.0002340157480315
11
0.2967875590551181
21
0.0032124015748031
0
LINE
8
BLACK
6
CONTINUOUS
10
0.2967875590551181
20
0.0032124015748031
11
0.3002340157480315
21
0.0078162992125984
0
LINE
8
BLACK
6
CONTINUOUS
10
0.3002340157480315
20
0.0078162992125984
11
0.3002340157480315
21
0.0078163385826772
0
LINE
8
BLACK
6
CONTINUOUS
10
0.3002340157480315
20
0.0078163385826772
11
0.3022438582677165
21
0.0132049606299213
0
LINE
8
BLACK
6
CONTINUOUS
10
0.3022438582677165
20
0.0132049606299213
11
0.3024999606299212
21
0.0155866929133858
0
LINE
8
BLACK
6
CONTINUOUS
10
0.3024999606299212
20
0.0155866929133858
11
0.3025
21
0.0155871653543307
0
LINE
8
BLACK
6
CONTINUOUS
10
0.3025
20
0.0155871653543307
11
0.3025
21
0.04
0
LINE
8
BLACK
6
CONTINUOUS
10
0.3025
20
0.04
11
0.2825
21
0.04
0
LINE
8
BLACK
6
CONTINUOUS
10
0.2825
20
0.04
11
0.2825
21
0.0175
0
LINE
8
BLACK
6
CONTINUOUS
10
1.4375
20
0.1125
11
1.415
21
0.1125
0
LINE
8
BLACK
6
CONTINUOUS
10
1.415
20
0.1125
11
1.415
21
0.0925
0
LINE
8
BLACK
6
CONTINUOUS
10
1.415
20
0.0925
11
1.4394132677165354
21
0.0925
0
LINE
8
BLACK
6
CONTINUOUS
10
1.4394132677165354
20
0.0925
11
1.4417949999999999
21
0.0927561023622047
0
LINE
8
BLACK
6
CONTINUOUS
10
1.4417949999999999
20
0.0927561023622047
11
1.447183622047244
21
0.0947659448818898
0
LINE
8
BLACK
6
CONTINUOUS
10
1.447183622047244
20
0.0947659448818898
11
1.4471836614173228
21
0.0947659448818898
0
LINE
8
BLACK
6
CONTINUOUS
10
1.4471836614173228
20
0.0947659448818898
11
1.4517875590551181
21
0.0982124015748032
0
LINE
8
BLACK
6
CONTINUOUS
10
1.4517875590551181
20
0.0982124015748032
11
1.4552340157480315
21
0.1028162992125984
0
LINE
8
BLACK
6
CONTINUOUS
10
1.4552340157480315
20
0.1028162992125984
11
1.4552340157480315
21
0.1028163385826772
0
LINE
8
BLACK
6
CONTINUOUS
10
1.4552340157480315
20
0.1028163385826772
11
1.4572438582677165
21
0.1082049606299213
0
LINE
8
BLACK
6
CONTINUOUS
10
1.4572438582677165
20
0.1082049606299213
11
1.4574999606299213
21
0.1105866929133858
0
LINE
8
BLACK
6
CONTINUOUS
10
1.4574999606299213
20
0.1105866929133858
11
1.4575
21
0.1105871653543307
0
LINE
8
BLACK
6
CONTINUOUS
10
1.4575
20
0.1105871653543307
11
1.4575
21
0.135
0
LINE
8
BLACK
6
CONTINUOUS
10
1.4575
20
0.135
11
1.4375
21
0.135
0
LINE
8
BLACK
6
CONTINUOUS
10
1.4375
20
0.135
11
1.4375
21
0.1125
0
LINE
8
BLACK
6
CONTINUOUS
10
0.6630231102362204
20
0.5326451181102362
11
0.6630231102362204
21
0.5326450393700787
0
LINE
8
BLACK
6
CONTINUOUS
10
0.6630231102362204
20
0.5326450393700787
11
0.6651685826771654
21
0.5255724409448819
0
LINE
8
BLACK
6
CONTINUOUS
10
0.6651685826771654
20
0.5255724409448819
11
0.6651686614173228
21
0.5255722047244095
0
LINE
8
BLACK
6
CONTINUOUS
10
0.6651686614173228
20
0.5255722047244095
11
0.6686525984251969
21
0.5190542913385827
0
LINE
8
BLACK
6
CONTINUOUS
10
0.6686525984251969
20
0.5190542913385827
11
0.6733412204724409
21
0.5133412204724409
0
LINE
8
BLACK
6
CONTINUOUS
10
0.6733412204724409
20
0.5133412204724409
11
0.6790542913385826
21
0.5086525984251968
0
LINE
8
BLACK
6
CONTINUOUS
10
0.6790542913385826
20
0.5086525984251968
11
0.6855722047244094
21
0.5051686614173229
0
LINE
8
BLACK
6
CONTINUOUS
10
0.6855722047244094
20
0.5051686614173229
11
0.6855724409448819
21
0.5051685826771654
0
LINE
8
BLACK
6
CONTINUOUS
10
0.6855724409448819
20
0.5051685826771654
11
0.6926451181102362
21
0.5030231102362205
0
LINE
8
BLACK
6
CONTINUOUS
10
0.6926451181102362
20
0.5030231102362205
11
0.6968831102362204
21
0.5026057086614173
0
LINE
8
BLACK
6
CONTINUOUS
10
0.6968831102362204
20
0.5026057086614173
11
0.6994749212598425
21
0.5015591338582677
0
LINE
8
BLACK
6
CONTINUOUS
10
0.6994749212598425
20
0.5015591338582677
11
0.6999045275590551
21
0.5011766535433071
0
LINE
8
BLACK
6
CONTINUOUS
10
0.6999045275590551
20
0.5011766535433071
11
0.9748464960629921
21
0.2262346850393701
0
LINE
8
BLACK
6
CONTINUOUS
10
0.9748464960629921
20
0.2262346850393701
11
0.9750518503937008
21
0.2260165748031496
0
LINE
8
BLACK
6
CONTINUOUS
10
0.9750518503937008
20
0.2260165748031496
11
0.9766170078740157
21
0.2242499212598425
0
LINE
8
BLACK
6
CONTINUOUS
10
0.9766170078740157
20
0.2242499212598425
11
0.9785594881889763
21
0.2229090551181102
0
LINE
8
BLACK
6
CONTINUOUS
10
0.9785594881889763
20
0.2229090551181102
11
0.9788006299212598
21
0.2227316141732283
0
LINE
8
BLACK
6
CONTINUOUS
10
0.9788006299212598
20
0.2227316141732283
11
0.9806583070866142
21
0.2212762598425197
0
LINE
8
BLACK
6
CONTINUOUS
10
0.9806583070866142
20
0.2212762598425197
11
0.9806585039370078
21
0.2212761417322835
0
LINE
8
BLACK
6
CONTINUOUS
10
0.9806585039370078
20
0.2212761417322835
11
0.9810142125984251
21
0.221116062992126
0
LINE
8
BLACK
6
CONTINUOUS
10
0.9810142125984251
20
0.221116062992126
11
0.9817959448818897
21
0.220675157480315
0
LINE
8
BLACK
6
CONTINUOUS
10
0.9817959448818897
20
0.220675157480315
11
0.9821170078740157
21
0.2204535433070866
0
LINE
8
BLACK
6
CONTINUOUS
10
0.9821170078740157
20
0.2204535433070866
11
0.9843234645669291
21
0.2196166929133858
0
LINE
8
BLACK
6
CONTINUOUS
10
0.9843234645669291
20
0.2196166929133858
11
0.9846000787401574
21
0.219502125984252
0
LINE
8
BLACK
6
CONTINUOUS
10
0.9846000787401574
20
0.219502125984252
11
0.9867526771653543
21
0.2185333464566929
0
LINE
8
BLACK
6
CONTINUOUS
10
0.9867526771653543
20
0.2185333464566929
11
0.9867528346456693
21
0.2185333070866142
0
LINE
8
BLACK
6
CONTINUOUS
10
0.9867528346456693
20
0.2185333070866142
11
0.9871366929133858
21
0.2184629527559055
0
LINE
8
BLACK
6
CONTINUOUS
10
0.9871366929133858
20
0.2184629527559055
11
0.9880008661417322
21
0.2182220472440945
0
LINE
8
BLACK
6
CONTINUOUS
10
0.9880008661417322
20
0.2182220472440945
11
0.9883654724409449
21
0.2180837795275591
0
LINE
8
BLACK
6
CONTINUOUS
10
0.9883654724409449
20
0.2180837795275591
11
0.9883655511811024
21
0.2180837401574803
0
LINE
8
BLACK
6
CONTINUOUS
10
0.9883655511811024
20
0.2180837401574803
11
0.9907081102362204
21
0.2177992913385827
0
LINE
8
BLACK
6
CONTINUOUS
10
0.9907081102362204
20
0.2177992913385827
11
0.9910041338582677
21
0.2177542519685039
0
LINE
8
BLACK
6
CONTINUOUS
10
0.9910041338582677
20
0.2177542519685039
11
0.9933261811023621
21
0.2173287795275591
0
LINE
8
BLACK
6
CONTINUOUS
10
0.9933261811023621
20
0.2173287795275591
11
0.9956819291338582
21
0.2174712598425197
0
LINE
8
BLACK
6
CONTINUOUS
10
0.9956819291338582
20
0.2174712598425197
11
0.9959814173228346
21
0.2174803149606299
0
LINE
8
BLACK
6
CONTINUOUS
10
0.9959814173228346
20
0.2174803149606299
11
1.2475196850393699
21
0.2174803149606299
0
LINE
8
BLACK
6
CONTINUOUS
10
1.2475196850393699
20
0.2174803149606299
11
1.2502016141732284
21
0.2166928346456693
0
LINE
8
BLACK
6
CONTINUOUS
10
1.2502016141732284
20
0.2166928346456693
11
1.2520320472440944
21
0.2145803937007874
0
LINE
8
BLACK
6
CONTINUOUS
10
1.2520320472440944
20
0.2145803937007874
11
1.2524803149606298
21
0.2125196850393701
0
LINE
8
BLACK
6
CONTINUOUS
10
1.2524803149606298
20
0.2125196850393701
11
1.2524803149606298
21
0.2105846456692913
0
LINE
8
BLACK
6
CONTINUOUS
10
1.2524803149606298
20
0.2105846456692913
11
1.2527365748031496
21
0.208200905511811
0
LINE
8
BLACK
6
CONTINUOUS
10
1.2527365748031496
20
0.208200905511811
11
1.2527366535433071
21
0.2082005905511811
0
LINE
8
BLACK
6
CONTINUOUS
10
1.2527366535433071
20
0.2082005905511811
11
1.2547484251968504
21
0.202806968503937
0
LINE
8
BLACK
6
CONTINUOUS
10
1.2547484251968504
20
0.202806968503937
11
1.2547485039370079
21
0.2028067716535433
0
LINE
8
BLACK
6
CONTINUOUS
10
1.2547485039370079
20
0.2028067716535433
11
1.2583672440944882
21
0.1979727952755906
0
LINE
8
BLACK
6
CONTINUOUS
10
1.2583672440944882
20
0.1979727952755906
11
1.2593440551181103
21
0.1953538976377953
0
LINE
8
BLACK
6
CONTINUOUS
10
1.2593440551181103
20
0.1953538976377953
11
1.2587499212598425
21
0.1926226377952756
0
LINE
8
BLACK
6
CONTINUOUS
10
1.2587499212598425
20
0.1926226377952756
11
1.2583672440944882
21
0.1920272047244095
0
LINE
8
BLACK
6
CONTINUOUS
10
1.2583672440944882
20
0.1920272047244095
11
1.2547485039370079
21
0.187193188976378
0
LINE
8
BLACK
6
CONTINUOUS
10
1.2547485039370079
20
0.187193188976378
11
1.2547484251968504
21
0.1871929921259843
0
LINE
8
BLACK
6
CONTINUOUS
10
1.2547484251968504
20
0.1871929921259843
11
1.2527366535433071
21
0.1817993700787401
0
LINE
8
BLACK
6
CONTINUOUS
10
1.2527366535433071
20
0.1817993700787401
11
1.2527365748031496
21
0.1817990551181102
0
LINE
8
BLACK
6
CONTINUOUS
10
1.2527365748031496
20
0.1817990551181102
11
1.2524803149606298
21
0.1794153149606299
0
LINE
8
BLACK
6
CONTINUOUS
10
1.2524803149606298
20
0.1794153149606299
11
1.2524803149606298
21
0.1105846456692913
0
LINE
8
BLACK
6
CONTINUOUS
10
1.2524803149606298
20
0.1105846456692913
11
1.2527365748031496
21
0.108200905511811
0
LINE
8
BLACK
6
CONTINUOUS
10
1.2527365748031496
20
0.108200905511811
11
1.2527366535433071
21
0.1082005905511811
0
LINE
8
BLACK
6
CONTINUOUS
10
1.2527366535433071
20
0.1082005905511811
11
1.2547484251968504
21
0.102806968503937
0
LINE
8
BLACK
6
CONTINUOUS
10
1.2547484251968504
20
0.102806968503937
11
1.2547485039370079
21
0.1028067716535433
0
LINE
8
BLACK
6
CONTINUOUS
10
1.2547485039370079
20
0.1028067716535433
11
1.2581983464566928
21
0.0981983464566929
0
LINE
8
BLACK
6
CONTINUOUS
10
1.2581983464566928
20
0.0981983464566929
11
1.2628067716535434
21
0.0947485039370079
0
LINE
8
BLACK
6
CONTINUOUS
10
1.2628067716535434
20
0.0947485039370079
11
1.2628069685039369
21
0.0947484251968504
0
LINE
8
BLACK
6
CONTINUOUS
10
1.2628069685039369
20
0.0947484251968504
11
1.2682005905511811
21
0.0927366535433071
0
LINE
8
BLACK
6
CONTINUOUS
10
1.2682005905511811
20
0.0927366535433071
11
1.2682009055118111
21
0.0927365748031496
0
LINE
8
BLACK
6
CONTINUOUS
10
1.2682009055118111
20
0.0927365748031496
11
1.2705846456692913
21
0.0924803149606299
0
LINE
8
BLACK
6
CONTINUOUS
10
1.2705846456692913
20
0.0924803149606299
11
1.2705851181102361
21
0.0924803149606299
0
LINE
8
BLACK
6
CONTINUOUS
10
1.2705851181102361
20
0.0924803149606299
11
1.3394153149606298
21
0.0924803149606299
0
LINE
8
BLACK
6
CONTINUOUS
10
1.3394153149606298
20
0.0924803149606299
11
1.3417990551181103
21
0.0927365748031496
0
LINE
8
BLACK
6
CONTINUOUS
10
1.3417990551181103
20
0.0927365748031496
11
1.3417993700787401
21
0.0927366535433071
0
LINE
8
BLACK
6
CONTINUOUS
10
1.3417993700787401
20
0.0927366535433071
11
1.3471929921259842
21
0.0947484251968504
0
LINE
8
BLACK
6
CONTINUOUS
10
1.3471929921259842
20
0.0947484251968504
11
1.347193031496063
21
0.0947484251968504
0
LINE
8
BLACK
6
CONTINUOUS
10
1.347193031496063
20
0.0947484251968504
11
1.3482533070866141
21
0.0955421653543307
0
LINE
8
BLACK
6
CONTINUOUS
10
1.3482533070866141
20
0.0955421653543307
11
1.3518016141732283
21
0.0981983858267717
0
LINE
8
BLACK
6
CONTINUOUS
10
1.3518016141732283
20
0.0981983858267717
11
1.3518016535433071
21
0.0981984251968504
0
LINE
8
BLACK
6
CONTINUOUS
10
1.3518016535433071
20
0.0981984251968504
11
1.3520435433070865
21
0.0983795275590551
0
LINE
8
BLACK
6
CONTINUOUS
10
1.3520435433070865
20
0.0983795275590551
11
1.3546624803149605
21
0.0993563385826772
0
LINE
8
BLACK
6
CONTINUOUS
10
1.3546624803149605
20
0.0993563385826772
11
1.3573937401574803
21
0.0987622047244094
0
LINE
8
BLACK
6
CONTINUOUS
10
1.3573937401574803
20
0.0987622047244094
11
1.3579891732283464
21
0.0983795275590551
0
LINE
8
BLACK
6
CONTINUOUS
10
1.3579891732283464
20
0.0983795275590551
11
1.3628162992125985
21
0.0947659448818898
0
LINE
8
BLACK
6
CONTINUOUS
10
1.3628162992125985
20
0.0947659448818898
11
1.3682049606299211
21
0.0927561023622047
0
LINE
8
BLACK
6
CONTINUOUS
10
1.3682049606299211
20
0.0927561023622047
11
1.3705866929133859
21
0.0925
0
LINE
8
BLACK
6
CONTINUOUS
10
1.3705866929133859
20
0.0925
11
1.395
21
0.0925
0
LINE
8
BLACK
6
CONTINUOUS
10
1.395
20
0.0925
11
1.395
21
0.1125
0
LINE
8
BLACK
6
CONTINUOUS
10
1.395
20
0.1125
11
1.3725000000000001
21
0.1125
0
LINE
8
BLACK
6
CONTINUOUS
10
1.3725000000000001
20
0.1125
11
1.3725000000000001
21
0.1775
0
LINE
8
BLACK
6
CONTINUOUS
10
1.3725000000000001
20
0.1775
11
1.395
21
0.1775
0
LINE
8
BLACK
6
CONTINUOUS
10
1.395
20
0.1775
11
1.395
21
0.2125
0
LINE
8
BLACK
6
CONTINUOUS
10
1.395
20
0.2125
11
1.3725000000000001
21
0.2125
0
LINE
8
BLACK
6
CONTINUOUS
10
1.3725000000000001
20
0.2125
11
1.3725000000000001
21
0.2775
0
LINE
8
BLACK
6
CONTINUOUS
10
1.3725000000000001
20
0.2775
11
1.395
21
0.2775
0
LINE
8
BLACK
6
CONTINUOUS
10
1.395
20
0.2775
11
1.395
21
0.2975
0
LINE
8
BLACK
6
CONTINUOUS
10
1.395
20
0.2975
11
1.3705872047244094
21
0.2975
0
LINE
8
BLACK
6
CONTINUOUS
10
1.3705872047244094
20
0.2975
11
1.3705866929133859
21
0.2974999606299212
0
LINE
8
BLACK
6
CONTINUOUS
10
1.3705866929133859
20
0.2974999606299212
11
1.3682049606299211
21
0.2972438582677165
0
LINE
8
BLACK
6
CONTINUOUS
10
1.3682049606299211
20
0.2972438582677165
11
1.362816338582677
21
0.2952340157480315
0
LINE
8
BLACK
6
CONTINUOUS
10
1.362816338582677
20
0.2952340157480315
11
1.3628162992125985
21
0.2952340157480315
0
LINE
8
BLACK
6
CONTINUOUS
10
1.3628162992125985
20
0.2952340157480315
11
1.3579891732283464
21
0.2916204330708662
0
LINE
8
BLACK
6
CONTINUOUS
10
1.3579891732283464
20
0.2916204330708662
11
1.3553702755905512
21
0.2906436220472441
0
LINE
8
BLACK
6
CONTINUOUS
10
1.3553702755905512
20
0.2906436220472441
11
1.3526390157480315
21
0.2912377559055118
0
LINE
8
BLACK
6
CONTINUOUS
10
1.3526390157480315
20
0.2912377559055118
11
1.3520435433070865
21
0.2916204724409449
0
LINE
8
BLACK
6
CONTINUOUS
10
1.3520435433070865
20
0.2916204724409449
11
1.3518016535433071
21
0.2918015354330709
0
LINE
8
BLACK
6
CONTINUOUS
10
1.3518016535433071
20
0.2918015354330709
11
1.3518016141732283
21
0.2918016141732284
0
LINE
8
BLACK
6
CONTINUOUS
10
1.3518016141732283
20
0.2918016141732284
11
1.3471930708661417
21
0.2952515354330709
0
LINE
8
BLACK
6
CONTINUOUS
10
1.3471930708661417
20
0.2952515354330709
11
1.3417992519685038
21
0.2972633464566929
0
LINE
8
BLACK
6
CONTINUOUS
10
1.3417992519685038
20
0.2972633464566929
11
1.3417991732283465
21
0.2972633464566929
0
LINE
8
BLACK
6
CONTINUOUS
10
1.3417991732283465
20
0.2972633464566929
11
1.3417990551181103
21
0.2972633858267716
0
LINE
8
BLACK
6
CONTINUOUS
10
1.3417990551181103
20
0.2972633858267716
11
1.3394153149606298
21
0.2975196456692913
0
LINE
8
BLACK
6
CONTINUOUS
10
1.3394153149606298
20
0.2975196456692913
11
1.339415157480315
21
0.2975196456692913
0
LINE
8
BLACK
6
CONTINUOUS
10
1.339415157480315
20
0.2975196456692913
11
1.3394148818897638
21
0.2975196850393701
0
LINE
8
BLACK
6
CONTINUOUS
10
1.3394148818897638
20
0.2975196850393701
11
1.2705851181102361
21
0.2975196850393701
0
LINE
8
BLACK
6
CONTINUOUS
10
1.2705851181102361
20
0.2975196850393701
11
1.2705848425196851
21
0.2975196456692913
0
LINE
8
BLACK
6
CONTINUOUS
10
1.2705848425196851
20
0.2975196456692913
11
1.2705846456692913
21
0.2975196456692913
0
LINE
8
BLACK
6
CONTINUOUS
10
1.2705846456692913
20
0.2975196456692913
11
1.2682009055118111
21
0.2972633858267716
0
LINE
8
BLACK
6
CONTINUOUS
10
1.2682009055118111
20
0.2972633858267716
11
1.2682005905511811
21
0.2972633070866142
0
LINE
8
BLACK
6
CONTINUOUS
10
1.2682005905511811
20
0.2972633070866142
11
1.2669627952755904
21
0.2968016141732283
0
LINE
8
BLACK
6
CONTINUOUS
10
1.2669627952755904
20
0.2968016141732283
11
1.2628069291338582
21
0.2952515354330709
0
LINE
8
BLACK
6
CONTINUOUS
10
1.2628069291338582
20
0.2952515354330709
11
1.2628068503937007
21
0.2952514960629921
0
LINE
8
BLACK
6
CONTINUOUS
10
1.2628068503937007
20
0.2952514960629921
11
1.2628067716535434
21
0.2952514566929134
0
LINE
8
BLACK
6
CONTINUOUS
10
1.2628067716535434
20
0.2952514566929134
11
1.2581983464566928
21
0.2918016141732284
0
LINE
8
BLACK
6
CONTINUOUS
10
1.2581983464566928
20
0.2918016141732284
11
1.2547485039370079
21
0.287193188976378
0
LINE
8
BLACK
6
CONTINUOUS
10
1.2547485039370079
20
0.287193188976378
11
1.2547484251968504
21
0.2871929921259843
0
LINE
8
BLACK
6
CONTINUOUS
10
1.2547484251968504
20
0.2871929921259843
11
1.2527366535433071
21
0.2817993700787402
0
LINE
8
BLACK
6
CONTINUOUS
10
1.2527366535433071
20
0.2817993700787402
11
1.2527365748031496
21
0.2817990551181102
0
LINE
8
BLACK
6
CONTINUOUS
10
1.2527365748031496
20
0.2817990551181102
11
1.2524803149606298
21
0.2794153149606299
0
LINE
8
BLACK
6
CONTINUOUS
10
1.2524803149606298
20
0.2794153149606299
11
1.2524803149606298
21
0.2774803149606299
0
LINE
8
BLACK
6
CONTINUOUS
10
1.2524803149606298
20
0.2774803149606299
11
1.2516928346456693
21
0.2747983858267716
0
LINE
8
BLACK
6
CONTINUOUS
10
1.2516928346456693
20
0.2747983858267716
11
1.2495803937007874
21
0.2729679527559055
0
LINE
8
BLACK
6
CONTINUOUS
10
1.2495803937007874
20
0.2729679527559055
11
1.2475196850393699
21
0.2725196850393701
0
LINE
8
BLACK
6
CONTINUOUS
10
1.2475196850393699
20
0.2725196850393701
11
1.008453779527559
21
0.2725196850393701
0
LINE
8
BLACK
6
CONTINUOUS
10
1.008453779527559
20
0.2725196850393701
11
1.0057718503937008
21
0.2733071653543307
0
LINE
8
BLACK
6
CONTINUOUS
10
1.0057718503937008
20
0.2733071653543307
11
1.0049461023622046
21
0.2739726377952756
0
LINE
8
BLACK
6
CONTINUOUS
10
1.0049461023622046
20
0.2739726377952756
11
0.938564842519685
21
0.3403538976377953
0
LINE
8
BLACK
6
CONTINUOUS
10
0.938564842519685
20
0.3403538976377953
11
0.7388231889763779
21
0.5400954724409449
0
LINE
8
BLACK
6
CONTINUOUS
10
0.7388231889763779
20
0.5400954724409449
11
0.7374836614173228
21
0.5425486220472441
0
LINE
8
BLACK
6
CONTINUOUS
10
0.7374836614173228
20
0.5425486220472441
11
0.7373942125984252
21
0.5431169291338582
0
LINE
8
BLACK
6
CONTINUOUS
10
0.7373942125984252
20
0.5431169291338582
11
0.7369768503937008
21
0.5473547637795275
0
LINE
8
BLACK
6
CONTINUOUS
10
0.7369768503937008
20
0.5473547637795275
11
0.7369768503937008
21
0.5473549212598425
0
LINE
8
BLACK
6
CONTINUOUS
10
0.7369768503937008
20
0.5473549212598425
11
0.736976811023622
21
0.5473549606299213
0
LINE
8
BLACK
6
CONTINUOUS
10
0.736976811023622
20
0.5473549606299213
11
0.736976811023622
21
0.5473551574803149
0
LINE
8
BLACK
6
CONTINUOUS
10
0.736976811023622
20
0.5473551574803149
11
0.7348313779527559
21
0.5544276377952756
0
LINE
8
BLACK
6
CONTINUOUS
10
0.7348313779527559
20
0.5544276377952756
11
0.7313474015748032
21
0.5609456692913386
0
LINE
8
BLACK
6
CONTINUOUS
10
0.7313474015748032
20
0.5609456692913386
11
0.7275403149606299
21
0.5655846456692913
0
LINE
8
BLACK
6
CONTINUOUS
10
0.7275403149606299
20
0.5655846456692913
11
0.7266587795275591
21
0.5666587795275591
0
LINE
8
BLACK
6
CONTINUOUS
10
0.7266587795275591
20
0.5666587795275591
11
0.7209456692913385
21
0.5713474015748031
0
LINE
8
BLACK
6
CONTINUOUS
10
0.7209456692913385
20
0.5713474015748031
11
0.7144276377952756
21
0.5748313779527559
0
LINE
8
BLACK
6
CONTINUOUS
10
0.7144276377952756
20
0.5748313779527559
11
0.707355157480315
21
0.5769768110236221
0
LINE
8
BLACK
6
CONTINUOUS
10
0.707355157480315
20
0.5769768110236221
11
0.7073549212598425
21
0.5769768110236221
0
LINE
8
BLACK
6
CONTINUOUS
10
0.7073549212598425
20
0.5769768110236221
11
0.7073548818897638
21
0.5769768503937007
0
LINE
8
BLACK
6
CONTINUOUS
10
0.7073548818897638
20
0.5769768503937007
11
0.7000001181102362
21
0.5777012204724409
0
LINE
8
BLACK
6
CONTINUOUS
10
0.7000001181102362
20
0.5777012204724409
11
0.6999998818897638
21
0.5777012204724409
0
LINE
8
BLACK
6
CONTINUOUS
10
0.6999998818897638
20
0.5777012204724409
11
0.6926451181102362
21
0.5769768503937007
0
LINE
8
BLACK
6
CONTINUOUS
10
0.6926451181102362
20
0.5769768503937007
11
0.6926450393700787
21
0.5769768503937007
0
LINE
8
BLACK
6
CONTINUOUS
10
0.6926450393700787
20
0.5769768503937007
11
0.6926449212598424
21
0.5769768110236221
0
LINE
8
BLACK
6
CONTINUOUS
10
0.6926449212598424
20
0.5769768110236221
11
0.6926448425196851
21
0.5769768110236221
0
LINE
8
BLACK
6
CONTINUOUS
10
0.6926448425196851
20
0.5769768110236221
11
0.6855723622047244
21
0.5748313779527559
0
LINE
8
BLACK
6
CONTINUOUS
10
0.6855723622047244
20
0.5748313779527559
11
0.6790543307086614
21
0.5713474015748031
0
LINE
8
BLACK
6
CONTINUOUS
10
0.6790543307086614
20
0.5713474015748031
11
0.6733412204724409
21
0.5666587795275591
0
LINE
8
BLACK
6
CONTINUOUS
10
0.6733412204724409
20
0.5666587795275591
11
0.6698279527559055
21
0.5623778346456693
0
LINE
8
BLACK
6
CONTINUOUS
10
0.6698279527559055
20
0.5623778346456693
11
0.6686525984251969
21
0.5609456692913386
0
LINE
8
BLACK
6
CONTINUOUS
10
0.6686525984251969
20
0.5609456692913386
11
0.6651686614173228
21
0.5544277559055117
0
LINE
8
BLACK
6
CONTINUOUS
10
0.6651686614173228
20
0.5544277559055117
11
0.6651685826771654
21
0.5544275196850393
0
LINE
8
BLACK
6
CONTINUOUS
10
0.6651685826771654
20
0.5544275196850393
11
0.6630231102362204
21
0.5473549212598425
0
LINE
8
BLACK
6
CONTINUOUS
10
0.6630231102362204
20
0.5473549212598425
11
0.6630231102362204
21
0.547354842519685
0
LINE
8
BLACK
6
CONTINUOUS
10
0.6630231102362204
20
0.547354842519685
11
0.662298779527559
21
0.5400001181102362
0
LINE
8
BLACK
6
CONTINUOUS
10
0.662298779527559
20
0.5400001181102362
11
0.662298779527559
21
0.539999842519685
0
LINE
8
BLACK
6
CONTINUOUS
10
0.662298779527559
20
0.539999842519685
11
0.6630231102362204
21
0.5326451181102362
0
LINE
8
BLACK
6
CONTINUOUS
10
0.0977365748031496
20
0.113200905511811
11
0.0977366535433071
21
0.1132005905511811
0
LINE
8
BLACK
6
CONTINUOUS
10
0.0977366535433071
20
0.1132005905511811
11
0.0997484251968504
21
0.107806968503937
0
LINE
8
BLACK
6
CONTINUOUS
10
0.0997484251968504
20
0.107806968503937
11
0.0997485039370079
21
0.1078067716535433
0
LINE
8
BLACK
6
CONTINUOUS
10
0.0997485039370079
20
0.1078067716535433
11
0.1033795275590551
21
0.1029563779527559
0
LINE
8
BLACK
6
CONTINUOUS
10
0.1033795275590551
20
0.1029563779527559
11
0.1043563385826772
21
0.1003374803149606
0
LINE
8
BLACK
6
CONTINUOUS
10
0.1043563385826772
20
0.1003374803149606
11
0.1037622047244094
21
0.0976062204724409
0
LINE
8
BLACK
6
CONTINUOUS
10
0.1037622047244094
20
0.0976062204724409
11
0.1033795275590551
21
0.0970107874015748
0
LINE
8
BLACK
6
CONTINUOUS
10
0.1033795275590551
20
0.0970107874015748
11
0.0997659448818898
21
0.0921836614173228
0
LINE
8
BLACK
6
CONTINUOUS
10
0.0997659448818898
20
0.0921836614173228
11
0.0997659448818898
21
0.0921836220472441
0
LINE
8
BLACK
6
CONTINUOUS
10
0.0997659448818898
20
0.0921836220472441
11
0.0977561023622047
21
0.086795
0
LINE
8
BLACK
6
CONTINUOUS
10
0.0977561023622047
20
0.086795
11
0.0975
21
0.0844132677165354
0
LINE
8
BLACK
6
CONTINUOUS
10
0.0975
20
0.0844132677165354
11
0.0975
21
0.06
0
LINE
8
BLACK
6
CONTINUOUS
10
0.0975
20
0.06
11
0.1175
21
0.06
0
LINE
8
BLACK
6
CONTINUOUS
10
0.1175
20
0.06
11
0.1175
21
0.0825
0
LINE
8
BLACK
6
CONTINUOUS
10
0.1175
20
0.0825
11
0.1825
21
0.0825
0
LINE
8
BLACK
6
CONTINUOUS
10
0.1825
20
0.0825
11
0.1825
21
0.06
0
LINE
8
BLACK
6
CONTINUOUS
10
0.1825
20
0.06
11
0.2175
21
0.06
0
LINE
8
BLACK
6
CONTINUOUS
10
0.2175
20
0.06
11
0.2175
21
0.0825
0
LINE
8
BLACK
6
CONTINUOUS
10
0.2175
20
0.0825
11
0.2825
21
0.0825
0
LINE
8
BLACK
6
CONTINUOUS
10
0.2825
20
0.0825
11
0.2825
21
0.06
0
LINE
8
BLACK
6
CONTINUOUS
10
0.2825
20
0.06
11
0.3025
21
0.06
0
LINE
8
BLACK
6
CONTINUOUS
10
0.3025
20
0.06
11
0.3025
21
0.0844127952755905
0
LINE
8
BLACK
6
CONTINUOUS
10
0.3025
20
0.0844127952755905
11
0.3024999606299212
21
0.0844132677165354
0
LINE
8
BLACK
6
CONTINUOUS
10
0.3024999606299212
20
0.0844132677165354
11
0.3022438582677165
21
0.086795
0
LINE
8
BLACK
6
CONTINUOUS
10
0.3022438582677165
20
0.086795
11
0.3002340157480315
21
0.0921836220472441
0
LINE
8
BLACK
6
CONTINUOUS
10
0.3002340157480315
20
0.0921836220472441
11
0.3002339763779527
21
0.0921837007874016
0
LINE
8
BLACK
6
CONTINUOUS
10
0.3002339763779527
20
0.0921837007874016
11
0.2966204724409449
21
0.0970107086614173
0
LINE
8
BLACK
6
CONTINUOUS
10
0.2966204724409449
20
0.0970107086614173
11
0.2956436220472441
21
0.0996296062992126
0
LINE
8
BLACK
6
CONTINUOUS
10
0.2956436220472441
20
0.0996296062992126
11
0.2962377559055118
21
0.1023608661417323
0
LINE
8
BLACK
6
CONTINUOUS
10
0.2962377559055118
20
0.1023608661417323
11
0.2966204330708661
21
0.1029563385826772
0
LINE
8
BLACK
6
CONTINUOUS
10
0.2966204330708661
20
0.1029563385826772
11
0.3002514566929134
21
0.1078067716535433
0
LINE
8
BLACK
6
CONTINUOUS
10
0.3002514566929134
20
0.1078067716535433
11
0.3002515354330709
21
0.107806968503937
0
LINE
8
BLACK
6
CONTINUOUS
10
0.3002515354330709
20
0.107806968503937
11
0.3022633070866141
21
0.1132005905511811
0
LINE
8
BLACK
6
CONTINUOUS
10
0.3022633070866141
20
0.1132005905511811
11
0.3022633858267716
21
0.113200905511811
0
LINE
8
BLACK
6
CONTINUOUS
10
0.3022633858267716
20
0.113200905511811
11
0.3025196456692913
21
0.1155846456692913
0
LINE
8
BLACK
6
CONTINUOUS
10
0.3025196456692913
20
0.1155846456692913
11
0.30251968503937
21
0.1155853149606299
0
LINE
8
BLACK
6
CONTINUOUS
10
0.30251968503937
20
0.1155853149606299
11
0.30251968503937
21
0.1844146456692913
0
LINE
8
BLACK
6
CONTINUOUS
10
0.30251968503937
20
0.1844146456692913
11
0.3025196456692913
21
0.1844153149606299
0
LINE
8
BLACK
6
CONTINUOUS
10
0.3025196456692913
20
0.1844153149606299
11
0.3022633858267716
21
0.1867990551181102
0
LINE
8
BLACK
6
CONTINUOUS
10
0.3022633858267716
20
0.1867990551181102
11
0.3022633070866141
21
0.1867993700787401
0
LINE
8
BLACK
6
CONTINUOUS
10
0.3022633070866141
20
0.1867993700787401
11
0.3019866141732284
21
0.1875411417322835
0
LINE
8
BLACK
6
CONTINUOUS
10
0.3019866141732284
20
0.1875411417322835
11
0.3002515354330709
21
0.1921930708661417
0
LINE
8
BLACK
6
CONTINUOUS
10
0.3002515354330709
20
0.1921930708661417
11
0.2968016141732283
21
0.1968016141732283
0
LINE
8
BLACK
6
CONTINUOUS
10
0.2968016141732283
20
0.1968016141732283
11
0.2968014960629921
21
0.1968016929133858
0
LINE
8
BLACK
6
CONTINUOUS
10
0.2968014960629921
20
0.1968016929133858
11
0.296632716535433
21
0.1970271653543307
0
LINE
8
BLACK
6
CONTINUOUS
10
0.296632716535433
20
0.1970271653543307
11
0.295655905511811
21
0.199646062992126
0
LINE
8
BLACK
6
CONTINUOUS
10
0.295655905511811
20
0.199646062992126
11
0.2962500393700787
21
0.2023773622047244
0
LINE
8
BLACK
6
CONTINUOUS
10
0.2962500393700787
20
0.2023773622047244
11
0.296632716535433
21
0.2029728346456693
0
LINE
8
BLACK
6
CONTINUOUS
10
0.296632716535433
20
0.2029728346456693
11
0.2968014960629921
21
0.2031982677165354
0
LINE
8
BLACK
6
CONTINUOUS
10
0.2968014960629921
20
0.2031982677165354
11
0.2968016141732283
21
0.2031983858267717
0
LINE
8
BLACK
6
CONTINUOUS
10
0.2968016141732283
20
0.2031983858267717
11
0.3002515354330709
21
0.2078069291338583
0
LINE
8
BLACK
6
CONTINUOUS
10
0.3002515354330709
20
0.2078069291338583
11
0.3022633464566929
21
0.2132007480314961
0
LINE
8
BLACK
6
CONTINUOUS
10
0.3022633464566929
20
0.2132007480314961
11
0.3022633858267716
21
0.213200905511811
0
LINE
8
BLACK
6
CONTINUOUS
10
0.3022633858267716
20
0.213200905511811
11
0.3025196456692913
21
0.2155846456692913
0
LINE
8
BLACK
6
CONTINUOUS
10
0.3025196456692913
20
0.2155846456692913
11
0.30251968503937
21
0.2155853149606299
0
LINE
8
BLACK
6
CONTINUOUS
10
0.30251968503937
20
0.2155853149606299
11
0.30251968503937
21
0.2844146456692913
0
LINE
8
BLACK
6
CONTINUOUS
10
0.30251968503937
20
0.2844146456692913
11
0.3025196456692913
21
0.2844153149606299
0
LINE
8
BLACK
6
CONTINUOUS
10
0.3025196456692913
20
0.2844153149606299
11
0.3022633858267716
21
0.2867990551181102
0
LINE
8
BLACK
6
CONTINUOUS
10
0.3022633858267716
20
0.2867990551181102
11
0.3022633070866141
21
0.2867993700787401
0
LINE
8
BLACK
6
CONTINUOUS
10
0.3022633070866141
20
0.2867993700787401
11
0.3006078346456693
21
0.2912377559055118
0
LINE
8
BLACK
6
CONTINUOUS
10
0.3006078346456693
20
0.2912377559055118
11
0.3002515354330709
21
0.2921930708661417
0
LINE
8
BLACK
6
CONTINUOUS
10
0.3002515354330709
20
0.2921930708661417
11
0.2968016141732283
21
0.2968016141732283
0
LINE
8
BLACK
6
CONTINUOUS
10
0.2968016141732283
20
0.2968016141732283
11
0.2968014960629921
21
0.2968016929133858
0
LINE
8
BLACK
6
CONTINUOUS
10
0.2968014960629921
20
0.2968016929133858
11
0.296632716535433
21
0.2970271653543307
0
LINE
8
BLACK
6
CONTINUOUS
10
0.296632716535433
20
0.2970271653543307
11
0.295655905511811
21
0.299646062992126
0
LINE
8
BLACK
6
CONTINUOUS
10
0.295655905511811
20
0.299646062992126
11
0.2962500393700787
21
0.3023773622047244
0
LINE
8
BLACK
6
CONTINUOUS
10
0.2962500393700787
20
0.3023773622047244
11
0.296632716535433
21
0.3029728346456693
0
LINE
8
BLACK
6
CONTINUOUS
10
0.296632716535433
20
0.3029728346456693
11
0.2968014960629921
21
0.3031982677165354
0
LINE
8
BLACK
6
CONTINUOUS
10
0.2968014960629921
20
0.3031982677165354
11
0.2968016141732283
21
0.3031983858267717
0
LINE
8
BLACK
6
CONTINUOUS
10
0.2968016141732283
20
0.3031983858267717
11
0.3002515354330709
21
0.3078069291338583
0
LINE
8
BLACK
6
CONTINUOUS
10
0.3002515354330709
20
0.3078069291338583
11
0.3022633464566929
21
0.3132007480314961
0
LINE
8
BLACK
6
CONTINUOUS
10
0.3022633464566929
20
0.3132007480314961
11
0.3022633858267716
21
0.313200905511811
0
LINE
8
BLACK
6
CONTINUOUS
10
0.3022633858267716
20
0.313200905511811
11
0.3025196456692913
21
0.3155846456692913
0
LINE
8
BLACK
6
CONTINUOUS
10
0.3025196456692913
20
0.3155846456692913
11
0.30251968503937
21
0.3155853149606299
0
LINE
8
BLACK
6
CONTINUOUS
10
0.30251968503937
20
0.3155853149606299
11
0.30251968503937
21
0.3844146456692913
0
LINE
8
BLACK
6
CONTINUOUS
10
0.30251968503937
20
0.3844146456692913
11
0.3025196456692913
21
0.3844153149606299
0
LINE
8
BLACK
6
CONTINUOUS
10
0.3025196456692913
20
0.3844153149606299
11
0.3022633858267716
21
0.3867990551181102
0
LINE
8
BLACK
6
CONTINUOUS
10
0.3022633858267716
20
0.3867990551181102
11
0.3022633070866141
21
0.3867993700787402
0
LINE
8
BLACK
6
CONTINUOUS
10
0.3022633070866141
20
0.3867993700787402
11
0.3019866141732284
21
0.3875411417322834
0
LINE
8
BLACK
6
CONTINUOUS
10
0.3019866141732284
20
0.3875411417322834
11
0.3002515354330709
21
0.3921930708661417
0
LINE
8
BLACK
6
CONTINUOUS
10
0.3002515354330709
20
0.3921930708661417
11
0.2968016141732283
21
0.3968016141732283
0
LINE
8
BLACK
6
CONTINUOUS
10
0.2968016141732283
20
0.3968016141732283
11
0.2968015354330709
21
0.3968016535433071
0
LINE
8
BLACK
6
CONTINUOUS
10
0.2968015354330709
20
0.3968016535433071
11
0.2966204724409449
21
0.3970435433070866
0
LINE
8
BLACK
6
CONTINUOUS
10
0.2966204724409449
20
0.3970435433070866
11
0.2956436220472441
21
0.3996624409448819
0
LINE
8
BLACK
6
CONTINUOUS
10
0.2956436220472441
20
0.3996624409448819
11
0.2962377559055118
21
0.4023937007874016
0
LINE
8
BLACK
6
CONTINUOUS
10
0.2962377559055118
20
0.4023937007874016
11
0.2966204330708661
21
0.4029891732283464
0
LINE
8
BLACK
6
CONTINUOUS
10
0.2966204330708661
20
0.4029891732283464
11
0.3002340157480315
21
0.4078162992125984
0
LINE
8
BLACK
6
CONTINUOUS
10
0.3002340157480315
20
0.4078162992125984
11
0.3002340157480315
21
0.4078163385826771
0
LINE
8
BLACK
6
CONTINUOUS
10
0.3002340157480315
20
0.4078163385826771
11
0.3022438582677165
21
0.4132049606299212
0
LINE
8
BLACK
6
CONTINUOUS
10
0.3022438582677165
20
0.4132049606299212
11
0.3024999606299212
21
0.4155866929133858
0
LINE
8
BLACK
6
CONTINUOUS
10
0.3024999606299212
20
0.4155866929133858
11
0.3025
21
0.4155871653543307
0
LINE
8
BLACK
6
CONTINUOUS
10
0.3025
20
0.4155871653543307
11
0.3025
21
0.44
0
LINE
8
BLACK
6
CONTINUOUS
10
0.3025
20
0.44
11
0.2825
21
0.44
0
LINE
8
BLACK
6
CONTINUOUS
10
0.2825
20
0.44
11
0.2825
21
0.4175
0
LINE
8
BLACK
6
CONTINUOUS
10
0.2825
20
0.4175
11
0.2175
21
0.4175
0
LINE
8
BLACK
6
CONTINUOUS
10
0.2175
20
0.4175
11
0.2175
21
0.44
0
LINE
8
BLACK
6
CONTINUOUS
10
0.2175
20
0.44
11
0.1825
21
0.44
0
LINE
8
BLACK
6
CONTINUOUS
10
0.1825
20
0.44
11
0.1825
21
0.4175
0
LINE
8
BLACK
6
CONTINUOUS
10
0.1825
20
0.4175
11
0.1175
21
0.4175
0
LINE
8
BLACK
6
CONTINUOUS
10
0.1175
20
0.4175
11
0.1175
21
0.44
0
LINE
8
BLACK
6
CONTINUOUS
10
0.1175
20
0.44
11
0.0975
21
0.44
0
LINE
8
BLACK
6
CONTINUOUS
10
0.0975
20
0.44
11
0.0975
21
0.4155866929133858
0
LINE
8
BLACK
6
CONTINUOUS
10
0.0975
20
0.4155866929133858
11
0.0977561023622047
21
0.4132049606299212
0
LINE
8
BLACK
6
CONTINUOUS
10
0.0977561023622047
20
0.4132049606299212
11
0.0997659448818898
21
0.4078163385826771
0
LINE
8
BLACK
6
CONTINUOUS
10
0.0997659448818898
20
0.4078163385826771
11
0.0997659448818898
21
0.4078162992125984
0
LINE
8
BLACK
6
CONTINUOUS
10
0.0997659448818898
20
0.4078162992125984
11
0.1033795275590551
21
0.4029891732283464
0
LINE
8
BLACK
6
CONTINUOUS
10
0.1033795275590551
20
0.4029891732283464
11
0.1043563385826772
21
0.4003702755905512
0
LINE
8
BLACK
6
CONTINUOUS
10
0.1043563385826772
20
0.4003702755905512
11
0.1037621653543307
21
0.3976389763779528
0
LINE
8
BLACK
6
CONTINUOUS
10
0.1037621653543307
20
0.3976389763779528
11
0.1033795275590551
21
0.3970435433070866
0
LINE
8
BLACK
6
CONTINUOUS
10
0.1033795275590551
20
0.3970435433070866
11
0.1031984251968504
21
0.3968016535433071
0
LINE
8
BLACK
6
CONTINUOUS
10
0.1031984251968504
20
0.3968016535433071
11
0.1031983858267717
21
0.3968016141732283
0
LINE
8
BLACK
6
CONTINUOUS
10
0.1031983858267717
20
0.3968016141732283
11
0.1005421653543307
21
0.3932533070866142
0
LINE
8
BLACK
6
CONTINUOUS
10
0.1005421653543307
20
0.3932533070866142
11
0.0997484251968504
21
0.392193031496063
0
LINE
8
BLACK
6
CONTINUOUS
10
0.0997484251968504
20
0.392193031496063
11
0.0997484251968504
21
0.3921929921259842
0
LINE
8
BLACK
6
CONTINUOUS
10
0.0997484251968504
20
0.3921929921259842
11
0.0977366535433071
21
0.3867993700787402
0
LINE
8
BLACK
6
CONTINUOUS
10
0.0977366535433071
20
0.3867993700787402
11
0.0977365748031496
21
0.3867990551181102
0
LINE
8
BLACK
6
CONTINUOUS
10
0.0977365748031496
20
0.3867990551181102
11
0.0974803149606299
21
0.3844153149606299
0
LINE
8
BLACK
6
CONTINUOUS
10
0.0974803149606299
20
0.3844153149606299
11
0.0974803149606299
21
0.3155846456692913
0
LINE
8
BLACK
6
CONTINUOUS
10
0.0974803149606299
20
0.3155846456692913
11
0.0977365748031496
21
0.313200905511811
0
LINE
8
BLACK
6
CONTINUOUS
10
0.0977365748031496
20
0.313200905511811
11
0.0977366535433071
21
0.3132005905511811
0
LINE
8
BLACK
6
CONTINUOUS
10
0.0977366535433071
20
0.3132005905511811
11
0.0997484251968504
21
0.307806968503937
0
LINE
8
BLACK
6
CONTINUOUS
10
0.0997484251968504
20
0.307806968503937
11
0.0997485039370079
21
0.3078067716535433
0
LINE
8
BLACK
6
CONTINUOUS
10
0.0997485039370079
20
0.3078067716535433
11
0.1033672440944882
21
0.3029727952755906
0
LINE
8
BLACK
6
CONTINUOUS
10
0.1033672440944882
20
0.3029727952755906
11
0.1043440551181102
21
0.3003538976377952
0
LINE
8
BLACK
6
CONTINUOUS
10
0.1043440551181102
20
0.3003538976377952
11
0.1037499212598425
21
0.2976226377952756
0
LINE
8
BLACK
6
CONTINUOUS
10
0.1037499212598425
20
0.2976226377952756
11
0.1033672440944882
21
0.2970272047244095
0
LINE
8
BLACK
6
CONTINUOUS
10
0.1033672440944882
20
0.2970272047244095
11
0.0997485039370079
21
0.292193188976378
0
LINE
8
BLACK
6
CONTINUOUS
10
0.0997485039370079
20
0.292193188976378
11
0.0997484251968504
21
0.2921929921259843
0
LINE
8
BLACK
6
CONTINUOUS
10
0.0997484251968504
20
0.2921929921259843
11
0.0977366535433071
21
0.2867993700787401
0
LINE
8
BLACK
6
CONTINUOUS
10
0.0977366535433071
20
0.2867993700787401
11
0.0977365748031496
21
0.2867990551181102
0
LINE
8
BLACK
6
CONTINUOUS
10
0.0977365748031496
20
0.2867990551181102
11
0.0974803149606299
21
0.2844153149606299
0
LINE
8
BLACK
6
CONTINUOUS
10
0.0974803149606299
20
0.2844153149606299
11
0.0974803149606299
21
0.2155846456692913
0
LINE
8
BLACK
6
CONTINUOUS
10
0.0974803149606299
20
0.2155846456692913
11
0.0977365748031496
21
0.213200905511811
0
LINE
8
BLACK
6
CONTINUOUS
10
0.0977365748031496
20
0.213200905511811
11
0.0977366535433071
21
0.2132005905511811
0
LINE
8
BLACK
6
CONTINUOUS
10
0.0977366535433071
20
0.2132005905511811
11
0.0997484251968504
21
0.207806968503937
0
LINE
8
BLACK
6
CONTINUOUS
10
0.0997484251968504
20
0.207806968503937
11
0.0997485039370079
21
0.2078067716535433
0
LINE
8
BLACK
6
CONTINUOUS
10
0.0997485039370079
20
0.2078067716535433
11
0.1033672440944882
21
0.2029727952755905
0
LINE
8
BLACK
6
CONTINUOUS
10
0.1033672440944882
20
0.2029727952755905
11
0.1043440551181102
21
0.2003538976377953
0
LINE
8
BLACK
6
CONTINUOUS
10
0.1043440551181102
20
0.2003538976377953
11
0.1037499212598425
21
0.1976226377952756
0
LINE
8
BLACK
6
CONTINUOUS
10
0.1037499212598425
20
0.1976226377952756
11
0.1033672440944882
21
0.1970272047244094
0
LINE
8
BLACK
6
CONTINUOUS
10
0.1033672440944882
20
0.1970272047244094
11
0.0997485039370079
21
0.1921931889763779
0
LINE
8
BLACK
6
CONTINUOUS
10
0.0997485039370079
20
0.1921931889763779
11
0.0997484251968504
21
0.1921929921259843
0
LINE
8
BLACK
6
CONTINUOUS
10
0.0997484251968504
20
0.1921929921259843
11
0.0977366535433071
21
0.1867993700787401
0
LINE
8
BLACK
6
CONTINUOUS
10
0.0977366535433071
20
0.1867993700787401
11
0.0977365748031496
21
0.1867990551181102
0
LINE
8
BLACK
6
CONTINUOUS
10
0.0977365748031496
20
0.1867990551181102
11
0.0974803149606299
21
0.1844153149606299
0
LINE
8
BLACK
6
CONTINUOUS
10
0.0974803149606299
20
0.1844153149606299
11
0.0974803149606299
21
0.1155846456692913
0
LINE
8
BLACK
6
CONTINUOUS
10
0.0974803149606299
20
0.1155846456692913
11
0.0977365748031496
21
0.113200905511811
0
LINE
8
BLACK
6
CONTINUOUS
10
1.4375
20
0.2125
11
1.415
21
0.2125
0
LINE
8
BLACK
6
CONTINUOUS
10
1.415
20
0.2125
11
1.415
21
0.1775
0
LINE
8
BLACK
6
CONTINUOUS
10
1.415
20
0.1775
11
1.4375
21
0.1775
0
LINE
8
BLACK
6
CONTINUOUS
10
1.4375
20
0.1775
11
1.4375
21
0.155
0
LINE
8
BLACK
6
CONTINUOUS
10
1.4375
20
0.155
11
1.4575
21
0.155
0
LINE
8
BLACK
6
CONTINUOUS
10
1.4575
20
0.155
11
1.4575
21
0.1794127952755905
0
LINE
8
BLACK
6
CONTINUOUS
10
1.4575
20
0.1794127952755905
11
1.4574999606299213
21
0.1794132677165354
0
LINE
8
BLACK
6
CONTINUOUS
10
1.4574999606299213
20
0.1794132677165354
11
1.4572438582677165
21
0.181795
0
LINE
8
BLACK
6
CONTINUOUS
10
1.4572438582677165
20
0.181795
11
1.4552340551181102
21
0.1871835826771653
0
LINE
8
BLACK
6
CONTINUOUS
10
1.4552340551181102
20
0.1871835826771653
11
1.4516081496062991
21
0.1920271653543307
0
LINE
8
BLACK
6
CONTINUOUS
10
1.4516081496062991
20
0.1920271653543307
11
1.4506313385826772
21
0.194646062992126
0
LINE
8
BLACK
6
CONTINUOUS
10
1.4506313385826772
20
0.194646062992126
11
1.4512254724409448
21
0.1973773622047244
0
LINE
8
BLACK
6
CONTINUOUS
10
1.4512254724409448
20
0.1973773622047244
11
1.4516081496062991
21
0.1979728346456693
0
LINE
8
BLACK
6
CONTINUOUS
10
1.4516081496062991
20
0.1979728346456693
11
1.4552340551181102
21
0.2028163779527559
0
LINE
8
BLACK
6
CONTINUOUS
10
1.4552340551181102
20
0.2028163779527559
11
1.4572438582677165
21
0.2082049606299212
0
LINE
8
BLACK
6
CONTINUOUS
10
1.4572438582677165
20
0.2082049606299212
11
1.4574999606299213
21
0.2105866929133858
0
LINE
8
BLACK
6
CONTINUOUS
10
1.4574999606299213
20
0.2105866929133858
11
1.4575
21
0.2105871653543307
0
LINE
8
BLACK
6
CONTINUOUS
10
1.4575
20
0.2105871653543307
11
1.4575
21
0.235
0
LINE
8
BLACK
6
CONTINUOUS
10
1.4575
20
0.235
11
1.4375
21
0.235
0
LINE
8
BLACK
6
CONTINUOUS
10
1.4375
20
0.235
11
1.4375
21
0.2125
0
LINE
8
BLACK
6
CONTINUOUS
10
1.415
20
0.2775
11
1.4375
21
0.2775
0
LINE
8
BLACK
6
CONTINUOUS
10
1.4375
20
0.2775
11
1.4375
21
0.255
0
LINE
8
BLACK
6
CONTINUOUS
10
1.4375
20
0.255
11
1.4575
21
0.255
0
LINE
8
BLACK
6
CONTINUOUS
10
1.4575
20
0.255
11
1.4575
21
0.2794127952755905
0
LINE
8
BLACK
6
CONTINUOUS
10
1.4575
20
0.2794127952755905
11
1.4574999606299213
21
0.2794132677165354
0
LINE
8
BLACK
6
CONTINUOUS
10
1.4574999606299213
20
0.2794132677165354
11
1.4572438582677165
21
0.281795
0
LINE
8
BLACK
6
CONTINUOUS
10
1.4572438582677165
20
0.281795
11
1.4552340157480315
21
0.2871836220472441
0
LINE
8
BLACK
6
CONTINUOUS
10
1.4552340157480315
20
0.2871836220472441
11
1.4552340157480315
21
0.2871836614173228
0
LINE
8
BLACK
6
CONTINUOUS
10
1.4552340157480315
20
0.2871836614173228
11
1.4517875590551181
21
0.2917875590551181
0
LINE
8
BLACK
6
CONTINUOUS
10
1.4517875590551181
20
0.2917875590551181
11
1.4471836614173228
21
0.2952340157480315
0
LINE
8
BLACK
6
CONTINUOUS
10
1.4471836614173228
20
0.2952340157480315
11
1.4417949999999999
21
0.2972438582677165
0
LINE
8
BLACK
6
CONTINUOUS
10
1.4417949999999999
20
0.2972438582677165
11
1.4394132677165354
21
0.2974999606299212
0
LINE
8
BLACK
6
CONTINUOUS
10
1.4394132677165354
20
0.2974999606299212
11
1.4394127952755906
21
0.2975
0
LINE
8
BLACK
6
CONTINUOUS
10
1.4394127952755906
20
0.2975
11
1.415
21
0.2975
0
LINE
8
BLACK
6
CONTINUOUS
10
1.415
20
0.2975
11
1.415
21
0.2775
0
LINE
8
BLACK
6
CONTINUOUS
10
1.2974999999999999
20
0.49
11
1.2974999999999999
21
0.4655866929133858
0
LINE
8
BLACK
6
CONTINUOUS
10
1.2974999999999999
20
0.4655866929133858
11
1.2977561023622046
21
0.4632049606299212
0
LINE
8
BLACK
6
CONTINUOUS
10
1.2977561023622046
20
0.4632049606299212
11
1.2997659448818897
21
0.4578163385826772
0
LINE
8
BLACK
6
CONTINUOUS
10
1.2997659448818897
20
0.4578163385826772
11
1.2997659448818897
21
0.4578162992125984
0
LINE
8
BLACK
6
CONTINUOUS
10
1.2997659448818897
20
0.4578162992125984
11
1.3032124015748032
21
0.4532124015748031
0
LINE
8
BLACK
6
CONTINUOUS
10
1.3032124015748032
20
0.4532124015748031
11
1.3078162992125983
21
0.4497659448818898
0
LINE
8
BLACK
6
CONTINUOUS
10
1.3078162992125983
20
0.4497659448818898
11
1.3132049606299212
21
0.4477561023622047
0
LINE
8
BLACK
6
CONTINUOUS
10
1.3132049606299212
20
0.4477561023622047
11
1.3155866929133857
21
0.4475
0
LINE
8
BLACK
6
CONTINUOUS
10
1.3155866929133857
20
0.4475
11
1.3400000000000001
21
0.4475
0
LINE
8
BLACK
6
CONTINUOUS
10
1.3400000000000001
20
0.4475
11
1.3400000000000001
21
0.4675
0
LINE
8
BLACK
6
CONTINUOUS
10
1.3400000000000001
20
0.4675
11
1.3174999999999999
21
0.4675
0
LINE
8
BLACK
6
CONTINUOUS
10
1.3174999999999999
20
0.4675
11
1.3174999999999999
21
0.49
0
LINE
8
BLACK
6
CONTINUOUS
10
1.3174999999999999
20
0.49
11
1.2974999999999999
21
0.49
0
LINE
8
BLACK
6
CONTINUOUS
10
1.3825000000000001
20
0.49
11
1.3825000000000001
21
0.4675
0
LINE
8
BLACK
6
CONTINUOUS
10
1.3825000000000001
20
0.4675
11
1.3599999999999999
21
0.4675
0
LINE
8
BLACK
6
CONTINUOUS
10
1.3599999999999999
20
0.4675
11
1.3599999999999999
21
0.4475
0
LINE
8
BLACK
6
CONTINUOUS
10
1.3599999999999999
20
0.4475
11
1.3844132677165355
21
0.4475
0
LINE
8
BLACK
6
CONTINUOUS
10
1.3844132677165355
20
0.4475
11
1.386795
21
0.4477561023622047
0
LINE
8
BLACK
6
CONTINUOUS
10
1.386795
20
0.4477561023622047
11
1.3921836220472441
21
0.4497659448818898
0
LINE
8
BLACK
6
CONTINUOUS
10
1.3921836220472441
20
0.4497659448818898
11
1.3921836614173229
21
0.4497659448818898
0
LINE
8
BLACK
6
CONTINUOUS
10
1.3921836614173229
20
0.4497659448818898
11
1.3970272047244094
21
0.453391811023622
0
LINE
8
BLACK
6
CONTINUOUS
10
1.3970272047244094
20
0.453391811023622
11
1.3996461023622047
21
0.4543686220472441
0
LINE
8
BLACK
6
CONTINUOUS
10
1.3996461023622047
20
0.4543686220472441
11
1.4023773622047244
21
0.4537744881889764
0
LINE
8
BLACK
6
CONTINUOUS
10
1.4023773622047244
20
0.4537744881889764
11
1.4029727952755906
21
0.453391811023622
0
LINE
8
BLACK
6
CONTINUOUS
10
1.4029727952755906
20
0.453391811023622
11
1.4078162992125984
21
0.4497659448818898
0
LINE
8
BLACK
6
CONTINUOUS
10
1.4078162992125984
20
0.4497659448818898
11
1.4132049606299213
21
0.4477561023622047
0
LINE
8
BLACK
6
CONTINUOUS
10
1.4132049606299213
20
0.4477561023622047
11
1.4155866929133858
21
0.4475
0
LINE
8
BLACK
6
CONTINUOUS
10
1.4155866929133858
20
0.4475
11
1.4399999999999999
21
0.4475
0
LINE
8
BLACK
6
CONTINUOUS
10
1.4399999999999999
20
0.4475
11
1.4399999999999999
21
0.4675
0
LINE
8
BLACK
6
CONTINUOUS
10
1.4399999999999999
20
0.4675
11
1.4175
21
0.4675
0
LINE
8
BLACK
6
CONTINUOUS
10
1.4175
20
0.4675
11
1.4175
21
0.49
0
LINE
8
BLACK
6
CONTINUOUS
10
1.4175
20
0.49
11
1.3825000000000001
21
0.49
0
LINE
8
BLACK
6
CONTINUOUS
10
1.4824999999999999
20
0.4675
11
1.46
21
0.4675
0
LINE
8
BLACK
6
CONTINUOUS
10
1.46
20
0.4675
11
1.46
21
0.4475
0
LINE
8
BLACK
6
CONTINUOUS
10
1.46
20
0.4475
11
1.4844132677165354
21
0.4475
0
LINE
8
BLACK
6
CONTINUOUS
10
1.4844132677165354
20
0.4475
11
1.4867949999999999
21
0.4477561023622047
0
LINE
8
BLACK
6
CONTINUOUS
10
1.4867949999999999
20
0.4477561023622047
11
1.492183622047244
21
0.4497659448818898
0
LINE
8
BLACK
6
CONTINUOUS
10
1.492183622047244
20
0.4497659448818898
11
1.4921836614173227
21
0.4497659448818898
0
LINE
8
BLACK
6
CONTINUOUS
10
1.4921836614173227
20
0.4497659448818898
11
1.4967875590551181
21
0.4532124015748031
0
LINE
8
BLACK
6
CONTINUOUS
10
1.4967875590551181
20
0.4532124015748031
11
1.5002340157480314
21
0.4578162992125984
0
LINE
8
BLACK
6
CONTINUOUS
10
1.5002340157480314
20
0.4578162992125984
11
1.5002340157480314
21
0.4578163385826772
0
LINE
8
BLACK
6
CONTINUOUS
10
1.5002340157480314
20
0.4578163385826772
11
1.5022438582677164
21
0.4632049606299212
0
LINE
8
BLACK
6
CONTINUOUS
10
1.5022438582677164
20
0.4632049606299212
11
1.5024999606299212
21
0.4655866929133858
0
LINE
8
BLACK
6
CONTINUOUS
10
1.5024999606299212
20
0.4655866929133858
11
1.5024999999999999
21
0.4655871653543307
0
LINE
8
BLACK
6
CONTINUOUS
10
1.5024999999999999
20
0.4655871653543307
11
1.5024999999999999
21
0.49
0
LINE
8
BLACK
6
CONTINUOUS
10
1.5024999999999999
20
0.49
11
1.4824999999999999
21
0.49
0
LINE
8
BLACK
6
CONTINUOUS
10
1.4824999999999999
20
0.49
11
1.4824999999999999
21
0.4675
0
LINE
8
BLACK
6
CONTINUOUS
10
0.26
20
0.4825
11
0.2825
21
0.4825
0
LINE
8
BLACK
6
CONTINUOUS
10
0.2825
20
0.4825
11
0.2825
21
0.46
0
LINE
8
BLACK
6
CONTINUOUS
10
0.2825
20
0.46
11
0.3025
21
0.46
0
LINE
8
BLACK
6
CONTINUOUS
10
0.3025
20
0.46
11
0.3025
21
0.4844127952755906
0
LINE
8
BLACK
6
CONTINUOUS
10
0.3025
20
0.4844127952755906
11
0.3024999606299212
21
0.4844132677165354
0
LINE
8
BLACK
6
CONTINUOUS
10
0.3024999606299212
20
0.4844132677165354
11
0.3022438582677165
21
0.486795
0
LINE
8
BLACK
6
CONTINUOUS
10
0.3022438582677165
20
0.486795
11
0.3002340157480315
21
0.4921836220472441
0
LINE
8
BLACK
6
CONTINUOUS
10
0.3002340157480315
20
0.4921836220472441
11
0.3002340157480315
21
0.4921836614173228
0
LINE
8
BLACK
6
CONTINUOUS
10
0.3002340157480315
20
0.4921836614173228
11
0.2967875590551181
21
0.4967875590551181
0
LINE
8
BLACK
6
CONTINUOUS
10
0.2967875590551181
20
0.4967875590551181
11
0.2921836614173228
21
0.5002340157480315
0
LINE
8
BLACK
6
CONTINUOUS
10
0.2921836614173228
20
0.5002340157480315
11
0.286795
21
0.5022438582677166
0
LINE
8
BLACK
6
CONTINUOUS
10
0.286795
20
0.5022438582677166
11
0.2844132677165354
21
0.5024999606299212
0
LINE
8
BLACK
6
CONTINUOUS
10
0.2844132677165354
20
0.5024999606299212
11
0.2844127952755905
21
0.5024999999999999
0
LINE
8
BLACK
6
CONTINUOUS
10
0.2844127952755905
20
0.5024999999999999
11
0.26
21
0.5024999999999999
0
LINE
8
BLACK
6
CONTINUOUS
10
0.26
20
0.5024999999999999
11
0.26
21
0.4825
0
LINE
8
BLACK
6
CONTINUOUS
10
0.16
20
0.4825
11
0.1825
21
0.4825
0
LINE
8
BLACK
6
CONTINUOUS
10
0.1825
20
0.4825
11
0.1825
21
0.46
0
LINE
8
BLACK
6
CONTINUOUS
10
0.1825
20
0.46
11
0.2175
21
0.46
0
LINE
8
BLACK
6
CONTINUOUS
10
0.2175
20
0.46
11
0.2175
21
0.4825
0
LINE
8
BLACK
6
CONTINUOUS
10
0.2175
20
0.4825
11
0.24
21
0.4825
0
LINE
8
BLACK
6
CONTINUOUS
10
0.24
20
0.4825
11
0.24
21
0.5024999999999999
0
LINE
8
BLACK
6
CONTINUOUS
10
0.24
20
0.5024999999999999
11
0.2155872047244095
21
0.5024999999999999
0
LINE
8
BLACK
6
CONTINUOUS
10
0.2155872047244095
20
0.5024999999999999
11
0.2155866929133858
21
0.5024999606299212
0
LINE
8
BLACK
6
CONTINUOUS
10
0.2155866929133858
20
0.5024999606299212
11
0.2132049606299213
21
0.5022438582677166
0
LINE
8
BLACK
6
CONTINUOUS
10
0.2132049606299213
20
0.5022438582677166
11
0.2078163779527559
21
0.5002340551181103
0
LINE
8
BLACK
6
CONTINUOUS
10
0.2078163779527559
20
0.5002340551181103
11
0.2029728346456693
21
0.4966081496062992
0
LINE
8
BLACK
6
CONTINUOUS
10
0.2029728346456693
20
0.4966081496062992
11
0.200353937007874
21
0.4956313385826772
0
LINE
8
BLACK
6
CONTINUOUS
10
0.200353937007874
20
0.4956313385826772
11
0.1976226377952756
21
0.4962254724409449
0
LINE
8
BLACK
6
CONTINUOUS
10
0.1976226377952756
20
0.4962254724409449
11
0.1970271653543307
21
0.4966081496062992
0
LINE
8
BLACK
6
CONTINUOUS
10
0.1970271653543307
20
0.4966081496062992
11
0.1921835826771653
21
0.5002340551181103
0
LINE
8
BLACK
6
CONTINUOUS
10
0.1921835826771653
20
0.5002340551181103
11
0.186795
21
0.5022438582677166
0
LINE
8
BLACK
6
CONTINUOUS
10
0.186795
20
0.5022438582677166
11
0.1844132677165354
21
0.5024999606299212
0
LINE
8
BLACK
6
CONTINUOUS
10
0.1844132677165354
20
0.5024999606299212
11
0.1844127952755905
21
0.5024999999999999
0
LINE
8
BLACK
6
CONTINUOUS
10
0.1844127952755905
20
0.5024999999999999
11
0.16
21
0.5024999999999999
0
LINE
8
BLACK
6
CONTINUOUS
10
0.16
20
0.5024999999999999
11
0.16
21
0.4825
0
LINE
8
BLACK
6
CONTINUOUS
10
0.1155866929133858
20
0.5024999606299212
11
0.1132049606299213
21
0.5022438582677166
0
LINE
8
BLACK
6
CONTINUOUS
10
0.1132049606299213
20
0.5022438582677166
11
0.1078163385826772
21
0.5002340157480315
0
LINE
8
BLACK
6
CONTINUOUS
10
0.1078163385826772
20
0.5002340157480315
11
0.1078162992125984
21
0.5002340157480315
0
LINE
8
BLACK
6
CONTINUOUS
10
0.1078162992125984
20
0.5002340157480315
11
0.1032124015748031
21
0.4967875590551181
0
LINE
8
BLACK
6
CONTINUOUS
10
0.1032124015748031
20
0.4967875590551181
11
0.0997659448818898
21
0.4921836614173228
0
LINE
8
BLACK
6
CONTINUOUS
10
0.0997659448818898
20
0.4921836614173228
11
0.0997659448818898
21
0.4921836220472441
0
LINE
8
BLACK
6
CONTINUOUS
10
0.0997659448818898
20
0.4921836220472441
11
0.0977561023622047
21
0.486795
0
LINE
8
BLACK
6
CONTINUOUS
10
0.0977561023622047
20
0.486795
11
0.0975
21
0.4844132677165354
0
LINE
8
BLACK
6
CONTINUOUS
10
0.0975
20
0.4844132677165354
11
0.0975
21
0.46
0
LINE
8
BLACK
6
CONTINUOUS
10
0.0975
20
0.46
11
0.1175
21
0.46
0
LINE
8
BLACK
6
CONTINUOUS
10
0.1175
20
0.46
11
0.1175
21
0.4825
0
LINE
8
BLACK
6
CONTINUOUS
10
0.1175
20
0.4825
11
0.14
21
0.4825
0
LINE
8
BLACK
6
CONTINUOUS
10
0.14
20
0.4825
11
0.14
21
0.5024999999999999
0
LINE
8
BLACK
6
CONTINUOUS
10
0.14
20
0.5024999999999999
11
0.1155872047244094
21
0.5024999999999999
0
LINE
8
BLACK
6
CONTINUOUS
10
0.1155872047244094
20
0.5024999999999999
11
0.1155866929133858
21
0.5024999606299212
0
LINE
8
BLACK
6
CONTINUOUS
10
0.0977365748031496
20
0.563200905511811
11
0.0977366535433071
21
0.5632005905511811
0
LINE
8
BLACK
6
CONTINUOUS
10
0.0977366535433071
20
0.5632005905511811
11
0.0997484251968504
21
0.557806968503937
0
LINE
8
BLACK
6
CONTINUOUS
10
0.0997484251968504
20
0.557806968503937
11
0.0997485039370079
21
0.5578067716535433
0
LINE
8
BLACK
6
CONTINUOUS
10
0.0997485039370079
20
0.5578067716535433
11
0.1031983464566929
21
0.5531983464566929
0
LINE
8
BLACK
6
CONTINUOUS
10
0.1031983464566929
20
0.5531983464566929
11
0.1078067716535433
21
0.5497485039370079
0
LINE
8
BLACK
6
CONTINUOUS
10
0.1078067716535433
20
0.5497485039370079
11
0.107806968503937
21
0.5497484251968504
0
LINE
8
BLACK
6
CONTINUOUS
10
0.107806968503937
20
0.5497484251968504
11
0.1132005905511811
21
0.547736653543307
0
LINE
8
BLACK
6
CONTINUOUS
10
0.1132005905511811
20
0.547736653543307
11
0.113200905511811
21
0.5477365748031496
0
LINE
8
BLACK
6
CONTINUOUS
10
0.113200905511811
20
0.5477365748031496
11
0.1155846456692913
21
0.5474803149606299
0
LINE
8
BLACK
6
CONTINUOUS
10
0.1155846456692913
20
0.5474803149606299
11
0.1155851181102362
21
0.5474803149606299
0
LINE
8
BLACK
6
CONTINUOUS
10
0.1155851181102362
20
0.5474803149606299
11
0.1844153149606299
21
0.5474803149606299
0
LINE
8
BLACK
6
CONTINUOUS
10
0.1844153149606299
20
0.5474803149606299
11
0.1867990551181102
21
0.5477365748031496
0
LINE
8
BLACK
6
CONTINUOUS
10
0.1867990551181102
20
0.5477365748031496
11
0.1867993700787401
21
0.547736653543307
0
LINE
8
BLACK
6
CONTINUOUS
10
0.1867993700787401
20
0.547736653543307
11
0.1921929921259843
21
0.5497484251968504
0
LINE
8
BLACK
6
CONTINUOUS
10
0.1921929921259843
20
0.5497484251968504
11
0.1921931889763779
21
0.5497485039370079
0
LINE
8
BLACK
6
CONTINUOUS
10
0.1921931889763779
20
0.5497485039370079
11
0.1970272047244094
21
0.5533672440944882
0
LINE
8
BLACK
6
CONTINUOUS
10
0.1970272047244094
20
0.5533672440944882
11
0.1996461023622047
21
0.5543440551181102
0
LINE
8
BLACK
6
CONTINUOUS
10
0.1996461023622047
20
0.5543440551181102
11
0.2023773622047244
21
0.5537499212598425
0
LINE
8
BLACK
6
CONTINUOUS
10
0.2023773622047244
20
0.5537499212598425
11
0.2029727952755905
21
0.5533672440944882
0
LINE
8
BLACK
6
CONTINUOUS
10
0.2029727952755905
20
0.5533672440944882
11
0.2078067716535433
21
0.5497485039370079
0
LINE
8
BLACK
6
CONTINUOUS
10
0.2078067716535433
20
0.5497485039370079
11
0.207806968503937
21
0.5497484251968504
0
LINE
8
BLACK
6
CONTINUOUS
10
0.207806968503937
20
0.5497484251968504
11
0.2132005905511811
21
0.547736653543307
0
LINE
8
BLACK
6
CONTINUOUS
10
0.2132005905511811
20
0.547736653543307
11
0.213200905511811
21
0.5477365748031496
0
LINE
8
BLACK
6
CONTINUOUS
10
0.213200905511811
20
0.5477365748031496
11
0.2155846456692913
21
0.5474803149606299
0
LINE
8
BLACK
6
CONTINUOUS
10
0.2155846456692913
20
0.5474803149606299
11
0.2155851181102362
21
0.5474803149606299
0
LINE
8
BLACK
6
CONTINUOUS
10
0.2155851181102362
20
0.5474803149606299
11
0.2844153149606299
21
0.5474803149606299
0
LINE
8
BLACK
6
CONTINUOUS
10
0.2844153149606299
20
0.5474803149606299
11
0.2867990551181102
21
0.5477365748031496
0
LINE
8
BLACK
6
CONTINUOUS
10
0.2867990551181102
20
0.5477365748031496
11
0.2867993700787401
21
0.547736653543307
0
LINE
8
BLACK
6
CONTINUOUS
10
0.2867993700787401
20
0.547736653543307
11
0.2921929921259843
21
0.5497484251968504
0
LINE
8
BLACK
6
CONTINUOUS
10
0.2921929921259843
20
0.5497484251968504
11
0.292193188976378
21
0.5497485039370079
0
LINE
8
BLACK
6
CONTINUOUS
10
0.292193188976378
20
0.5497485039370079
11
0.2968016141732283
21
0.5531983464566929
0
LINE
8
BLACK
6
CONTINUOUS
10
0.2968016141732283
20
0.5531983464566929
11
0.3002514566929134
21
0.5578067716535433
0
LINE
8
BLACK
6
CONTINUOUS
10
0.3002514566929134
20
0.5578067716535433
11
0.3002515354330709
21
0.557806968503937
0
LINE
8
BLACK
6
CONTINUOUS
10
0.3002515354330709
20
0.557806968503937
11
0.300534094488189
21
0.5585644488188977
0
LINE
8
BLACK
6
CONTINUOUS
10
0.300534094488189
20
0.5585644488188977
11
0.3019055511811023
21
0.5622414566929134
0
LINE
8
BLACK
6
CONTINUOUS
10
0.3019055511811023
20
0.5622414566929134
11
0.3022633070866141
21
0.5632005905511811
0
LINE
8
BLACK
6
CONTINUOUS
10
0.3022633070866141
20
0.5632005905511811
11
0.3022633858267716
21
0.563200905511811
0
LINE
8
BLACK
6
CONTINUOUS
10
0.3022633858267716
20
0.563200905511811
11
0.3025196456692913
21
0.5655846456692913
0
LINE
8
BLACK
6
CONTINUOUS
10
0.3025196456692913
20
0.5655846456692913
11
0.30251968503937
21
0.5655853149606299
0
LINE
8
BLACK
6
CONTINUOUS
10
0.30251968503937
20
0.5655853149606299
11
0.30251968503937
21
0.6344146456692913
0
LINE
8
BLACK
6
CONTINUOUS
10
0.30251968503937
20
0.6344146456692913
11
0.3025196456692913
21
0.6344153149606299
0
LINE
8
BLACK
6
CONTINUOUS
10
0.3025196456692913
20
0.6344153149606299
11
0.3022633858267716
21
0.6367990551181102
0
LINE
8
BLACK
6
CONTINUOUS
10
0.3022633858267716
20
0.6367990551181102
11
0.3022633070866141
21
0.6367993700787401
0
LINE
8
BLACK
6
CONTINUOUS
10
0.3022633070866141
20
0.6367993700787401
11
0.3019866141732284
21
0.6375411417322835
0
LINE
8
BLACK
6
CONTINUOUS
10
0.3019866141732284
20
0.6375411417322835
11
0.3002515354330709
21
0.6421930708661417
0
LINE
8
BLACK
6
CONTINUOUS
10
0.3002515354330709
20
0.6421930708661417
11
0.2968016141732283
21
0.6468016141732283
0
LINE
8
BLACK
6
CONTINUOUS
10
0.2968016141732283
20
0.6468016141732283
11
0.2968014960629921
21
0.6468016929133859
0
LINE
8
BLACK
6
CONTINUOUS
10
0.2968014960629921
20
0.6468016929133859
11
0.296632716535433
21
0.6470271653543307
0
LINE
8
BLACK
6
CONTINUOUS
10
0.296632716535433
20
0.6470271653543307
11
0.295655905511811
21
0.649646062992126
0
LINE
8
BLACK
6
CONTINUOUS
10
0.295655905511811
20
0.649646062992126
11
0.2962500393700787
21
0.6523773622047244
0
LINE
8
BLACK
6
CONTINUOUS
10
0.2962500393700787
20
0.6523773622047244
11
0.296632716535433
21
0.6529728346456692
0
LINE
8
BLACK
6
CONTINUOUS
10
0.296632716535433
20
0.6529728346456692
11
0.2968014960629921
21
0.6531982677165354
0
LINE
8
BLACK
6
CONTINUOUS
10
0.2968014960629921
20
0.6531982677165354
11
0.2968016141732283
21
0.6531983858267716
0
LINE
8
BLACK
6
CONTINUOUS
10
0.2968016141732283
20
0.6531983858267716
11
0.3002515354330709
21
0.6578069291338583
0
LINE
8
BLACK
6
CONTINUOUS
10
0.3002515354330709
20
0.6578069291338583
11
0.3022633464566929
21
0.6632007480314961
0
LINE
8
BLACK
6
CONTINUOUS
10
0.3022633464566929
20
0.6632007480314961
11
0.3022633858267716
21
0.663200905511811
0
LINE
8
BLACK
6
CONTINUOUS
10
0.3022633858267716
20
0.663200905511811
11
0.3025196456692913
21
0.6655846456692913
0
LINE
8
BLACK
6
CONTINUOUS
10
0.3025196456692913
20
0.6655846456692913
11
0.30251968503937
21
0.6655853149606299
0
LINE
8
BLACK
6
CONTINUOUS
10
0.30251968503937
20
0.6655853149606299
11
0.30251968503937
21
0.7344146456692914
0
LINE
8
BLACK
6
CONTINUOUS
10
0.30251968503937
20
0.7344146456692914
11
0.3025196456692913
21
0.73441531496063
0
LINE
8
BLACK
6
CONTINUOUS
10
0.3025196456692913
20
0.73441531496063
11
0.3022633858267716
21
0.7367990551181102
0
LINE
8
BLACK
6
CONTINUOUS
10
0.3022633858267716
20
0.7367990551181102
11
0.3022633070866141
21
0.7367993700787402
0
LINE
8
BLACK
6
CONTINUOUS
10
0.3022633070866141
20
0.7367993700787402
11
0.3005229921259843
21
0.7414652362204724
0
LINE
8
BLACK
6
CONTINUOUS
10
0.3005229921259843
20
0.7414652362204724
11
0.3002515354330709
21
0.7421930708661417
0
LINE
8
BLACK
6
CONTINUOUS
10
0.3002515354330709
20
0.7421930708661417
11
0.2968016141732283
21
0.7468016141732283
0
LINE
8
BLACK
6
CONTINUOUS
10
0.2968016141732283
20
0.7468016141732283
11
0.2959118503937008
21
0.7474676771653543
0
LINE
8
BLACK
6
CONTINUOUS
10
0.2959118503937008
20
0.7474676771653543
11
0.292193188976378
21
0.7502514566929134
0
LINE
8
BLACK
6
CONTINUOUS
10
0.292193188976378
20
0.7502514566929134
11
0.2921931496062992
21
0.7502514566929134
0
LINE
8
BLACK
6
CONTINUOUS
10
0.2921931496062992
20
0.7502514566929134
11
0.2921930708661417
21
0.7502515354330709
0
LINE
8
BLACK
6
CONTINUOUS
10
0.2921930708661417
20
0.7502515354330709
11
0.2867992519685039
21
0.7522633464566929
0
LINE
8
BLACK
6
CONTINUOUS
10
0.2867992519685039
20
0.7522633464566929
11
0.2867991732283465
21
0.7522633464566929
0
LINE
8
BLACK
6
CONTINUOUS
10
0.2867991732283465
20
0.7522633464566929
11
0.2867990551181102
21
0.7522633858267717
0
LINE
8
BLACK
6
CONTINUOUS
10
0.2867990551181102
20
0.7522633858267717
11
0.2844153149606299
21
0.7525196456692913
0
LINE
8
BLACK
6
CONTINUOUS
10
0.2844153149606299
20
0.7525196456692913
11
0.2844151574803149
21
0.7525196456692913
0
LINE
8
BLACK
6
CONTINUOUS
10
0.2844151574803149
20
0.7525196456692913
11
0.2844148818897638
21
0.7525196850393701
0
LINE
8
BLACK
6
CONTINUOUS
10
0.2844148818897638
20
0.7525196850393701
11
0.2155851181102362
21
0.7525196850393701
0
LINE
8
BLACK
6
CONTINUOUS
10
0.2155851181102362
20
0.7525196850393701
11
0.215584842519685
21
0.7525196456692913
0
LINE
8
BLACK
6
CONTINUOUS
10
0.215584842519685
20
0.7525196456692913
11
0.2155846456692913
21
0.7525196456692913
0
LINE
8
BLACK
6
CONTINUOUS
10
0.2155846456692913
20
0.7525196456692913
11
0.213200905511811
21
0.7522633858267717
0
LINE
8
BLACK
6
CONTINUOUS
10
0.213200905511811
20
0.7522633858267717
11
0.2132005905511811
21
0.7522633070866142
0
LINE
8
BLACK
6
CONTINUOUS
10
0.2132005905511811
20
0.7522633070866142
11
0.2107223228346457
21
0.751338937007874
0
LINE
8
BLACK
6
CONTINUOUS
10
0.2107223228346457
20
0.751338937007874
11
0.2078069291338583
21
0.7502515354330709
0
LINE
8
BLACK
6
CONTINUOUS
10
0.2078069291338583
20
0.7502515354330709
11
0.2031983858267717
21
0.7468016141732283
0
LINE
8
BLACK
6
CONTINUOUS
10
0.2031983858267717
20
0.7468016141732283
11
0.2031982677165354
21
0.7468014960629921
0
LINE
8
BLACK
6
CONTINUOUS
10
0.2031982677165354
20
0.7468014960629921
11
0.2029728346456693
21
0.7466327165354331
0
LINE
8
BLACK
6
CONTINUOUS
10
0.2029728346456693
20
0.7466327165354331
11
0.200353937007874
21
0.745655905511811
0
LINE
8
BLACK
6
CONTINUOUS
10
0.200353937007874
20
0.745655905511811
11
0.1976226377952756
21
0.7462500393700787
0
LINE
8
BLACK
6
CONTINUOUS
10
0.1976226377952756
20
0.7462500393700787
11
0.1970271653543307
21
0.7466327165354331
0
LINE
8
BLACK
6
CONTINUOUS
10
0.1970271653543307
20
0.7466327165354331
11
0.1968016929133858
21
0.7468014960629921
0
LINE
8
BLACK
6
CONTINUOUS
10
0.1968016929133858
20
0.7468014960629921
11
0.1968016141732283
21
0.7468016141732283
0
LINE
8
BLACK
6
CONTINUOUS
10
0.1968016141732283
20
0.7468016141732283
11
0.1921930708661417
21
0.7502515354330709
0
LINE
8
BLACK
6
CONTINUOUS
10
0.1921930708661417
20
0.7502515354330709
11
0.1867992519685039
21
0.7522633464566929
0
LINE
8
BLACK
6
CONTINUOUS
10
0.1867992519685039
20
0.7522633464566929
11
0.1867991732283465
21
0.7522633464566929
0
LINE
8
BLACK
6
CONTINUOUS
10
0.1867991732283465
20
0.7522633464566929
11
0.1867990551181102
21
0.7522633858267717
0
LINE
8
BLACK
6
CONTINUOUS
10
0.1867990551181102
20
0.7522633858267717
11
0.1844153149606299
21
0.7525196456692913
0
LINE
8
BLACK
6
CONTINUOUS
10
0.1844153149606299
20
0.7525196456692913
11
0.184415157480315
21
0.7525196456692913
0
LINE
8
BLACK
6
CONTINUOUS
10
0.184415157480315
20
0.7525196456692913
11
0.1844148818897638
21
0.7525196850393701
0
LINE
8
BLACK
6
CONTINUOUS
10
0.1844148818897638
20
0.7525196850393701
11
0.1155851181102362
21
0.7525196850393701
0
LINE
8
BLACK
6
CONTINUOUS
10
0.1155851181102362
20
0.7525196850393701
11
0.115584842519685
21
0.7525196456692913
0
LINE
8
BLACK
6
CONTINUOUS
10
0.115584842519685
20
0.7525196456692913
11
0.1155846456692913
21
0.7525196456692913
0
LINE
8
BLACK
6
CONTINUOUS
10
0.1155846456692913
20
0.7525196456692913
11
0.113200905511811
21
0.7522633858267717
0
LINE
8
BLACK
6
CONTINUOUS
10
0.113200905511811
20
0.7522633858267717
11
0.1132005905511811
21
0.7522633070866142
0
LINE
8
BLACK
6
CONTINUOUS
10
0.1132005905511811
20
0.7522633070866142
11
0.1107223228346457
21
0.751338937007874
0
LINE
8
BLACK
6
CONTINUOUS
10
0.1107223228346457
20
0.751338937007874
11
0.1078069291338583
21
0.7502515354330709
0
LINE
8
BLACK
6
CONTINUOUS
10
0.1078069291338583
20
0.7502515354330709
11
0.1078068503937008
21
0.7502514960629921
0
LINE
8
BLACK
6
CONTINUOUS
10
0.1078068503937008
20
0.7502514960629921
11
0.1078067716535433
21
0.7502514566929134
0
LINE
8
BLACK
6
CONTINUOUS
10
0.1078067716535433
20
0.7502514566929134
11
0.1031983464566929
21
0.7468016141732283
0
LINE
8
BLACK
6
CONTINUOUS
10
0.1031983464566929
20
0.7468016141732283
11
0.0997485039370079
21
0.742193188976378
0
LINE
8
BLACK
6
CONTINUOUS
10
0.0997485039370079
20
0.742193188976378
11
0.0997484251968504
21
0.7421929921259842
0
LINE
8
BLACK
6
CONTINUOUS
10
0.0997484251968504
20
0.7421929921259842
11
0.0977366535433071
21
0.7367993700787402
0
LINE
8
BLACK
6
CONTINUOUS
10
0.0977366535433071
20
0.7367993700787402
11
0.0977365748031496
21
0.7367990551181102
0
LINE
8
BLACK
6
CONTINUOUS
10
0.0977365748031496
20
0.7367990551181102
11
0.0974803149606299
21
0.73441531496063
0
LINE
8
BLACK
6
CONTINUOUS
10
0.0974803149606299
20
0.73441531496063
11
0.0974803149606299
21
0.6655846456692913
0
LINE
8
BLACK
6
CONTINUOUS
10
0.0974803149606299
20
0.6655846456692913
11
0.0977365748031496
21
0.663200905511811
0
LINE
8
BLACK
6
CONTINUOUS
10
0.0977365748031496
20
0.663200905511811
11
0.0977366535433071
21
0.6632005905511811
0
LINE
8
BLACK
6
CONTINUOUS
10
0.0977366535433071
20
0.6632005905511811
11
0.0997484251968504
21
0.6578069685039369
0
LINE
8
BLACK
6
CONTINUOUS
10
0.0997484251968504
20
0.6578069685039369
11
0.0997485039370079
21
0.6578067716535433
0
LINE
8
BLACK
6
CONTINUOUS
10
0.0997485039370079
20
0.6578067716535433
11
0.1033672440944882
21
0.6529727952755905
0
LINE
8
BLACK
6
CONTINUOUS
10
0.1033672440944882
20
0.6529727952755905
11
0.1043440551181102
21
0.6503538976377953
0
LINE
8
BLACK
6
CONTINUOUS
10
0.1043440551181102
20
0.6503538976377953
11
0.1037499212598425
21
0.6476226377952756
0
LINE
8
BLACK
6
CONTINUOUS
10
0.1037499212598425
20
0.6476226377952756
11
0.1033672440944882
21
0.6470272047244094
0
LINE
8
BLACK
6
CONTINUOUS
10
0.1033672440944882
20
0.6470272047244094
11
0.0997485039370079
21
0.6421931889763779
0
LINE
8
BLACK
6
CONTINUOUS
10
0.0997485039370079
20
0.6421931889763779
11
0.0997484251968504
21
0.6421929921259842
0
LINE
8
BLACK
6
CONTINUOUS
10
0.0997484251968504
20
0.6421929921259842
11
0.0977366535433071
21
0.6367993700787401
0
LINE
8
BLACK
6
CONTINUOUS
10
0.0977366535433071
20
0.6367993700787401
11
0.0977365748031496
21
0.6367990551181102
0
LINE
8
BLACK
6
CONTINUOUS
10
0.0977365748031496
20
0.6367990551181102
11
0.0974803149606299
21
0.6344153149606299
0
LINE
8
BLACK
6
CONTINUOUS
10
0.0974803149606299
20
0.6344153149606299
11
0.0974803149606299
21
0.5655846456692913
0
LINE
8
BLACK
6
CONTINUOUS
10
0.0974803149606299
20
0.5655846456692913
11
0.0977365748031496
21
0.563200905511811
0
LINE
8
BLACK
6
CONTINUOUS
10
1.2977365748031495
20
0.563200905511811
11
1.297736653543307
21
0.5632005905511811
0
LINE
8
BLACK
6
CONTINUOUS
10
1.297736653543307
20
0.5632005905511811
11
1.2997484251968503
21
0.557806968503937
0
LINE
8
BLACK
6
CONTINUOUS
10
1.2997484251968503
20
0.557806968503937
11
1.2997485039370078
21
0.5578067716535433
0
LINE
8
BLACK
6
CONTINUOUS
10
1.2997485039370078
20
0.5578067716535433
11
1.3033795275590552
21
0.5529563779527559
0
LINE
8
BLACK
6
CONTINUOUS
10
1.3033795275590552
20
0.5529563779527559
11
1.3043563385826771
21
0.5503374803149607
0
LINE
8
BLACK
6
CONTINUOUS
10
1.3043563385826771
20
0.5503374803149607
11
1.3037622047244095
21
0.5476062204724409
0
LINE
8
BLACK
6
CONTINUOUS
10
1.3037622047244095
20
0.5476062204724409
11
1.3033795275590552
21
0.5470107874015748
0
LINE
8
BLACK
6
CONTINUOUS
10
1.3033795275590552
20
0.5470107874015748
11
1.2997659448818897
21
0.5421836614173228
0
LINE
8
BLACK
6
CONTINUOUS
10
1.2997659448818897
20
0.5421836614173228
11
1.2997659448818897
21
0.5421836220472441
0
LINE
8
BLACK
6
CONTINUOUS
10
1.2997659448818897
20
0.5421836220472441
11
1.2977561023622046
21
0.536795
0
LINE
8
BLACK
6
CONTINUOUS
10
1.2977561023622046
20
0.536795
11
1.2974999999999999
21
0.5344132677165354
0
LINE
8
BLACK
6
CONTINUOUS
10
1.2974999999999999
20
0.5344132677165354
11
1.2974999999999999
21
0.51
0
LINE
8
BLACK
6
CONTINUOUS
10
1.2974999999999999
20
0.51
11
1.3174999999999999
21
0.51
0
LINE
8
BLACK
6
CONTINUOUS
10
1.3174999999999999
20
0.51
11
1.3174999999999999
21
0.5325
0
LINE
8
BLACK
6
CONTINUOUS
10
1.3174999999999999
20
0.5325
11
1.3825000000000001
21
0.5325
0
LINE
8
BLACK
6
CONTINUOUS
10
1.3825000000000001
20
0.5325
11
1.3825000000000001
21
0.51
0
LINE
8
BLACK
6
CONTINUOUS
10
1.3825000000000001
20
0.51
11
1.4175
21
0.51
0
LINE
8
BLACK
6
CONTINUOUS
10
1.4175
20
0.51
11
1.4175
21
0.5325
0
LINE
8
BLACK
6
CONTINUOUS
10
1.4175
20
0.5325
11
1.4824999999999999
21
0.5325
0
LINE
8
BLACK
6
CONTINUOUS
10
1.4824999999999999
20
0.5325
11
1.4824999999999999
21
0.51
0
LINE
8
BLACK
6
CONTINUOUS
10
1.4824999999999999
20
0.51
11
1.5024999999999999
21
0.51
0
LINE
8
BLACK
6
CONTINUOUS
10
1.5024999999999999
20
0.51
11
1.5024999999999999
21
0.5344127952755905
0
LINE
8
BLACK
6
CONTINUOUS
10
1.5024999999999999
20
0.5344127952755905
11
1.5024999606299212
21
0.5344132677165354
0
LINE
8
BLACK
6
CONTINUOUS
10
1.5024999606299212
20
0.5344132677165354
11
1.5022438582677164
21
0.536795
0
LINE
8
BLACK
6
CONTINUOUS
10
1.5022438582677164
20
0.536795
11
1.5002340157480314
21
0.5421836220472441
0
LINE
8
BLACK
6
CONTINUOUS
10
1.5002340157480314
20
0.5421836220472441
11
1.5002339763779526
21
0.5421837007874015
0
LINE
8
BLACK
6
CONTINUOUS
10
1.5002339763779526
20
0.5421837007874015
11
1.4966204724409449
21
0.5470107086614173
0
LINE
8
BLACK
6
CONTINUOUS
10
1.4966204724409449
20
0.5470107086614173
11
1.495643622047244
21
0.5496296062992125
0
LINE
8
BLACK
6
CONTINUOUS
10
1.495643622047244
20
0.5496296062992125
11
1.4962377559055118
21
0.5523608661417323
0
LINE
8
BLACK
6
CONTINUOUS
10
1.4962377559055118
20
0.5523608661417323
11
1.4966204330708661
21
0.5529563385826771
0
LINE
8
BLACK
6
CONTINUOUS
10
1.4966204330708661
20
0.5529563385826771
11
1.5002514566929133
21
0.5578067716535433
0
LINE
8
BLACK
6
CONTINUOUS
10
1.5002514566929133
20
0.5578067716535433
11
1.5002515354330708
21
0.557806968503937
0
LINE
8
BLACK
6
CONTINUOUS
10
1.5002515354330708
20
0.557806968503937
11
1.5005340944881889
21
0.5585644488188977
0
LINE
8
BLACK
6
CONTINUOUS
10
1.5005340944881889
20
0.5585644488188977
11
1.5019055511811024
21
0.5622414566929134
0
LINE
8
BLACK
6
CONTINUOUS
10
1.5019055511811024
20
0.5622414566929134
11
1.502263307086614
21
0.5632005905511811
0
LINE
8
BLACK
6
CONTINUOUS
10
1.502263307086614
20
0.5632005905511811
11
1.5022633858267715
21
0.563200905511811
0
LINE
8
BLACK
6
CONTINUOUS
10
1.5022633858267715
20
0.563200905511811
11
1.5025196456692913
21
0.5655846456692913
0
LINE
8
BLACK
6
CONTINUOUS
10
1.5025196456692913
20
0.5655846456692913
11
1.5025196850393701
21
0.5655853149606299
0
LINE
8
BLACK
6
CONTINUOUS
10
1.5025196850393701
20
0.5655853149606299
11
1.5025196850393701
21
0.6344146456692913
0
LINE
8
BLACK
6
CONTINUOUS
10
1.5025196850393701
20
0.6344146456692913
11
1.5025196456692913
21
0.6344153149606299
0
LINE
8
BLACK
6
CONTINUOUS
10
1.5025196456692913
20
0.6344153149606299
11
1.5022633858267715
21
0.6367990551181102
0
LINE
8
BLACK
6
CONTINUOUS
10
1.5022633858267715
20
0.6367990551181102
11
1.502263307086614
21
0.6367993700787401
0
LINE
8
BLACK
6
CONTINUOUS
10
1.502263307086614
20
0.6367993700787401
11
1.5019866141732283
21
0.6375411417322835
0
LINE
8
BLACK
6
CONTINUOUS
10
1.5019866141732283
20
0.6375411417322835
11
1.5002515354330708
21
0.6421930708661417
0
LINE
8
BLACK
6
CONTINUOUS
10
1.5002515354330708
20
0.6421930708661417
11
1.4968016141732283
21
0.6468016141732283
0
LINE
8
BLACK
6
CONTINUOUS
10
1.4968016141732283
20
0.6468016141732283
11
1.4968015354330708
21
0.6468016535433071
0
LINE
8
BLACK
6
CONTINUOUS
10
1.4968015354330708
20
0.6468016535433071
11
1.4966204724409449
21
0.6470435433070866
0
LINE
8
BLACK
6
CONTINUOUS
10
1.4966204724409449
20
0.6470435433070866
11
1.495643622047244
21
0.6496624409448819
0
LINE
8
BLACK
6
CONTINUOUS
10
1.495643622047244
20
0.6496624409448819
11
1.4962377559055118
21
0.6523937007874016
0
LINE
8
BLACK
6
CONTINUOUS
10
1.4962377559055118
20
0.6523937007874016
11
1.4966204330708661
21
0.6529891732283465
0
LINE
8
BLACK
6
CONTINUOUS
10
1.4966204330708661
20
0.6529891732283465
11
1.5002340157480314
21
0.6578162992125984
0
LINE
8
BLACK
6
CONTINUOUS
10
1.5002340157480314
20
0.6578162992125984
11
1.5002340157480314
21
0.6578163385826772
0
LINE
8
BLACK
6
CONTINUOUS
10
1.5002340157480314
20
0.6578163385826772
11
1.5022438582677164
21
0.6632049606299213
0
LINE
8
BLACK
6
CONTINUOUS
10
1.5022438582677164
20
0.6632049606299213
11
1.5024999606299212
21
0.6655866929133858
0
LINE
8
BLACK
6
CONTINUOUS
10
1.5024999606299212
20
0.6655866929133858
11
1.5024999999999999
21
0.6655871653543307
0
LINE
8
BLACK
6
CONTINUOUS
10
1.5024999999999999
20
0.6655871653543307
11
1.5024999999999999
21
0.6899999999999999
0
LINE
8
BLACK
6
CONTINUOUS
10
1.5024999999999999
20
0.6899999999999999
11
1.4824999999999999
21
0.6899999999999999
0
LINE
8
BLACK
6
CONTINUOUS
10
1.4824999999999999
20
0.6899999999999999
11
1.4824999999999999
21
0.6675
0
LINE
8
BLACK
6
CONTINUOUS
10
1.4824999999999999
20
0.6675
11
1.4175
21
0.6675
0
LINE
8
BLACK
6
CONTINUOUS
10
1.4175
20
0.6675
11
1.4175
21
0.6899999999999999
0
LINE
8
BLACK
6
CONTINUOUS
10
1.4175
20
0.6899999999999999
11
1.3825000000000001
21
0.6899999999999999
0
LINE
8
BLACK
6
CONTINUOUS
10
1.3825000000000001
20
0.6899999999999999
11
1.3825000000000001
21
0.6675
0
LINE
8
BLACK
6
CONTINUOUS
10
1.3825000000000001
20
0.6675
11
1.3174999999999999
21
0.6675
0
LINE
8
BLACK
6
CONTINUOUS
10
1.3174999999999999
20
0.6675
11
1.3174999999999999
21
0.6899999999999999
0
LINE
8
BLACK
6
CONTINUOUS
10
1.3174999999999999
20
0.6899999999999999
11
1.2974999999999999
21
0.6899999999999999
0
LINE
8
BLACK
6
CONTINUOUS
10
1.2974999999999999
20
0.6899999999999999
11
1.2974999999999999
21
0.6655866929133858
0
LINE
8
BLACK
6
CONTINUOUS
10
1.2974999999999999
20
0.6655866929133858
11
1.2977561023622046
21
0.6632049606299213
0
LINE
8
BLACK
6
CONTINUOUS
10
1.2977561023622046
20
0.6632049606299213
11
1.2997659448818897
21
0.6578163385826772
0
LINE
8
BLACK
6
CONTINUOUS
10
1.2997659448818897
20
0.6578163385826772
11
1.2997659448818897
21
0.6578162992125984
0
LINE
8
BLACK
6
CONTINUOUS
10
1.2997659448818897
20
0.6578162992125984
11
1.3033795275590552
21
0.6529891732283465
0
LINE
8
BLACK
6
CONTINUOUS
10
1.3033795275590552
20
0.6529891732283465
11
1.3043563385826771
21
0.6503702755905512
0
LINE
8
BLACK
6
CONTINUOUS
10
1.3043563385826771
20
0.6503702755905512
11
1.3037621653543308
21
0.6476389763779528
0
LINE
8
BLACK
6
CONTINUOUS
10
1.3037621653543308
20
0.6476389763779528
11
1.3033795275590552
21
0.6470435433070866
0
LINE
8
BLACK
6
CONTINUOUS
10
1.3033795275590552
20
0.6470435433070866
11
1.3031984251968505
21
0.6468016535433071
0
LINE
8
BLACK
6
CONTINUOUS
10
1.3031984251968505
20
0.6468016535433071
11
1.3031983858267717
21
0.6468016141732283
0
LINE
8
BLACK
6
CONTINUOUS
10
1.3031983858267717
20
0.6468016141732283
11
1.3005421653543308
21
0.6432533070866142
0
LINE
8
BLACK
6
CONTINUOUS
10
1.3005421653543308
20
0.6432533070866142
11
1.2997484251968503
21
0.642193031496063
0
LINE
8
BLACK
6
CONTINUOUS
10
1.2997484251968503
20
0.642193031496063
11
1.2997484251968503
21
0.6421929921259842
0
LINE
8
BLACK
6
CONTINUOUS
10
1.2997484251968503
20
0.6421929921259842
11
1.297736653543307
21
0.6367993700787401
0
LINE
8
BLACK
6
CONTINUOUS
10
1.297736653543307
20
0.6367993700787401
11
1.2977365748031495
21
0.6367990551181102
0
LINE
8
BLACK
6
CONTINUOUS
10
1.2977365748031495
20
0.6367990551181102
11
1.29748031496063
21
0.6344153149606299
0
LINE
8
BLACK
6
CONTINUOUS
10
1.29748031496063
20
0.6344153149606299
11
1.29748031496063
21
0.5655846456692913
0
LINE
8
BLACK
6
CONTINUOUS
10
1.29748031496063
20
0.5655846456692913
11
1.2977365748031495
21
0.563200905511811
0
LINE
8
BLACK
6
CONTINUOUS
10
1.46
20
0.7324999999999999
11
1.4824999999999999
21
0.7324999999999999
0
LINE
8
BLACK
6
CONTINUOUS
10
1.4824999999999999
20
0.7324999999999999
11
1.4824999999999999
21
0.71
0
LINE
8
BLACK
6
CONTINUOUS
10
1.4824999999999999
20
0.71
11
1.5024999999999999
21
0.71
0
LINE
8
BLACK
6
CONTINUOUS
10
1.5024999999999999
20
0.71
11
1.5024999999999999
21
0.7344127952755906
0
LINE
8
BLACK
6
CONTINUOUS
10
1.5024999999999999
20
0.7344127952755906
11
1.5024999606299212
21
0.7344132677165354
0
LINE
8
BLACK
6
CONTINUOUS
10
1.5024999606299212
20
0.7344132677165354
11
1.5022438582677164
21
0.736795
0
LINE
8
BLACK
6
CONTINUOUS
10
1.5022438582677164
20
0.736795
11
1.5002340157480314
21
0.7421836220472441
0
LINE
8
BLACK
6
CONTINUOUS
10
1.5002340157480314
20
0.7421836220472441
11
1.5002340157480314
21
0.7421836614173228
0
LINE
8
BLACK
6
CONTINUOUS
10
1.5002340157480314
20
0.7421836614173228
11
1.4967875590551181
21
0.7467875590551181
0
LINE
8
BLACK
6
CONTINUOUS
10
1.4967875590551181
20
0.7467875590551181
11
1.4921836614173227
21
0.7502340157480315
0
LINE
8
BLACK
6
CONTINUOUS
10
1.4921836614173227
20
0.7502340157480315
11
1.4867949999999999
21
0.7522438582677166
0
LINE
8
BLACK
6
CONTINUOUS
10
1.4867949999999999
20
0.7522438582677166
11
1.4844132677165354
21
0.7524999606299212
0
LINE
8
BLACK
6
CONTINUOUS
10
1.4844132677165354
20
0.7524999606299212
11
1.4844127952755906
21
0.7524999999999999
0
LINE
8
BLACK
6
CONTINUOUS
10
1.4844127952755906
20
0.7524999999999999
11
1.46
21
0.7524999999999999
0
LINE
8
BLACK
6
CONTINUOUS
10
1.46
20
0.7524999999999999
11
1.46
21
0.7324999999999999
0
LINE
8
BLACK
6
CONTINUOUS
10
1.3599999999999999
20
0.7324999999999999
11
1.3825000000000001
21
0.7324999999999999
0
LINE
8
BLACK
6
CONTINUOUS
10
1.3825000000000001
20
0.7324999999999999
11
1.3825000000000001
21
0.71
0
LINE
8
BLACK
6
CONTINUOUS
10
1.3825000000000001
20
0.71
11
1.4175
21
0.71
0
LINE
8
BLACK
6
CONTINUOUS
10
1.4175
20
0.71
11
1.4175
21
0.7324999999999999
0
LINE
8
BLACK
6
CONTINUOUS
10
1.4175
20
0.7324999999999999
11
1.4399999999999999
21
0.7324999999999999
0
LINE
8
BLACK
6
CONTINUOUS
10
1.4399999999999999
20
0.7324999999999999
11
1.4399999999999999
21
0.7524999999999999
0
LINE
8
BLACK
6
CONTINUOUS
10
1.4399999999999999
20
0.7524999999999999
11
1.4155872047244094
21
0.7524999999999999
0
LINE
8
BLACK
6
CONTINUOUS
10
1.4155872047244094
20
0.7524999999999999
11
1.4155866929133858
21
0.7524999606299212
0
LINE
8
BLACK
6
CONTINUOUS
10
1.4155866929133858
20
0.7524999606299212
11
1.4132049606299213
21
0.7522438582677166
0
LINE
8
BLACK
6
CONTINUOUS
10
1.4132049606299213
20
0.7522438582677166
11
1.4078163779527559
21
0.7502340551181103
0
LINE
8
BLACK
6
CONTINUOUS
10
1.4078163779527559
20
0.7502340551181103
11
1.4029728346456694
21
0.7466081496062992
0
LINE
8
BLACK
6
CONTINUOUS
10
1.4029728346456694
20
0.7466081496062992
11
1.4003539370078739
21
0.7456313385826772
0
LINE
8
BLACK
6
CONTINUOUS
10
1.4003539370078739
20
0.7456313385826772
11
1.3976226377952756
21
0.7462254724409448
0
LINE
8
BLACK
6
CONTINUOUS
10
1.3976226377952756
20
0.7462254724409448
11
1.3970271653543307
21
0.7466081496062992
0
LINE
8
BLACK
6
CONTINUOUS
10
1.3970271653543307
20
0.7466081496062992
11
1.3921835826771654
21
0.7502340551181103
0
LINE
8
BLACK
6
CONTINUOUS
10
1.3921835826771654
20
0.7502340551181103
11
1.386795
21
0.7522438582677166
0
LINE
8
BLACK
6
CONTINUOUS
10
1.386795
20
0.7522438582677166
11
1.3844132677165355
21
0.7524999606299212
0
LINE
8
BLACK
6
CONTINUOUS
10
1.3844132677165355
20
0.7524999606299212
11
1.3844127952755905
21
0.7524999999999999
0
LINE
8
BLACK
6
CONTINUOUS
10
1.3844127952755905
20
0.7524999999999999
11
1.3599999999999999
21
0.7524999999999999
0
LINE
8
BLACK
6
CONTINUOUS
10
1.3599999999999999
20
0.7524999999999999
11
1.3599999999999999
21
0.7324999999999999
0
LINE
8
BLACK
6
CONTINUOUS
10
1.3155866929133857
20
0.7524999606299212
11
1.3132049606299212
21
0.7522438582677166
0
LINE
8
BLACK
6
CONTINUOUS
10
1.3132049606299212
20
0.7522438582677166
11
1.3078163385826771
21
0.7502340157480315
0
LINE
8
BLACK
6
CONTINUOUS
10
1.3078163385826771
20
0.7502340157480315
11
1.3078162992125983
21
0.7502340157480315
0
LINE
8
BLACK
6
CONTINUOUS
10
1.3078162992125983
20
0.7502340157480315
11
1.3032124015748032
21
0.7467875590551181
0
LINE
8
BLACK
6
CONTINUOUS
10
1.3032124015748032
20
0.7467875590551181
11
1.2997659448818897
21
0.7421836614173228
0
LINE
8
BLACK
6
CONTINUOUS
10
1.2997659448818897
20
0.7421836614173228
11
1.2997659448818897
21
0.7421836220472441
0
LINE
8
BLACK
6
CONTINUOUS
10
1.2997659448818897
20
0.7421836220472441
11
1.2977561023622046
21
0.736795
0
LINE
8
BLACK
6
CONTINUOUS
10
1.2977561023622046
20
0.736795
11
1.2974999999999999
21
0.7344132677165354
0
LINE
8
BLACK
6
CONTINUOUS
10
1.2974999999999999
20
0.7344132677165354
11
1.2974999999999999
21
0.71
0
LINE
8
BLACK
6
CONTINUOUS
10
1.2974999999999999
20
0.71
11
1.3174999999999999
21
0.71
0
LINE
8
BLACK
6
CONTINUOUS
10
1.3174999999999999
20
0.71
11
1.3174999999999999
21
0.7324999999999999
0
LINE
8
BLACK
6
CONTINUOUS
10
1.3174999999999999
20
0.7324999999999999
11
1.3400000000000001
21
0.7324999999999999
0
LINE
8
BLACK
6
CONTINUOUS
10
1.3400000000000001
20
0.7324999999999999
11
1.3400000000000001
21
0.7524999999999999
0
LINE
8
BLACK
6
CONTINUOUS
10
1.3400000000000001
20
0.7524999999999999
11
1.3155872047244095
21
0.7524999999999999
0
LINE
8
BLACK
6
CONTINUOUS
10
1.3155872047244095
20
0.7524999999999999
11
1.3155866929133857
21
0.7524999606299212
0
CIRCLE
8
BLACK
10
0.45
20
0.29
40
0.0068897637795276
0
CIRCLE
8
BLACK
10
0.45
20
0.39
40
0.0068897637795276
0
CIRCLE
8
BLACK
10
0.2
20
-0.2
40
0.0068897637795276
0
CIRCLE
8
BLACK
10
1.3999999999999999
20
1.
40
0.0068897637795276
0
CIRCLE
8
BLACK
10
0.1988188976377953
20
1.
40
0.0068897637795276
0
CIRCLE
8
BLACK
10
1.3999999999999999
20
-0.2
40
0.0068897637795276
0
CIRCLE
8
BLACK
10
1.45
20
0.5
40
0.0068897637795276
0
CIRCLE
8
BLACK
10
1.45
20
0.6
40
0.0068897637795276
0
CIRCLE
8
BLACK
10
1.45
20
0.7
40
0.0068897637795276
0
CIRCLE
8
BLACK
10
1.3499999999999999
20
0.7
40
0.0068897637795276
0
CIRCLE
8
BLACK
10
1.3499999999999999
20
0.6
40
0.0068897637795276
0
CIRCLE
8
BLACK
10
1.3499999999999999
20
0.5
40
0.0068897637795276
0
CIRCLE
8
BLACK
10
0.15
20
0.7
40
0.0068897637795276
0
CIRCLE
8
BLACK
10
0.15
20
0.6
40
0.0068897637795276
0
CIRCLE
8
BLACK
10
0.25
20
0.6
40
0.0068897637795276
0
CIRCLE
8
BLACK
10
0.25
20
0.7
40
0.0068897637795276
0
CIRCLE
8
BLACK
10
0.25
20
0.05
40
0.0068897637795276
0
CIRCLE
8
BLACK
10
0.25
20
0.15
40
0.0068897637795276
0
CIRCLE
8
BLACK
10
0.25
20
0.25
40
0.0068897637795276
0
CIRCLE
8
BLACK
10
0.25
20
0.35
40
0.0068897637795276
0
CIRCLE
8
BLACK
10
0.25
20
0.45
40
0.0068897637795276
0
CIRCLE
8
BLACK
10
0.15
20
0.45
40
0.0068897637795276
0
CIRCLE
8
BLACK
10
0.15
20
0.35
40
0.0068897637795276
0
CIRCLE
8
BLACK
10
0.15
20
0.25
40
0.0068897637795276
0
CIRCLE
8
BLACK
10
0.15
20
0.15
40
0.0068897637795276
0
CIRCLE
8
BLACK
10
0.15
20
0.05
40
0.0068897637795276
0
CIRCLE
8
BLACK
10
0.5499999999999999
20
0.39
40
0.0068897637795276
0
CIRCLE
8
BLACK
10
0.5499999999999999
20
0.29
40
0.0068897637795276
0
CIRCLE
8
BLACK
10
0.45
20
0.7999999999999999
40
0.0068897637795276
0
CIRCLE
8
BLACK
10
0.5499999999999999
20
0.7999999999999999
40
0.0068897637795276
0
CIRCLE
8
BLACK
10
0.65
20
0.7999999999999999
40
0.0068897637795276
0
CIRCLE
8
BLACK
10
0.75
20
0.7999999999999999
40
0.0068897637795276
0
CIRCLE
8
BLACK
10
0.85
20
0.7999999999999999
40
0.0068897637795276
0
CIRCLE
8
BLACK
10
0.95
20
0.7999999999999999
40
0.0068897637795276
0
CIRCLE
8
BLACK
10
1.05
20
0.7999999999999999
40
0.0068897637795276
0
CIRCLE
8
BLACK
10
1.1499999999999999
20
0.7999999999999999
40
0.0068897637795276
0
CIRCLE
8
BLACK
10
1.1499999999999999
20
0.9
40
0.0068897637795276
0
CIRCLE
8
BLACK
10
1.05
20
0.9
40
0.0068897637795276
0
CIRCLE
8
BLACK
10
0.95
20
0.9
40
0.0068897637795276
0
CIRCLE
8
BLACK
10
0.85
20
0.9
40
0.0068897637795276
0
CIRCLE
8
BLACK
10
0.75
20
0.9
40
0.0068897637795276
0
CIRCLE
8
BLACK
10
0.65
20
0.9
40
0.0068897637795276
0
CIRCLE
8
BLACK
10
0.5499999999999999
20
0.9
40
0.0068897637795276
0
CIRCLE
8
BLACK
10
0.45
20
0.9
40
0.0068897637795276
0
CIRCLE
8
BLACK
10
1.1499999999999999
20
0.
40
0.0068897637795276
0
CIRCLE
8
BLACK
10
1.05
20
0.
40
0.0068897637795276
0
CIRCLE
8
BLACK
10
0.95
20
0.
40
0.0068897637795276
0
CIRCLE
8
BLACK
10
0.85
20
0.
40
0.0068897637795276
0
CIRCLE
8
BLACK
10
0.75
20
0.
40
0.0068897637795276
0
CIRCLE
8
BLACK
10
0.65
20
0.
40
0.0068897637795276
0
CIRCLE
8
BLACK
10
0.5499999999999999
20
0.
40
0.0068897637795276
0
CIRCLE
8
BLACK
10
0.45
20
0.
40
0.0068897637795276
0
CIRCLE
8
BLACK
10
0.45
20
-0.1
40
0.0068897637795276
0
CIRCLE
8
BLACK
10
0.5499999999999999
20
-0.1
40
0.0068897637795276
0
CIRCLE
8
BLACK
10
0.65
20
-0.1
40
0.0068897637795276
0
CIRCLE
8
BLACK
10
0.75
20
-0.1
40
0.0068897637795276
0
CIRCLE
8
BLACK
10
0.85
20
-0.1
40
0.0068897637795276
0
CIRCLE
8
BLACK
10
0.95
20
-0.1
40
0.0068897637795276
0
CIRCLE
8
BLACK
10
1.05
20
-0.1
40
0.0068897637795276
0
CIRCLE
8
BLACK
10
1.1499999999999999
20
-0.1
40
0.0068897637795276
0
CIRCLE
8
BLACK
10
1.3049999999999999
20
0.245
40
0.0068897637795276
0
CIRCLE
8
BLACK
10
1.405
20
0.245
40
0.0068897637795276
0
CIRCLE
8
BLACK
10
1.405
20
0.145
40
0.0068897637795276
0
CIRCLE
8
BLACK
10
1.3049999999999999
20
0.145
40
0.0068897637795276
0
CIRCLE
8
BLACK
10
0.7
20
0.54
40
0.0125
0
CIRCLE
8
BLACK
10
0.37
20
-0.24
40
0.0125
0
CIRCLE
8
BLACK
10
0.38
20
1.0800000000000001
40
0.0125
  0
ENDSEC
  0
EOF
