  0
SECTION
  2
HEADER
  9
$ANGBASE
  50
0.0
  9
$ANGDIR
  70
1
  9
$MEASUREMENT
  70
0
  0
ENDSEC
  0
SECTION
  2
TABLES
  0
TABLE
  2
LTYPE
  70
4
  0
LTYPE
  5
40F
  2
CONTINUOUS
  70
0
  3
Solid line
  72
65
  73
0
  40
0.0
  0
LTYPE
  5
410
  2
DASHDOT
 70
0
  3
Dash Dot ____ _ ____ _
 72
65
 73
4
 40
2.0
 49
1.25
 49
-0.25
 49
0.25
 49
-0.25
  0
LTYPE
  5
411
  2
DASHED
 70
0
  3
Dashed __ __ __ __ __
 72
65
 73
2
 40
0.75
 49
0.5
 49
-0.25
  0
LTYPE
  5
43B
  2
DOTTED
 70
0
  3
Dotted .  .  .  .
 72
65
 73
2
 40
0.2
 49
0.0
 49
-0.2
  0
ENDTAB
  0
TABLE
  2
STYLE
  70
4
  0
STYLE
  2
KICAD
  70
0
  40
0
  41
1
  42
1
  50
0
  71
0
  3
isocp.shx
  0
STYLE
  2
KICADB
  70
0
  40
0
  41
1
  42
1
  50
0
  71
0
  3
isocp.shx
  0
STYLE
  2
KICADI
  70
0
  40
0
  41
1
  42
1
  50
15
  71
0
  3
isocp.shx
  0
STYLE
  2
KICADBI
  70
0
  40
0
  41
1
  42
1
  50
15
  71
0
  3
isocp.shx
  0
ENDTAB
  0
TABLE
  2
LAYER
  70
1
  0
LAYER
  2
BLACK
  70
0
  62
7
  6
CONTINUOUS
  0
ENDTAB
  0
ENDSEC
  0
SECTION
  2
ENTITIES
0
LINE
8
BLACK
6
CONTINUOUS
10
0.4813788582677165
20
-0.2736211417322835
11
0.48195
21
-0.275
0
LINE
8
BLACK
6
CONTINUOUS
10
0.48195
20
-0.275
11
0.48195
21
-0.315
0
LINE
8
BLACK
6
CONTINUOUS
10
0.48195
20
-0.315
11
0.4813788582677165
21
-0.3163788582677165
0
LINE
8
BLACK
6
CONTINUOUS
10
0.4813788582677165
20
-0.3163788582677165
11
0.48
21
-0.31695
0
LINE
8
BLACK
6
CONTINUOUS
10
0.48
20
-0.31695
11
0.4262342125984252
21
-0.31695
0
LINE
8
BLACK
6
CONTINUOUS
10
0.4262342125984252
20
-0.31695
11
0.4262617322834645
21
-0.3169845275590551
0
LINE
8
BLACK
6
CONTINUOUS
10
0.4262617322834645
20
-0.3169845275590551
11
0.42695
21
-0.32
0
LINE
8
BLACK
6
CONTINUOUS
10
0.42695
20
-0.32
11
0.4262617322834645
21
-0.3230154724409449
0
LINE
8
BLACK
6
CONTINUOUS
10
0.4262617322834645
20
-0.3230154724409449
11
0.4243332677165354
21
-0.3254337401574803
0
LINE
8
BLACK
6
CONTINUOUS
10
0.4243332677165354
20
-0.3254337401574803
11
0.4215465354330709
21
-0.3267757480314961
0
LINE
8
BLACK
6
CONTINUOUS
10
0.4215465354330709
20
-0.3267757480314961
11
0.4184534645669291
21
-0.3267757480314961
0
LINE
8
BLACK
6
CONTINUOUS
10
0.4184534645669291
20
-0.3267757480314961
11
0.4156667322834646
21
-0.3254337401574803
0
LINE
8
BLACK
6
CONTINUOUS
10
0.4156667322834646
20
-0.3254337401574803
11
0.4137382677165354
21
-0.3230154724409449
0
LINE
8
BLACK
6
CONTINUOUS
10
0.4137382677165354
20
-0.3230154724409449
11
0.41305
21
-0.32
0
LINE
8
BLACK
6
CONTINUOUS
10
0.41305
20
-0.32
11
0.4137382677165354
21
-0.3169845275590551
0
LINE
8
BLACK
6
CONTINUOUS
10
0.4137382677165354
20
-0.3169845275590551
11
0.4156667322834646
21
-0.3145662598425197
0
LINE
8
BLACK
6
CONTINUOUS
10
0.4156667322834646
20
-0.3145662598425197
11
0.41805
21
-0.3134185433070866
0
LINE
8
BLACK
6
CONTINUOUS
10
0.41805
20
-0.3134185433070866
11
0.41805
21
-0.275
0
LINE
8
BLACK
6
CONTINUOUS
10
0.41805
20
-0.275
11
0.4186211417322834
21
-0.2736211417322835
0
LINE
8
BLACK
6
CONTINUOUS
10
0.4186211417322834
20
-0.2736211417322835
11
0.42
21
-0.27305
0
LINE
8
BLACK
6
CONTINUOUS
10
0.42
20
-0.27305
11
0.4213788582677165
21
-0.2736211417322835
0
LINE
8
BLACK
6
CONTINUOUS
10
0.4213788582677165
20
-0.2736211417322835
11
0.42195
21
-0.275
0
LINE
8
BLACK
6
CONTINUOUS
10
0.42195
20
-0.275
11
0.42195
21
-0.31305
0
LINE
8
BLACK
6
CONTINUOUS
10
0.42195
20
-0.31305
11
0.47805
21
-0.31305
0
LINE
8
BLACK
6
CONTINUOUS
10
0.47805
20
-0.31305
11
0.47805
21
-0.275
0
LINE
8
BLACK
6
CONTINUOUS
10
0.47805
20
-0.275
11
0.4786211417322834
21
-0.2736211417322835
0
LINE
8
BLACK
6
CONTINUOUS
10
0.4786211417322834
20
-0.2736211417322835
11
0.48
21
-0.27305
0
LINE
8
BLACK
6
CONTINUOUS
10
0.48
20
-0.27305
11
0.4813788582677165
21
-0.2736211417322835
0
LINE
8
BLACK
6
CONTINUOUS
10
0.4174055118110236
20
-0.321885
11
0.4190089763779528
21
-0.32305
0
LINE
8
BLACK
6
CONTINUOUS
10
0.4190089763779528
20
-0.32305
11
0.4209910236220472
21
-0.32305
0
LINE
8
BLACK
6
CONTINUOUS
10
0.4209910236220472
20
-0.32305
11
0.4225944881889764
21
-0.321885
0
LINE
8
BLACK
6
CONTINUOUS
10
0.4225944881889764
20
-0.321885
11
0.423206968503937
21
-0.32
0
LINE
8
BLACK
6
CONTINUOUS
10
0.423206968503937
20
-0.32
11
0.4225944881889764
21
-0.318115
0
LINE
8
BLACK
6
CONTINUOUS
10
0.4225944881889764
20
-0.318115
11
0.4209910236220472
21
-0.31695
0
LINE
8
BLACK
6
CONTINUOUS
10
0.4209910236220472
20
-0.31695
11
0.4190089763779528
21
-0.31695
0
LINE
8
BLACK
6
CONTINUOUS
10
0.4190089763779528
20
-0.31695
11
0.4174055118110236
21
-0.318115
0
LINE
8
BLACK
6
CONTINUOUS
10
0.4174055118110236
20
-0.318115
11
0.416793031496063
21
-0.32
0
LINE
8
BLACK
6
CONTINUOUS
10
0.416793031496063
20
-0.32
11
0.4174055118110236
21
-0.321885
0
LINE
8
BLACK
6
CONTINUOUS
10
0.5813788582677165
20
-0.2736211417322835
11
0.58195
21
-0.275
0
LINE
8
BLACK
6
CONTINUOUS
10
0.58195
20
-0.275
11
0.58195
21
-0.315
0
LINE
8
BLACK
6
CONTINUOUS
10
0.58195
20
-0.315
11
0.5813788582677165
21
-0.3163788582677165
0
LINE
8
BLACK
6
CONTINUOUS
10
0.5813788582677165
20
-0.3163788582677165
11
0.58
21
-0.31695
0
LINE
8
BLACK
6
CONTINUOUS
10
0.58
20
-0.31695
11
0.5262342125984252
21
-0.31695
0
LINE
8
BLACK
6
CONTINUOUS
10
0.5262342125984252
20
-0.31695
11
0.5262617322834645
21
-0.3169845275590551
0
LINE
8
BLACK
6
CONTINUOUS
10
0.5262617322834645
20
-0.3169845275590551
11
0.52695
21
-0.32
0
LINE
8
BLACK
6
CONTINUOUS
10
0.52695
20
-0.32
11
0.5262617322834645
21
-0.3230154724409449
0
LINE
8
BLACK
6
CONTINUOUS
10
0.5262617322834645
20
-0.3230154724409449
11
0.5243332677165354
21
-0.3254337401574803
0
LINE
8
BLACK
6
CONTINUOUS
10
0.5243332677165354
20
-0.3254337401574803
11
0.5215465354330708
21
-0.3267757480314961
0
LINE
8
BLACK
6
CONTINUOUS
10
0.5215465354330708
20
-0.3267757480314961
11
0.5184534645669291
21
-0.3267757480314961
0
LINE
8
BLACK
6
CONTINUOUS
10
0.5184534645669291
20
-0.3267757480314961
11
0.5156667322834646
21
-0.3254337401574803
0
LINE
8
BLACK
6
CONTINUOUS
10
0.5156667322834646
20
-0.3254337401574803
11
0.5137382677165354
21
-0.3230154724409449
0
LINE
8
BLACK
6
CONTINUOUS
10
0.5137382677165354
20
-0.3230154724409449
11
0.51305
21
-0.32
0
LINE
8
BLACK
6
CONTINUOUS
10
0.51305
20
-0.32
11
0.5137382677165354
21
-0.3169845275590551
0
LINE
8
BLACK
6
CONTINUOUS
10
0.5137382677165354
20
-0.3169845275590551
11
0.5156667322834646
21
-0.3145662598425197
0
LINE
8
BLACK
6
CONTINUOUS
10
0.5156667322834646
20
-0.3145662598425197
11
0.51805
21
-0.3134185433070866
0
LINE
8
BLACK
6
CONTINUOUS
10
0.51805
20
-0.3134185433070866
11
0.51805
21
-0.275
0
LINE
8
BLACK
6
CONTINUOUS
10
0.51805
20
-0.275
11
0.5186211417322835
21
-0.2736211417322835
0
LINE
8
BLACK
6
CONTINUOUS
10
0.5186211417322835
20
-0.2736211417322835
11
0.52
21
-0.27305
0
LINE
8
BLACK
6
CONTINUOUS
10
0.52
20
-0.27305
11
0.5213788582677166
21
-0.2736211417322835
0
LINE
8
BLACK
6
CONTINUOUS
10
0.5213788582677166
20
-0.2736211417322835
11
0.52195
21
-0.275
0
LINE
8
BLACK
6
CONTINUOUS
10
0.52195
20
-0.275
11
0.52195
21
-0.31305
0
LINE
8
BLACK
6
CONTINUOUS
10
0.52195
20
-0.31305
11
0.57805
21
-0.31305
0
LINE
8
BLACK
6
CONTINUOUS
10
0.57805
20
-0.31305
11
0.57805
21
-0.275
0
LINE
8
BLACK
6
CONTINUOUS
10
0.57805
20
-0.275
11
0.5786211417322834
21
-0.2736211417322835
0
LINE
8
BLACK
6
CONTINUOUS
10
0.5786211417322834
20
-0.2736211417322835
11
0.58
21
-0.27305
0
LINE
8
BLACK
6
CONTINUOUS
10
0.58
20
-0.27305
11
0.5813788582677165
21
-0.2736211417322835
0
LINE
8
BLACK
6
CONTINUOUS
10
0.5174055118110236
20
-0.321885
11
0.5190089763779527
21
-0.32305
0
LINE
8
BLACK
6
CONTINUOUS
10
0.5190089763779527
20
-0.32305
11
0.5209910236220472
21
-0.32305
0
LINE
8
BLACK
6
CONTINUOUS
10
0.5209910236220472
20
-0.32305
11
0.5225944881889764
21
-0.321885
0
LINE
8
BLACK
6
CONTINUOUS
10
0.5225944881889764
20
-0.321885
11
0.523206968503937
21
-0.32
0
LINE
8
BLACK
6
CONTINUOUS
10
0.523206968503937
20
-0.32
11
0.5225944881889764
21
-0.318115
0
LINE
8
BLACK
6
CONTINUOUS
10
0.5225944881889764
20
-0.318115
11
0.5209910236220472
21
-0.31695
0
LINE
8
BLACK
6
CONTINUOUS
10
0.5209910236220472
20
-0.31695
11
0.5190089763779527
21
-0.31695
0
LINE
8
BLACK
6
CONTINUOUS
10
0.5190089763779527
20
-0.31695
11
0.5174055118110236
21
-0.318115
0
LINE
8
BLACK
6
CONTINUOUS
10
0.5174055118110236
20
-0.318115
11
0.5167930314960629
21
-0.32
0
LINE
8
BLACK
6
CONTINUOUS
10
0.5167930314960629
20
-0.32
11
0.5174055118110236
21
-0.321885
0
LINE
8
BLACK
6
CONTINUOUS
10
0.6813788582677165
20
-0.2736211417322835
11
0.6819499999999999
21
-0.275
0
LINE
8
BLACK
6
CONTINUOUS
10
0.6819499999999999
20
-0.275
11
0.6819499999999999
21
-0.315
0
LINE
8
BLACK
6
CONTINUOUS
10
0.6819499999999999
20
-0.315
11
0.6813788582677165
21
-0.3163788582677165
0
LINE
8
BLACK
6
CONTINUOUS
10
0.6813788582677165
20
-0.3163788582677165
11
0.6799999999999999
21
-0.31695
0
LINE
8
BLACK
6
CONTINUOUS
10
0.6799999999999999
20
-0.31695
11
0.6262342125984252
21
-0.31695
0
LINE
8
BLACK
6
CONTINUOUS
10
0.6262342125984252
20
-0.31695
11
0.6262617322834646
21
-0.3169845275590551
0
LINE
8
BLACK
6
CONTINUOUS
10
0.6262617322834646
20
-0.3169845275590551
11
0.62695
21
-0.32
0
LINE
8
BLACK
6
CONTINUOUS
10
0.62695
20
-0.32
11
0.6262617322834646
21
-0.3230154724409449
0
LINE
8
BLACK
6
CONTINUOUS
10
0.6262617322834646
20
-0.3230154724409449
11
0.6243332677165354
21
-0.3254337401574803
0
LINE
8
BLACK
6
CONTINUOUS
10
0.6243332677165354
20
-0.3254337401574803
11
0.6215465354330708
21
-0.3267757480314961
0
LINE
8
BLACK
6
CONTINUOUS
10
0.6215465354330708
20
-0.3267757480314961
11
0.6184534645669291
21
-0.3267757480314961
0
LINE
8
BLACK
6
CONTINUOUS
10
0.6184534645669291
20
-0.3267757480314961
11
0.6156667322834646
21
-0.3254337401574803
0
LINE
8
BLACK
6
CONTINUOUS
10
0.6156667322834646
20
-0.3254337401574803
11
0.6137382677165354
21
-0.3230154724409449
0
LINE
8
BLACK
6
CONTINUOUS
10
0.6137382677165354
20
-0.3230154724409449
11
0.61305
21
-0.32
0
LINE
8
BLACK
6
CONTINUOUS
10
0.61305
20
-0.32
11
0.6137382677165354
21
-0.3169845275590551
0
LINE
8
BLACK
6
CONTINUOUS
10
0.6137382677165354
20
-0.3169845275590551
11
0.6156667322834646
21
-0.3145662598425197
0
LINE
8
BLACK
6
CONTINUOUS
10
0.6156667322834646
20
-0.3145662598425197
11
0.61805
21
-0.3134185433070866
0
LINE
8
BLACK
6
CONTINUOUS
10
0.61805
20
-0.3134185433070866
11
0.61805
21
-0.275
0
LINE
8
BLACK
6
CONTINUOUS
10
0.61805
20
-0.275
11
0.6186211417322834
21
-0.2736211417322835
0
LINE
8
BLACK
6
CONTINUOUS
10
0.6186211417322834
20
-0.2736211417322835
11
0.62
21
-0.27305
0
LINE
8
BLACK
6
CONTINUOUS
10
0.62
20
-0.27305
11
0.6213788582677165
21
-0.2736211417322835
0
LINE
8
BLACK
6
CONTINUOUS
10
0.6213788582677165
20
-0.2736211417322835
11
0.62195
21
-0.275
0
LINE
8
BLACK
6
CONTINUOUS
10
0.62195
20
-0.275
11
0.62195
21
-0.31305
0
LINE
8
BLACK
6
CONTINUOUS
10
0.62195
20
-0.31305
11
0.6780499999999999
21
-0.31305
0
LINE
8
BLACK
6
CONTINUOUS
10
0.6780499999999999
20
-0.31305
11
0.6780499999999999
21
-0.275
0
LINE
8
BLACK
6
CONTINUOUS
10
0.6780499999999999
20
-0.275
11
0.6786211417322835
21
-0.2736211417322835
0
LINE
8
BLACK
6
CONTINUOUS
10
0.6786211417322835
20
-0.2736211417322835
11
0.6799999999999999
21
-0.27305
0
LINE
8
BLACK
6
CONTINUOUS
10
0.6799999999999999
20
-0.27305
11
0.6813788582677165
21
-0.2736211417322835
0
LINE
8
BLACK
6
CONTINUOUS
10
0.6174055118110237
20
-0.321885
11
0.6190089763779527
21
-0.32305
0
LINE
8
BLACK
6
CONTINUOUS
10
0.6190089763779527
20
-0.32305
11
0.6209910236220473
21
-0.32305
0
LINE
8
BLACK
6
CONTINUOUS
10
0.6209910236220473
20
-0.32305
11
0.6225944881889763
21
-0.321885
0
LINE
8
BLACK
6
CONTINUOUS
10
0.6225944881889763
20
-0.321885
11
0.623206968503937
21
-0.32
0
LINE
8
BLACK
6
CONTINUOUS
10
0.623206968503937
20
-0.32
11
0.6225944881889763
21
-0.318115
0
LINE
8
BLACK
6
CONTINUOUS
10
0.6225944881889763
20
-0.318115
11
0.6209910236220473
21
-0.31695
0
LINE
8
BLACK
6
CONTINUOUS
10
0.6209910236220473
20
-0.31695
11
0.6190089763779527
21
-0.31695
0
LINE
8
BLACK
6
CONTINUOUS
10
0.6190089763779527
20
-0.31695
11
0.6174055118110237
21
-0.318115
0
LINE
8
BLACK
6
CONTINUOUS
10
0.6174055118110237
20
-0.318115
11
0.616793031496063
21
-0.32
0
LINE
8
BLACK
6
CONTINUOUS
10
0.616793031496063
20
-0.32
11
0.6174055118110237
21
-0.321885
0
LINE
8
BLACK
6
CONTINUOUS
10
0.7813788582677165
20
-0.2736211417322835
11
0.78195
21
-0.275
0
LINE
8
BLACK
6
CONTINUOUS
10
0.78195
20
-0.275
11
0.78195
21
-0.315
0
LINE
8
BLACK
6
CONTINUOUS
10
0.78195
20
-0.315
11
0.7813788582677165
21
-0.3163788582677165
0
LINE
8
BLACK
6
CONTINUOUS
10
0.7813788582677165
20
-0.3163788582677165
11
0.78
21
-0.31695
0
LINE
8
BLACK
6
CONTINUOUS
10
0.78
20
-0.31695
11
0.7262342125984251
21
-0.31695
0
LINE
8
BLACK
6
CONTINUOUS
10
0.7262342125984251
20
-0.31695
11
0.7262617322834646
21
-0.3169845275590551
0
LINE
8
BLACK
6
CONTINUOUS
10
0.7262617322834646
20
-0.3169845275590551
11
0.72695
21
-0.32
0
LINE
8
BLACK
6
CONTINUOUS
10
0.72695
20
-0.32
11
0.7262617322834646
21
-0.3230154724409449
0
LINE
8
BLACK
6
CONTINUOUS
10
0.7262617322834646
20
-0.3230154724409449
11
0.7243332677165354
21
-0.3254337401574803
0
LINE
8
BLACK
6
CONTINUOUS
10
0.7243332677165354
20
-0.3254337401574803
11
0.7215465354330709
21
-0.3267757480314961
0
LINE
8
BLACK
6
CONTINUOUS
10
0.7215465354330709
20
-0.3267757480314961
11
0.7184534645669292
21
-0.3267757480314961
0
LINE
8
BLACK
6
CONTINUOUS
10
0.7184534645669292
20
-0.3267757480314961
11
0.7156667322834646
21
-0.3254337401574803
0
LINE
8
BLACK
6
CONTINUOUS
10
0.7156667322834646
20
-0.3254337401574803
11
0.7137382677165354
21
-0.3230154724409449
0
LINE
8
BLACK
6
CONTINUOUS
10
0.7137382677165354
20
-0.3230154724409449
11
0.71305
21
-0.32
0
LINE
8
BLACK
6
CONTINUOUS
10
0.71305
20
-0.32
11
0.7137382677165354
21
-0.3169845275590551
0
LINE
8
BLACK
6
CONTINUOUS
10
0.7137382677165354
20
-0.3169845275590551
11
0.7156667322834646
21
-0.3145662598425197
0
LINE
8
BLACK
6
CONTINUOUS
10
0.7156667322834646
20
-0.3145662598425197
11
0.71805
21
-0.3134185433070866
0
LINE
8
BLACK
6
CONTINUOUS
10
0.71805
20
-0.3134185433070866
11
0.71805
21
-0.275
0
LINE
8
BLACK
6
CONTINUOUS
10
0.71805
20
-0.275
11
0.7186211417322834
21
-0.2736211417322835
0
LINE
8
BLACK
6
CONTINUOUS
10
0.7186211417322834
20
-0.2736211417322835
11
0.72
21
-0.27305
0
LINE
8
BLACK
6
CONTINUOUS
10
0.72
20
-0.27305
11
0.7213788582677165
21
-0.2736211417322835
0
LINE
8
BLACK
6
CONTINUOUS
10
0.7213788582677165
20
-0.2736211417322835
11
0.72195
21
-0.275
0
LINE
8
BLACK
6
CONTINUOUS
10
0.72195
20
-0.275
11
0.72195
21
-0.31305
0
LINE
8
BLACK
6
CONTINUOUS
10
0.72195
20
-0.31305
11
0.77805
21
-0.31305
0
LINE
8
BLACK
6
CONTINUOUS
10
0.77805
20
-0.31305
11
0.77805
21
-0.275
0
LINE
8
BLACK
6
CONTINUOUS
10
0.77805
20
-0.275
11
0.7786211417322835
21
-0.2736211417322835
0
LINE
8
BLACK
6
CONTINUOUS
10
0.7786211417322835
20
-0.2736211417322835
11
0.78
21
-0.27305
0
LINE
8
BLACK
6
CONTINUOUS
10
0.78
20
-0.27305
11
0.7813788582677165
21
-0.2736211417322835
0
LINE
8
BLACK
6
CONTINUOUS
10
0.7174055118110236
20
-0.321885
11
0.7190089763779527
21
-0.32305
0
LINE
8
BLACK
6
CONTINUOUS
10
0.7190089763779527
20
-0.32305
11
0.7209910236220473
21
-0.32305
0
LINE
8
BLACK
6
CONTINUOUS
10
0.7209910236220473
20
-0.32305
11
0.7225944881889763
21
-0.321885
0
LINE
8
BLACK
6
CONTINUOUS
10
0.7225944881889763
20
-0.321885
11
0.723206968503937
21
-0.32
0
LINE
8
BLACK
6
CONTINUOUS
10
0.723206968503937
20
-0.32
11
0.7225944881889763
21
-0.318115
0
LINE
8
BLACK
6
CONTINUOUS
10
0.7225944881889763
20
-0.318115
11
0.7209910236220473
21
-0.31695
0
LINE
8
BLACK
6
CONTINUOUS
10
0.7209910236220473
20
-0.31695
11
0.7190089763779527
21
-0.31695
0
LINE
8
BLACK
6
CONTINUOUS
10
0.7190089763779527
20
-0.31695
11
0.7174055118110236
21
-0.318115
0
LINE
8
BLACK
6
CONTINUOUS
10
0.7174055118110236
20
-0.318115
11
0.716793031496063
21
-0.32
0
LINE
8
BLACK
6
CONTINUOUS
10
0.716793031496063
20
-0.32
11
0.7174055118110236
21
-0.321885
0
LINE
8
BLACK
6
CONTINUOUS
10
0.8813788582677166
20
-0.2736211417322835
11
0.88195
21
-0.275
0
LINE
8
BLACK
6
CONTINUOUS
10
0.88195
20
-0.275
11
0.88195
21
-0.315
0
LINE
8
BLACK
6
CONTINUOUS
10
0.88195
20
-0.315
11
0.8813788582677166
21
-0.3163788582677165
0
LINE
8
BLACK
6
CONTINUOUS
10
0.8813788582677166
20
-0.3163788582677165
11
0.88
21
-0.31695
0
LINE
8
BLACK
6
CONTINUOUS
10
0.88
20
-0.31695
11
0.8262342125984252
21
-0.31695
0
LINE
8
BLACK
6
CONTINUOUS
10
0.8262342125984252
20
-0.31695
11
0.8262617322834646
21
-0.3169845275590551
0
LINE
8
BLACK
6
CONTINUOUS
10
0.8262617322834646
20
-0.3169845275590551
11
0.82695
21
-0.32
0
LINE
8
BLACK
6
CONTINUOUS
10
0.82695
20
-0.32
11
0.8262617322834646
21
-0.3230154724409449
0
LINE
8
BLACK
6
CONTINUOUS
10
0.8262617322834646
20
-0.3230154724409449
11
0.8243332677165354
21
-0.3254337401574803
0
LINE
8
BLACK
6
CONTINUOUS
10
0.8243332677165354
20
-0.3254337401574803
11
0.8215465354330709
21
-0.3267757480314961
0
LINE
8
BLACK
6
CONTINUOUS
10
0.8215465354330709
20
-0.3267757480314961
11
0.8184534645669291
21
-0.3267757480314961
0
LINE
8
BLACK
6
CONTINUOUS
10
0.8184534645669291
20
-0.3267757480314961
11
0.8156667322834645
21
-0.3254337401574803
0
LINE
8
BLACK
6
CONTINUOUS
10
0.8156667322834645
20
-0.3254337401574803
11
0.8137382677165355
21
-0.3230154724409449
0
LINE
8
BLACK
6
CONTINUOUS
10
0.8137382677165355
20
-0.3230154724409449
11
0.8130499999999999
21
-0.32
0
LINE
8
BLACK
6
CONTINUOUS
10
0.8130499999999999
20
-0.32
11
0.8137382677165355
21
-0.3169845275590551
0
LINE
8
BLACK
6
CONTINUOUS
10
0.8137382677165355
20
-0.3169845275590551
11
0.8156667322834645
21
-0.3145662598425197
0
LINE
8
BLACK
6
CONTINUOUS
10
0.8156667322834645
20
-0.3145662598425197
11
0.8180499999999999
21
-0.3134185433070866
0
LINE
8
BLACK
6
CONTINUOUS
10
0.8180499999999999
20
-0.3134185433070866
11
0.8180499999999999
21
-0.275
0
LINE
8
BLACK
6
CONTINUOUS
10
0.8180499999999999
20
-0.275
11
0.8186211417322834
21
-0.2736211417322835
0
LINE
8
BLACK
6
CONTINUOUS
10
0.8186211417322834
20
-0.2736211417322835
11
0.82
21
-0.27305
0
LINE
8
BLACK
6
CONTINUOUS
10
0.82
20
-0.27305
11
0.8213788582677165
21
-0.2736211417322835
0
LINE
8
BLACK
6
CONTINUOUS
10
0.8213788582677165
20
-0.2736211417322835
11
0.82195
21
-0.275
0
LINE
8
BLACK
6
CONTINUOUS
10
0.82195
20
-0.275
11
0.82195
21
-0.31305
0
LINE
8
BLACK
6
CONTINUOUS
10
0.82195
20
-0.31305
11
0.87805
21
-0.31305
0
LINE
8
BLACK
6
CONTINUOUS
10
0.87805
20
-0.31305
11
0.87805
21
-0.275
0
LINE
8
BLACK
6
CONTINUOUS
10
0.87805
20
-0.275
11
0.8786211417322835
21
-0.2736211417322835
0
LINE
8
BLACK
6
CONTINUOUS
10
0.8786211417322835
20
-0.2736211417322835
11
0.88
21
-0.27305
0
LINE
8
BLACK
6
CONTINUOUS
10
0.88
20
-0.27305
11
0.8813788582677166
21
-0.2736211417322835
0
LINE
8
BLACK
6
CONTINUOUS
10
0.8174055118110236
20
-0.321885
11
0.8190089763779528
21
-0.32305
0
LINE
8
BLACK
6
CONTINUOUS
10
0.8190089763779528
20
-0.32305
11
0.8209910236220472
21
-0.32305
0
LINE
8
BLACK
6
CONTINUOUS
10
0.8209910236220472
20
-0.32305
11
0.8225944881889764
21
-0.321885
0
LINE
8
BLACK
6
CONTINUOUS
10
0.8225944881889764
20
-0.321885
11
0.823206968503937
21
-0.32
0
LINE
8
BLACK
6
CONTINUOUS
10
0.823206968503937
20
-0.32
11
0.8225944881889764
21
-0.318115
0
LINE
8
BLACK
6
CONTINUOUS
10
0.8225944881889764
20
-0.318115
11
0.8209910236220472
21
-0.31695
0
LINE
8
BLACK
6
CONTINUOUS
10
0.8209910236220472
20
-0.31695
11
0.8190089763779528
21
-0.31695
0
LINE
8
BLACK
6
CONTINUOUS
10
0.8190089763779528
20
-0.31695
11
0.8174055118110236
21
-0.318115
0
LINE
8
BLACK
6
CONTINUOUS
10
0.8174055118110236
20
-0.318115
11
0.816793031496063
21
-0.32
0
LINE
8
BLACK
6
CONTINUOUS
10
0.816793031496063
20
-0.32
11
0.8174055118110236
21
-0.321885
0
LINE
8
BLACK
6
CONTINUOUS
10
0.9813788582677165
20
-0.2736211417322835
11
0.98195
21
-0.275
0
LINE
8
BLACK
6
CONTINUOUS
10
0.98195
20
-0.275
11
0.98195
21
-0.315
0
LINE
8
BLACK
6
CONTINUOUS
10
0.98195
20
-0.315
11
0.9813788582677165
21
-0.3163788582677165
0
LINE
8
BLACK
6
CONTINUOUS
10
0.9813788582677165
20
-0.3163788582677165
11
0.98
21
-0.31695
0
LINE
8
BLACK
6
CONTINUOUS
10
0.98
20
-0.31695
11
0.9262342125984252
21
-0.31695
0
LINE
8
BLACK
6
CONTINUOUS
10
0.9262342125984252
20
-0.31695
11
0.9262617322834645
21
-0.3169845275590551
0
LINE
8
BLACK
6
CONTINUOUS
10
0.9262617322834645
20
-0.3169845275590551
11
0.9269499999999999
21
-0.32
0
LINE
8
BLACK
6
CONTINUOUS
10
0.9269499999999999
20
-0.32
11
0.9262617322834645
21
-0.3230154724409449
0
LINE
8
BLACK
6
CONTINUOUS
10
0.9262617322834645
20
-0.3230154724409449
11
0.9243332677165355
21
-0.3254337401574803
0
LINE
8
BLACK
6
CONTINUOUS
10
0.9243332677165355
20
-0.3254337401574803
11
0.9215465354330709
21
-0.3267757480314961
0
LINE
8
BLACK
6
CONTINUOUS
10
0.9215465354330709
20
-0.3267757480314961
11
0.9184534645669291
21
-0.3267757480314961
0
LINE
8
BLACK
6
CONTINUOUS
10
0.9184534645669291
20
-0.3267757480314961
11
0.9156667322834645
21
-0.3254337401574803
0
LINE
8
BLACK
6
CONTINUOUS
10
0.9156667322834645
20
-0.3254337401574803
11
0.9137382677165354
21
-0.3230154724409449
0
LINE
8
BLACK
6
CONTINUOUS
10
0.9137382677165354
20
-0.3230154724409449
11
0.91305
21
-0.32
0
LINE
8
BLACK
6
CONTINUOUS
10
0.91305
20
-0.32
11
0.9137382677165354
21
-0.3169845275590551
0
LINE
8
BLACK
6
CONTINUOUS
10
0.9137382677165354
20
-0.3169845275590551
11
0.9156667322834645
21
-0.3145662598425197
0
LINE
8
BLACK
6
CONTINUOUS
10
0.9156667322834645
20
-0.3145662598425197
11
0.91805
21
-0.3134185433070866
0
LINE
8
BLACK
6
CONTINUOUS
10
0.91805
20
-0.3134185433070866
11
0.91805
21
-0.275
0
LINE
8
BLACK
6
CONTINUOUS
10
0.91805
20
-0.275
11
0.9186211417322835
21
-0.2736211417322835
0
LINE
8
BLACK
6
CONTINUOUS
10
0.9186211417322835
20
-0.2736211417322835
11
0.9199999999999999
21
-0.27305
0
LINE
8
BLACK
6
CONTINUOUS
10
0.9199999999999999
20
-0.27305
11
0.9213788582677165
21
-0.2736211417322835
0
LINE
8
BLACK
6
CONTINUOUS
10
0.9213788582677165
20
-0.2736211417322835
11
0.9219499999999999
21
-0.275
0
LINE
8
BLACK
6
CONTINUOUS
10
0.9219499999999999
20
-0.275
11
0.9219499999999999
21
-0.31305
0
LINE
8
BLACK
6
CONTINUOUS
10
0.9219499999999999
20
-0.31305
11
0.97805
21
-0.31305
0
LINE
8
BLACK
6
CONTINUOUS
10
0.97805
20
-0.31305
11
0.97805
21
-0.275
0
LINE
8
BLACK
6
CONTINUOUS
10
0.97805
20
-0.275
11
0.9786211417322834
21
-0.2736211417322835
0
LINE
8
BLACK
6
CONTINUOUS
10
0.9786211417322834
20
-0.2736211417322835
11
0.98
21
-0.27305
0
LINE
8
BLACK
6
CONTINUOUS
10
0.98
20
-0.27305
11
0.9813788582677165
21
-0.2736211417322835
0
LINE
8
BLACK
6
CONTINUOUS
10
0.9174055118110236
20
-0.321885
11
0.9190089763779528
21
-0.32305
0
LINE
8
BLACK
6
CONTINUOUS
10
0.9190089763779528
20
-0.32305
11
0.9209910236220472
21
-0.32305
0
LINE
8
BLACK
6
CONTINUOUS
10
0.9209910236220472
20
-0.32305
11
0.9225944881889764
21
-0.321885
0
LINE
8
BLACK
6
CONTINUOUS
10
0.9225944881889764
20
-0.321885
11
0.923206968503937
21
-0.32
0
LINE
8
BLACK
6
CONTINUOUS
10
0.923206968503937
20
-0.32
11
0.9225944881889764
21
-0.318115
0
LINE
8
BLACK
6
CONTINUOUS
10
0.9225944881889764
20
-0.318115
11
0.9209910236220472
21
-0.31695
0
LINE
8
BLACK
6
CONTINUOUS
10
0.9209910236220472
20
-0.31695
11
0.9190089763779528
21
-0.31695
0
LINE
8
BLACK
6
CONTINUOUS
10
0.9190089763779528
20
-0.31695
11
0.9174055118110236
21
-0.318115
0
LINE
8
BLACK
6
CONTINUOUS
10
0.9174055118110236
20
-0.318115
11
0.9167930314960629
21
-0.32
0
LINE
8
BLACK
6
CONTINUOUS
10
0.9167930314960629
20
-0.32
11
0.9174055118110236
21
-0.321885
0
LINE
8
BLACK
6
CONTINUOUS
10
1.0813788582677164
20
-0.2736211417322835
11
1.08195
21
-0.275
0
LINE
8
BLACK
6
CONTINUOUS
10
1.08195
20
-0.275
11
1.08195
21
-0.315
0
LINE
8
BLACK
6
CONTINUOUS
10
1.08195
20
-0.315
11
1.0813788582677164
21
-0.3163788582677165
0
LINE
8
BLACK
6
CONTINUOUS
10
1.0813788582677164
20
-0.3163788582677165
11
1.0800000000000001
21
-0.31695
0
LINE
8
BLACK
6
CONTINUOUS
10
1.0800000000000001
20
-0.31695
11
1.0262342125984252
21
-0.31695
0
LINE
8
BLACK
6
CONTINUOUS
10
1.0262342125984252
20
-0.31695
11
1.0262617322834646
21
-0.3169845275590551
0
LINE
8
BLACK
6
CONTINUOUS
10
1.0262617322834646
20
-0.3169845275590551
11
1.02695
21
-0.32
0
LINE
8
BLACK
6
CONTINUOUS
10
1.02695
20
-0.32
11
1.0262617322834646
21
-0.3230154724409449
0
LINE
8
BLACK
6
CONTINUOUS
10
1.0262617322834646
20
-0.3230154724409449
11
1.0243332677165353
21
-0.3254337401574803
0
LINE
8
BLACK
6
CONTINUOUS
10
1.0243332677165353
20
-0.3254337401574803
11
1.0215465354330708
21
-0.3267757480314961
0
LINE
8
BLACK
6
CONTINUOUS
10
1.0215465354330708
20
-0.3267757480314961
11
1.0184534645669292
21
-0.3267757480314961
0
LINE
8
BLACK
6
CONTINUOUS
10
1.0184534645669292
20
-0.3267757480314961
11
1.0156667322834645
21
-0.3254337401574803
0
LINE
8
BLACK
6
CONTINUOUS
10
1.0156667322834645
20
-0.3254337401574803
11
1.0137382677165354
21
-0.3230154724409449
0
LINE
8
BLACK
6
CONTINUOUS
10
1.0137382677165354
20
-0.3230154724409449
11
1.01305
21
-0.32
0
LINE
8
BLACK
6
CONTINUOUS
10
1.01305
20
-0.32
11
1.0137382677165354
21
-0.3169845275590551
0
LINE
8
BLACK
6
CONTINUOUS
10
1.0137382677165354
20
-0.3169845275590551
11
1.0156667322834645
21
-0.3145662598425197
0
LINE
8
BLACK
6
CONTINUOUS
10
1.0156667322834645
20
-0.3145662598425197
11
1.0180499999999999
21
-0.3134185433070866
0
LINE
8
BLACK
6
CONTINUOUS
10
1.0180499999999999
20
-0.3134185433070866
11
1.0180499999999999
21
-0.275
0
LINE
8
BLACK
6
CONTINUOUS
10
1.0180499999999999
20
-0.275
11
1.0186211417322835
21
-0.2736211417322835
0
LINE
8
BLACK
6
CONTINUOUS
10
1.0186211417322835
20
-0.2736211417322835
11
1.02
21
-0.27305
0
LINE
8
BLACK
6
CONTINUOUS
10
1.02
20
-0.27305
11
1.0213788582677166
21
-0.2736211417322835
0
LINE
8
BLACK
6
CONTINUOUS
10
1.0213788582677166
20
-0.2736211417322835
11
1.0219499999999999
21
-0.275
0
LINE
8
BLACK
6
CONTINUOUS
10
1.0219499999999999
20
-0.275
11
1.0219499999999999
21
-0.31305
0
LINE
8
BLACK
6
CONTINUOUS
10
1.0219499999999999
20
-0.31305
11
1.07805
21
-0.31305
0
LINE
8
BLACK
6
CONTINUOUS
10
1.07805
20
-0.31305
11
1.07805
21
-0.275
0
LINE
8
BLACK
6
CONTINUOUS
10
1.07805
20
-0.275
11
1.0786211417322835
21
-0.2736211417322835
0
LINE
8
BLACK
6
CONTINUOUS
10
1.0786211417322835
20
-0.2736211417322835
11
1.0800000000000001
21
-0.27305
0
LINE
8
BLACK
6
CONTINUOUS
10
1.0800000000000001
20
-0.27305
11
1.0813788582677164
21
-0.2736211417322835
0
LINE
8
BLACK
6
CONTINUOUS
10
1.0174055118110237
20
-0.321885
11
1.0190089763779526
21
-0.32305
0
LINE
8
BLACK
6
CONTINUOUS
10
1.0190089763779526
20
-0.32305
11
1.0209910236220472
21
-0.32305
0
LINE
8
BLACK
6
CONTINUOUS
10
1.0209910236220472
20
-0.32305
11
1.0225944881889764
21
-0.321885
0
LINE
8
BLACK
6
CONTINUOUS
10
1.0225944881889764
20
-0.321885
11
1.0232069685039369
21
-0.32
0
LINE
8
BLACK
6
CONTINUOUS
10
1.0232069685039369
20
-0.32
11
1.0225944881889764
21
-0.318115
0
LINE
8
BLACK
6
CONTINUOUS
10
1.0225944881889764
20
-0.318115
11
1.0209910236220472
21
-0.31695
0
LINE
8
BLACK
6
CONTINUOUS
10
1.0209910236220472
20
-0.31695
11
1.0190089763779526
21
-0.31695
0
LINE
8
BLACK
6
CONTINUOUS
10
1.0190089763779526
20
-0.31695
11
1.0174055118110237
21
-0.318115
0
LINE
8
BLACK
6
CONTINUOUS
10
1.0174055118110237
20
-0.318115
11
1.0167930314960629
21
-0.32
0
LINE
8
BLACK
6
CONTINUOUS
10
1.0167930314960629
20
-0.32
11
1.0174055118110237
21
-0.321885
0
LINE
8
BLACK
6
CONTINUOUS
10
1.1813788582677165
20
-0.2736211417322835
11
1.1819500000000001
21
-0.275
0
LINE
8
BLACK
6
CONTINUOUS
10
1.1819500000000001
20
-0.275
11
1.1819500000000001
21
-0.315
0
LINE
8
BLACK
6
CONTINUOUS
10
1.1819500000000001
20
-0.315
11
1.1813788582677165
21
-0.3163788582677165
0
LINE
8
BLACK
6
CONTINUOUS
10
1.1813788582677165
20
-0.3163788582677165
11
1.1799999999999999
21
-0.31695
0
LINE
8
BLACK
6
CONTINUOUS
10
1.1799999999999999
20
-0.31695
11
1.1262342125984253
21
-0.31695
0
LINE
8
BLACK
6
CONTINUOUS
10
1.1262342125984253
20
-0.31695
11
1.1262617322834645
21
-0.3169845275590551
0
LINE
8
BLACK
6
CONTINUOUS
10
1.1262617322834645
20
-0.3169845275590551
11
1.1269499999999999
21
-0.32
0
LINE
8
BLACK
6
CONTINUOUS
10
1.1269499999999999
20
-0.32
11
1.1262617322834645
21
-0.3230154724409449
0
LINE
8
BLACK
6
CONTINUOUS
10
1.1262617322834645
20
-0.3230154724409449
11
1.1243332677165354
21
-0.3254337401574803
0
LINE
8
BLACK
6
CONTINUOUS
10
1.1243332677165354
20
-0.3254337401574803
11
1.1215465354330709
21
-0.3267757480314961
0
LINE
8
BLACK
6
CONTINUOUS
10
1.1215465354330709
20
-0.3267757480314961
11
1.1184534645669291
21
-0.3267757480314961
0
LINE
8
BLACK
6
CONTINUOUS
10
1.1184534645669291
20
-0.3267757480314961
11
1.1156667322834646
21
-0.3254337401574803
0
LINE
8
BLACK
6
CONTINUOUS
10
1.1156667322834646
20
-0.3254337401574803
11
1.1137382677165355
21
-0.3230154724409449
0
LINE
8
BLACK
6
CONTINUOUS
10
1.1137382677165355
20
-0.3230154724409449
11
1.1130499999999999
21
-0.32
0
LINE
8
BLACK
6
CONTINUOUS
10
1.1130499999999999
20
-0.32
11
1.1137382677165355
21
-0.3169845275590551
0
LINE
8
BLACK
6
CONTINUOUS
10
1.1137382677165355
20
-0.3169845275590551
11
1.1156667322834646
21
-0.3145662598425197
0
LINE
8
BLACK
6
CONTINUOUS
10
1.1156667322834646
20
-0.3145662598425197
11
1.11805
21
-0.3134185433070866
0
LINE
8
BLACK
6
CONTINUOUS
10
1.11805
20
-0.3134185433070866
11
1.11805
21
-0.275
0
LINE
8
BLACK
6
CONTINUOUS
10
1.11805
20
-0.275
11
1.1186211417322833
21
-0.2736211417322835
0
LINE
8
BLACK
6
CONTINUOUS
10
1.1186211417322833
20
-0.2736211417322835
11
1.1199999999999999
21
-0.27305
0
LINE
8
BLACK
6
CONTINUOUS
10
1.1199999999999999
20
-0.27305
11
1.1213788582677164
21
-0.2736211417322835
0
LINE
8
BLACK
6
CONTINUOUS
10
1.1213788582677164
20
-0.2736211417322835
11
1.12195
21
-0.275
0
LINE
8
BLACK
6
CONTINUOUS
10
1.12195
20
-0.275
11
1.12195
21
-0.31305
0
LINE
8
BLACK
6
CONTINUOUS
10
1.12195
20
-0.31305
11
1.17805
21
-0.31305
0
LINE
8
BLACK
6
CONTINUOUS
10
1.17805
20
-0.31305
11
1.17805
21
-0.275
0
LINE
8
BLACK
6
CONTINUOUS
10
1.17805
20
-0.275
11
1.1786211417322834
21
-0.2736211417322835
0
LINE
8
BLACK
6
CONTINUOUS
10
1.1786211417322834
20
-0.2736211417322835
11
1.1799999999999999
21
-0.27305
0
LINE
8
BLACK
6
CONTINUOUS
10
1.1799999999999999
20
-0.27305
11
1.1813788582677165
21
-0.2736211417322835
0
LINE
8
BLACK
6
CONTINUOUS
10
1.1174055118110235
20
-0.321885
11
1.1190089763779527
21
-0.32305
0
LINE
8
BLACK
6
CONTINUOUS
10
1.1190089763779527
20
-0.32305
11
1.1209910236220473
21
-0.32305
0
LINE
8
BLACK
6
CONTINUOUS
10
1.1209910236220473
20
-0.32305
11
1.1225944881889764
21
-0.321885
0
LINE
8
BLACK
6
CONTINUOUS
10
1.1225944881889764
20
-0.321885
11
1.123206968503937
21
-0.32
0
LINE
8
BLACK
6
CONTINUOUS
10
1.123206968503937
20
-0.32
11
1.1225944881889764
21
-0.318115
0
LINE
8
BLACK
6
CONTINUOUS
10
1.1225944881889764
20
-0.318115
11
1.1209910236220473
21
-0.31695
0
LINE
8
BLACK
6
CONTINUOUS
10
1.1209910236220473
20
-0.31695
11
1.1190089763779527
21
-0.31695
0
LINE
8
BLACK
6
CONTINUOUS
10
1.1190089763779527
20
-0.31695
11
1.1174055118110235
21
-0.318115
0
LINE
8
BLACK
6
CONTINUOUS
10
1.1174055118110235
20
-0.318115
11
1.116793031496063
21
-0.32
0
LINE
8
BLACK
6
CONTINUOUS
10
1.116793031496063
20
-0.32
11
1.1174055118110235
21
-0.321885
0
LINE
8
BLACK
6
CONTINUOUS
10
0.5652857086614174
20
-0.2666438976377953
11
0.5657848031496063
21
-0.2666793700787402
0
LINE
8
BLACK
6
CONTINUOUS
10
0.5657848031496063
20
-0.2666793700787402
11
0.5660166141732283
21
-0.2669466141732283
0
LINE
8
BLACK
6
CONTINUOUS
10
0.5660166141732283
20
-0.2669466141732283
11
0.5663435826771653
21
-0.2670820866141732
0
LINE
8
BLACK
6
CONTINUOUS
10
0.5663435826771653
20
-0.2670820866141732
11
0.5665350787401575
21
-0.2675444488188976
0
LINE
8
BLACK
6
CONTINUOUS
10
0.5665350787401575
20
-0.2675444488188976
11
0.5668629527559055
21
-0.2679224803149606
0
LINE
8
BLACK
6
CONTINUOUS
10
0.5668629527559055
20
-0.2679224803149606
11
0.5668378346456693
21
-0.2682753543307086
0
LINE
8
BLACK
6
CONTINUOUS
10
0.5668378346456693
20
-0.2682753543307086
11
0.5669733070866142
21
-0.2686023622047244
0
LINE
8
BLACK
6
CONTINUOUS
10
0.5669733070866142
20
-0.2686023622047244
11
0.5669733070866142
21
-0.2758333070866142
0
LINE
8
BLACK
6
CONTINUOUS
10
0.5669733070866142
20
-0.2758333070866142
11
0.5713899606299212
21
-0.2758333070866142
0
LINE
8
BLACK
6
CONTINUOUS
10
0.5713899606299212
20
-0.2758333070866142
11
0.5729102362204724
21
-0.276463031496063
0
LINE
8
BLACK
6
CONTINUOUS
10
0.5729102362204724
20
-0.276463031496063
11
0.5735399606299213
21
-0.2779833070866142
0
LINE
8
BLACK
6
CONTINUOUS
10
0.5735399606299213
20
-0.2779833070866142
11
0.5729102362204724
21
-0.2795035826771654
0
LINE
8
BLACK
6
CONTINUOUS
10
0.5729102362204724
20
-0.2795035826771654
11
0.5713899606299212
21
-0.2801333070866142
0
LINE
8
BLACK
6
CONTINUOUS
10
0.5713899606299212
20
-0.2801333070866142
11
0.5669733070866142
21
-0.2801333070866142
0
LINE
8
BLACK
6
CONTINUOUS
10
0.5669733070866142
20
-0.2801333070866142
11
0.5669733070866142
21
-0.2807975984251969
0
LINE
8
BLACK
6
CONTINUOUS
10
0.5669733070866142
20
-0.2807975984251969
11
0.5663435826771653
21
-0.282317874015748
0
LINE
8
BLACK
6
CONTINUOUS
10
0.5663435826771653
20
-0.282317874015748
11
0.5648233070866142
21
-0.2829475984251968
0
LINE
8
BLACK
6
CONTINUOUS
10
0.5648233070866142
20
-0.2829475984251968
11
0.563303031496063
21
-0.282317874015748
0
LINE
8
BLACK
6
CONTINUOUS
10
0.563303031496063
20
-0.282317874015748
11
0.5626733070866141
21
-0.2807975984251969
0
LINE
8
BLACK
6
CONTINUOUS
10
0.5626733070866141
20
-0.2807975984251969
11
0.5626733070866141
21
-0.2801333070866142
0
LINE
8
BLACK
6
CONTINUOUS
10
0.5626733070866141
20
-0.2801333070866142
11
0.5582566141732284
21
-0.2801333070866142
0
LINE
8
BLACK
6
CONTINUOUS
10
0.5582566141732284
20
-0.2801333070866142
11
0.5567363385826771
21
-0.2795035826771654
0
LINE
8
BLACK
6
CONTINUOUS
10
0.5567363385826771
20
-0.2795035826771654
11
0.5561066141732284
21
-0.2779833070866142
0
LINE
8
BLACK
6
CONTINUOUS
10
0.5561066141732284
20
-0.2779833070866142
11
0.5567363385826771
21
-0.276463031496063
0
LINE
8
BLACK
6
CONTINUOUS
10
0.5567363385826771
20
-0.276463031496063
11
0.5582566141732284
21
-0.2758333070866142
0
LINE
8
BLACK
6
CONTINUOUS
10
0.5582566141732284
20
-0.2758333070866142
11
0.5626733070866141
21
-0.2758333070866142
0
LINE
8
BLACK
6
CONTINUOUS
10
0.5626733070866141
20
-0.2758333070866142
11
0.5626733070866141
21
-0.2715853149606299
0
LINE
8
BLACK
6
CONTINUOUS
10
0.5626733070866141
20
-0.2715853149606299
11
0.5514317716535433
21
-0.2753325196850394
0
LINE
8
BLACK
6
CONTINUOUS
10
0.5514317716535433
20
-0.2753325196850394
11
0.5497903937007874
21
-0.2752158661417323
0
LINE
8
BLACK
6
CONTINUOUS
10
0.5497903937007874
20
-0.2752158661417323
11
0.5487122047244094
21
-0.2739727165354331
0
LINE
8
BLACK
6
CONTINUOUS
10
0.5487122047244094
20
-0.2739727165354331
11
0.5488288582677165
21
-0.2723313385826772
0
LINE
8
BLACK
6
CONTINUOUS
10
0.5488288582677165
20
-0.2723313385826772
11
0.5500720078740158
21
-0.2712531496062992
0
LINE
8
BLACK
6
CONTINUOUS
10
0.5500720078740158
20
-0.2712531496062992
11
0.5641433858267716
21
-0.2665627165354331
0
LINE
8
BLACK
6
CONTINUOUS
10
0.5641433858267716
20
-0.2665627165354331
11
0.5644962992125984
21
-0.2665877952755906
0
LINE
8
BLACK
6
CONTINUOUS
10
0.5644962992125984
20
-0.2665877952755906
11
0.5648233070866142
21
-0.2664523622047244
0
LINE
8
BLACK
6
CONTINUOUS
10
0.5648233070866142
20
-0.2664523622047244
11
0.5652857086614174
21
-0.2666438976377953
0
LINE
8
BLACK
6
CONTINUOUS
10
0.9532102362204724
20
-0.2661439763779527
11
0.9538399606299213
21
-0.2676642519685039
0
LINE
8
BLACK
6
CONTINUOUS
10
0.9538399606299213
20
-0.2676642519685039
11
0.9538399606299213
21
-0.2775370472440945
0
LINE
8
BLACK
6
CONTINUOUS
10
0.9538399606299213
20
-0.2775370472440945
11
0.970543031496063
21
-0.2703785826771654
0
LINE
8
BLACK
6
CONTINUOUS
10
0.970543031496063
20
-0.2703785826771654
11
0.9721884251968503
21
-0.2703585039370079
0
LINE
8
BLACK
6
CONTINUOUS
10
0.9721884251968503
20
-0.2703585039370079
11
0.9733661023622047
21
-0.2715077952755905
0
LINE
8
BLACK
6
CONTINUOUS
10
0.9733661023622047
20
-0.2715077952755905
11
0.9733861811023622
21
-0.2731532283464567
0
LINE
8
BLACK
6
CONTINUOUS
10
0.9733861811023622
20
-0.2731532283464567
11
0.9722368897637795
21
-0.274330905511811
0
LINE
8
BLACK
6
CONTINUOUS
10
0.9722368897637795
20
-0.274330905511811
11
0.9525368897637795
21
-0.2827737401574803
0
LINE
8
BLACK
6
CONTINUOUS
10
0.9525368897637795
20
-0.2827737401574803
11
0.9520966929133858
21
-0.2827790944881889
0
LINE
8
BLACK
6
CONTINUOUS
10
0.9520966929133858
20
-0.2827790944881889
11
0.9516899606299213
21
-0.2829475984251968
0
LINE
8
BLACK
6
CONTINUOUS
10
0.9516899606299213
20
-0.2829475984251968
11
0.9513064566929134
21
-0.2827887401574803
0
LINE
8
BLACK
6
CONTINUOUS
10
0.9513064566929134
20
-0.2827887401574803
11
0.9508914566929134
21
-0.2827938188976378
0
LINE
8
BLACK
6
CONTINUOUS
10
0.9508914566929134
20
-0.2827938188976378
11
0.9505763779527558
21
-0.2824863385826771
0
LINE
8
BLACK
6
CONTINUOUS
10
0.9505763779527558
20
-0.2824863385826771
11
0.95016968503937
21
-0.282317874015748
0
LINE
8
BLACK
6
CONTINUOUS
10
0.95016968503937
20
-0.282317874015748
11
0.9500108267716535
21
-0.2819343700787402
0
LINE
8
BLACK
6
CONTINUOUS
10
0.9500108267716535
20
-0.2819343700787402
11
0.9497138188976377
21
-0.2816445275590551
0
LINE
8
BLACK
6
CONTINUOUS
10
0.9497138188976377
20
-0.2816445275590551
11
0.9497084251968504
21
-0.2812043307086614
0
LINE
8
BLACK
6
CONTINUOUS
10
0.9497084251968504
20
-0.2812043307086614
11
0.9495399606299212
21
-0.2807975984251969
0
LINE
8
BLACK
6
CONTINUOUS
10
0.9495399606299212
20
-0.2807975984251969
11
0.9495399606299212
21
-0.2676642519685039
0
LINE
8
BLACK
6
CONTINUOUS
10
0.9495399606299212
20
-0.2676642519685039
11
0.95016968503937
21
-0.2661439763779527
0
LINE
8
BLACK
6
CONTINUOUS
10
0.95016968503937
20
-0.2661439763779527
11
0.9516899606299213
21
-0.2655142519685039
0
LINE
8
BLACK
6
CONTINUOUS
10
0.9516899606299213
20
-0.2655142519685039
11
0.9532102362204724
21
-0.2661439763779527
0
LINE
8
BLACK
6
CONTINUOUS
10
0.6641370472440945
20
-0.2665566535433071
11
0.6644066535433071
21
-0.2665165748031496
0
LINE
8
BLACK
6
CONTINUOUS
10
0.6644066535433071
20
-0.2665165748031496
11
0.6681590551181102
21
-0.2674546456692913
0
LINE
8
BLACK
6
CONTINUOUS
10
0.6681590551181102
20
-0.2674546456692913
11
0.6683553937007873
21
-0.2676001181102362
0
LINE
8
BLACK
6
CONTINUOUS
10
0.6683553937007873
20
-0.2676001181102362
11
0.668599094488189
21
-0.2676174409448819
0
LINE
8
BLACK
6
CONTINUOUS
10
0.668599094488189
20
-0.2676174409448819
11
0.6704752755905512
21
-0.2685555118110236
0
LINE
8
BLACK
6
CONTINUOUS
10
0.6704752755905512
20
-0.2685555118110236
11
0.670707125984252
21
-0.2688228346456693
0
LINE
8
BLACK
6
CONTINUOUS
10
0.670707125984252
20
-0.2688228346456693
11
0.6710340551181102
21
-0.2689582677165354
0
LINE
8
BLACK
6
CONTINUOUS
10
0.6710340551181102
20
-0.2689582677165354
11
0.6719721653543307
21
-0.2698963779527559
0
LINE
8
BLACK
6
CONTINUOUS
10
0.6719721653543307
20
-0.2698963779527559
11
0.6721075590551181
21
-0.2702232677165354
0
LINE
8
BLACK
6
CONTINUOUS
10
0.6721075590551181
20
-0.2702232677165354
11
0.6723749212598426
21
-0.270455157480315
0
LINE
8
BLACK
6
CONTINUOUS
10
0.6723749212598426
20
-0.270455157480315
11
0.6733129921259843
21
-0.2723313385826772
0
LINE
8
BLACK
6
CONTINUOUS
10
0.6733129921259843
20
-0.2723313385826772
11
0.6733484251968503
21
-0.2728304724409449
0
LINE
8
BLACK
6
CONTINUOUS
10
0.6733484251968503
20
-0.2728304724409449
11
0.6735399606299213
21
-0.2732928346456693
0
LINE
8
BLACK
6
CONTINUOUS
10
0.6735399606299213
20
-0.2732928346456693
11
0.6735399606299213
21
-0.2751690157480315
0
LINE
8
BLACK
6
CONTINUOUS
10
0.6735399606299213
20
-0.2751690157480315
11
0.6733484251968503
21
-0.2756313385826771
0
LINE
8
BLACK
6
CONTINUOUS
10
0.6733484251968503
20
-0.2756313385826771
11
0.6733129921259843
21
-0.2761304724409449
0
LINE
8
BLACK
6
CONTINUOUS
10
0.6733129921259843
20
-0.2761304724409449
11
0.6723749212598426
21
-0.2780067322834646
0
LINE
8
BLACK
6
CONTINUOUS
10
0.6723749212598426
20
-0.2780067322834646
11
0.6721075196850393
21
-0.2782385826771653
0
LINE
8
BLACK
6
CONTINUOUS
10
0.6721075196850393
20
-0.2782385826771653
11
0.6719721259842519
21
-0.2785655511811024
0
LINE
8
BLACK
6
CONTINUOUS
10
0.6719721259842519
20
-0.2785655511811024
11
0.6710340157480315
21
-0.2795036220472441
0
LINE
8
BLACK
6
CONTINUOUS
10
0.6710340157480315
20
-0.2795036220472441
11
0.670707125984252
21
-0.2796389763779528
0
LINE
8
BLACK
6
CONTINUOUS
10
0.670707125984252
20
-0.2796389763779528
11
0.67047531496063
21
-0.2799063385826772
0
LINE
8
BLACK
6
CONTINUOUS
10
0.67047531496063
20
-0.2799063385826772
11
0.6685991338582677
21
-0.2808444094488189
0
LINE
8
BLACK
6
CONTINUOUS
10
0.6685991338582677
20
-0.2808444094488189
11
0.6683553937007873
21
-0.2808617322834646
0
LINE
8
BLACK
6
CONTINUOUS
10
0.6683553937007873
20
-0.2808617322834646
11
0.6681590157480315
21
-0.2810072440944882
0
LINE
8
BLACK
6
CONTINUOUS
10
0.6681590157480315
20
-0.2810072440944882
11
0.6644066141732283
21
-0.2819453149606299
0
LINE
8
BLACK
6
CONTINUOUS
10
0.6644066141732283
20
-0.2819453149606299
11
0.664136968503937
21
-0.281905157480315
0
LINE
8
BLACK
6
CONTINUOUS
10
0.664136968503937
20
-0.281905157480315
11
0.6638851968503937
21
-0.2820094881889764
0
LINE
8
BLACK
6
CONTINUOUS
10
0.6638851968503937
20
-0.2820094881889764
11
0.6591947244094488
21
-0.2820094881889764
0
LINE
8
BLACK
6
CONTINUOUS
10
0.6591947244094488
20
-0.2820094881889764
11
0.658942874015748
21
-0.281905157480315
0
LINE
8
BLACK
6
CONTINUOUS
10
0.658942874015748
20
-0.281905157480315
11
0.6586732677165354
21
-0.2819453149606299
0
LINE
8
BLACK
6
CONTINUOUS
10
0.6586732677165354
20
-0.2819453149606299
11
0.654920905511811
21
-0.2810072440944882
0
LINE
8
BLACK
6
CONTINUOUS
10
0.654920905511811
20
-0.2810072440944882
11
0.6547245275590551
21
-0.2808617322834646
0
LINE
8
BLACK
6
CONTINUOUS
10
0.6547245275590551
20
-0.2808617322834646
11
0.6544808661417323
21
-0.2808444488188976
0
LINE
8
BLACK
6
CONTINUOUS
10
0.6544808661417323
20
-0.2808444488188976
11
0.6526046456692913
21
-0.2799063385826772
0
LINE
8
BLACK
6
CONTINUOUS
10
0.6526046456692913
20
-0.2799063385826772
11
0.6523727559055118
21
-0.2796389763779528
0
LINE
8
BLACK
6
CONTINUOUS
10
0.6523727559055118
20
-0.2796389763779528
11
0.6520458661417323
21
-0.2795035826771654
0
LINE
8
BLACK
6
CONTINUOUS
10
0.6520458661417323
20
-0.2795035826771654
11
0.6511077952755905
21
-0.2785655118110236
0
LINE
8
BLACK
6
CONTINUOUS
10
0.6511077952755905
20
-0.2785655118110236
11
0.6509723622047244
21
-0.2782385826771653
0
LINE
8
BLACK
6
CONTINUOUS
10
0.6509723622047244
20
-0.2782385826771653
11
0.6507050393700787
21
-0.2780067322834646
0
LINE
8
BLACK
6
CONTINUOUS
10
0.6507050393700787
20
-0.2780067322834646
11
0.6497669291338583
21
-0.2761305118110236
0
LINE
8
BLACK
6
CONTINUOUS
10
0.6497669291338583
20
-0.2761305118110236
11
0.6497314566929133
21
-0.2756313385826771
0
LINE
8
BLACK
6
CONTINUOUS
10
0.6497314566929133
20
-0.2756313385826771
11
0.6495399606299213
21
-0.2751690157480315
0
LINE
8
BLACK
6
CONTINUOUS
10
0.6495399606299213
20
-0.2751690157480315
11
0.6495399606299213
21
-0.2732928346456693
0
LINE
8
BLACK
6
CONTINUOUS
10
0.6495399606299213
20
-0.2732928346456693
11
0.6497314566929133
21
-0.2728304330708661
0
LINE
8
BLACK
6
CONTINUOUS
10
0.6497314566929133
20
-0.2728304330708661
11
0.649766968503937
21
-0.2723312992125984
0
LINE
8
BLACK
6
CONTINUOUS
10
0.649766968503937
20
-0.2723312992125984
11
0.6507050393700787
21
-0.2704551181102362
0
LINE
8
BLACK
6
CONTINUOUS
10
0.6507050393700787
20
-0.2704551181102362
11
0.6509723622047244
21
-0.2702232677165354
0
LINE
8
BLACK
6
CONTINUOUS
10
0.6509723622047244
20
-0.2702232677165354
11
0.6511077559055118
21
-0.2698964173228346
0
LINE
8
BLACK
6
CONTINUOUS
10
0.6511077559055118
20
-0.2698964173228346
11
0.6520458267716536
21
-0.2689583070866142
0
LINE
8
BLACK
6
CONTINUOUS
10
0.6520458267716536
20
-0.2689583070866142
11
0.6523727559055118
21
-0.268822874015748
0
LINE
8
BLACK
6
CONTINUOUS
10
0.6523727559055118
20
-0.268822874015748
11
0.6526046456692913
21
-0.2685555118110236
0
LINE
8
BLACK
6
CONTINUOUS
10
0.6526046456692913
20
-0.2685555118110236
11
0.654480905511811
21
-0.2676174409448819
0
LINE
8
BLACK
6
CONTINUOUS
10
0.654480905511811
20
-0.2676174409448819
11
0.6547246062992126
21
-0.2676001181102362
0
LINE
8
BLACK
6
CONTINUOUS
10
0.6547246062992126
20
-0.2676001181102362
11
0.654920905511811
21
-0.2674546850393701
0
LINE
8
BLACK
6
CONTINUOUS
10
0.654920905511811
20
-0.2674546850393701
11
0.6586732283464567
21
-0.2665165748031496
0
LINE
8
BLACK
6
CONTINUOUS
10
0.6586732283464567
20
-0.2665165748031496
11
0.6589428346456693
21
-0.2665566535433071
0
LINE
8
BLACK
6
CONTINUOUS
10
0.6589428346456693
20
-0.2665566535433071
11
0.6591947244094488
21
-0.2664523622047244
0
LINE
8
BLACK
6
CONTINUOUS
10
0.6591947244094488
20
-0.2664523622047244
11
0.6638851968503937
21
-0.2664523622047244
0
LINE
8
BLACK
6
CONTINUOUS
10
0.6638851968503937
20
-0.2664523622047244
11
0.6641370472440945
21
-0.2665566535433071
0
LINE
8
BLACK
6
CONTINUOUS
10
0.6561928346456692
20
-0.2715689763779527
11
0.6548396850393701
21
-0.2722455511811023
0
LINE
8
BLACK
6
CONTINUOUS
10
0.6548396850393701
20
-0.2722455511811023
11
0.6543950393700787
21
-0.2726901968503937
0
LINE
8
BLACK
6
CONTINUOUS
10
0.6543950393700787
20
-0.2726901968503937
11
0.6538399606299212
21
-0.2738003543307087
0
LINE
8
BLACK
6
CONTINUOUS
10
0.6538399606299212
20
-0.2738003543307087
11
0.6538399606299212
21
-0.2746614566929134
0
LINE
8
BLACK
6
CONTINUOUS
10
0.6538399606299212
20
-0.2746614566929134
11
0.6543950787401575
21
-0.2757716929133858
0
LINE
8
BLACK
6
CONTINUOUS
10
0.6543950787401575
20
-0.2757716929133858
11
0.6548396850393701
21
-0.2762162992125984
0
LINE
8
BLACK
6
CONTINUOUS
10
0.6548396850393701
20
-0.2762162992125984
11
0.6561926771653543
21
-0.2768927952755905
0
LINE
8
BLACK
6
CONTINUOUS
10
0.6561926771653543
20
-0.2768927952755905
11
0.6594594488188976
21
-0.2777094881889764
0
LINE
8
BLACK
6
CONTINUOUS
10
0.6594594488188976
20
-0.2777094881889764
11
0.6636204724409449
21
-0.2777094881889764
0
LINE
8
BLACK
6
CONTINUOUS
10
0.6636204724409449
20
-0.2777094881889764
11
0.6668872834645669
21
-0.2768927559055118
0
LINE
8
BLACK
6
CONTINUOUS
10
0.6668872834645669
20
-0.2768927559055118
11
0.6682401968503937
21
-0.2762162992125984
0
LINE
8
BLACK
6
CONTINUOUS
10
0.6682401968503937
20
-0.2762162992125984
11
0.6686848425196851
21
-0.2757716535433071
0
LINE
8
BLACK
6
CONTINUOUS
10
0.6686848425196851
20
-0.2757716535433071
11
0.6692399606299212
21
-0.2746614566929134
0
LINE
8
BLACK
6
CONTINUOUS
10
0.6692399606299212
20
-0.2746614566929134
11
0.6692399606299212
21
-0.2738003543307087
0
LINE
8
BLACK
6
CONTINUOUS
10
0.6692399606299212
20
-0.2738003543307087
11
0.6686848425196851
21
-0.2726901574803149
0
LINE
8
BLACK
6
CONTINUOUS
10
0.6686848425196851
20
-0.2726901574803149
11
0.6682402362204725
21
-0.2722455511811023
0
LINE
8
BLACK
6
CONTINUOUS
10
0.6682402362204725
20
-0.2722455511811023
11
0.6668870866141732
21
-0.2715689763779527
0
LINE
8
BLACK
6
CONTINUOUS
10
0.6668870866141732
20
-0.2715689763779527
11
0.6636205905511811
21
-0.2707523622047244
0
LINE
8
BLACK
6
CONTINUOUS
10
0.6636205905511811
20
-0.2707523622047244
11
0.6594594881889764
21
-0.2707523622047244
0
LINE
8
BLACK
6
CONTINUOUS
10
0.6594594881889764
20
-0.2707523622047244
11
0.6561928346456692
21
-0.2715689763779527
0
LINE
8
BLACK
6
CONTINUOUS
10
0.7729102362204724
20
-0.2661439763779527
11
0.7735399606299213
21
-0.2676642519685039
0
LINE
8
BLACK
6
CONTINUOUS
10
0.7735399606299213
20
-0.2676642519685039
11
0.7735399606299213
21
-0.2798594881889764
0
LINE
8
BLACK
6
CONTINUOUS
10
0.7735399606299213
20
-0.2798594881889764
11
0.7729102362204724
21
-0.2813797637795276
0
LINE
8
BLACK
6
CONTINUOUS
10
0.7729102362204724
20
-0.2813797637795276
11
0.7713899606299213
21
-0.2820094881889764
0
LINE
8
BLACK
6
CONTINUOUS
10
0.7713899606299213
20
-0.2820094881889764
11
0.76986968503937
21
-0.2813797637795276
0
LINE
8
BLACK
6
CONTINUOUS
10
0.76986968503937
20
-0.2813797637795276
11
0.7692399606299213
21
-0.2798594881889764
0
LINE
8
BLACK
6
CONTINUOUS
10
0.7692399606299213
20
-0.2798594881889764
11
0.7692399606299213
21
-0.2728548031496063
0
LINE
8
BLACK
6
CONTINUOUS
10
0.7692399606299213
20
-0.2728548031496063
11
0.7616531102362205
21
-0.2804416929133858
0
LINE
8
BLACK
6
CONTINUOUS
10
0.7616531102362205
20
-0.2804416929133858
11
0.761190748031496
21
-0.280633188976378
0
LINE
8
BLACK
6
CONTINUOUS
10
0.761190748031496
20
-0.280633188976378
11
0.7608126771653543
21
-0.2809611023622047
0
LINE
8
BLACK
6
CONTINUOUS
10
0.7608126771653543
20
-0.2809611023622047
11
0.7579984251968503
21
-0.2818991732283465
0
LINE
8
BLACK
6
CONTINUOUS
10
0.7579984251968503
20
-0.2818991732283465
11
0.7576454330708661
21
-0.2818740551181103
0
LINE
8
BLACK
6
CONTINUOUS
10
0.7576454330708661
20
-0.2818740551181103
11
0.7573185433070866
21
-0.2820094881889764
0
LINE
8
BLACK
6
CONTINUOUS
10
0.7573185433070866
20
-0.2820094881889764
11
0.7554423622047244
21
-0.2820094881889764
0
LINE
8
BLACK
6
CONTINUOUS
10
0.7554423622047244
20
-0.2820094881889764
11
0.75498
21
-0.2818179527559055
0
LINE
8
BLACK
6
CONTINUOUS
10
0.75498
20
-0.2818179527559055
11
0.754480905511811
21
-0.2817825196850394
0
LINE
8
BLACK
6
CONTINUOUS
10
0.754480905511811
20
-0.2817825196850394
11
0.7526046456692913
21
-0.2808444488188976
0
LINE
8
BLACK
6
CONTINUOUS
10
0.7526046456692913
20
-0.2808444488188976
11
0.7523727559055118
21
-0.2805770472440945
0
LINE
8
BLACK
6
CONTINUOUS
10
0.7523727559055118
20
-0.2805770472440945
11
0.7520458267716535
21
-0.2804416535433071
0
LINE
8
BLACK
6
CONTINUOUS
10
0.7520458267716535
20
-0.2804416535433071
11
0.7511077559055118
21
-0.2795035433070866
0
LINE
8
BLACK
6
CONTINUOUS
10
0.7511077559055118
20
-0.2795035433070866
11
0.7509723622047244
21
-0.2791766535433071
0
LINE
8
BLACK
6
CONTINUOUS
10
0.7509723622047244
20
-0.2791766535433071
11
0.7507050393700787
21
-0.278944842519685
0
LINE
8
BLACK
6
CONTINUOUS
10
0.7507050393700787
20
-0.278944842519685
11
0.749766968503937
21
-0.2770686614173228
0
LINE
8
BLACK
6
CONTINUOUS
10
0.749766968503937
20
-0.2770686614173228
11
0.7497314566929134
21
-0.2765694881889764
0
LINE
8
BLACK
6
CONTINUOUS
10
0.7497314566929134
20
-0.2765694881889764
11
0.7495399606299212
21
-0.276107125984252
0
LINE
8
BLACK
6
CONTINUOUS
10
0.7495399606299212
20
-0.276107125984252
11
0.7495399606299212
21
-0.2714166535433071
0
LINE
8
BLACK
6
CONTINUOUS
10
0.7495399606299212
20
-0.2714166535433071
11
0.7497314566929134
21
-0.2709542519685039
0
LINE
8
BLACK
6
CONTINUOUS
10
0.7497314566929134
20
-0.2709542519685039
11
0.749766968503937
21
-0.2704551181102362
0
LINE
8
BLACK
6
CONTINUOUS
10
0.749766968503937
20
-0.2704551181102362
11
0.7507050393700787
21
-0.268578937007874
0
LINE
8
BLACK
6
CONTINUOUS
10
0.7507050393700787
20
-0.268578937007874
11
0.7509723622047244
21
-0.2683470866141732
0
LINE
8
BLACK
6
CONTINUOUS
10
0.7509723622047244
20
-0.2683470866141732
11
0.7511077559055118
21
-0.2680202362204724
0
LINE
8
BLACK
6
CONTINUOUS
10
0.7511077559055118
20
-0.2680202362204724
11
0.7520458267716535
21
-0.267082125984252
0
LINE
8
BLACK
6
CONTINUOUS
10
0.7520458267716535
20
-0.267082125984252
11
0.7535661023622047
21
-0.2664523622047244
0
LINE
8
BLACK
6
CONTINUOUS
10
0.7535661023622047
20
-0.2664523622047244
11
0.7550863779527559
21
-0.2670820472440945
0
LINE
8
BLACK
6
CONTINUOUS
10
0.7550863779527559
20
-0.2670820472440945
11
0.7557161417322834
21
-0.2686023228346457
0
LINE
8
BLACK
6
CONTINUOUS
10
0.7557161417322834
20
-0.2686023228346457
11
0.7550864566929134
21
-0.2701225984251969
0
LINE
8
BLACK
6
CONTINUOUS
10
0.7550864566929134
20
-0.2701225984251969
11
0.7543950393700787
21
-0.2708140157480315
0
LINE
8
BLACK
6
CONTINUOUS
10
0.7543950393700787
20
-0.2708140157480315
11
0.7538399606299212
21
-0.2719241732283464
0
LINE
8
BLACK
6
CONTINUOUS
10
0.7538399606299212
20
-0.2719241732283464
11
0.7538399606299212
21
-0.2755995669291338
0
LINE
8
BLACK
6
CONTINUOUS
10
0.7538399606299212
20
-0.2755995669291338
11
0.7543950393700787
21
-0.2767097244094488
0
LINE
8
BLACK
6
CONTINUOUS
10
0.7543950393700787
20
-0.2767097244094488
11
0.75483968503937
21
-0.2771543700787402
0
LINE
8
BLACK
6
CONTINUOUS
10
0.75483968503937
20
-0.2771543700787402
11
0.7559499212598425
21
-0.2777094881889764
0
LINE
8
BLACK
6
CONTINUOUS
10
0.7559499212598425
20
-0.2777094881889764
11
0.7569696062992126
21
-0.2777094881889764
0
LINE
8
BLACK
6
CONTINUOUS
10
0.7569696062992126
20
-0.2777094881889764
11
0.7589714566929133
21
-0.2770422047244094
0
LINE
8
BLACK
6
CONTINUOUS
10
0.7589714566929133
20
-0.2770422047244094
11
0.76986968503937
21
-0.2661439763779527
0
LINE
8
BLACK
6
CONTINUOUS
10
0.76986968503937
20
-0.2661439763779527
11
0.7713899606299213
21
-0.2655142519685039
0
LINE
8
BLACK
6
CONTINUOUS
10
0.7713899606299213
20
-0.2655142519685039
11
0.7729102362204724
21
-0.2661439763779527
0
LINE
8
BLACK
6
CONTINUOUS
10
1.0605951968503937
20
-0.2666438582677165
11
1.0610943700787401
21
-0.2666793700787402
0
LINE
8
BLACK
6
CONTINUOUS
10
1.0610943700787401
20
-0.2666793700787402
11
1.0629705511811023
21
-0.2676174409448819
0
LINE
8
BLACK
6
CONTINUOUS
10
1.0629705511811023
20
-0.2676174409448819
11
1.0632023622047244
21
-0.2678847637795276
0
LINE
8
BLACK
6
CONTINUOUS
10
1.0632023622047244
20
-0.2678847637795276
11
1.063529251968504
21
-0.2680201574803149
0
LINE
8
BLACK
6
CONTINUOUS
10
1.063529251968504
20
-0.2680201574803149
11
1.0644673622047245
21
-0.2689582283464567
0
LINE
8
BLACK
6
CONTINUOUS
10
1.0644673622047245
20
-0.2689582283464567
11
1.0646027559055118
21
-0.269285157480315
0
LINE
8
BLACK
6
CONTINUOUS
10
1.0646027559055118
20
-0.269285157480315
11
1.064870157480315
21
-0.2695170472440945
0
LINE
8
BLACK
6
CONTINUOUS
10
1.064870157480315
20
-0.2695170472440945
11
1.0658082283464567
21
-0.2713932283464567
0
LINE
8
BLACK
6
CONTINUOUS
10
1.0658082283464567
20
-0.2713932283464567
11
1.0658436614173228
21
-0.2718923622047244
0
LINE
8
BLACK
6
CONTINUOUS
10
1.0658436614173228
20
-0.2718923622047244
11
1.0660351968503936
21
-0.2723547244094488
0
LINE
8
BLACK
6
CONTINUOUS
10
1.0660351968503936
20
-0.2723547244094488
11
1.0660351968503936
21
-0.276107125984252
0
LINE
8
BLACK
6
CONTINUOUS
10
1.0660351968503936
20
-0.276107125984252
11
1.0658436614173228
21
-0.2765694488188976
0
LINE
8
BLACK
6
CONTINUOUS
10
1.0658436614173228
20
-0.2765694488188976
11
1.0658184251968503
21
-0.2769248031496063
0
LINE
8
BLACK
6
CONTINUOUS
10
1.0658184251968503
20
-0.2769248031496063
11
1.068144094488189
21
-0.2753743307086614
0
LINE
8
BLACK
6
CONTINUOUS
10
1.068144094488189
20
-0.2753743307086614
11
1.0686848425196851
21
-0.2748335826771653
0
LINE
8
BLACK
6
CONTINUOUS
10
1.0686848425196851
20
-0.2748335826771653
11
1.0692399606299212
21
-0.2737233858267716
0
LINE
8
BLACK
6
CONTINUOUS
10
1.0692399606299212
20
-0.2737233858267716
11
1.0692399606299212
21
-0.2704785433070866
0
LINE
8
BLACK
6
CONTINUOUS
10
1.0692399606299212
20
-0.2704785433070866
11
1.0698696850393701
21
-0.2689582677165354
0
LINE
8
BLACK
6
CONTINUOUS
10
1.0698696850393701
20
-0.2689582677165354
11
1.0713899606299213
21
-0.2683285433070866
0
LINE
8
BLACK
6
CONTINUOUS
10
1.0713899606299213
20
-0.2683285433070866
11
1.0729102362204723
21
-0.2689582677165354
0
LINE
8
BLACK
6
CONTINUOUS
10
1.0729102362204723
20
-0.2689582677165354
11
1.0735399606299212
21
-0.2704785433070866
0
LINE
8
BLACK
6
CONTINUOUS
10
1.0735399606299212
20
-0.2704785433070866
11
1.0735399606299212
21
-0.2742309448818898
0
LINE
8
BLACK
6
CONTINUOUS
10
1.0735399606299212
20
-0.2742309448818898
11
1.0733484251968504
21
-0.2746932677165354
0
LINE
8
BLACK
6
CONTINUOUS
10
1.0733484251968504
20
-0.2746932677165354
11
1.0733129921259843
21
-0.2751924409448819
0
LINE
8
BLACK
6
CONTINUOUS
10
1.0733129921259843
20
-0.2751924409448819
11
1.0723749212598426
21
-0.2770686220472441
0
LINE
8
BLACK
6
CONTINUOUS
10
1.0723749212598426
20
-0.2770686220472441
11
1.0721075590551181
21
-0.2773004724409449
0
LINE
8
BLACK
6
CONTINUOUS
10
1.0721075590551181
20
-0.2773004724409449
11
1.0719721653543306
21
-0.2776274015748031
0
LINE
8
BLACK
6
CONTINUOUS
10
1.0719721653543306
20
-0.2776274015748031
11
1.0710340551181101
21
-0.2785655118110236
0
LINE
8
BLACK
6
CONTINUOUS
10
1.0710340551181101
20
-0.2785655118110236
11
1.0708295275590551
21
-0.2786501968503937
0
LINE
8
BLACK
6
CONTINUOUS
10
1.0708295275590551
20
-0.2786501968503937
11
1.0707063779527559
21
-0.2788341338582677
0
LINE
8
BLACK
6
CONTINUOUS
10
1.0707063779527559
20
-0.2788341338582677
11
1.0678920866141732
21
-0.2807103149606299
0
LINE
8
BLACK
6
CONTINUOUS
10
1.0678920866141732
20
-0.2807103149606299
11
1.0675231496062991
21
-0.2807832677165354
0
LINE
8
BLACK
6
CONTINUOUS
10
1.0675231496062991
20
-0.2807832677165354
11
1.0672209055118109
21
-0.2810072440944882
0
LINE
8
BLACK
6
CONTINUOUS
10
1.0672209055118109
20
-0.2810072440944882
11
1.0634685826771653
21
-0.2819453149606299
0
LINE
8
BLACK
6
CONTINUOUS
10
1.0634685826771653
20
-0.2819453149606299
11
1.063198937007874
21
-0.281905157480315
0
LINE
8
BLACK
6
CONTINUOUS
10
1.063198937007874
20
-0.281905157480315
11
1.062947125984252
21
-0.2820094881889764
0
LINE
8
BLACK
6
CONTINUOUS
10
1.062947125984252
20
-0.2820094881889764
11
1.0554423622047244
21
-0.2820094881889764
0
LINE
8
BLACK
6
CONTINUOUS
10
1.0554423622047244
20
-0.2820094881889764
11
1.05498
21
-0.2818179527559055
0
LINE
8
BLACK
6
CONTINUOUS
10
1.05498
20
-0.2818179527559055
11
1.054480905511811
21
-0.2817825196850394
0
LINE
8
BLACK
6
CONTINUOUS
10
1.054480905511811
20
-0.2817825196850394
11
1.0526046456692912
21
-0.2808444488188976
0
LINE
8
BLACK
6
CONTINUOUS
10
1.0526046456692912
20
-0.2808444488188976
11
1.0523727559055118
21
-0.2805770472440945
0
LINE
8
BLACK
6
CONTINUOUS
10
1.0523727559055118
20
-0.2805770472440945
11
1.0520458267716535
21
-0.2804416535433071
0
LINE
8
BLACK
6
CONTINUOUS
10
1.0520458267716535
20
-0.2804416535433071
11
1.0511077559055118
21
-0.2795035433070866
0
LINE
8
BLACK
6
CONTINUOUS
10
1.0511077559055118
20
-0.2795035433070866
11
1.0509723622047245
21
-0.2791766535433071
0
LINE
8
BLACK
6
CONTINUOUS
10
1.0509723622047245
20
-0.2791766535433071
11
1.0507050393700788
21
-0.278944842519685
0
LINE
8
BLACK
6
CONTINUOUS
10
1.0507050393700788
20
-0.278944842519685
11
1.049766968503937
21
-0.2770686614173228
0
LINE
8
BLACK
6
CONTINUOUS
10
1.049766968503937
20
-0.2770686614173228
11
1.0497314566929135
21
-0.2765694881889764
0
LINE
8
BLACK
6
CONTINUOUS
10
1.0497314566929135
20
-0.2765694881889764
11
1.0495399606299212
21
-0.276107125984252
0
LINE
8
BLACK
6
CONTINUOUS
10
1.0495399606299212
20
-0.276107125984252
11
1.0495399606299212
21
-0.2723547244094488
0
LINE
8
BLACK
6
CONTINUOUS
10
1.0495399606299212
20
-0.2723547244094488
11
1.0497314566929135
21
-0.2718923228346456
0
LINE
8
BLACK
6
CONTINUOUS
10
1.0497314566929135
20
-0.2718923228346456
11
1.049766968503937
21
-0.2713931889763779
0
LINE
8
BLACK
6
CONTINUOUS
10
1.049766968503937
20
-0.2713931889763779
11
1.0507050393700788
21
-0.2695170078740157
0
LINE
8
BLACK
6
CONTINUOUS
10
1.0507050393700788
20
-0.2695170078740157
11
1.0509723622047245
21
-0.2692851181102362
0
LINE
8
BLACK
6
CONTINUOUS
10
1.0509723622047245
20
-0.2692851181102362
11
1.0511077952755905
21
-0.2689582677165354
0
LINE
8
BLACK
6
CONTINUOUS
10
1.0511077952755905
20
-0.2689582677165354
11
1.0520458661417322
21
-0.2680201968503937
0
LINE
8
BLACK
6
CONTINUOUS
10
1.0520458661417322
20
-0.2680201968503937
11
1.0523727559055118
21
-0.2678847637795276
0
LINE
8
BLACK
6
CONTINUOUS
10
1.0523727559055118
20
-0.2678847637795276
11
1.0526046456692912
21
-0.2676174409448819
0
LINE
8
BLACK
6
CONTINUOUS
10
1.0526046456692912
20
-0.2676174409448819
11
1.0544808661417322
21
-0.2666793307086614
0
LINE
8
BLACK
6
CONTINUOUS
10
1.0544808661417322
20
-0.2666793307086614
11
1.05498
21
-0.2666438582677165
0
LINE
8
BLACK
6
CONTINUOUS
10
1.05498
20
-0.2666438582677165
11
1.0554423622047244
21
-0.2664523622047244
0
LINE
8
BLACK
6
CONTINUOUS
10
1.0554423622047244
20
-0.2664523622047244
11
1.0601328346456693
21
-0.2664523622047244
0
LINE
8
BLACK
6
CONTINUOUS
10
1.0601328346456693
20
-0.2664523622047244
11
1.0605951968503937
21
-0.2666438582677165
0
LINE
8
BLACK
6
CONTINUOUS
10
1.05483968503937
20
-0.2713074803149606
11
1.054395
21
-0.271752125984252
0
LINE
8
BLACK
6
CONTINUOUS
10
1.054395
20
-0.271752125984252
11
1.0538399606299211
21
-0.2728622440944882
0
LINE
8
BLACK
6
CONTINUOUS
10
1.0538399606299211
20
-0.2728622440944882
11
1.0538399606299211
21
-0.2755995669291338
0
LINE
8
BLACK
6
CONTINUOUS
10
1.0538399606299211
20
-0.2755995669291338
11
1.0543950393700787
21
-0.2767097244094488
0
LINE
8
BLACK
6
CONTINUOUS
10
1.0543950393700787
20
-0.2767097244094488
11
1.05483968503937
21
-0.2771543700787402
0
LINE
8
BLACK
6
CONTINUOUS
10
1.05483968503937
20
-0.2771543700787402
11
1.0559499212598424
21
-0.2777094881889764
0
LINE
8
BLACK
6
CONTINUOUS
10
1.0559499212598424
20
-0.2777094881889764
11
1.0596252755905511
21
-0.2777094881889764
0
LINE
8
BLACK
6
CONTINUOUS
10
1.0596252755905511
20
-0.2777094881889764
11
1.0607354724409448
21
-0.2771543700787402
0
LINE
8
BLACK
6
CONTINUOUS
10
1.0607354724409448
20
-0.2771543700787402
11
1.0611800787401575
21
-0.2767097637795276
0
LINE
8
BLACK
6
CONTINUOUS
10
1.0611800787401575
20
-0.2767097637795276
11
1.0617351968503936
21
-0.2755995669291338
0
LINE
8
BLACK
6
CONTINUOUS
10
1.0617351968503936
20
-0.2755995669291338
11
1.0617351968503936
21
-0.2728622440944882
0
LINE
8
BLACK
6
CONTINUOUS
10
1.0617351968503936
20
-0.2728622440944882
11
1.0611801181102363
21
-0.2717520866141732
0
LINE
8
BLACK
6
CONTINUOUS
10
1.0611801181102363
20
-0.2717520866141732
11
1.060735433070866
21
-0.2713074409448819
0
LINE
8
BLACK
6
CONTINUOUS
10
1.060735433070866
20
-0.2713074409448819
11
1.0596253149606298
21
-0.2707523622047244
0
LINE
8
BLACK
6
CONTINUOUS
10
1.0596253149606298
20
-0.2707523622047244
11
1.0559499212598424
21
-0.2707523622047244
0
LINE
8
BLACK
6
CONTINUOUS
10
1.0559499212598424
20
-0.2707523622047244
11
1.05483968503937
21
-0.2713074803149606
0
LINE
8
BLACK
6
CONTINUOUS
10
1.1641370472440944
20
-0.2665566535433071
11
1.1644066535433071
21
-0.2665165748031496
0
LINE
8
BLACK
6
CONTINUOUS
10
1.1644066535433071
20
-0.2665165748031496
11
1.1681590551181102
21
-0.2674546456692913
0
LINE
8
BLACK
6
CONTINUOUS
10
1.1681590551181102
20
-0.2674546456692913
11
1.1683553937007873
21
-0.2676001181102362
0
LINE
8
BLACK
6
CONTINUOUS
10
1.1683553937007873
20
-0.2676001181102362
11
1.168599094488189
21
-0.2676174409448819
0
LINE
8
BLACK
6
CONTINUOUS
10
1.168599094488189
20
-0.2676174409448819
11
1.1704752755905512
21
-0.2685555118110236
0
LINE
8
BLACK
6
CONTINUOUS
10
1.1704752755905512
20
-0.2685555118110236
11
1.1707071259842519
21
-0.2688228346456693
0
LINE
8
BLACK
6
CONTINUOUS
10
1.1707071259842519
20
-0.2688228346456693
11
1.1710340551181102
21
-0.2689582677165354
0
LINE
8
BLACK
6
CONTINUOUS
10
1.1710340551181102
20
-0.2689582677165354
11
1.1719721653543307
21
-0.2698963779527559
0
LINE
8
BLACK
6
CONTINUOUS
10
1.1719721653543307
20
-0.2698963779527559
11
1.172107559055118
21
-0.2702232677165354
0
LINE
8
BLACK
6
CONTINUOUS
10
1.172107559055118
20
-0.2702232677165354
11
1.1723749212598424
21
-0.270455157480315
0
LINE
8
BLACK
6
CONTINUOUS
10
1.1723749212598424
20
-0.270455157480315
11
1.1733129921259842
21
-0.2723313385826772
0
LINE
8
BLACK
6
CONTINUOUS
10
1.1733129921259842
20
-0.2723313385826772
11
1.1733484251968505
21
-0.2728304724409449
0
LINE
8
BLACK
6
CONTINUOUS
10
1.1733484251968505
20
-0.2728304724409449
11
1.1735399606299213
21
-0.2732928346456693
0
LINE
8
BLACK
6
CONTINUOUS
10
1.1735399606299213
20
-0.2732928346456693
11
1.1735399606299213
21
-0.2751690157480315
0
LINE
8
BLACK
6
CONTINUOUS
10
1.1735399606299213
20
-0.2751690157480315
11
1.1733484251968505
21
-0.2756313385826771
0
LINE
8
BLACK
6
CONTINUOUS
10
1.1733484251968505
20
-0.2756313385826771
11
1.1733129921259842
21
-0.2761304724409449
0
LINE
8
BLACK
6
CONTINUOUS
10
1.1733129921259842
20
-0.2761304724409449
11
1.1723749212598424
21
-0.2780067322834646
0
LINE
8
BLACK
6
CONTINUOUS
10
1.1723749212598424
20
-0.2780067322834646
11
1.1721075196850392
21
-0.2782385826771653
0
LINE
8
BLACK
6
CONTINUOUS
10
1.1721075196850392
20
-0.2782385826771653
11
1.1719721259842519
21
-0.2785655511811024
0
LINE
8
BLACK
6
CONTINUOUS
10
1.1719721259842519
20
-0.2785655511811024
11
1.1710340157480315
21
-0.2795036220472441
0
LINE
8
BLACK
6
CONTINUOUS
10
1.1710340157480315
20
-0.2795036220472441
11
1.1707071259842519
21
-0.2796389763779528
0
LINE
8
BLACK
6
CONTINUOUS
10
1.1707071259842519
20
-0.2796389763779528
11
1.17047531496063
21
-0.2799063385826772
0
LINE
8
BLACK
6
CONTINUOUS
10
1.17047531496063
20
-0.2799063385826772
11
1.1685991338582677
21
-0.2808444094488189
0
LINE
8
BLACK
6
CONTINUOUS
10
1.1685991338582677
20
-0.2808444094488189
11
1.1683553937007873
21
-0.2808617322834646
0
LINE
8
BLACK
6
CONTINUOUS
10
1.1683553937007873
20
-0.2808617322834646
11
1.1681590157480315
21
-0.2810072440944882
0
LINE
8
BLACK
6
CONTINUOUS
10
1.1681590157480315
20
-0.2810072440944882
11
1.1644066141732283
21
-0.2819453149606299
0
LINE
8
BLACK
6
CONTINUOUS
10
1.1644066141732283
20
-0.2819453149606299
11
1.1641369685039369
21
-0.281905157480315
0
LINE
8
BLACK
6
CONTINUOUS
10
1.1641369685039369
20
-0.281905157480315
11
1.1638851968503936
21
-0.2820094881889764
0
LINE
8
BLACK
6
CONTINUOUS
10
1.1638851968503936
20
-0.2820094881889764
11
1.1591947244094487
21
-0.2820094881889764
0
LINE
8
BLACK
6
CONTINUOUS
10
1.1591947244094487
20
-0.2820094881889764
11
1.1589428740157479
21
-0.281905157480315
0
LINE
8
BLACK
6
CONTINUOUS
10
1.1589428740157479
20
-0.281905157480315
11
1.1586732677165354
21
-0.2819453149606299
0
LINE
8
BLACK
6
CONTINUOUS
10
1.1586732677165354
20
-0.2819453149606299
11
1.154920905511811
21
-0.2810072440944882
0
LINE
8
BLACK
6
CONTINUOUS
10
1.154920905511811
20
-0.2810072440944882
11
1.1547245275590552
21
-0.2808617322834646
0
LINE
8
BLACK
6
CONTINUOUS
10
1.1547245275590552
20
-0.2808617322834646
11
1.1544808661417323
21
-0.2808444488188976
0
LINE
8
BLACK
6
CONTINUOUS
10
1.1544808661417323
20
-0.2808444488188976
11
1.1526046456692913
21
-0.2799063385826772
0
LINE
8
BLACK
6
CONTINUOUS
10
1.1526046456692913
20
-0.2799063385826772
11
1.1523727559055117
21
-0.2796389763779528
0
LINE
8
BLACK
6
CONTINUOUS
10
1.1523727559055117
20
-0.2796389763779528
11
1.1520458661417323
21
-0.2795035826771654
0
LINE
8
BLACK
6
CONTINUOUS
10
1.1520458661417323
20
-0.2795035826771654
11
1.1511077952755906
21
-0.2785655118110236
0
LINE
8
BLACK
6
CONTINUOUS
10
1.1511077952755906
20
-0.2785655118110236
11
1.1509723622047243
21
-0.2782385826771653
0
LINE
8
BLACK
6
CONTINUOUS
10
1.1509723622047243
20
-0.2782385826771653
11
1.1507050393700786
21
-0.2780067322834646
0
LINE
8
BLACK
6
CONTINUOUS
10
1.1507050393700786
20
-0.2780067322834646
11
1.1497669291338581
21
-0.2761305118110236
0
LINE
8
BLACK
6
CONTINUOUS
10
1.1497669291338581
20
-0.2761305118110236
11
1.1497314566929133
21
-0.2756313385826771
0
LINE
8
BLACK
6
CONTINUOUS
10
1.1497314566929133
20
-0.2756313385826771
11
1.1495399606299213
21
-0.2751690157480315
0
LINE
8
BLACK
6
CONTINUOUS
10
1.1495399606299213
20
-0.2751690157480315
11
1.1495399606299213
21
-0.2732928346456693
0
LINE
8
BLACK
6
CONTINUOUS
10
1.1495399606299213
20
-0.2732928346456693
11
1.1497314566929133
21
-0.2728304330708661
0
LINE
8
BLACK
6
CONTINUOUS
10
1.1497314566929133
20
-0.2728304330708661
11
1.1497669685039369
21
-0.2723312992125984
0
LINE
8
BLACK
6
CONTINUOUS
10
1.1497669685039369
20
-0.2723312992125984
11
1.1507050393700786
21
-0.2704551181102362
0
LINE
8
BLACK
6
CONTINUOUS
10
1.1507050393700786
20
-0.2704551181102362
11
1.1509723622047243
21
-0.2702232677165354
0
LINE
8
BLACK
6
CONTINUOUS
10
1.1509723622047243
20
-0.2702232677165354
11
1.1511077559055118
21
-0.2698964173228346
0
LINE
8
BLACK
6
CONTINUOUS
10
1.1511077559055118
20
-0.2698964173228346
11
1.1520458267716536
21
-0.2689583070866142
0
LINE
8
BLACK
6
CONTINUOUS
10
1.1520458267716536
20
-0.2689583070866142
11
1.1523727559055117
21
-0.268822874015748
0
LINE
8
BLACK
6
CONTINUOUS
10
1.1523727559055117
20
-0.268822874015748
11
1.1526046456692913
21
-0.2685555118110236
0
LINE
8
BLACK
6
CONTINUOUS
10
1.1526046456692913
20
-0.2685555118110236
11
1.154480905511811
21
-0.2676174409448819
0
LINE
8
BLACK
6
CONTINUOUS
10
1.154480905511811
20
-0.2676174409448819
11
1.1547246062992125
21
-0.2676001181102362
0
LINE
8
BLACK
6
CONTINUOUS
10
1.1547246062992125
20
-0.2676001181102362
11
1.154920905511811
21
-0.2674546850393701
0
LINE
8
BLACK
6
CONTINUOUS
10
1.154920905511811
20
-0.2674546850393701
11
1.1586732283464567
21
-0.2665165748031496
0
LINE
8
BLACK
6
CONTINUOUS
10
1.1586732283464567
20
-0.2665165748031496
11
1.1589428346456692
21
-0.2665566535433071
0
LINE
8
BLACK
6
CONTINUOUS
10
1.1589428346456692
20
-0.2665566535433071
11
1.1591947244094487
21
-0.2664523622047244
0
LINE
8
BLACK
6
CONTINUOUS
10
1.1591947244094487
20
-0.2664523622047244
11
1.1638851968503936
21
-0.2664523622047244
0
LINE
8
BLACK
6
CONTINUOUS
10
1.1638851968503936
20
-0.2664523622047244
11
1.1641370472440944
21
-0.2665566535433071
0
LINE
8
BLACK
6
CONTINUOUS
10
1.1561928346456694
20
-0.2715689763779527
11
1.1548396850393701
21
-0.2722455511811023
0
LINE
8
BLACK
6
CONTINUOUS
10
1.1548396850393701
20
-0.2722455511811023
11
1.1543950393700788
21
-0.2726901968503937
0
LINE
8
BLACK
6
CONTINUOUS
10
1.1543950393700788
20
-0.2726901968503937
11
1.1538399606299212
21
-0.2738003543307087
0
LINE
8
BLACK
6
CONTINUOUS
10
1.1538399606299212
20
-0.2738003543307087
11
1.1538399606299212
21
-0.2746614566929134
0
LINE
8
BLACK
6
CONTINUOUS
10
1.1538399606299212
20
-0.2746614566929134
11
1.1543950787401573
21
-0.2757716929133858
0
LINE
8
BLACK
6
CONTINUOUS
10
1.1543950787401573
20
-0.2757716929133858
11
1.1548396850393701
21
-0.2762162992125984
0
LINE
8
BLACK
6
CONTINUOUS
10
1.1548396850393701
20
-0.2762162992125984
11
1.1561926771653543
21
-0.2768927952755905
0
LINE
8
BLACK
6
CONTINUOUS
10
1.1561926771653543
20
-0.2768927952755905
11
1.1594594488188976
21
-0.2777094881889764
0
LINE
8
BLACK
6
CONTINUOUS
10
1.1594594488188976
20
-0.2777094881889764
11
1.1636204724409449
21
-0.2777094881889764
0
LINE
8
BLACK
6
CONTINUOUS
10
1.1636204724409449
20
-0.2777094881889764
11
1.1668872834645669
21
-0.2768927559055118
0
LINE
8
BLACK
6
CONTINUOUS
10
1.1668872834645669
20
-0.2768927559055118
11
1.1682401968503937
21
-0.2762162992125984
0
LINE
8
BLACK
6
CONTINUOUS
10
1.1682401968503937
20
-0.2762162992125984
11
1.168684842519685
21
-0.2757716535433071
0
LINE
8
BLACK
6
CONTINUOUS
10
1.168684842519685
20
-0.2757716535433071
11
1.1692399606299213
21
-0.2746614566929134
0
LINE
8
BLACK
6
CONTINUOUS
10
1.1692399606299213
20
-0.2746614566929134
11
1.1692399606299213
21
-0.2738003543307087
0
LINE
8
BLACK
6
CONTINUOUS
10
1.1692399606299213
20
-0.2738003543307087
11
1.168684842519685
21
-0.2726901574803149
0
LINE
8
BLACK
6
CONTINUOUS
10
1.168684842519685
20
-0.2726901574803149
11
1.1682402362204725
21
-0.2722455511811023
0
LINE
8
BLACK
6
CONTINUOUS
10
1.1682402362204725
20
-0.2722455511811023
11
1.1668870866141732
21
-0.2715689763779527
0
LINE
8
BLACK
6
CONTINUOUS
10
1.1668870866141732
20
-0.2715689763779527
11
1.1636205905511812
21
-0.2707523622047244
0
LINE
8
BLACK
6
CONTINUOUS
10
1.1636205905511812
20
-0.2707523622047244
11
1.1594594881889764
21
-0.2707523622047244
0
LINE
8
BLACK
6
CONTINUOUS
10
1.1594594881889764
20
-0.2707523622047244
11
1.1561928346456694
21
-0.2715689763779527
0
LINE
8
BLACK
6
CONTINUOUS
10
0.4680999606299213
20
-0.2572629133858267
11
0.4685991338582677
21
-0.2572984251968504
0
LINE
8
BLACK
6
CONTINUOUS
10
0.4685991338582677
20
-0.2572984251968504
11
0.4704753149606299
21
-0.2582364960629921
0
LINE
8
BLACK
6
CONTINUOUS
10
0.4704753149606299
20
-0.2582364960629921
11
0.470707125984252
21
-0.2585038188976378
0
LINE
8
BLACK
6
CONTINUOUS
10
0.470707125984252
20
-0.2585038188976378
11
0.4710340157480315
21
-0.2586392125984252
0
LINE
8
BLACK
6
CONTINUOUS
10
0.4710340157480315
20
-0.2586392125984252
11
0.471972125984252
21
-0.2595772834645669
0
LINE
8
BLACK
6
CONTINUOUS
10
0.471972125984252
20
-0.2595772834645669
11
0.4721075196850393
21
-0.2599042125984252
0
LINE
8
BLACK
6
CONTINUOUS
10
0.4721075196850393
20
-0.2599042125984252
11
0.4723749212598425
21
-0.2601361023622047
0
LINE
8
BLACK
6
CONTINUOUS
10
0.4723749212598425
20
-0.2601361023622047
11
0.4733129921259843
21
-0.2620122834645669
0
LINE
8
BLACK
6
CONTINUOUS
10
0.4733129921259843
20
-0.2620122834645669
11
0.4733484251968504
21
-0.2625114173228346
0
LINE
8
BLACK
6
CONTINUOUS
10
0.4733484251968504
20
-0.2625114173228346
11
0.4735399606299213
21
-0.2629737795275591
0
LINE
8
BLACK
6
CONTINUOUS
10
0.4735399606299213
20
-0.2629737795275591
11
0.4735399606299213
21
-0.2667261811023622
0
LINE
8
BLACK
6
CONTINUOUS
10
0.4735399606299213
20
-0.2667261811023622
11
0.4733484251968504
21
-0.2671885039370079
0
LINE
8
BLACK
6
CONTINUOUS
10
0.4733484251968504
20
-0.2671885039370079
11
0.4733129921259843
21
-0.2676876771653543
0
LINE
8
BLACK
6
CONTINUOUS
10
0.4733129921259843
20
-0.2676876771653543
11
0.4723749212598425
21
-0.2695638582677165
0
LINE
8
BLACK
6
CONTINUOUS
10
0.4723749212598425
20
-0.2695638582677165
11
0.4721075590551181
21
-0.2697957086614173
0
LINE
8
BLACK
6
CONTINUOUS
10
0.4721075590551181
20
-0.2697957086614173
11
0.4719721653543307
21
-0.2701226377952756
0
LINE
8
BLACK
6
CONTINUOUS
10
0.4719721653543307
20
-0.2701226377952756
11
0.4710340551181103
21
-0.271060748031496
0
LINE
8
BLACK
6
CONTINUOUS
10
0.4710340551181103
20
-0.271060748031496
11
0.470707125984252
21
-0.2711961417322835
0
LINE
8
BLACK
6
CONTINUOUS
10
0.470707125984252
20
-0.2711961417322835
11
0.4704752755905512
21
-0.2714635039370079
0
LINE
8
BLACK
6
CONTINUOUS
10
0.4704752755905512
20
-0.2714635039370079
11
0.468599094488189
21
-0.2724015748031496
0
LINE
8
BLACK
6
CONTINUOUS
10
0.468599094488189
20
-0.2724015748031496
11
0.4680999212598425
21
-0.2724370078740158
0
LINE
8
BLACK
6
CONTINUOUS
10
0.4680999212598425
20
-0.2724370078740158
11
0.4676375984251969
21
-0.2726285433070866
0
LINE
8
BLACK
6
CONTINUOUS
10
0.4676375984251969
20
-0.2726285433070866
11
0.462947125984252
21
-0.2726285433070866
0
LINE
8
BLACK
6
CONTINUOUS
10
0.462947125984252
20
-0.2726285433070866
11
0.4624847637795276
21
-0.2724370078740158
0
LINE
8
BLACK
6
CONTINUOUS
10
0.4624847637795276
20
-0.2724370078740158
11
0.4619856692913386
21
-0.2724015748031496
0
LINE
8
BLACK
6
CONTINUOUS
10
0.4619856692913386
20
-0.2724015748031496
11
0.4601094094488189
21
-0.2714635039370079
0
LINE
8
BLACK
6
CONTINUOUS
10
0.4601094094488189
20
-0.2714635039370079
11
0.4598775196850394
21
-0.2711961023622047
0
LINE
8
BLACK
6
CONTINUOUS
10
0.4598775196850394
20
-0.2711961023622047
11
0.4595505905511811
21
-0.2710607086614173
0
LINE
8
BLACK
6
CONTINUOUS
10
0.4595505905511811
20
-0.2710607086614173
11
0.4586125196850394
21
-0.2701225984251969
0
LINE
8
BLACK
6
CONTINUOUS
10
0.4586125196850394
20
-0.2701225984251969
11
0.4584771259842519
21
-0.2697957086614173
0
LINE
8
BLACK
6
CONTINUOUS
10
0.4584771259842519
20
-0.2697957086614173
11
0.4582098031496063
21
-0.2695638976377953
0
LINE
8
BLACK
6
CONTINUOUS
10
0.4582098031496063
20
-0.2695638976377953
11
0.4572717322834646
21
-0.2676877165354331
0
LINE
8
BLACK
6
CONTINUOUS
10
0.4572717322834646
20
-0.2676877165354331
11
0.4572362204724409
21
-0.2671885433070866
0
LINE
8
BLACK
6
CONTINUOUS
10
0.4572362204724409
20
-0.2671885433070866
11
0.4570447244094488
21
-0.2667261811023622
0
LINE
8
BLACK
6
CONTINUOUS
10
0.4570447244094488
20
-0.2667261811023622
11
0.4570447244094488
21
-0.2629737795275591
0
LINE
8
BLACK
6
CONTINUOUS
10
0.4570447244094488
20
-0.2629737795275591
11
0.4572362204724409
21
-0.2625113779527559
0
LINE
8
BLACK
6
CONTINUOUS
10
0.4572362204724409
20
-0.2625113779527559
11
0.4572614960629921
21
-0.2621561023622047
0
LINE
8
BLACK
6
CONTINUOUS
10
0.4572614960629921
20
-0.2621561023622047
11
0.4549358661417323
21
-0.2637064960629921
0
LINE
8
BLACK
6
CONTINUOUS
10
0.4549358661417323
20
-0.2637064960629921
11
0.4543950787401574
21
-0.2642473228346456
0
LINE
8
BLACK
6
CONTINUOUS
10
0.4543950787401574
20
-0.2642473228346456
11
0.4538399606299213
21
-0.2653575590551181
0
LINE
8
BLACK
6
CONTINUOUS
10
0.4538399606299213
20
-0.2653575590551181
11
0.4538399606299213
21
-0.2686023622047244
0
LINE
8
BLACK
6
CONTINUOUS
10
0.4538399606299213
20
-0.2686023622047244
11
0.4532102362204724
21
-0.2701226377952756
0
LINE
8
BLACK
6
CONTINUOUS
10
0.4532102362204724
20
-0.2701226377952756
11
0.4516899606299212
21
-0.2707523622047244
0
LINE
8
BLACK
6
CONTINUOUS
10
0.4516899606299212
20
-0.2707523622047244
11
0.45016968503937
21
-0.2701226377952756
0
LINE
8
BLACK
6
CONTINUOUS
10
0.45016968503937
20
-0.2701226377952756
11
0.4495399606299212
21
-0.2686023622047244
0
LINE
8
BLACK
6
CONTINUOUS
10
0.4495399606299212
20
-0.2686023622047244
11
0.4495399606299212
21
-0.26485
0
LINE
8
BLACK
6
CONTINUOUS
10
0.4495399606299212
20
-0.26485
11
0.4497314566929134
21
-0.2643876377952756
0
LINE
8
BLACK
6
CONTINUOUS
10
0.4497314566929134
20
-0.2643876377952756
11
0.4497669291338582
21
-0.2638885039370079
0
LINE
8
BLACK
6
CONTINUOUS
10
0.4497669291338582
20
-0.2638885039370079
11
0.4507050393700787
21
-0.2620122834645669
0
LINE
8
BLACK
6
CONTINUOUS
10
0.4507050393700787
20
-0.2620122834645669
11
0.4509723622047244
21
-0.2617803937007874
0
LINE
8
BLACK
6
CONTINUOUS
10
0.4509723622047244
20
-0.2617803937007874
11
0.4511077952755905
21
-0.2614535039370079
0
LINE
8
BLACK
6
CONTINUOUS
10
0.4511077952755905
20
-0.2614535039370079
11
0.4520458661417323
21
-0.2605154330708661
0
LINE
8
BLACK
6
CONTINUOUS
10
0.4520458661417323
20
-0.2605154330708661
11
0.4522503543307086
21
-0.2604307086614173
0
LINE
8
BLACK
6
CONTINUOUS
10
0.4522503543307086
20
-0.2604307086614173
11
0.4523735433070866
21
-0.260246811023622
0
LINE
8
BLACK
6
CONTINUOUS
10
0.4523735433070866
20
-0.260246811023622
11
0.4551878346456693
21
-0.2583705905511811
0
LINE
8
BLACK
6
CONTINUOUS
10
0.4551878346456693
20
-0.2583705905511811
11
0.4555568503937008
21
-0.2582975590551181
0
LINE
8
BLACK
6
CONTINUOUS
10
0.4555568503937008
20
-0.2582975590551181
11
0.4558589763779528
21
-0.2580737401574803
0
LINE
8
BLACK
6
CONTINUOUS
10
0.4558589763779528
20
-0.2580737401574803
11
0.4596113779527559
21
-0.2571356299212598
0
LINE
8
BLACK
6
CONTINUOUS
10
0.4596113779527559
20
-0.2571356299212598
11
0.4598809448818897
21
-0.2571757086614173
0
LINE
8
BLACK
6
CONTINUOUS
10
0.4598809448818897
20
-0.2571757086614173
11
0.4601328346456693
21
-0.2570714173228346
0
LINE
8
BLACK
6
CONTINUOUS
10
0.4601328346456693
20
-0.2570714173228346
11
0.4676375984251969
21
-0.2570714173228346
0
LINE
8
BLACK
6
CONTINUOUS
10
0.4676375984251969
20
-0.2570714173228346
11
0.4680999606299213
21
-0.2572629133858267
0
LINE
8
BLACK
6
CONTINUOUS
10
0.4623444488188976
20
-0.2619265354330709
11
0.4618997637795276
21
-0.2623711811023622
0
LINE
8
BLACK
6
CONTINUOUS
10
0.4618997637795276
20
-0.2623711811023622
11
0.4613447244094488
21
-0.2634812992125984
0
LINE
8
BLACK
6
CONTINUOUS
10
0.4613447244094488
20
-0.2634812992125984
11
0.4613447244094488
21
-0.2662186220472441
0
LINE
8
BLACK
6
CONTINUOUS
10
0.4613447244094488
20
-0.2662186220472441
11
0.4618998031496063
21
-0.2673287795275591
0
LINE
8
BLACK
6
CONTINUOUS
10
0.4618998031496063
20
-0.2673287795275591
11
0.4623444488188976
21
-0.2677734251968504
0
LINE
8
BLACK
6
CONTINUOUS
10
0.4623444488188976
20
-0.2677734251968504
11
0.4634546850393701
21
-0.2683285433070866
0
LINE
8
BLACK
6
CONTINUOUS
10
0.4634546850393701
20
-0.2683285433070866
11
0.4671300393700787
21
-0.2683285433070866
0
LINE
8
BLACK
6
CONTINUOUS
10
0.4671300393700787
20
-0.2683285433070866
11
0.4682402362204724
21
-0.2677734251968504
0
LINE
8
BLACK
6
CONTINUOUS
10
0.4682402362204724
20
-0.2677734251968504
11
0.468684842519685
21
-0.2673288188976378
0
LINE
8
BLACK
6
CONTINUOUS
10
0.468684842519685
20
-0.2673288188976378
11
0.4692399606299212
21
-0.2662186220472441
0
LINE
8
BLACK
6
CONTINUOUS
10
0.4692399606299212
20
-0.2662186220472441
11
0.4692399606299212
21
-0.2634812992125984
0
LINE
8
BLACK
6
CONTINUOUS
10
0.4692399606299212
20
-0.2634812992125984
11
0.4686848818897638
21
-0.2623711417322835
0
LINE
8
BLACK
6
CONTINUOUS
10
0.4686848818897638
20
-0.2623711417322835
11
0.4682401968503937
21
-0.2619264960629921
0
LINE
8
BLACK
6
CONTINUOUS
10
0.4682401968503937
20
-0.2619264960629921
11
0.4671300787401575
21
-0.2613714173228346
0
LINE
8
BLACK
6
CONTINUOUS
10
0.4671300787401575
20
-0.2613714173228346
11
0.4634546850393701
21
-0.2613714173228346
0
LINE
8
BLACK
6
CONTINUOUS
10
0.4634546850393701
20
-0.2613714173228346
11
0.4623444488188976
21
-0.2619265354330709
0
LINE
8
BLACK
6
CONTINUOUS
10
0.8568427952755905
20
-0.2572629133858267
11
0.857341968503937
21
-0.2572984251968504
0
LINE
8
BLACK
6
CONTINUOUS
10
0.857341968503937
20
-0.2572984251968504
11
0.8592181496062992
21
-0.2582364960629921
0
LINE
8
BLACK
6
CONTINUOUS
10
0.8592181496062992
20
-0.2582364960629921
11
0.8594499606299213
21
-0.2585038188976378
0
LINE
8
BLACK
6
CONTINUOUS
10
0.8594499606299213
20
-0.2585038188976378
11
0.8597768503937008
21
-0.2586392125984252
0
LINE
8
BLACK
6
CONTINUOUS
10
0.8597768503937008
20
-0.2586392125984252
11
0.8601327952755905
21
-0.2589951574803149
0
LINE
8
BLACK
6
CONTINUOUS
10
0.8601327952755905
20
-0.2589951574803149
11
0.8604887795275591
21
-0.2586392125984252
0
LINE
8
BLACK
6
CONTINUOUS
10
0.8604887795275591
20
-0.2586392125984252
11
0.8608156299212598
21
-0.2585038188976378
0
LINE
8
BLACK
6
CONTINUOUS
10
0.8608156299212598
20
-0.2585038188976378
11
0.8610474803149606
21
-0.2582365354330708
0
LINE
8
BLACK
6
CONTINUOUS
10
0.8610474803149606
20
-0.2582365354330708
11
0.8629236614173228
21
-0.2572984251968504
0
LINE
8
BLACK
6
CONTINUOUS
10
0.8629236614173228
20
-0.2572984251968504
11
0.8634227952755905
21
-0.2572629133858267
0
LINE
8
BLACK
6
CONTINUOUS
10
0.8634227952755905
20
-0.2572629133858267
11
0.8638851968503937
21
-0.2570714173228346
0
LINE
8
BLACK
6
CONTINUOUS
10
0.8638851968503937
20
-0.2570714173228346
11
0.8676375984251968
21
-0.2570714173228346
0
LINE
8
BLACK
6
CONTINUOUS
10
0.8676375984251968
20
-0.2570714173228346
11
0.8680999606299212
21
-0.2572629133858267
0
LINE
8
BLACK
6
CONTINUOUS
10
0.8680999606299212
20
-0.2572629133858267
11
0.8685991338582677
21
-0.2572984251968504
0
LINE
8
BLACK
6
CONTINUOUS
10
0.8685991338582677
20
-0.2572984251968504
11
0.8704753149606299
21
-0.2582364960629921
0
LINE
8
BLACK
6
CONTINUOUS
10
0.8704753149606299
20
-0.2582364960629921
11
0.8707071259842519
21
-0.2585038188976378
0
LINE
8
BLACK
6
CONTINUOUS
10
0.8707071259842519
20
-0.2585038188976378
11
0.8710340157480315
21
-0.2586392125984252
0
LINE
8
BLACK
6
CONTINUOUS
10
0.8710340157480315
20
-0.2586392125984252
11
0.871972125984252
21
-0.2595772834645669
0
LINE
8
BLACK
6
CONTINUOUS
10
0.871972125984252
20
-0.2595772834645669
11
0.8721075196850393
21
-0.2599042125984252
0
LINE
8
BLACK
6
CONTINUOUS
10
0.8721075196850393
20
-0.2599042125984252
11
0.8723749212598425
21
-0.2601361023622047
0
LINE
8
BLACK
6
CONTINUOUS
10
0.8723749212598425
20
-0.2601361023622047
11
0.8733129921259842
21
-0.2620122834645669
0
LINE
8
BLACK
6
CONTINUOUS
10
0.8733129921259842
20
-0.2620122834645669
11
0.8733484251968504
21
-0.2625114173228346
0
LINE
8
BLACK
6
CONTINUOUS
10
0.8733484251968504
20
-0.2625114173228346
11
0.8735399606299212
21
-0.2629737795275591
0
LINE
8
BLACK
6
CONTINUOUS
10
0.8735399606299212
20
-0.2629737795275591
11
0.8735399606299212
21
-0.2667261811023622
0
LINE
8
BLACK
6
CONTINUOUS
10
0.8735399606299212
20
-0.2667261811023622
11
0.8733484251968504
21
-0.2671885039370079
0
LINE
8
BLACK
6
CONTINUOUS
10
0.8733484251968504
20
-0.2671885039370079
11
0.8733129921259842
21
-0.2676876771653543
0
LINE
8
BLACK
6
CONTINUOUS
10
0.8733129921259842
20
-0.2676876771653543
11
0.8723749212598425
21
-0.2695638582677165
0
LINE
8
BLACK
6
CONTINUOUS
10
0.8723749212598425
20
-0.2695638582677165
11
0.8721075590551181
21
-0.2697957086614173
0
LINE
8
BLACK
6
CONTINUOUS
10
0.8721075590551181
20
-0.2697957086614173
11
0.8719721653543306
21
-0.2701226377952756
0
LINE
8
BLACK
6
CONTINUOUS
10
0.8719721653543306
20
-0.2701226377952756
11
0.8710340551181102
21
-0.271060748031496
0
LINE
8
BLACK
6
CONTINUOUS
10
0.8710340551181102
20
-0.271060748031496
11
0.8707071259842519
21
-0.2711961417322835
0
LINE
8
BLACK
6
CONTINUOUS
10
0.8707071259842519
20
-0.2711961417322835
11
0.8704752755905512
21
-0.2714635039370079
0
LINE
8
BLACK
6
CONTINUOUS
10
0.8704752755905512
20
-0.2714635039370079
11
0.8685990944881889
21
-0.2724015748031496
0
LINE
8
BLACK
6
CONTINUOUS
10
0.8685990944881889
20
-0.2724015748031496
11
0.8680999212598425
21
-0.2724370078740158
0
LINE
8
BLACK
6
CONTINUOUS
10
0.8680999212598425
20
-0.2724370078740158
11
0.8676375984251968
21
-0.2726285433070866
0
LINE
8
BLACK
6
CONTINUOUS
10
0.8676375984251968
20
-0.2726285433070866
11
0.8638851968503937
21
-0.2726285433070866
0
LINE
8
BLACK
6
CONTINUOUS
10
0.8638851968503937
20
-0.2726285433070866
11
0.8634228346456693
21
-0.2724370078740158
0
LINE
8
BLACK
6
CONTINUOUS
10
0.8634228346456693
20
-0.2724370078740158
11
0.8629237007874015
21
-0.2724015748031496
0
LINE
8
BLACK
6
CONTINUOUS
10
0.8629237007874015
20
-0.2724015748031496
11
0.8610475196850393
21
-0.2714635039370079
0
LINE
8
BLACK
6
CONTINUOUS
10
0.8610475196850393
20
-0.2714635039370079
11
0.8608156299212598
21
-0.2711961417322835
0
LINE
8
BLACK
6
CONTINUOUS
10
0.8608156299212598
20
-0.2711961417322835
11
0.8604887401574803
21
-0.271060748031496
0
LINE
8
BLACK
6
CONTINUOUS
10
0.8604887401574803
20
-0.271060748031496
11
0.8601327952755905
21
-0.2707048031496063
0
LINE
8
BLACK
6
CONTINUOUS
10
0.8601327952755905
20
-0.2707048031496063
11
0.8597768897637795
21
-0.271060748031496
0
LINE
8
BLACK
6
CONTINUOUS
10
0.8597768897637795
20
-0.271060748031496
11
0.8594499606299213
21
-0.2711961417322835
0
LINE
8
BLACK
6
CONTINUOUS
10
0.8594499606299213
20
-0.2711961417322835
11
0.8592181102362204
21
-0.2714635039370079
0
LINE
8
BLACK
6
CONTINUOUS
10
0.8592181102362204
20
-0.2714635039370079
11
0.8573419291338582
21
-0.2724015748031496
0
LINE
8
BLACK
6
CONTINUOUS
10
0.8573419291338582
20
-0.2724015748031496
11
0.8568427559055118
21
-0.2724370078740158
0
LINE
8
BLACK
6
CONTINUOUS
10
0.8568427559055118
20
-0.2724370078740158
11
0.8563804330708661
21
-0.2726285433070866
0
LINE
8
BLACK
6
CONTINUOUS
10
0.8563804330708661
20
-0.2726285433070866
11
0.8554423622047244
21
-0.2726285433070866
0
LINE
8
BLACK
6
CONTINUOUS
10
0.8554423622047244
20
-0.2726285433070866
11
0.85498
21
-0.2724370078740158
0
LINE
8
BLACK
6
CONTINUOUS
10
0.85498
20
-0.2724370078740158
11
0.854480905511811
21
-0.2724015748031496
0
LINE
8
BLACK
6
CONTINUOUS
10
0.854480905511811
20
-0.2724015748031496
11
0.8526046456692913
21
-0.2714635039370079
0
LINE
8
BLACK
6
CONTINUOUS
10
0.8526046456692913
20
-0.2714635039370079
11
0.8523727559055118
21
-0.2711961023622047
0
LINE
8
BLACK
6
CONTINUOUS
10
0.8523727559055118
20
-0.2711961023622047
11
0.8520458267716535
21
-0.2710607086614173
0
LINE
8
BLACK
6
CONTINUOUS
10
0.8520458267716535
20
-0.2710607086614173
11
0.8511077559055118
21
-0.2701225984251969
0
LINE
8
BLACK
6
CONTINUOUS
10
0.8511077559055118
20
-0.2701225984251969
11
0.8509723622047244
21
-0.2697957086614173
0
LINE
8
BLACK
6
CONTINUOUS
10
0.8509723622047244
20
-0.2697957086614173
11
0.8507050393700787
21
-0.2695638976377953
0
LINE
8
BLACK
6
CONTINUOUS
10
0.8507050393700787
20
-0.2695638976377953
11
0.849766968503937
21
-0.2676877165354331
0
LINE
8
BLACK
6
CONTINUOUS
10
0.849766968503937
20
-0.2676877165354331
11
0.8497314566929134
21
-0.2671885433070866
0
LINE
8
BLACK
6
CONTINUOUS
10
0.8497314566929134
20
-0.2671885433070866
11
0.8495399606299212
21
-0.2667261811023622
0
LINE
8
BLACK
6
CONTINUOUS
10
0.8495399606299212
20
-0.2667261811023622
11
0.8495399606299212
21
-0.2629737795275591
0
LINE
8
BLACK
6
CONTINUOUS
10
0.8495399606299212
20
-0.2629737795275591
11
0.8497314566929134
21
-0.2625113779527559
0
LINE
8
BLACK
6
CONTINUOUS
10
0.8497314566929134
20
-0.2625113779527559
11
0.849766968503937
21
-0.2620122440944882
0
LINE
8
BLACK
6
CONTINUOUS
10
0.849766968503937
20
-0.2620122440944882
11
0.8507050393700787
21
-0.260136062992126
0
LINE
8
BLACK
6
CONTINUOUS
10
0.8507050393700787
20
-0.260136062992126
11
0.8509723622047244
21
-0.2599041732283465
0
LINE
8
BLACK
6
CONTINUOUS
10
0.8509723622047244
20
-0.2599041732283465
11
0.8511077952755906
21
-0.2595773228346457
0
LINE
8
BLACK
6
CONTINUOUS
10
0.8511077952755906
20
-0.2595773228346457
11
0.8520458661417323
21
-0.258639251968504
0
LINE
8
BLACK
6
CONTINUOUS
10
0.8520458661417323
20
-0.258639251968504
11
0.8523727559055118
21
-0.2585038188976378
0
LINE
8
BLACK
6
CONTINUOUS
10
0.8523727559055118
20
-0.2585038188976378
11
0.8526046456692913
21
-0.2582364960629921
0
LINE
8
BLACK
6
CONTINUOUS
10
0.8526046456692913
20
-0.2582364960629921
11
0.8544808661417322
21
-0.2572983858267717
0
LINE
8
BLACK
6
CONTINUOUS
10
0.8544808661417322
20
-0.2572983858267717
11
0.85498
21
-0.2572629133858267
0
LINE
8
BLACK
6
CONTINUOUS
10
0.85498
20
-0.2572629133858267
11
0.8554423622047244
21
-0.2570714173228346
0
LINE
8
BLACK
6
CONTINUOUS
10
0.8554423622047244
20
-0.2570714173228346
11
0.8563804330708661
21
-0.2570714173228346
0
LINE
8
BLACK
6
CONTINUOUS
10
0.8563804330708661
20
-0.2570714173228346
11
0.8568427952755905
21
-0.2572629133858267
0
LINE
8
BLACK
6
CONTINUOUS
10
0.8632825590551181
20
-0.2619264960629921
11
0.862837874015748
21
-0.2623711417322835
0
LINE
8
BLACK
6
CONTINUOUS
10
0.862837874015748
20
-0.2623711417322835
11
0.8622828346456692
21
-0.2634812992125984
0
LINE
8
BLACK
6
CONTINUOUS
10
0.8622828346456692
20
-0.2634812992125984
11
0.8622828346456692
21
-0.2662186220472441
0
LINE
8
BLACK
6
CONTINUOUS
10
0.8622828346456692
20
-0.2662186220472441
11
0.8628379133858267
21
-0.2673288188976378
0
LINE
8
BLACK
6
CONTINUOUS
10
0.8628379133858267
20
-0.2673288188976378
11
0.8632825196850393
21
-0.2677734251968504
0
LINE
8
BLACK
6
CONTINUOUS
10
0.8632825196850393
20
-0.2677734251968504
11
0.8643927559055118
21
-0.2683285433070866
0
LINE
8
BLACK
6
CONTINUOUS
10
0.8643927559055118
20
-0.2683285433070866
11
0.8671300393700787
21
-0.2683285433070866
0
LINE
8
BLACK
6
CONTINUOUS
10
0.8671300393700787
20
-0.2683285433070866
11
0.8682402362204724
21
-0.2677734251968504
0
LINE
8
BLACK
6
CONTINUOUS
10
0.8682402362204724
20
-0.2677734251968504
11
0.868684842519685
21
-0.2673288188976378
0
LINE
8
BLACK
6
CONTINUOUS
10
0.868684842519685
20
-0.2673288188976378
11
0.8692399606299213
21
-0.2662186220472441
0
LINE
8
BLACK
6
CONTINUOUS
10
0.8692399606299213
20
-0.2662186220472441
11
0.8692399606299213
21
-0.2634812992125984
0
LINE
8
BLACK
6
CONTINUOUS
10
0.8692399606299213
20
-0.2634812992125984
11
0.8686848818897638
21
-0.2623711417322835
0
LINE
8
BLACK
6
CONTINUOUS
10
0.8686848818897638
20
-0.2623711417322835
11
0.8682401968503937
21
-0.2619264960629921
0
LINE
8
BLACK
6
CONTINUOUS
10
0.8682401968503937
20
-0.2619264960629921
11
0.8671300787401575
21
-0.2613714173228346
0
LINE
8
BLACK
6
CONTINUOUS
10
0.8671300787401575
20
-0.2613714173228346
11
0.8643927952755905
21
-0.2613714173228346
0
LINE
8
BLACK
6
CONTINUOUS
10
0.8643927952755905
20
-0.2613714173228346
11
0.8632825590551181
21
-0.2619264960629921
0
LINE
8
BLACK
6
CONTINUOUS
10
0.85483968503937
20
-0.2619265354330709
11
0.854395
21
-0.2623711811023622
0
LINE
8
BLACK
6
CONTINUOUS
10
0.854395
20
-0.2623711811023622
11
0.8538399606299213
21
-0.2634812992125984
0
LINE
8
BLACK
6
CONTINUOUS
10
0.8538399606299213
20
-0.2634812992125984
11
0.8538399606299213
21
-0.2662186220472441
0
LINE
8
BLACK
6
CONTINUOUS
10
0.8538399606299213
20
-0.2662186220472441
11
0.8543950393700788
21
-0.2673287795275591
0
LINE
8
BLACK
6
CONTINUOUS
10
0.8543950393700788
20
-0.2673287795275591
11
0.85483968503937
21
-0.2677734251968504
0
LINE
8
BLACK
6
CONTINUOUS
10
0.85483968503937
20
-0.2677734251968504
11
0.8559113779527558
21
-0.2683092519685039
0
LINE
8
BLACK
6
CONTINUOUS
10
0.8559113779527558
20
-0.2683092519685039
11
0.8569830708661417
21
-0.2677734251968504
0
LINE
8
BLACK
6
CONTINUOUS
10
0.8569830708661417
20
-0.2677734251968504
11
0.857427716535433
21
-0.2673287795275591
0
LINE
8
BLACK
6
CONTINUOUS
10
0.857427716535433
20
-0.2673287795275591
11
0.8579828346456693
21
-0.2662185826771654
0
LINE
8
BLACK
6
CONTINUOUS
10
0.8579828346456693
20
-0.2662185826771654
11
0.8579828346456693
21
-0.2634813385826771
0
LINE
8
BLACK
6
CONTINUOUS
10
0.8579828346456693
20
-0.2634813385826771
11
0.8574277559055118
21
-0.2623711811023622
0
LINE
8
BLACK
6
CONTINUOUS
10
0.8574277559055118
20
-0.2623711811023622
11
0.8569830314960629
21
-0.2619264960629921
0
LINE
8
BLACK
6
CONTINUOUS
10
0.8569830314960629
20
-0.2619264960629921
11
0.8559113779527558
21
-0.2613906692913386
0
LINE
8
BLACK
6
CONTINUOUS
10
0.8559113779527558
20
-0.2613906692913386
11
0.85483968503937
21
-0.2619265354330709
0
LINE
8
BLACK
6
CONTINUOUS
10
0.4379054724409449
20
-0.2459749606299212
11
0.4385351968503937
21
-0.2474952362204724
0
LINE
8
BLACK
6
CONTINUOUS
10
0.4385351968503937
20
-0.2474952362204724
11
0.4385351968503937
21
-0.2625047637795275
0
LINE
8
BLACK
6
CONTINUOUS
10
0.4385351968503937
20
-0.2625047637795275
11
0.4379054724409449
21
-0.2640250393700787
0
LINE
8
BLACK
6
CONTINUOUS
10
0.4379054724409449
20
-0.2640250393700787
11
0.4363851968503937
21
-0.2646547637795276
0
LINE
8
BLACK
6
CONTINUOUS
10
0.4363851968503937
20
-0.2646547637795276
11
0.4348649212598425
21
-0.2640250393700787
0
LINE
8
BLACK
6
CONTINUOUS
10
0.4348649212598425
20
-0.2640250393700787
11
0.4342351968503937
21
-0.2625047637795275
0
LINE
8
BLACK
6
CONTINUOUS
10
0.4342351968503937
20
-0.2625047637795275
11
0.4342351968503937
21
-0.2474952362204724
0
LINE
8
BLACK
6
CONTINUOUS
10
0.4342351968503937
20
-0.2474952362204724
11
0.4348649212598425
21
-0.2459749606299212
0
LINE
8
BLACK
6
CONTINUOUS
10
0.4348649212598425
20
-0.2459749606299212
11
0.4363851968503937
21
-0.2453452362204724
0
LINE
8
BLACK
6
CONTINUOUS
10
0.4363851968503937
20
-0.2453452362204724
11
0.4379054724409449
21
-0.2459749606299212
0
LINE
8
BLACK
6
CONTINUOUS
10
0.5379054724409449
20
-0.2459749606299212
11
0.5385351968503936
21
-0.2474952362204724
0
LINE
8
BLACK
6
CONTINUOUS
10
0.5385351968503936
20
-0.2474952362204724
11
0.5385351968503936
21
-0.2625047637795275
0
LINE
8
BLACK
6
CONTINUOUS
10
0.5385351968503936
20
-0.2625047637795275
11
0.5379054724409449
21
-0.2640250393700787
0
LINE
8
BLACK
6
CONTINUOUS
10
0.5379054724409449
20
-0.2640250393700787
11
0.5363851968503937
21
-0.2646547637795276
0
LINE
8
BLACK
6
CONTINUOUS
10
0.5363851968503937
20
-0.2646547637795276
11
0.5348649212598425
21
-0.2640250393700787
0
LINE
8
BLACK
6
CONTINUOUS
10
0.5348649212598425
20
-0.2640250393700787
11
0.5342351968503937
21
-0.2625047637795275
0
LINE
8
BLACK
6
CONTINUOUS
10
0.5342351968503937
20
-0.2625047637795275
11
0.5342351968503937
21
-0.2474952362204724
0
LINE
8
BLACK
6
CONTINUOUS
10
0.5342351968503937
20
-0.2474952362204724
11
0.5348649212598425
21
-0.2459749606299212
0
LINE
8
BLACK
6
CONTINUOUS
10
0.5348649212598425
20
-0.2459749606299212
11
0.5363851968503937
21
-0.2453452362204724
0
LINE
8
BLACK
6
CONTINUOUS
10
0.5363851968503937
20
-0.2453452362204724
11
0.5379054724409449
21
-0.2459749606299212
0
LINE
8
BLACK
6
CONTINUOUS
10
0.6379054724409449
20
-0.2459749606299212
11
0.6385351968503937
21
-0.2474952362204724
0
LINE
8
BLACK
6
CONTINUOUS
10
0.6385351968503937
20
-0.2474952362204724
11
0.6385351968503937
21
-0.2625047637795275
0
LINE
8
BLACK
6
CONTINUOUS
10
0.6385351968503937
20
-0.2625047637795275
11
0.6379054724409449
21
-0.2640250393700787
0
LINE
8
BLACK
6
CONTINUOUS
10
0.6379054724409449
20
-0.2640250393700787
11
0.6363851968503937
21
-0.2646547637795276
0
LINE
8
BLACK
6
CONTINUOUS
10
0.6363851968503937
20
-0.2646547637795276
11
0.6348649212598425
21
-0.2640250393700787
0
LINE
8
BLACK
6
CONTINUOUS
10
0.6348649212598425
20
-0.2640250393700787
11
0.6342351968503936
21
-0.2625047637795275
0
LINE
8
BLACK
6
CONTINUOUS
10
0.6342351968503936
20
-0.2625047637795275
11
0.6342351968503936
21
-0.2474952362204724
0
LINE
8
BLACK
6
CONTINUOUS
10
0.6342351968503936
20
-0.2474952362204724
11
0.6348649212598425
21
-0.2459749606299212
0
LINE
8
BLACK
6
CONTINUOUS
10
0.6348649212598425
20
-0.2459749606299212
11
0.6363851968503937
21
-0.2453452362204724
0
LINE
8
BLACK
6
CONTINUOUS
10
0.6363851968503937
20
-0.2453452362204724
11
0.6379054724409449
21
-0.2459749606299212
0
LINE
8
BLACK
6
CONTINUOUS
10
0.7379054724409448
20
-0.2459749606299212
11
0.7385351968503937
21
-0.2474952362204724
0
LINE
8
BLACK
6
CONTINUOUS
10
0.7385351968503937
20
-0.2474952362204724
11
0.7385351968503937
21
-0.2625047637795275
0
LINE
8
BLACK
6
CONTINUOUS
10
0.7385351968503937
20
-0.2625047637795275
11
0.7379054724409448
21
-0.2640250393700787
0
LINE
8
BLACK
6
CONTINUOUS
10
0.7379054724409448
20
-0.2640250393700787
11
0.7363851968503937
21
-0.2646547637795276
0
LINE
8
BLACK
6
CONTINUOUS
10
0.7363851968503937
20
-0.2646547637795276
11
0.7348649212598425
21
-0.2640250393700787
0
LINE
8
BLACK
6
CONTINUOUS
10
0.7348649212598425
20
-0.2640250393700787
11
0.7342351968503937
21
-0.2625047637795275
0
LINE
8
BLACK
6
CONTINUOUS
10
0.7342351968503937
20
-0.2625047637795275
11
0.7342351968503937
21
-0.2474952362204724
0
LINE
8
BLACK
6
CONTINUOUS
10
0.7342351968503937
20
-0.2474952362204724
11
0.7348649212598425
21
-0.2459749606299212
0
LINE
8
BLACK
6
CONTINUOUS
10
0.7348649212598425
20
-0.2459749606299212
11
0.7363851968503937
21
-0.2453452362204724
0
LINE
8
BLACK
6
CONTINUOUS
10
0.7363851968503937
20
-0.2453452362204724
11
0.7379054724409448
21
-0.2459749606299212
0
LINE
8
BLACK
6
CONTINUOUS
10
0.8379054724409448
20
-0.2459749606299212
11
0.8385351968503937
21
-0.2474952362204724
0
LINE
8
BLACK
6
CONTINUOUS
10
0.8385351968503937
20
-0.2474952362204724
11
0.8385351968503937
21
-0.2625047637795275
0
LINE
8
BLACK
6
CONTINUOUS
10
0.8385351968503937
20
-0.2625047637795275
11
0.8379054724409448
21
-0.2640250393700787
0
LINE
8
BLACK
6
CONTINUOUS
10
0.8379054724409448
20
-0.2640250393700787
11
0.8363851968503937
21
-0.2646547637795276
0
LINE
8
BLACK
6
CONTINUOUS
10
0.8363851968503937
20
-0.2646547637795276
11
0.8348649212598425
21
-0.2640250393700787
0
LINE
8
BLACK
6
CONTINUOUS
10
0.8348649212598425
20
-0.2640250393700787
11
0.8342351968503937
21
-0.2625047637795275
0
LINE
8
BLACK
6
CONTINUOUS
10
0.8342351968503937
20
-0.2625047637795275
11
0.8342351968503937
21
-0.2474952362204724
0
LINE
8
BLACK
6
CONTINUOUS
10
0.8342351968503937
20
-0.2474952362204724
11
0.8348649212598425
21
-0.2459749606299212
0
LINE
8
BLACK
6
CONTINUOUS
10
0.8348649212598425
20
-0.2459749606299212
11
0.8363851968503937
21
-0.2453452362204724
0
LINE
8
BLACK
6
CONTINUOUS
10
0.8363851968503937
20
-0.2453452362204724
11
0.8379054724409448
21
-0.2459749606299212
0
LINE
8
BLACK
6
CONTINUOUS
10
0.9379054724409449
20
-0.2459749606299212
11
0.9385351968503937
21
-0.2474952362204724
0
LINE
8
BLACK
6
CONTINUOUS
10
0.9385351968503937
20
-0.2474952362204724
11
0.9385351968503937
21
-0.2625047637795275
0
LINE
8
BLACK
6
CONTINUOUS
10
0.9385351968503937
20
-0.2625047637795275
11
0.9379054724409449
21
-0.2640250393700787
0
LINE
8
BLACK
6
CONTINUOUS
10
0.9379054724409449
20
-0.2640250393700787
11
0.9363851968503937
21
-0.2646547637795276
0
LINE
8
BLACK
6
CONTINUOUS
10
0.9363851968503937
20
-0.2646547637795276
11
0.9348649212598426
21
-0.2640250393700787
0
LINE
8
BLACK
6
CONTINUOUS
10
0.9348649212598426
20
-0.2640250393700787
11
0.9342351968503937
21
-0.2625047637795275
0
LINE
8
BLACK
6
CONTINUOUS
10
0.9342351968503937
20
-0.2625047637795275
11
0.9342351968503937
21
-0.2474952362204724
0
LINE
8
BLACK
6
CONTINUOUS
10
0.9342351968503937
20
-0.2474952362204724
11
0.9348649212598426
21
-0.2459749606299212
0
LINE
8
BLACK
6
CONTINUOUS
10
0.9348649212598426
20
-0.2459749606299212
11
0.9363851968503937
21
-0.2453452362204724
0
LINE
8
BLACK
6
CONTINUOUS
10
0.9363851968503937
20
-0.2453452362204724
11
0.9379054724409449
21
-0.2459749606299212
0
LINE
8
BLACK
6
CONTINUOUS
10
1.0379054724409449
20
-0.2459749606299212
11
1.0385351968503937
21
-0.2474952362204724
0
LINE
8
BLACK
6
CONTINUOUS
10
1.0385351968503937
20
-0.2474952362204724
11
1.0385351968503937
21
-0.2625047637795275
0
LINE
8
BLACK
6
CONTINUOUS
10
1.0385351968503937
20
-0.2625047637795275
11
1.0379054724409449
21
-0.2640250393700787
0
LINE
8
BLACK
6
CONTINUOUS
10
1.0379054724409449
20
-0.2640250393700787
11
1.0363851968503937
21
-0.2646547637795276
0
LINE
8
BLACK
6
CONTINUOUS
10
1.0363851968503937
20
-0.2646547637795276
11
1.0348649212598424
21
-0.2640250393700787
0
LINE
8
BLACK
6
CONTINUOUS
10
1.0348649212598424
20
-0.2640250393700787
11
1.0342351968503938
21
-0.2625047637795275
0
LINE
8
BLACK
6
CONTINUOUS
10
1.0342351968503938
20
-0.2625047637795275
11
1.0342351968503938
21
-0.2474952362204724
0
LINE
8
BLACK
6
CONTINUOUS
10
1.0342351968503938
20
-0.2474952362204724
11
1.0348649212598424
21
-0.2459749606299212
0
LINE
8
BLACK
6
CONTINUOUS
10
1.0348649212598424
20
-0.2459749606299212
11
1.0363851968503937
21
-0.2453452362204724
0
LINE
8
BLACK
6
CONTINUOUS
10
1.0363851968503937
20
-0.2453452362204724
11
1.0379054724409449
21
-0.2459749606299212
0
LINE
8
BLACK
6
CONTINUOUS
10
1.1379054724409448
20
-0.2459749606299212
11
1.1385351968503936
21
-0.2474952362204724
0
LINE
8
BLACK
6
CONTINUOUS
10
1.1385351968503936
20
-0.2474952362204724
11
1.1385351968503936
21
-0.2625047637795275
0
LINE
8
BLACK
6
CONTINUOUS
10
1.1385351968503936
20
-0.2625047637795275
11
1.1379054724409448
21
-0.2640250393700787
0
LINE
8
BLACK
6
CONTINUOUS
10
1.1379054724409448
20
-0.2640250393700787
11
1.1363851968503937
21
-0.2646547637795276
0
LINE
8
BLACK
6
CONTINUOUS
10
1.1363851968503937
20
-0.2646547637795276
11
1.1348649212598425
21
-0.2640250393700787
0
LINE
8
BLACK
6
CONTINUOUS
10
1.1348649212598425
20
-0.2640250393700787
11
1.1342351968503936
21
-0.2625047637795275
0
LINE
8
BLACK
6
CONTINUOUS
10
1.1342351968503936
20
-0.2625047637795275
11
1.1342351968503936
21
-0.2474952362204724
0
LINE
8
BLACK
6
CONTINUOUS
10
1.1342351968503936
20
-0.2474952362204724
11
1.1348649212598425
21
-0.2459749606299212
0
LINE
8
BLACK
6
CONTINUOUS
10
1.1348649212598425
20
-0.2459749606299212
11
1.1363851968503937
21
-0.2453452362204724
0
LINE
8
BLACK
6
CONTINUOUS
10
1.1363851968503937
20
-0.2453452362204724
11
1.1379054724409448
21
-0.2459749606299212
0
LINE
8
BLACK
6
CONTINUOUS
10
0.5729102362204724
20
-0.2483201968503937
11
0.5735399606299213
21
-0.2498404724409449
0
LINE
8
BLACK
6
CONTINUOUS
10
0.5735399606299213
20
-0.2498404724409449
11
0.5735399606299213
21
-0.2610975984251969
0
LINE
8
BLACK
6
CONTINUOUS
10
0.5735399606299213
20
-0.2610975984251969
11
0.5729102362204724
21
-0.262617874015748
0
LINE
8
BLACK
6
CONTINUOUS
10
0.5729102362204724
20
-0.262617874015748
11
0.5713899606299212
21
-0.2632475984251968
0
LINE
8
BLACK
6
CONTINUOUS
10
0.5713899606299212
20
-0.2632475984251968
11
0.5698696850393701
21
-0.262617874015748
0
LINE
8
BLACK
6
CONTINUOUS
10
0.5698696850393701
20
-0.262617874015748
11
0.5692399606299212
21
-0.2610975984251969
0
LINE
8
BLACK
6
CONTINUOUS
10
0.5692399606299212
20
-0.2610975984251969
11
0.5692399606299212
21
-0.2576190551181102
0
LINE
8
BLACK
6
CONTINUOUS
10
0.5692399606299212
20
-0.2576190551181102
11
0.5516899606299213
21
-0.2576190551181102
0
LINE
8
BLACK
6
CONTINUOUS
10
0.5516899606299213
20
-0.2576190551181102
11
0.5514853937007874
21
-0.2575343307086614
0
LINE
8
BLACK
6
CONTINUOUS
10
0.5514853937007874
20
-0.2575343307086614
11
0.5512683070866141
21
-0.2575772834645669
0
LINE
8
BLACK
6
CONTINUOUS
10
0.5512683070866141
20
-0.2575772834645669
11
0.5507481496062993
21
-0.257228937007874
0
LINE
8
BLACK
6
CONTINUOUS
10
0.5507481496062993
20
-0.257228937007874
11
0.55016968503937
21
-0.2569893307086614
0
LINE
8
BLACK
6
CONTINUOUS
10
0.55016968503937
20
-0.2569893307086614
11
0.5500849606299213
21
-0.2567848031496063
0
LINE
8
BLACK
6
CONTINUOUS
10
0.5500849606299213
20
-0.2567848031496063
11
0.5499010629921259
21
-0.2566616535433071
0
LINE
8
BLACK
6
CONTINUOUS
10
0.5499010629921259
20
-0.2566616535433071
11
0.5497795669291339
21
-0.2560475196850394
0
LINE
8
BLACK
6
CONTINUOUS
10
0.5497795669291339
20
-0.2560475196850394
11
0.5495399606299213
21
-0.2554690551181102
0
LINE
8
BLACK
6
CONTINUOUS
10
0.5495399606299213
20
-0.2554690551181102
11
0.5496246456692914
21
-0.2552644881889763
0
LINE
8
BLACK
6
CONTINUOUS
10
0.5496246456692914
20
-0.2552644881889763
11
0.5495817322834645
21
-0.2550474015748032
0
LINE
8
BLACK
6
CONTINUOUS
10
0.5495817322834645
20
-0.2550474015748032
11
0.5499300393700788
21
-0.2545272440944882
0
LINE
8
BLACK
6
CONTINUOUS
10
0.5499300393700788
20
-0.2545272440944882
11
0.55016968503937
21
-0.2539487795275591
0
LINE
8
BLACK
6
CONTINUOUS
10
0.55016968503937
20
-0.2539487795275591
11
0.5503741732283465
21
-0.2538640551181102
0
LINE
8
BLACK
6
CONTINUOUS
10
0.5503741732283465
20
-0.2538640551181102
11
0.5504973622047244
21
-0.253680157480315
0
LINE
8
BLACK
6
CONTINUOUS
10
0.5504973622047244
20
-0.253680157480315
11
0.5531345275590551
21
-0.251921968503937
0
LINE
8
BLACK
6
CONTINUOUS
10
0.5531345275590551
20
-0.251921968503937
11
0.5546134251968504
21
-0.2504430708661417
0
LINE
8
BLACK
6
CONTINUOUS
10
0.5546134251968504
20
-0.2504430708661417
11
0.5553955118110236
21
-0.248878937007874
0
LINE
8
BLACK
6
CONTINUOUS
10
0.5553955118110236
20
-0.248878937007874
11
0.5566386614173228
21
-0.2478008267716535
0
LINE
8
BLACK
6
CONTINUOUS
10
0.5566386614173228
20
-0.2478008267716535
11
0.5582800787401575
21
-0.2479174803149606
0
LINE
8
BLACK
6
CONTINUOUS
10
0.5582800787401575
20
-0.2479174803149606
11
0.5593582283464567
21
-0.2491605905511811
0
LINE
8
BLACK
6
CONTINUOUS
10
0.5593582283464567
20
-0.2491605905511811
11
0.5592415354330709
21
-0.2508020078740157
0
LINE
8
BLACK
6
CONTINUOUS
10
0.5592415354330709
20
-0.2508020078740157
11
0.5583034251968504
21
-0.2526781889763779
0
LINE
8
BLACK
6
CONTINUOUS
10
0.5583034251968504
20
-0.2526781889763779
11
0.5580361023622047
21
-0.25291
0
LINE
8
BLACK
6
CONTINUOUS
10
0.5580361023622047
20
-0.25291
11
0.5579007086614173
21
-0.2532369291338583
0
LINE
8
BLACK
6
CONTINUOUS
10
0.5579007086614173
20
-0.2532369291338583
11
0.5578185826771653
21
-0.2533190551181102
0
LINE
8
BLACK
6
CONTINUOUS
10
0.5578185826771653
20
-0.2533190551181102
11
0.5692399606299212
21
-0.2533190551181102
0
LINE
8
BLACK
6
CONTINUOUS
10
0.5692399606299212
20
-0.2533190551181102
11
0.5692399606299212
21
-0.2498404724409449
0
LINE
8
BLACK
6
CONTINUOUS
10
0.5692399606299212
20
-0.2498404724409449
11
0.5698696850393701
21
-0.2483201968503937
0
LINE
8
BLACK
6
CONTINUOUS
10
0.5698696850393701
20
-0.2483201968503937
11
0.5713899606299212
21
-0.2476904724409449
0
LINE
8
BLACK
6
CONTINUOUS
10
0.5713899606299212
20
-0.2476904724409449
11
0.5729102362204724
21
-0.2483201968503937
0
LINE
8
BLACK
6
CONTINUOUS
10
0.6729102362204724
20
-0.2483201968503937
11
0.6735399606299213
21
-0.2498404724409449
0
LINE
8
BLACK
6
CONTINUOUS
10
0.6735399606299213
20
-0.2498404724409449
11
0.6735399606299213
21
-0.2610975984251969
0
LINE
8
BLACK
6
CONTINUOUS
10
0.6735399606299213
20
-0.2610975984251969
11
0.6729102362204724
21
-0.262617874015748
0
LINE
8
BLACK
6
CONTINUOUS
10
0.6729102362204724
20
-0.262617874015748
11
0.6713899606299213
21
-0.2632475984251968
0
LINE
8
BLACK
6
CONTINUOUS
10
0.6713899606299213
20
-0.2632475984251968
11
0.6698696850393701
21
-0.262617874015748
0
LINE
8
BLACK
6
CONTINUOUS
10
0.6698696850393701
20
-0.262617874015748
11
0.6692399606299212
21
-0.2610975984251969
0
LINE
8
BLACK
6
CONTINUOUS
10
0.6692399606299212
20
-0.2610975984251969
11
0.6692399606299212
21
-0.2576190551181102
0
LINE
8
BLACK
6
CONTINUOUS
10
0.6692399606299212
20
-0.2576190551181102
11
0.6516899606299212
21
-0.2576190551181102
0
LINE
8
BLACK
6
CONTINUOUS
10
0.6516899606299212
20
-0.2576190551181102
11
0.6514853937007874
21
-0.2575343307086614
0
LINE
8
BLACK
6
CONTINUOUS
10
0.6514853937007874
20
-0.2575343307086614
11
0.6512683070866142
21
-0.2575772834645669
0
LINE
8
BLACK
6
CONTINUOUS
10
0.6512683070866142
20
-0.2575772834645669
11
0.6507481496062992
21
-0.257228937007874
0
LINE
8
BLACK
6
CONTINUOUS
10
0.6507481496062992
20
-0.257228937007874
11
0.6501696850393701
21
-0.2569893307086614
0
LINE
8
BLACK
6
CONTINUOUS
10
0.6501696850393701
20
-0.2569893307086614
11
0.6500849606299213
21
-0.2567848031496063
0
LINE
8
BLACK
6
CONTINUOUS
10
0.6500849606299213
20
-0.2567848031496063
11
0.649901062992126
21
-0.2566616535433071
0
LINE
8
BLACK
6
CONTINUOUS
10
0.649901062992126
20
-0.2566616535433071
11
0.6497795669291339
21
-0.2560475196850394
0
LINE
8
BLACK
6
CONTINUOUS
10
0.6497795669291339
20
-0.2560475196850394
11
0.6495399606299213
21
-0.2554690551181102
0
LINE
8
BLACK
6
CONTINUOUS
10
0.6495399606299213
20
-0.2554690551181102
11
0.6496246456692913
21
-0.2552644881889763
0
LINE
8
BLACK
6
CONTINUOUS
10
0.6496246456692913
20
-0.2552644881889763
11
0.6495817322834645
21
-0.2550474015748032
0
LINE
8
BLACK
6
CONTINUOUS
10
0.6495817322834645
20
-0.2550474015748032
11
0.6499300393700788
21
-0.2545272440944882
0
LINE
8
BLACK
6
CONTINUOUS
10
0.6499300393700788
20
-0.2545272440944882
11
0.6501696850393701
21
-0.2539487795275591
0
LINE
8
BLACK
6
CONTINUOUS
10
0.6501696850393701
20
-0.2539487795275591
11
0.6503741732283465
21
-0.2538640551181102
0
LINE
8
BLACK
6
CONTINUOUS
10
0.6503741732283465
20
-0.2538640551181102
11
0.6504973622047244
21
-0.253680157480315
0
LINE
8
BLACK
6
CONTINUOUS
10
0.6504973622047244
20
-0.253680157480315
11
0.6531345275590551
21
-0.251921968503937
0
LINE
8
BLACK
6
CONTINUOUS
10
0.6531345275590551
20
-0.251921968503937
11
0.6546134251968504
21
-0.2504430708661417
0
LINE
8
BLACK
6
CONTINUOUS
10
0.6546134251968504
20
-0.2504430708661417
11
0.6553955118110236
21
-0.248878937007874
0
LINE
8
BLACK
6
CONTINUOUS
10
0.6553955118110236
20
-0.248878937007874
11
0.6566386614173229
21
-0.2478008267716535
0
LINE
8
BLACK
6
CONTINUOUS
10
0.6566386614173229
20
-0.2478008267716535
11
0.6582800787401575
21
-0.2479174803149606
0
LINE
8
BLACK
6
CONTINUOUS
10
0.6582800787401575
20
-0.2479174803149606
11
0.6593582283464566
21
-0.2491605905511811
0
LINE
8
BLACK
6
CONTINUOUS
10
0.6593582283464566
20
-0.2491605905511811
11
0.6592415354330708
21
-0.2508020078740157
0
LINE
8
BLACK
6
CONTINUOUS
10
0.6592415354330708
20
-0.2508020078740157
11
0.6583034251968504
21
-0.2526781889763779
0
LINE
8
BLACK
6
CONTINUOUS
10
0.6583034251968504
20
-0.2526781889763779
11
0.6580361023622047
21
-0.25291
0
LINE
8
BLACK
6
CONTINUOUS
10
0.6580361023622047
20
-0.25291
11
0.6579007086614173
21
-0.2532369291338583
0
LINE
8
BLACK
6
CONTINUOUS
10
0.6579007086614173
20
-0.2532369291338583
11
0.6578185826771653
21
-0.2533190551181102
0
LINE
8
BLACK
6
CONTINUOUS
10
0.6578185826771653
20
-0.2533190551181102
11
0.6692399606299212
21
-0.2533190551181102
0
LINE
8
BLACK
6
CONTINUOUS
10
0.6692399606299212
20
-0.2533190551181102
11
0.6692399606299212
21
-0.2498404724409449
0
LINE
8
BLACK
6
CONTINUOUS
10
0.6692399606299212
20
-0.2498404724409449
11
0.6698696850393701
21
-0.2483201968503937
0
LINE
8
BLACK
6
CONTINUOUS
10
0.6698696850393701
20
-0.2483201968503937
11
0.6713899606299213
21
-0.2476904724409449
0
LINE
8
BLACK
6
CONTINUOUS
10
0.6713899606299213
20
-0.2476904724409449
11
0.6729102362204724
21
-0.2483201968503937
0
LINE
8
BLACK
6
CONTINUOUS
10
0.7729102362204724
20
-0.2483201968503937
11
0.7735399606299213
21
-0.2498404724409449
0
LINE
8
BLACK
6
CONTINUOUS
10
0.7735399606299213
20
-0.2498404724409449
11
0.7735399606299213
21
-0.2610975984251969
0
LINE
8
BLACK
6
CONTINUOUS
10
0.7735399606299213
20
-0.2610975984251969
11
0.7729102362204724
21
-0.262617874015748
0
LINE
8
BLACK
6
CONTINUOUS
10
0.7729102362204724
20
-0.262617874015748
11
0.7713899606299213
21
-0.2632475984251968
0
LINE
8
BLACK
6
CONTINUOUS
10
0.7713899606299213
20
-0.2632475984251968
11
0.76986968503937
21
-0.262617874015748
0
LINE
8
BLACK
6
CONTINUOUS
10
0.76986968503937
20
-0.262617874015748
11
0.7692399606299213
21
-0.2610975984251969
0
LINE
8
BLACK
6
CONTINUOUS
10
0.7692399606299213
20
-0.2610975984251969
11
0.7692399606299213
21
-0.2576190551181102
0
LINE
8
BLACK
6
CONTINUOUS
10
0.7692399606299213
20
-0.2576190551181102
11
0.7516899606299212
21
-0.2576190551181102
0
LINE
8
BLACK
6
CONTINUOUS
10
0.7516899606299212
20
-0.2576190551181102
11
0.7514853937007874
21
-0.2575343307086614
0
LINE
8
BLACK
6
CONTINUOUS
10
0.7514853937007874
20
-0.2575343307086614
11
0.7512683070866142
21
-0.2575772834645669
0
LINE
8
BLACK
6
CONTINUOUS
10
0.7512683070866142
20
-0.2575772834645669
11
0.7507481496062992
21
-0.257228937007874
0
LINE
8
BLACK
6
CONTINUOUS
10
0.7507481496062992
20
-0.257228937007874
11
0.7501696850393701
21
-0.2569893307086614
0
LINE
8
BLACK
6
CONTINUOUS
10
0.7501696850393701
20
-0.2569893307086614
11
0.7500849606299212
21
-0.2567848031496063
0
LINE
8
BLACK
6
CONTINUOUS
10
0.7500849606299212
20
-0.2567848031496063
11
0.749901062992126
21
-0.2566616535433071
0
LINE
8
BLACK
6
CONTINUOUS
10
0.749901062992126
20
-0.2566616535433071
11
0.7497795669291338
21
-0.2560475196850394
0
LINE
8
BLACK
6
CONTINUOUS
10
0.7497795669291338
20
-0.2560475196850394
11
0.7495399606299212
21
-0.2554690551181102
0
LINE
8
BLACK
6
CONTINUOUS
10
0.7495399606299212
20
-0.2554690551181102
11
0.7496246456692913
21
-0.2552644881889763
0
LINE
8
BLACK
6
CONTINUOUS
10
0.7496246456692913
20
-0.2552644881889763
11
0.7495817322834646
21
-0.2550474015748032
0
LINE
8
BLACK
6
CONTINUOUS
10
0.7495817322834646
20
-0.2550474015748032
11
0.7499300393700787
21
-0.2545272440944882
0
LINE
8
BLACK
6
CONTINUOUS
10
0.7499300393700787
20
-0.2545272440944882
11
0.7501696850393701
21
-0.2539487795275591
0
LINE
8
BLACK
6
CONTINUOUS
10
0.7501696850393701
20
-0.2539487795275591
11
0.7503741732283464
21
-0.2538640551181102
0
LINE
8
BLACK
6
CONTINUOUS
10
0.7503741732283464
20
-0.2538640551181102
11
0.7504973622047244
21
-0.253680157480315
0
LINE
8
BLACK
6
CONTINUOUS
10
0.7504973622047244
20
-0.253680157480315
11
0.7531345275590551
21
-0.251921968503937
0
LINE
8
BLACK
6
CONTINUOUS
10
0.7531345275590551
20
-0.251921968503937
11
0.7546134251968504
21
-0.2504430708661417
0
LINE
8
BLACK
6
CONTINUOUS
10
0.7546134251968504
20
-0.2504430708661417
11
0.7553955118110236
21
-0.248878937007874
0
LINE
8
BLACK
6
CONTINUOUS
10
0.7553955118110236
20
-0.248878937007874
11
0.7566386614173228
21
-0.2478008267716535
0
LINE
8
BLACK
6
CONTINUOUS
10
0.7566386614173228
20
-0.2478008267716535
11
0.7582800787401575
21
-0.2479174803149606
0
LINE
8
BLACK
6
CONTINUOUS
10
0.7582800787401575
20
-0.2479174803149606
11
0.7593582283464567
21
-0.2491605905511811
0
LINE
8
BLACK
6
CONTINUOUS
10
0.7593582283464567
20
-0.2491605905511811
11
0.7592415354330708
21
-0.2508020078740157
0
LINE
8
BLACK
6
CONTINUOUS
10
0.7592415354330708
20
-0.2508020078740157
11
0.7583034251968503
21
-0.2526781889763779
0
LINE
8
BLACK
6
CONTINUOUS
10
0.7583034251968503
20
-0.2526781889763779
11
0.7580361023622048
21
-0.25291
0
LINE
8
BLACK
6
CONTINUOUS
10
0.7580361023622048
20
-0.25291
11
0.7579007086614173
21
-0.2532369291338583
0
LINE
8
BLACK
6
CONTINUOUS
10
0.7579007086614173
20
-0.2532369291338583
11
0.7578185826771653
21
-0.2533190551181102
0
LINE
8
BLACK
6
CONTINUOUS
10
0.7578185826771653
20
-0.2533190551181102
11
0.7692399606299213
21
-0.2533190551181102
0
LINE
8
BLACK
6
CONTINUOUS
10
0.7692399606299213
20
-0.2533190551181102
11
0.7692399606299213
21
-0.2498404724409449
0
LINE
8
BLACK
6
CONTINUOUS
10
0.7692399606299213
20
-0.2498404724409449
11
0.76986968503937
21
-0.2483201968503937
0
LINE
8
BLACK
6
CONTINUOUS
10
0.76986968503937
20
-0.2483201968503937
11
0.7713899606299213
21
-0.2476904724409449
0
LINE
8
BLACK
6
CONTINUOUS
10
0.7713899606299213
20
-0.2476904724409449
11
0.7729102362204724
21
-0.2483201968503937
0
LINE
8
BLACK
6
CONTINUOUS
10
0.9729102362204725
20
-0.2483201968503937
11
0.9735399606299212
21
-0.2498404724409449
0
LINE
8
BLACK
6
CONTINUOUS
10
0.9735399606299212
20
-0.2498404724409449
11
0.9735399606299212
21
-0.2610975984251969
0
LINE
8
BLACK
6
CONTINUOUS
10
0.9735399606299212
20
-0.2610975984251969
11
0.9729102362204725
21
-0.262617874015748
0
LINE
8
BLACK
6
CONTINUOUS
10
0.9729102362204725
20
-0.262617874015748
11
0.9713899606299212
21
-0.2632475984251968
0
LINE
8
BLACK
6
CONTINUOUS
10
0.9713899606299212
20
-0.2632475984251968
11
0.9698696850393701
21
-0.262617874015748
0
LINE
8
BLACK
6
CONTINUOUS
10
0.9698696850393701
20
-0.262617874015748
11
0.9692399606299212
21
-0.2610975984251969
0
LINE
8
BLACK
6
CONTINUOUS
10
0.9692399606299212
20
-0.2610975984251969
11
0.9692399606299212
21
-0.2576190551181102
0
LINE
8
BLACK
6
CONTINUOUS
10
0.9692399606299212
20
-0.2576190551181102
11
0.9516899606299213
21
-0.2576190551181102
0
LINE
8
BLACK
6
CONTINUOUS
10
0.9516899606299213
20
-0.2576190551181102
11
0.9514853937007873
21
-0.2575343307086614
0
LINE
8
BLACK
6
CONTINUOUS
10
0.9514853937007873
20
-0.2575343307086614
11
0.9512683070866141
21
-0.2575772834645669
0
LINE
8
BLACK
6
CONTINUOUS
10
0.9512683070866141
20
-0.2575772834645669
11
0.9507481496062992
21
-0.257228937007874
0
LINE
8
BLACK
6
CONTINUOUS
10
0.9507481496062992
20
-0.257228937007874
11
0.95016968503937
21
-0.2569893307086614
0
LINE
8
BLACK
6
CONTINUOUS
10
0.95016968503937
20
-0.2569893307086614
11
0.9500849606299212
21
-0.2567848031496063
0
LINE
8
BLACK
6
CONTINUOUS
10
0.9500849606299212
20
-0.2567848031496063
11
0.949901062992126
21
-0.2566616535433071
0
LINE
8
BLACK
6
CONTINUOUS
10
0.949901062992126
20
-0.2566616535433071
11
0.9497795669291338
21
-0.2560475196850394
0
LINE
8
BLACK
6
CONTINUOUS
10
0.9497795669291338
20
-0.2560475196850394
11
0.9495399606299212
21
-0.2554690551181102
0
LINE
8
BLACK
6
CONTINUOUS
10
0.9495399606299212
20
-0.2554690551181102
11
0.9496246456692913
21
-0.2552644881889763
0
LINE
8
BLACK
6
CONTINUOUS
10
0.9496246456692913
20
-0.2552644881889763
11
0.9495817322834645
21
-0.2550474015748032
0
LINE
8
BLACK
6
CONTINUOUS
10
0.9495817322834645
20
-0.2550474015748032
11
0.9499300393700787
21
-0.2545272440944882
0
LINE
8
BLACK
6
CONTINUOUS
10
0.9499300393700787
20
-0.2545272440944882
11
0.95016968503937
21
-0.2539487795275591
0
LINE
8
BLACK
6
CONTINUOUS
10
0.95016968503937
20
-0.2539487795275591
11
0.9503741732283464
21
-0.2538640551181102
0
LINE
8
BLACK
6
CONTINUOUS
10
0.9503741732283464
20
-0.2538640551181102
11
0.9504973622047244
21
-0.253680157480315
0
LINE
8
BLACK
6
CONTINUOUS
10
0.9504973622047244
20
-0.253680157480315
11
0.9531345275590551
21
-0.251921968503937
0
LINE
8
BLACK
6
CONTINUOUS
10
0.9531345275590551
20
-0.251921968503937
11
0.9546134251968503
21
-0.2504430708661417
0
LINE
8
BLACK
6
CONTINUOUS
10
0.9546134251968503
20
-0.2504430708661417
11
0.9553955118110236
21
-0.248878937007874
0
LINE
8
BLACK
6
CONTINUOUS
10
0.9553955118110236
20
-0.248878937007874
11
0.9566386614173228
21
-0.2478008267716535
0
LINE
8
BLACK
6
CONTINUOUS
10
0.9566386614173228
20
-0.2478008267716535
11
0.9582800787401574
21
-0.2479174803149606
0
LINE
8
BLACK
6
CONTINUOUS
10
0.9582800787401574
20
-0.2479174803149606
11
0.9593582283464567
21
-0.2491605905511811
0
LINE
8
BLACK
6
CONTINUOUS
10
0.9593582283464567
20
-0.2491605905511811
11
0.9592415354330709
21
-0.2508020078740157
0
LINE
8
BLACK
6
CONTINUOUS
10
0.9592415354330709
20
-0.2508020078740157
11
0.9583034251968504
21
-0.2526781889763779
0
LINE
8
BLACK
6
CONTINUOUS
10
0.9583034251968504
20
-0.2526781889763779
11
0.9580361023622047
21
-0.25291
0
LINE
8
BLACK
6
CONTINUOUS
10
0.9580361023622047
20
-0.25291
11
0.9579007086614173
21
-0.2532369291338583
0
LINE
8
BLACK
6
CONTINUOUS
10
0.9579007086614173
20
-0.2532369291338583
11
0.9578185826771654
21
-0.2533190551181102
0
LINE
8
BLACK
6
CONTINUOUS
10
0.9578185826771654
20
-0.2533190551181102
11
0.9692399606299212
21
-0.2533190551181102
0
LINE
8
BLACK
6
CONTINUOUS
10
0.9692399606299212
20
-0.2533190551181102
11
0.9692399606299212
21
-0.2498404724409449
0
LINE
8
BLACK
6
CONTINUOUS
10
0.9692399606299212
20
-0.2498404724409449
11
0.9698696850393701
21
-0.2483201968503937
0
LINE
8
BLACK
6
CONTINUOUS
10
0.9698696850393701
20
-0.2483201968503937
11
0.9713899606299212
21
-0.2476904724409449
0
LINE
8
BLACK
6
CONTINUOUS
10
0.9713899606299212
20
-0.2476904724409449
11
0.9729102362204725
21
-0.2483201968503937
0
LINE
8
BLACK
6
CONTINUOUS
10
1.0729102362204723
20
-0.2483201968503937
11
1.0735399606299212
21
-0.2498404724409449
0
LINE
8
BLACK
6
CONTINUOUS
10
1.0735399606299212
20
-0.2498404724409449
11
1.0735399606299212
21
-0.2610975984251969
0
LINE
8
BLACK
6
CONTINUOUS
10
1.0735399606299212
20
-0.2610975984251969
11
1.0729102362204723
21
-0.262617874015748
0
LINE
8
BLACK
6
CONTINUOUS
10
1.0729102362204723
20
-0.262617874015748
11
1.0713899606299213
21
-0.2632475984251968
0
LINE
8
BLACK
6
CONTINUOUS
10
1.0713899606299213
20
-0.2632475984251968
11
1.0698696850393701
21
-0.262617874015748
0
LINE
8
BLACK
6
CONTINUOUS
10
1.0698696850393701
20
-0.262617874015748
11
1.0692399606299212
21
-0.2610975984251969
0
LINE
8
BLACK
6
CONTINUOUS
10
1.0692399606299212
20
-0.2610975984251969
11
1.0692399606299212
21
-0.2576190551181102
0
LINE
8
BLACK
6
CONTINUOUS
10
1.0692399606299212
20
-0.2576190551181102
11
1.0516899606299213
21
-0.2576190551181102
0
LINE
8
BLACK
6
CONTINUOUS
10
1.0516899606299213
20
-0.2576190551181102
11
1.0514853937007873
21
-0.2575343307086614
0
LINE
8
BLACK
6
CONTINUOUS
10
1.0514853937007873
20
-0.2575343307086614
11
1.0512683070866142
21
-0.2575772834645669
0
LINE
8
BLACK
6
CONTINUOUS
10
1.0512683070866142
20
-0.2575772834645669
11
1.0507481496062991
21
-0.257228937007874
0
LINE
8
BLACK
6
CONTINUOUS
10
1.0507481496062991
20
-0.257228937007874
11
1.05016968503937
21
-0.2569893307086614
0
LINE
8
BLACK
6
CONTINUOUS
10
1.05016968503937
20
-0.2569893307086614
11
1.0500849606299212
21
-0.2567848031496063
0
LINE
8
BLACK
6
CONTINUOUS
10
1.0500849606299212
20
-0.2567848031496063
11
1.0499010629921259
21
-0.2566616535433071
0
LINE
8
BLACK
6
CONTINUOUS
10
1.0499010629921259
20
-0.2566616535433071
11
1.0497795669291339
21
-0.2560475196850394
0
LINE
8
BLACK
6
CONTINUOUS
10
1.0497795669291339
20
-0.2560475196850394
11
1.0495399606299212
21
-0.2554690551181102
0
LINE
8
BLACK
6
CONTINUOUS
10
1.0495399606299212
20
-0.2554690551181102
11
1.0496246456692913
21
-0.2552644881889763
0
LINE
8
BLACK
6
CONTINUOUS
10
1.0496246456692913
20
-0.2552644881889763
11
1.0495817322834646
21
-0.2550474015748032
0
LINE
8
BLACK
6
CONTINUOUS
10
1.0495817322834646
20
-0.2550474015748032
11
1.0499300393700788
21
-0.2545272440944882
0
LINE
8
BLACK
6
CONTINUOUS
10
1.0499300393700788
20
-0.2545272440944882
11
1.05016968503937
21
-0.2539487795275591
0
LINE
8
BLACK
6
CONTINUOUS
10
1.05016968503937
20
-0.2539487795275591
11
1.0503741732283465
21
-0.2538640551181102
0
LINE
8
BLACK
6
CONTINUOUS
10
1.0503741732283465
20
-0.2538640551181102
11
1.0504973622047244
21
-0.253680157480315
0
LINE
8
BLACK
6
CONTINUOUS
10
1.0504973622047244
20
-0.253680157480315
11
1.0531345275590551
21
-0.251921968503937
0
LINE
8
BLACK
6
CONTINUOUS
10
1.0531345275590551
20
-0.251921968503937
11
1.0546134251968504
21
-0.2504430708661417
0
LINE
8
BLACK
6
CONTINUOUS
10
1.0546134251968504
20
-0.2504430708661417
11
1.0553955118110236
21
-0.248878937007874
0
LINE
8
BLACK
6
CONTINUOUS
10
1.0553955118110236
20
-0.248878937007874
11
1.0566386614173229
21
-0.2478008267716535
0
LINE
8
BLACK
6
CONTINUOUS
10
1.0566386614173229
20
-0.2478008267716535
11
1.0582800787401574
21
-0.2479174803149606
0
LINE
8
BLACK
6
CONTINUOUS
10
1.0582800787401574
20
-0.2479174803149606
11
1.0593582283464567
21
-0.2491605905511811
0
LINE
8
BLACK
6
CONTINUOUS
10
1.0593582283464567
20
-0.2491605905511811
11
1.0592415354330709
21
-0.2508020078740157
0
LINE
8
BLACK
6
CONTINUOUS
10
1.0592415354330709
20
-0.2508020078740157
11
1.0583034251968504
21
-0.2526781889763779
0
LINE
8
BLACK
6
CONTINUOUS
10
1.0583034251968504
20
-0.2526781889763779
11
1.0580361023622047
21
-0.25291
0
LINE
8
BLACK
6
CONTINUOUS
10
1.0580361023622047
20
-0.25291
11
1.0579007086614174
21
-0.2532369291338583
0
LINE
8
BLACK
6
CONTINUOUS
10
1.0579007086614174
20
-0.2532369291338583
11
1.0578185826771653
21
-0.2533190551181102
0
LINE
8
BLACK
6
CONTINUOUS
10
1.0578185826771653
20
-0.2533190551181102
11
1.0692399606299212
21
-0.2533190551181102
0
LINE
8
BLACK
6
CONTINUOUS
10
1.0692399606299212
20
-0.2533190551181102
11
1.0692399606299212
21
-0.2498404724409449
0
LINE
8
BLACK
6
CONTINUOUS
10
1.0692399606299212
20
-0.2498404724409449
11
1.0698696850393701
21
-0.2483201968503937
0
LINE
8
BLACK
6
CONTINUOUS
10
1.0698696850393701
20
-0.2483201968503937
11
1.0713899606299213
21
-0.2476904724409449
0
LINE
8
BLACK
6
CONTINUOUS
10
1.0713899606299213
20
-0.2476904724409449
11
1.0729102362204723
21
-0.2483201968503937
0
LINE
8
BLACK
6
CONTINUOUS
10
1.1729102362204724
20
-0.2473820866141732
11
1.1735399606299213
21
-0.2489023622047244
0
LINE
8
BLACK
6
CONTINUOUS
10
1.1735399606299213
20
-0.2489023622047244
11
1.1735399606299213
21
-0.2610975984251969
0
LINE
8
BLACK
6
CONTINUOUS
10
1.1735399606299213
20
-0.2610975984251969
11
1.1729102362204724
21
-0.262617874015748
0
LINE
8
BLACK
6
CONTINUOUS
10
1.1729102362204724
20
-0.262617874015748
11
1.1713899606299212
21
-0.2632475984251968
0
LINE
8
BLACK
6
CONTINUOUS
10
1.1713899606299212
20
-0.2632475984251968
11
1.1698696850393699
21
-0.262617874015748
0
LINE
8
BLACK
6
CONTINUOUS
10
1.1698696850393699
20
-0.262617874015748
11
1.1692399606299213
21
-0.2610975984251969
0
LINE
8
BLACK
6
CONTINUOUS
10
1.1692399606299213
20
-0.2610975984251969
11
1.1692399606299213
21
-0.2540929133858268
0
LINE
8
BLACK
6
CONTINUOUS
10
1.1692399606299213
20
-0.2540929133858268
11
1.1616531102362204
21
-0.2616798031496063
0
LINE
8
BLACK
6
CONTINUOUS
10
1.1616531102362204
20
-0.2616798031496063
11
1.161190748031496
21
-0.2618712992125984
0
LINE
8
BLACK
6
CONTINUOUS
10
1.161190748031496
20
-0.2618712992125984
11
1.1608126771653544
21
-0.2621992125984252
0
LINE
8
BLACK
6
CONTINUOUS
10
1.1608126771653544
20
-0.2621992125984252
11
1.1579984251968505
21
-0.2631372834645669
0
LINE
8
BLACK
6
CONTINUOUS
10
1.1579984251968505
20
-0.2631372834645669
11
1.1576454330708661
21
-0.2631121653543307
0
LINE
8
BLACK
6
CONTINUOUS
10
1.1576454330708661
20
-0.2631121653543307
11
1.1573185433070865
21
-0.2632475984251968
0
LINE
8
BLACK
6
CONTINUOUS
10
1.1573185433070865
20
-0.2632475984251968
11
1.1554423622047243
21
-0.2632475984251968
0
LINE
8
BLACK
6
CONTINUOUS
10
1.1554423622047243
20
-0.2632475984251968
11
1.1549799999999999
21
-0.263056062992126
0
LINE
8
BLACK
6
CONTINUOUS
10
1.1549799999999999
20
-0.263056062992126
11
1.154480905511811
21
-0.2630206299212599
0
LINE
8
BLACK
6
CONTINUOUS
10
1.154480905511811
20
-0.2630206299212599
11
1.1526046456692913
21
-0.2620825590551181
0
LINE
8
BLACK
6
CONTINUOUS
10
1.1526046456692913
20
-0.2620825590551181
11
1.1523727559055117
21
-0.261815157480315
0
LINE
8
BLACK
6
CONTINUOUS
10
1.1523727559055117
20
-0.261815157480315
11
1.1520458267716536
21
-0.2616797637795276
0
LINE
8
BLACK
6
CONTINUOUS
10
1.1520458267716536
20
-0.2616797637795276
11
1.1511077559055118
21
-0.2607416535433071
0
LINE
8
BLACK
6
CONTINUOUS
10
1.1511077559055118
20
-0.2607416535433071
11
1.1509723622047243
21
-0.2604147637795275
0
LINE
8
BLACK
6
CONTINUOUS
10
1.1509723622047243
20
-0.2604147637795275
11
1.1507050393700786
21
-0.2601829527559055
0
LINE
8
BLACK
6
CONTINUOUS
10
1.1507050393700786
20
-0.2601829527559055
11
1.1497669685039369
21
-0.2583067716535433
0
LINE
8
BLACK
6
CONTINUOUS
10
1.1497669685039369
20
-0.2583067716535433
11
1.1497314566929133
21
-0.2578075984251968
0
LINE
8
BLACK
6
CONTINUOUS
10
1.1497314566929133
20
-0.2578075984251968
11
1.1495399606299213
21
-0.2573452362204725
0
LINE
8
BLACK
6
CONTINUOUS
10
1.1495399606299213
20
-0.2573452362204725
11
1.1495399606299213
21
-0.2526547637795276
0
LINE
8
BLACK
6
CONTINUOUS
10
1.1495399606299213
20
-0.2526547637795276
11
1.1497314566929133
21
-0.2521923622047244
0
LINE
8
BLACK
6
CONTINUOUS
10
1.1497314566929133
20
-0.2521923622047244
11
1.1497669685039369
21
-0.2516932283464567
0
LINE
8
BLACK
6
CONTINUOUS
10
1.1497669685039369
20
-0.2516932283464567
11
1.1507050393700786
21
-0.2498170472440945
0
LINE
8
BLACK
6
CONTINUOUS
10
1.1507050393700786
20
-0.2498170472440945
11
1.1509723622047243
21
-0.2495851968503937
0
LINE
8
BLACK
6
CONTINUOUS
10
1.1509723622047243
20
-0.2495851968503937
11
1.1511077559055118
21
-0.2492583464566929
0
LINE
8
BLACK
6
CONTINUOUS
10
1.1511077559055118
20
-0.2492583464566929
11
1.1520458267716536
21
-0.2483202362204724
0
LINE
8
BLACK
6
CONTINUOUS
10
1.1520458267716536
20
-0.2483202362204724
11
1.1535661023622048
21
-0.2476904724409449
0
LINE
8
BLACK
6
CONTINUOUS
10
1.1535661023622048
20
-0.2476904724409449
11
1.1550863779527558
21
-0.248320157480315
0
LINE
8
BLACK
6
CONTINUOUS
10
1.1550863779527558
20
-0.248320157480315
11
1.1557161417322834
21
-0.2498404330708661
0
LINE
8
BLACK
6
CONTINUOUS
10
1.1557161417322834
20
-0.2498404330708661
11
1.1550864566929133
21
-0.2513607086614173
0
LINE
8
BLACK
6
CONTINUOUS
10
1.1550864566929133
20
-0.2513607086614173
11
1.1543950393700788
21
-0.252052125984252
0
LINE
8
BLACK
6
CONTINUOUS
10
1.1543950393700788
20
-0.252052125984252
11
1.1538399606299212
21
-0.2531622834645669
0
LINE
8
BLACK
6
CONTINUOUS
10
1.1538399606299212
20
-0.2531622834645669
11
1.1538399606299212
21
-0.2568376771653543
0
LINE
8
BLACK
6
CONTINUOUS
10
1.1538399606299212
20
-0.2568376771653543
11
1.1543950393700788
21
-0.2579478346456693
0
LINE
8
BLACK
6
CONTINUOUS
10
1.1543950393700788
20
-0.2579478346456693
11
1.1548396850393701
21
-0.2583924803149606
0
LINE
8
BLACK
6
CONTINUOUS
10
1.1548396850393701
20
-0.2583924803149606
11
1.1559499212598425
21
-0.2589475984251968
0
LINE
8
BLACK
6
CONTINUOUS
10
1.1559499212598425
20
-0.2589475984251968
11
1.1569696062992125
21
-0.2589475984251968
0
LINE
8
BLACK
6
CONTINUOUS
10
1.1569696062992125
20
-0.2589475984251968
11
1.1589714566929135
21
-0.2582803149606299
0
LINE
8
BLACK
6
CONTINUOUS
10
1.1589714566929135
20
-0.2582803149606299
11
1.1698696850393699
21
-0.2473820866141732
0
LINE
8
BLACK
6
CONTINUOUS
10
1.1698696850393699
20
-0.2473820866141732
11
1.1713899606299212
21
-0.2467523622047244
0
LINE
8
BLACK
6
CONTINUOUS
10
1.1713899606299212
20
-0.2467523622047244
11
1.1729102362204724
21
-0.2473820866141732
0
LINE
8
BLACK
6
CONTINUOUS
10
0.4729102362204725
20
-0.2389392519685039
11
0.4735399606299213
21
-0.2404595275590551
0
LINE
8
BLACK
6
CONTINUOUS
10
0.4735399606299213
20
-0.2404595275590551
11
0.4729102362204725
21
-0.2419798031496063
0
LINE
8
BLACK
6
CONTINUOUS
10
0.4729102362204725
20
-0.2419798031496063
11
0.4713899606299212
21
-0.2426095275590551
0
LINE
8
BLACK
6
CONTINUOUS
10
0.4713899606299212
20
-0.2426095275590551
11
0.4641590157480315
21
-0.2426095275590551
0
LINE
8
BLACK
6
CONTINUOUS
10
0.4641590157480315
20
-0.2426095275590551
11
0.4641590157480315
21
-0.2440305905511811
0
LINE
8
BLACK
6
CONTINUOUS
10
0.4641590157480315
20
-0.2440305905511811
11
0.4726229133858267
21
-0.2499553149606299
0
LINE
8
BLACK
6
CONTINUOUS
10
0.4726229133858267
20
-0.2499553149606299
11
0.4735072440944882
21
-0.251343031496063
0
LINE
8
BLACK
6
CONTINUOUS
10
0.4735072440944882
20
-0.251343031496063
11
0.4731512992125984
21
-0.2529496062992126
0
LINE
8
BLACK
6
CONTINUOUS
10
0.4731512992125984
20
-0.2529496062992126
11
0.4717636220472441
21
-0.253833937007874
0
LINE
8
BLACK
6
CONTINUOUS
10
0.4717636220472441
20
-0.253833937007874
11
0.4701570078740158
21
-0.2534779921259843
0
LINE
8
BLACK
6
CONTINUOUS
10
0.4701570078740158
20
-0.2534779921259843
11
0.4638598818897638
21
-0.24907
0
LINE
8
BLACK
6
CONTINUOUS
10
0.4638598818897638
20
-0.24907
11
0.4629938976377952
21
-0.2508020078740157
0
LINE
8
BLACK
6
CONTINUOUS
10
0.4629938976377952
20
-0.2508020078740157
11
0.4627265748031496
21
-0.2510338188976378
0
LINE
8
BLACK
6
CONTINUOUS
10
0.4627265748031496
20
-0.2510338188976378
11
0.4625911811023622
21
-0.2513607480314961
0
LINE
8
BLACK
6
CONTINUOUS
10
0.4625911811023622
20
-0.2513607480314961
11
0.4616531102362205
21
-0.2522988188976378
0
LINE
8
BLACK
6
CONTINUOUS
10
0.4616531102362205
20
-0.2522988188976378
11
0.4613261811023622
21
-0.2524342125984252
0
LINE
8
BLACK
6
CONTINUOUS
10
0.4613261811023622
20
-0.2524342125984252
11
0.4610943307086614
21
-0.2527015748031496
0
LINE
8
BLACK
6
CONTINUOUS
10
0.4610943307086614
20
-0.2527015748031496
11
0.4592181102362204
21
-0.2536396850393701
0
LINE
8
BLACK
6
CONTINUOUS
10
0.4592181102362204
20
-0.2536396850393701
11
0.458718937007874
21
-0.2536751181102362
0
LINE
8
BLACK
6
CONTINUOUS
10
0.458718937007874
20
-0.2536751181102362
11
0.4582566141732283
21
-0.2538666535433071
0
LINE
8
BLACK
6
CONTINUOUS
10
0.4582566141732283
20
-0.2538666535433071
11
0.4554423622047244
21
-0.2538666535433071
0
LINE
8
BLACK
6
CONTINUOUS
10
0.4554423622047244
20
-0.2538666535433071
11
0.45498
21
-0.2536751181102362
0
LINE
8
BLACK
6
CONTINUOUS
10
0.45498
20
-0.2536751181102362
11
0.4544808661417323
21
-0.2536396850393701
0
LINE
8
BLACK
6
CONTINUOUS
10
0.4544808661417323
20
-0.2536396850393701
11
0.4526046456692913
21
-0.2527015748031496
0
LINE
8
BLACK
6
CONTINUOUS
10
0.4526046456692913
20
-0.2527015748031496
11
0.4523727559055118
21
-0.2524342125984252
0
LINE
8
BLACK
6
CONTINUOUS
10
0.4523727559055118
20
-0.2524342125984252
11
0.4520458661417323
21
-0.2522988188976378
0
LINE
8
BLACK
6
CONTINUOUS
10
0.4520458661417323
20
-0.2522988188976378
11
0.4511077952755905
21
-0.2513607480314961
0
LINE
8
BLACK
6
CONTINUOUS
10
0.4511077952755905
20
-0.2513607480314961
11
0.4509723622047244
21
-0.2510338582677165
0
LINE
8
BLACK
6
CONTINUOUS
10
0.4509723622047244
20
-0.2510338582677165
11
0.4507050393700787
21
-0.2508020078740157
0
LINE
8
BLACK
6
CONTINUOUS
10
0.4507050393700787
20
-0.2508020078740157
11
0.449766968503937
21
-0.2489258267716535
0
LINE
8
BLACK
6
CONTINUOUS
10
0.449766968503937
20
-0.2489258267716535
11
0.4497314566929134
21
-0.2484266535433071
0
LINE
8
BLACK
6
CONTINUOUS
10
0.4497314566929134
20
-0.2484266535433071
11
0.4495399606299212
21
-0.2479642913385827
0
LINE
8
BLACK
6
CONTINUOUS
10
0.4495399606299212
20
-0.2479642913385827
11
0.4495399606299212
21
-0.2404595275590551
0
LINE
8
BLACK
6
CONTINUOUS
10
0.4495399606299212
20
-0.2404595275590551
11
0.45016968503937
21
-0.2389392519685039
0
LINE
8
BLACK
6
CONTINUOUS
10
0.45016968503937
20
-0.2389392519685039
11
0.4516899606299212
21
-0.2383095275590551
0
LINE
8
BLACK
6
CONTINUOUS
10
0.4516899606299212
20
-0.2383095275590551
11
0.4713899606299212
21
-0.2383095275590551
0
LINE
8
BLACK
6
CONTINUOUS
10
0.4713899606299212
20
-0.2383095275590551
11
0.4729102362204725
21
-0.2389392519685039
0
LINE
8
BLACK
6
CONTINUOUS
10
0.4538399606299213
20
-0.2474567322834646
11
0.454395
21
-0.2485668503937008
0
LINE
8
BLACK
6
CONTINUOUS
10
0.454395
20
-0.2485668503937008
11
0.4548396850393701
21
-0.2490115354330709
0
LINE
8
BLACK
6
CONTINUOUS
10
0.4548396850393701
20
-0.2490115354330709
11
0.4559499212598425
21
-0.2495666535433071
0
LINE
8
BLACK
6
CONTINUOUS
10
0.4559499212598425
20
-0.2495666535433071
11
0.4577490551181102
21
-0.2495666535433071
0
LINE
8
BLACK
6
CONTINUOUS
10
0.4577490551181102
20
-0.2495666535433071
11
0.4588592913385827
21
-0.2490115354330709
0
LINE
8
BLACK
6
CONTINUOUS
10
0.4588592913385827
20
-0.2490115354330709
11
0.4593038976377953
21
-0.2485668897637795
0
LINE
8
BLACK
6
CONTINUOUS
10
0.4593038976377953
20
-0.2485668897637795
11
0.4598590157480315
21
-0.2474566929133858
0
LINE
8
BLACK
6
CONTINUOUS
10
0.4598590157480315
20
-0.2474566929133858
11
0.4598590157480315
21
-0.2426095275590551
0
LINE
8
BLACK
6
CONTINUOUS
10
0.4598590157480315
20
-0.2426095275590551
11
0.4538399606299213
21
-0.2426095275590551
0
LINE
8
BLACK
6
CONTINUOUS
10
0.4538399606299213
20
-0.2426095275590551
11
0.4538399606299213
21
-0.2474567322834646
0
LINE
8
BLACK
6
CONTINUOUS
10
0.8729102362204724
20
-0.2389392519685039
11
0.8735399606299212
21
-0.2404595275590551
0
LINE
8
BLACK
6
CONTINUOUS
10
0.8735399606299212
20
-0.2404595275590551
11
0.8729102362204724
21
-0.2419798031496063
0
LINE
8
BLACK
6
CONTINUOUS
10
0.8729102362204724
20
-0.2419798031496063
11
0.8713899606299212
21
-0.2426095275590551
0
LINE
8
BLACK
6
CONTINUOUS
10
0.8713899606299212
20
-0.2426095275590551
11
0.8641590157480314
21
-0.2426095275590551
0
LINE
8
BLACK
6
CONTINUOUS
10
0.8641590157480314
20
-0.2426095275590551
11
0.8641590157480314
21
-0.2440305905511811
0
LINE
8
BLACK
6
CONTINUOUS
10
0.8641590157480314
20
-0.2440305905511811
11
0.8726229133858268
21
-0.2499553149606299
0
LINE
8
BLACK
6
CONTINUOUS
10
0.8726229133858268
20
-0.2499553149606299
11
0.8735072440944882
21
-0.251343031496063
0
LINE
8
BLACK
6
CONTINUOUS
10
0.8735072440944882
20
-0.251343031496063
11
0.8731512992125984
21
-0.2529496062992126
0
LINE
8
BLACK
6
CONTINUOUS
10
0.8731512992125984
20
-0.2529496062992126
11
0.8717636220472441
21
-0.253833937007874
0
LINE
8
BLACK
6
CONTINUOUS
10
0.8717636220472441
20
-0.253833937007874
11
0.8701570078740157
21
-0.2534779921259843
0
LINE
8
BLACK
6
CONTINUOUS
10
0.8701570078740157
20
-0.2534779921259843
11
0.8638598818897638
21
-0.24907
0
LINE
8
BLACK
6
CONTINUOUS
10
0.8638598818897638
20
-0.24907
11
0.8629938976377952
21
-0.2508020078740157
0
LINE
8
BLACK
6
CONTINUOUS
10
0.8629938976377952
20
-0.2508020078740157
11
0.8627265748031496
21
-0.2510338188976378
0
LINE
8
BLACK
6
CONTINUOUS
10
0.8627265748031496
20
-0.2510338188976378
11
0.8625911811023622
21
-0.2513607480314961
0
LINE
8
BLACK
6
CONTINUOUS
10
0.8625911811023622
20
-0.2513607480314961
11
0.8616531102362205
21
-0.2522988188976378
0
LINE
8
BLACK
6
CONTINUOUS
10
0.8616531102362205
20
-0.2522988188976378
11
0.8613261811023621
21
-0.2524342125984252
0
LINE
8
BLACK
6
CONTINUOUS
10
0.8613261811023621
20
-0.2524342125984252
11
0.8610943307086614
21
-0.2527015748031496
0
LINE
8
BLACK
6
CONTINUOUS
10
0.8610943307086614
20
-0.2527015748031496
11
0.8592181102362204
21
-0.2536396850393701
0
LINE
8
BLACK
6
CONTINUOUS
10
0.8592181102362204
20
-0.2536396850393701
11
0.8587189370078741
21
-0.2536751181102362
0
LINE
8
BLACK
6
CONTINUOUS
10
0.8587189370078741
20
-0.2536751181102362
11
0.8582566141732283
21
-0.2538666535433071
0
LINE
8
BLACK
6
CONTINUOUS
10
0.8582566141732283
20
-0.2538666535433071
11
0.8554423622047244
21
-0.2538666535433071
0
LINE
8
BLACK
6
CONTINUOUS
10
0.8554423622047244
20
-0.2538666535433071
11
0.85498
21
-0.2536751181102362
0
LINE
8
BLACK
6
CONTINUOUS
10
0.85498
20
-0.2536751181102362
11
0.8544808661417322
21
-0.2536396850393701
0
LINE
8
BLACK
6
CONTINUOUS
10
0.8544808661417322
20
-0.2536396850393701
11
0.8526046456692913
21
-0.2527015748031496
0
LINE
8
BLACK
6
CONTINUOUS
10
0.8526046456692913
20
-0.2527015748031496
11
0.8523727559055118
21
-0.2524342125984252
0
LINE
8
BLACK
6
CONTINUOUS
10
0.8523727559055118
20
-0.2524342125984252
11
0.8520458661417323
21
-0.2522988188976378
0
LINE
8
BLACK
6
CONTINUOUS
10
0.8520458661417323
20
-0.2522988188976378
11
0.8511077952755906
21
-0.2513607480314961
0
LINE
8
BLACK
6
CONTINUOUS
10
0.8511077952755906
20
-0.2513607480314961
11
0.8509723622047244
21
-0.2510338582677165
0
LINE
8
BLACK
6
CONTINUOUS
10
0.8509723622047244
20
-0.2510338582677165
11
0.8507050393700787
21
-0.2508020078740157
0
LINE
8
BLACK
6
CONTINUOUS
10
0.8507050393700787
20
-0.2508020078740157
11
0.849766968503937
21
-0.2489258267716535
0
LINE
8
BLACK
6
CONTINUOUS
10
0.849766968503937
20
-0.2489258267716535
11
0.8497314566929134
21
-0.2484266535433071
0
LINE
8
BLACK
6
CONTINUOUS
10
0.8497314566929134
20
-0.2484266535433071
11
0.8495399606299212
21
-0.2479642913385827
0
LINE
8
BLACK
6
CONTINUOUS
10
0.8495399606299212
20
-0.2479642913385827
11
0.8495399606299212
21
-0.2404595275590551
0
LINE
8
BLACK
6
CONTINUOUS
10
0.8495399606299212
20
-0.2404595275590551
11
0.8501696850393701
21
-0.2389392519685039
0
LINE
8
BLACK
6
CONTINUOUS
10
0.8501696850393701
20
-0.2389392519685039
11
0.8516899606299212
21
-0.2383095275590551
0
LINE
8
BLACK
6
CONTINUOUS
10
0.8516899606299212
20
-0.2383095275590551
11
0.8713899606299212
21
-0.2383095275590551
0
LINE
8
BLACK
6
CONTINUOUS
10
0.8713899606299212
20
-0.2383095275590551
11
0.8729102362204724
21
-0.2389392519685039
0
LINE
8
BLACK
6
CONTINUOUS
10
0.8538399606299213
20
-0.2474567322834646
11
0.854395
21
-0.2485668503937008
0
LINE
8
BLACK
6
CONTINUOUS
10
0.854395
20
-0.2485668503937008
11
0.85483968503937
21
-0.2490115354330709
0
LINE
8
BLACK
6
CONTINUOUS
10
0.85483968503937
20
-0.2490115354330709
11
0.8559499212598425
21
-0.2495666535433071
0
LINE
8
BLACK
6
CONTINUOUS
10
0.8559499212598425
20
-0.2495666535433071
11
0.8577490551181102
21
-0.2495666535433071
0
LINE
8
BLACK
6
CONTINUOUS
10
0.8577490551181102
20
-0.2495666535433071
11
0.8588592913385826
21
-0.2490115354330709
0
LINE
8
BLACK
6
CONTINUOUS
10
0.8588592913385826
20
-0.2490115354330709
11
0.8593038976377952
21
-0.2485668897637795
0
LINE
8
BLACK
6
CONTINUOUS
10
0.8593038976377952
20
-0.2485668897637795
11
0.8598590157480315
21
-0.2474566929133858
0
LINE
8
BLACK
6
CONTINUOUS
10
0.8598590157480315
20
-0.2474566929133858
11
0.8598590157480315
21
-0.2426095275590551
0
LINE
8
BLACK
6
CONTINUOUS
10
0.8598590157480315
20
-0.2426095275590551
11
0.8538399606299213
21
-0.2426095275590551
0
LINE
8
BLACK
6
CONTINUOUS
10
0.8538399606299213
20
-0.2426095275590551
11
0.8538399606299213
21
-0.2474567322834646
0
LINE
8
BLACK
6
CONTINUOUS
10
0.5729102362204724
20
-0.2295583070866142
11
0.5735399606299213
21
-0.2310785826771654
0
LINE
8
BLACK
6
CONTINUOUS
10
0.5735399606299213
20
-0.2310785826771654
11
0.5729102362204724
21
-0.2325988582677165
0
LINE
8
BLACK
6
CONTINUOUS
10
0.5729102362204724
20
-0.2325988582677165
11
0.5713899606299212
21
-0.2332285826771653
0
LINE
8
BLACK
6
CONTINUOUS
10
0.5713899606299212
20
-0.2332285826771653
11
0.5641590157480315
21
-0.2332285826771653
0
LINE
8
BLACK
6
CONTINUOUS
10
0.5641590157480315
20
-0.2332285826771653
11
0.5641590157480315
21
-0.2346496456692913
0
LINE
8
BLACK
6
CONTINUOUS
10
0.5641590157480315
20
-0.2346496456692913
11
0.5726229133858267
21
-0.2405743700787402
0
LINE
8
BLACK
6
CONTINUOUS
10
0.5726229133858267
20
-0.2405743700787402
11
0.5735072440944882
21
-0.2419620866141732
0
LINE
8
BLACK
6
CONTINUOUS
10
0.5735072440944882
20
-0.2419620866141732
11
0.5731512992125984
21
-0.2435686614173228
0
LINE
8
BLACK
6
CONTINUOUS
10
0.5731512992125984
20
-0.2435686614173228
11
0.5717636220472441
21
-0.2444529921259843
0
LINE
8
BLACK
6
CONTINUOUS
10
0.5717636220472441
20
-0.2444529921259843
11
0.5701570078740157
21
-0.2440970472440945
0
LINE
8
BLACK
6
CONTINUOUS
10
0.5701570078740157
20
-0.2440970472440945
11
0.5638598818897638
21
-0.2396890551181102
0
LINE
8
BLACK
6
CONTINUOUS
10
0.5638598818897638
20
-0.2396890551181102
11
0.5629938976377953
21
-0.241421062992126
0
LINE
8
BLACK
6
CONTINUOUS
10
0.5629938976377953
20
-0.241421062992126
11
0.5627265748031496
21
-0.241652874015748
0
LINE
8
BLACK
6
CONTINUOUS
10
0.5627265748031496
20
-0.241652874015748
11
0.5625911811023622
21
-0.2419798031496063
0
LINE
8
BLACK
6
CONTINUOUS
10
0.5625911811023622
20
-0.2419798031496063
11
0.5616531102362204
21
-0.242917874015748
0
LINE
8
BLACK
6
CONTINUOUS
10
0.5616531102362204
20
-0.242917874015748
11
0.5613261811023622
21
-0.2430532677165354
0
LINE
8
BLACK
6
CONTINUOUS
10
0.5613261811023622
20
-0.2430532677165354
11
0.5610943307086614
21
-0.2433206299212598
0
LINE
8
BLACK
6
CONTINUOUS
10
0.5610943307086614
20
-0.2433206299212598
11
0.5592181102362205
21
-0.2442587401574803
0
LINE
8
BLACK
6
CONTINUOUS
10
0.5592181102362205
20
-0.2442587401574803
11
0.558718937007874
21
-0.2442941732283465
0
LINE
8
BLACK
6
CONTINUOUS
10
0.558718937007874
20
-0.2442941732283465
11
0.5582566141732284
21
-0.2444857086614173
0
LINE
8
BLACK
6
CONTINUOUS
10
0.5582566141732284
20
-0.2444857086614173
11
0.5554423622047244
21
-0.2444857086614173
0
LINE
8
BLACK
6
CONTINUOUS
10
0.5554423622047244
20
-0.2444857086614173
11
0.55498
21
-0.2442941732283465
0
LINE
8
BLACK
6
CONTINUOUS
10
0.55498
20
-0.2442941732283465
11
0.5544808661417323
21
-0.2442587401574803
0
LINE
8
BLACK
6
CONTINUOUS
10
0.5544808661417323
20
-0.2442587401574803
11
0.5526046456692913
21
-0.2433206299212598
0
LINE
8
BLACK
6
CONTINUOUS
10
0.5526046456692913
20
-0.2433206299212598
11
0.5523727559055118
21
-0.2430532677165354
0
LINE
8
BLACK
6
CONTINUOUS
10
0.5523727559055118
20
-0.2430532677165354
11
0.5520458661417322
21
-0.242917874015748
0
LINE
8
BLACK
6
CONTINUOUS
10
0.5520458661417322
20
-0.242917874015748
11
0.5511077952755905
21
-0.2419798031496063
0
LINE
8
BLACK
6
CONTINUOUS
10
0.5511077952755905
20
-0.2419798031496063
11
0.5509723622047243
21
-0.2416529133858268
0
LINE
8
BLACK
6
CONTINUOUS
10
0.5509723622047243
20
-0.2416529133858268
11
0.5507050393700788
21
-0.241421062992126
0
LINE
8
BLACK
6
CONTINUOUS
10
0.5507050393700788
20
-0.241421062992126
11
0.549766968503937
21
-0.2395448818897638
0
LINE
8
BLACK
6
CONTINUOUS
10
0.549766968503937
20
-0.2395448818897638
11
0.5497314566929133
21
-0.2390457086614173
0
LINE
8
BLACK
6
CONTINUOUS
10
0.5497314566929133
20
-0.2390457086614173
11
0.5495399606299213
21
-0.2385833464566929
0
LINE
8
BLACK
6
CONTINUOUS
10
0.5495399606299213
20
-0.2385833464566929
11
0.5495399606299213
21
-0.2310785826771654
0
LINE
8
BLACK
6
CONTINUOUS
10
0.5495399606299213
20
-0.2310785826771654
11
0.55016968503937
21
-0.2295583070866142
0
LINE
8
BLACK
6
CONTINUOUS
10
0.55016968503937
20
-0.2295583070866142
11
0.5516899606299213
21
-0.2289285826771653
0
LINE
8
BLACK
6
CONTINUOUS
10
0.5516899606299213
20
-0.2289285826771653
11
0.5713899606299212
21
-0.2289285826771653
0
LINE
8
BLACK
6
CONTINUOUS
10
0.5713899606299212
20
-0.2289285826771653
11
0.5729102362204724
21
-0.2295583070866142
0
LINE
8
BLACK
6
CONTINUOUS
10
0.5538399606299212
20
-0.2380757874015748
11
0.554395
21
-0.239185905511811
0
LINE
8
BLACK
6
CONTINUOUS
10
0.554395
20
-0.239185905511811
11
0.5548396850393701
21
-0.2396305905511811
0
LINE
8
BLACK
6
CONTINUOUS
10
0.5548396850393701
20
-0.2396305905511811
11
0.5559499212598425
21
-0.2401857086614173
0
LINE
8
BLACK
6
CONTINUOUS
10
0.5559499212598425
20
-0.2401857086614173
11
0.5577490551181102
21
-0.2401857086614173
0
LINE
8
BLACK
6
CONTINUOUS
10
0.5577490551181102
20
-0.2401857086614173
11
0.5588592913385827
21
-0.2396305905511811
0
LINE
8
BLACK
6
CONTINUOUS
10
0.5588592913385827
20
-0.2396305905511811
11
0.5593038976377953
21
-0.2391859448818898
0
LINE
8
BLACK
6
CONTINUOUS
10
0.5593038976377953
20
-0.2391859448818898
11
0.5598590157480314
21
-0.2380757480314961
0
LINE
8
BLACK
6
CONTINUOUS
10
0.5598590157480314
20
-0.2380757480314961
11
0.5598590157480314
21
-0.2332285826771653
0
LINE
8
BLACK
6
CONTINUOUS
10
0.5598590157480314
20
-0.2332285826771653
11
0.5538399606299212
21
-0.2332285826771653
0
LINE
8
BLACK
6
CONTINUOUS
10
0.5538399606299212
20
-0.2332285826771653
11
0.5538399606299212
21
-0.2380757874015748
0
LINE
8
BLACK
6
CONTINUOUS
10
0.6729102362204724
20
-0.2295583070866142
11
0.6735399606299213
21
-0.2310785826771654
0
LINE
8
BLACK
6
CONTINUOUS
10
0.6735399606299213
20
-0.2310785826771654
11
0.6729102362204724
21
-0.2325988582677165
0
LINE
8
BLACK
6
CONTINUOUS
10
0.6729102362204724
20
-0.2325988582677165
11
0.6713899606299213
21
-0.2332285826771653
0
LINE
8
BLACK
6
CONTINUOUS
10
0.6713899606299213
20
-0.2332285826771653
11
0.6641590157480315
21
-0.2332285826771653
0
LINE
8
BLACK
6
CONTINUOUS
10
0.6641590157480315
20
-0.2332285826771653
11
0.6641590157480315
21
-0.2346496456692913
0
LINE
8
BLACK
6
CONTINUOUS
10
0.6641590157480315
20
-0.2346496456692913
11
0.6726229133858268
21
-0.2405743700787402
0
LINE
8
BLACK
6
CONTINUOUS
10
0.6726229133858268
20
-0.2405743700787402
11
0.6735072440944881
21
-0.2419620866141732
0
LINE
8
BLACK
6
CONTINUOUS
10
0.6735072440944881
20
-0.2419620866141732
11
0.6731512992125984
21
-0.2435686614173228
0
LINE
8
BLACK
6
CONTINUOUS
10
0.6731512992125984
20
-0.2435686614173228
11
0.671763622047244
21
-0.2444529921259843
0
LINE
8
BLACK
6
CONTINUOUS
10
0.671763622047244
20
-0.2444529921259843
11
0.6701570078740158
21
-0.2440970472440945
0
LINE
8
BLACK
6
CONTINUOUS
10
0.6701570078740158
20
-0.2440970472440945
11
0.6638598818897637
21
-0.2396890551181102
0
LINE
8
BLACK
6
CONTINUOUS
10
0.6638598818897637
20
-0.2396890551181102
11
0.6629938976377953
21
-0.241421062992126
0
LINE
8
BLACK
6
CONTINUOUS
10
0.6629938976377953
20
-0.241421062992126
11
0.6627265748031496
21
-0.241652874015748
0
LINE
8
BLACK
6
CONTINUOUS
10
0.6627265748031496
20
-0.241652874015748
11
0.6625911811023621
21
-0.2419798031496063
0
LINE
8
BLACK
6
CONTINUOUS
10
0.6625911811023621
20
-0.2419798031496063
11
0.6616531102362204
21
-0.242917874015748
0
LINE
8
BLACK
6
CONTINUOUS
10
0.6616531102362204
20
-0.242917874015748
11
0.6613261811023622
21
-0.2430532677165354
0
LINE
8
BLACK
6
CONTINUOUS
10
0.6613261811023622
20
-0.2430532677165354
11
0.6610943307086614
21
-0.2433206299212598
0
LINE
8
BLACK
6
CONTINUOUS
10
0.6610943307086614
20
-0.2433206299212598
11
0.6592181102362205
21
-0.2442587401574803
0
LINE
8
BLACK
6
CONTINUOUS
10
0.6592181102362205
20
-0.2442587401574803
11
0.658718937007874
21
-0.2442941732283465
0
LINE
8
BLACK
6
CONTINUOUS
10
0.658718937007874
20
-0.2442941732283465
11
0.6582566141732283
21
-0.2444857086614173
0
LINE
8
BLACK
6
CONTINUOUS
10
0.6582566141732283
20
-0.2444857086614173
11
0.6554423622047244
21
-0.2444857086614173
0
LINE
8
BLACK
6
CONTINUOUS
10
0.6554423622047244
20
-0.2444857086614173
11
0.65498
21
-0.2442941732283465
0
LINE
8
BLACK
6
CONTINUOUS
10
0.65498
20
-0.2442941732283465
11
0.6544808661417323
21
-0.2442587401574803
0
LINE
8
BLACK
6
CONTINUOUS
10
0.6544808661417323
20
-0.2442587401574803
11
0.6526046456692913
21
-0.2433206299212598
0
LINE
8
BLACK
6
CONTINUOUS
10
0.6526046456692913
20
-0.2433206299212598
11
0.6523727559055118
21
-0.2430532677165354
0
LINE
8
BLACK
6
CONTINUOUS
10
0.6523727559055118
20
-0.2430532677165354
11
0.6520458661417323
21
-0.242917874015748
0
LINE
8
BLACK
6
CONTINUOUS
10
0.6520458661417323
20
-0.242917874015748
11
0.6511077952755905
21
-0.2419798031496063
0
LINE
8
BLACK
6
CONTINUOUS
10
0.6511077952755905
20
-0.2419798031496063
11
0.6509723622047244
21
-0.2416529133858268
0
LINE
8
BLACK
6
CONTINUOUS
10
0.6509723622047244
20
-0.2416529133858268
11
0.6507050393700787
21
-0.241421062992126
0
LINE
8
BLACK
6
CONTINUOUS
10
0.6507050393700787
20
-0.241421062992126
11
0.649766968503937
21
-0.2395448818897638
0
LINE
8
BLACK
6
CONTINUOUS
10
0.649766968503937
20
-0.2395448818897638
11
0.6497314566929133
21
-0.2390457086614173
0
LINE
8
BLACK
6
CONTINUOUS
10
0.6497314566929133
20
-0.2390457086614173
11
0.6495399606299213
21
-0.2385833464566929
0
LINE
8
BLACK
6
CONTINUOUS
10
0.6495399606299213
20
-0.2385833464566929
11
0.6495399606299213
21
-0.2310785826771654
0
LINE
8
BLACK
6
CONTINUOUS
10
0.6495399606299213
20
-0.2310785826771654
11
0.6501696850393701
21
-0.2295583070866142
0
LINE
8
BLACK
6
CONTINUOUS
10
0.6501696850393701
20
-0.2295583070866142
11
0.6516899606299212
21
-0.2289285826771653
0
LINE
8
BLACK
6
CONTINUOUS
10
0.6516899606299212
20
-0.2289285826771653
11
0.6713899606299213
21
-0.2289285826771653
0
LINE
8
BLACK
6
CONTINUOUS
10
0.6713899606299213
20
-0.2289285826771653
11
0.6729102362204724
21
-0.2295583070866142
0
LINE
8
BLACK
6
CONTINUOUS
10
0.6538399606299212
20
-0.2380757874015748
11
0.6543949999999999
21
-0.239185905511811
0
LINE
8
BLACK
6
CONTINUOUS
10
0.6543949999999999
20
-0.239185905511811
11
0.6548396850393701
21
-0.2396305905511811
0
LINE
8
BLACK
6
CONTINUOUS
10
0.6548396850393701
20
-0.2396305905511811
11
0.6559499212598425
21
-0.2401857086614173
0
LINE
8
BLACK
6
CONTINUOUS
10
0.6559499212598425
20
-0.2401857086614173
11
0.6577490551181102
21
-0.2401857086614173
0
LINE
8
BLACK
6
CONTINUOUS
10
0.6577490551181102
20
-0.2401857086614173
11
0.6588592913385827
21
-0.2396305905511811
0
LINE
8
BLACK
6
CONTINUOUS
10
0.6588592913385827
20
-0.2396305905511811
11
0.6593038976377953
21
-0.2391859448818898
0
LINE
8
BLACK
6
CONTINUOUS
10
0.6593038976377953
20
-0.2391859448818898
11
0.6598590157480315
21
-0.2380757480314961
0
LINE
8
BLACK
6
CONTINUOUS
10
0.6598590157480315
20
-0.2380757480314961
11
0.6598590157480315
21
-0.2332285826771653
0
LINE
8
BLACK
6
CONTINUOUS
10
0.6598590157480315
20
-0.2332285826771653
11
0.6538399606299212
21
-0.2332285826771653
0
LINE
8
BLACK
6
CONTINUOUS
10
0.6538399606299212
20
-0.2332285826771653
11
0.6538399606299212
21
-0.2380757874015748
0
LINE
8
BLACK
6
CONTINUOUS
10
0.7729102362204724
20
-0.2295583070866142
11
0.7735399606299213
21
-0.2310785826771654
0
LINE
8
BLACK
6
CONTINUOUS
10
0.7735399606299213
20
-0.2310785826771654
11
0.7729102362204724
21
-0.2325988582677165
0
LINE
8
BLACK
6
CONTINUOUS
10
0.7729102362204724
20
-0.2325988582677165
11
0.7713899606299213
21
-0.2332285826771653
0
LINE
8
BLACK
6
CONTINUOUS
10
0.7713899606299213
20
-0.2332285826771653
11
0.7641590157480315
21
-0.2332285826771653
0
LINE
8
BLACK
6
CONTINUOUS
10
0.7641590157480315
20
-0.2332285826771653
11
0.7641590157480315
21
-0.2346496456692913
0
LINE
8
BLACK
6
CONTINUOUS
10
0.7641590157480315
20
-0.2346496456692913
11
0.7726229133858268
21
-0.2405743700787402
0
LINE
8
BLACK
6
CONTINUOUS
10
0.7726229133858268
20
-0.2405743700787402
11
0.7735072440944881
21
-0.2419620866141732
0
LINE
8
BLACK
6
CONTINUOUS
10
0.7735072440944881
20
-0.2419620866141732
11
0.7731512992125984
21
-0.2435686614173228
0
LINE
8
BLACK
6
CONTINUOUS
10
0.7731512992125984
20
-0.2435686614173228
11
0.771763622047244
21
-0.2444529921259843
0
LINE
8
BLACK
6
CONTINUOUS
10
0.771763622047244
20
-0.2444529921259843
11
0.7701570078740158
21
-0.2440970472440945
0
LINE
8
BLACK
6
CONTINUOUS
10
0.7701570078740158
20
-0.2440970472440945
11
0.7638598818897637
21
-0.2396890551181102
0
LINE
8
BLACK
6
CONTINUOUS
10
0.7638598818897637
20
-0.2396890551181102
11
0.7629938976377952
21
-0.241421062992126
0
LINE
8
BLACK
6
CONTINUOUS
10
0.7629938976377952
20
-0.241421062992126
11
0.7627265748031495
21
-0.241652874015748
0
LINE
8
BLACK
6
CONTINUOUS
10
0.7627265748031495
20
-0.241652874015748
11
0.7625911811023622
21
-0.2419798031496063
0
LINE
8
BLACK
6
CONTINUOUS
10
0.7625911811023622
20
-0.2419798031496063
11
0.7616531102362205
21
-0.242917874015748
0
LINE
8
BLACK
6
CONTINUOUS
10
0.7616531102362205
20
-0.242917874015748
11
0.7613261811023622
21
-0.2430532677165354
0
LINE
8
BLACK
6
CONTINUOUS
10
0.7613261811023622
20
-0.2430532677165354
11
0.7610943307086614
21
-0.2433206299212598
0
LINE
8
BLACK
6
CONTINUOUS
10
0.7610943307086614
20
-0.2433206299212598
11
0.7592181102362204
21
-0.2442587401574803
0
LINE
8
BLACK
6
CONTINUOUS
10
0.7592181102362204
20
-0.2442587401574803
11
0.758718937007874
21
-0.2442941732283465
0
LINE
8
BLACK
6
CONTINUOUS
10
0.758718937007874
20
-0.2442941732283465
11
0.7582566141732283
21
-0.2444857086614173
0
LINE
8
BLACK
6
CONTINUOUS
10
0.7582566141732283
20
-0.2444857086614173
11
0.7554423622047244
21
-0.2444857086614173
0
LINE
8
BLACK
6
CONTINUOUS
10
0.7554423622047244
20
-0.2444857086614173
11
0.75498
21
-0.2442941732283465
0
LINE
8
BLACK
6
CONTINUOUS
10
0.75498
20
-0.2442941732283465
11
0.7544808661417323
21
-0.2442587401574803
0
LINE
8
BLACK
6
CONTINUOUS
10
0.7544808661417323
20
-0.2442587401574803
11
0.7526046456692913
21
-0.2433206299212598
0
LINE
8
BLACK
6
CONTINUOUS
10
0.7526046456692913
20
-0.2433206299212598
11
0.7523727559055118
21
-0.2430532677165354
0
LINE
8
BLACK
6
CONTINUOUS
10
0.7523727559055118
20
-0.2430532677165354
11
0.7520458661417323
21
-0.242917874015748
0
LINE
8
BLACK
6
CONTINUOUS
10
0.7520458661417323
20
-0.242917874015748
11
0.7511077952755906
21
-0.2419798031496063
0
LINE
8
BLACK
6
CONTINUOUS
10
0.7511077952755906
20
-0.2419798031496063
11
0.7509723622047244
21
-0.2416529133858268
0
LINE
8
BLACK
6
CONTINUOUS
10
0.7509723622047244
20
-0.2416529133858268
11
0.7507050393700787
21
-0.241421062992126
0
LINE
8
BLACK
6
CONTINUOUS
10
0.7507050393700787
20
-0.241421062992126
11
0.749766968503937
21
-0.2395448818897638
0
LINE
8
BLACK
6
CONTINUOUS
10
0.749766968503937
20
-0.2395448818897638
11
0.7497314566929134
21
-0.2390457086614173
0
LINE
8
BLACK
6
CONTINUOUS
10
0.7497314566929134
20
-0.2390457086614173
11
0.7495399606299212
21
-0.2385833464566929
0
LINE
8
BLACK
6
CONTINUOUS
10
0.7495399606299212
20
-0.2385833464566929
11
0.7495399606299212
21
-0.2310785826771654
0
LINE
8
BLACK
6
CONTINUOUS
10
0.7495399606299212
20
-0.2310785826771654
11
0.7501696850393701
21
-0.2295583070866142
0
LINE
8
BLACK
6
CONTINUOUS
10
0.7501696850393701
20
-0.2295583070866142
11
0.7516899606299212
21
-0.2289285826771653
0
LINE
8
BLACK
6
CONTINUOUS
10
0.7516899606299212
20
-0.2289285826771653
11
0.7713899606299213
21
-0.2289285826771653
0
LINE
8
BLACK
6
CONTINUOUS
10
0.7713899606299213
20
-0.2289285826771653
11
0.7729102362204724
21
-0.2295583070866142
0
LINE
8
BLACK
6
CONTINUOUS
10
0.7538399606299212
20
-0.2380757874015748
11
0.754395
21
-0.239185905511811
0
LINE
8
BLACK
6
CONTINUOUS
10
0.754395
20
-0.239185905511811
11
0.75483968503937
21
-0.2396305905511811
0
LINE
8
BLACK
6
CONTINUOUS
10
0.75483968503937
20
-0.2396305905511811
11
0.7559499212598425
21
-0.2401857086614173
0
LINE
8
BLACK
6
CONTINUOUS
10
0.7559499212598425
20
-0.2401857086614173
11
0.7577490551181102
21
-0.2401857086614173
0
LINE
8
BLACK
6
CONTINUOUS
10
0.7577490551181102
20
-0.2401857086614173
11
0.7588592913385827
21
-0.2396305905511811
0
LINE
8
BLACK
6
CONTINUOUS
10
0.7588592913385827
20
-0.2396305905511811
11
0.7593038976377953
21
-0.2391859448818898
0
LINE
8
BLACK
6
CONTINUOUS
10
0.7593038976377953
20
-0.2391859448818898
11
0.7598590157480315
21
-0.2380757480314961
0
LINE
8
BLACK
6
CONTINUOUS
10
0.7598590157480315
20
-0.2380757480314961
11
0.7598590157480315
21
-0.2332285826771653
0
LINE
8
BLACK
6
CONTINUOUS
10
0.7598590157480315
20
-0.2332285826771653
11
0.7538399606299212
21
-0.2332285826771653
0
LINE
8
BLACK
6
CONTINUOUS
10
0.7538399606299212
20
-0.2332285826771653
11
0.7538399606299212
21
-0.2380757874015748
0
LINE
8
BLACK
6
CONTINUOUS
10
0.9729102362204725
20
-0.2295583070866142
11
0.9735399606299212
21
-0.2310785826771654
0
LINE
8
BLACK
6
CONTINUOUS
10
0.9735399606299212
20
-0.2310785826771654
11
0.9729102362204725
21
-0.2325988582677165
0
LINE
8
BLACK
6
CONTINUOUS
10
0.9729102362204725
20
-0.2325988582677165
11
0.9713899606299212
21
-0.2332285826771653
0
LINE
8
BLACK
6
CONTINUOUS
10
0.9713899606299212
20
-0.2332285826771653
11
0.9641590157480314
21
-0.2332285826771653
0
LINE
8
BLACK
6
CONTINUOUS
10
0.9641590157480314
20
-0.2332285826771653
11
0.9641590157480314
21
-0.2346496456692913
0
LINE
8
BLACK
6
CONTINUOUS
10
0.9641590157480314
20
-0.2346496456692913
11
0.9726229133858267
21
-0.2405743700787402
0
LINE
8
BLACK
6
CONTINUOUS
10
0.9726229133858267
20
-0.2405743700787402
11
0.9735072440944882
21
-0.2419620866141732
0
LINE
8
BLACK
6
CONTINUOUS
10
0.9735072440944882
20
-0.2419620866141732
11
0.9731512992125984
21
-0.2435686614173228
0
LINE
8
BLACK
6
CONTINUOUS
10
0.9731512992125984
20
-0.2435686614173228
11
0.9717636220472441
21
-0.2444529921259843
0
LINE
8
BLACK
6
CONTINUOUS
10
0.9717636220472441
20
-0.2444529921259843
11
0.9701570078740157
21
-0.2440970472440945
0
LINE
8
BLACK
6
CONTINUOUS
10
0.9701570078740157
20
-0.2440970472440945
11
0.9638598818897638
21
-0.2396890551181102
0
LINE
8
BLACK
6
CONTINUOUS
10
0.9638598818897638
20
-0.2396890551181102
11
0.9629938976377953
21
-0.241421062992126
0
LINE
8
BLACK
6
CONTINUOUS
10
0.9629938976377953
20
-0.241421062992126
11
0.9627265748031496
21
-0.241652874015748
0
LINE
8
BLACK
6
CONTINUOUS
10
0.9627265748031496
20
-0.241652874015748
11
0.9625911811023622
21
-0.2419798031496063
0
LINE
8
BLACK
6
CONTINUOUS
10
0.9625911811023622
20
-0.2419798031496063
11
0.9616531102362205
21
-0.242917874015748
0
LINE
8
BLACK
6
CONTINUOUS
10
0.9616531102362205
20
-0.242917874015748
11
0.9613261811023622
21
-0.2430532677165354
0
LINE
8
BLACK
6
CONTINUOUS
10
0.9613261811023622
20
-0.2430532677165354
11
0.9610943307086613
21
-0.2433206299212598
0
LINE
8
BLACK
6
CONTINUOUS
10
0.9610943307086613
20
-0.2433206299212598
11
0.9592181102362205
21
-0.2442587401574803
0
LINE
8
BLACK
6
CONTINUOUS
10
0.9592181102362205
20
-0.2442587401574803
11
0.958718937007874
21
-0.2442941732283465
0
LINE
8
BLACK
6
CONTINUOUS
10
0.958718937007874
20
-0.2442941732283465
11
0.9582566141732283
21
-0.2444857086614173
0
LINE
8
BLACK
6
CONTINUOUS
10
0.9582566141732283
20
-0.2444857086614173
11
0.9554423622047243
21
-0.2444857086614173
0
LINE
8
BLACK
6
CONTINUOUS
10
0.9554423622047243
20
-0.2444857086614173
11
0.9549799999999999
21
-0.2442941732283465
0
LINE
8
BLACK
6
CONTINUOUS
10
0.9549799999999999
20
-0.2442941732283465
11
0.9544808661417322
21
-0.2442587401574803
0
LINE
8
BLACK
6
CONTINUOUS
10
0.9544808661417322
20
-0.2442587401574803
11
0.9526046456692914
21
-0.2433206299212598
0
LINE
8
BLACK
6
CONTINUOUS
10
0.9526046456692914
20
-0.2433206299212598
11
0.9523727559055117
21
-0.2430532677165354
0
LINE
8
BLACK
6
CONTINUOUS
10
0.9523727559055117
20
-0.2430532677165354
11
0.9520458661417323
21
-0.242917874015748
0
LINE
8
BLACK
6
CONTINUOUS
10
0.9520458661417323
20
-0.242917874015748
11
0.9511077952755905
21
-0.2419798031496063
0
LINE
8
BLACK
6
CONTINUOUS
10
0.9511077952755905
20
-0.2419798031496063
11
0.9509723622047244
21
-0.2416529133858268
0
LINE
8
BLACK
6
CONTINUOUS
10
0.9509723622047244
20
-0.2416529133858268
11
0.9507050393700787
21
-0.241421062992126
0
LINE
8
BLACK
6
CONTINUOUS
10
0.9507050393700787
20
-0.241421062992126
11
0.9497669685039369
21
-0.2395448818897638
0
LINE
8
BLACK
6
CONTINUOUS
10
0.9497669685039369
20
-0.2395448818897638
11
0.9497314566929134
21
-0.2390457086614173
0
LINE
8
BLACK
6
CONTINUOUS
10
0.9497314566929134
20
-0.2390457086614173
11
0.9495399606299212
21
-0.2385833464566929
0
LINE
8
BLACK
6
CONTINUOUS
10
0.9495399606299212
20
-0.2385833464566929
11
0.9495399606299212
21
-0.2310785826771654
0
LINE
8
BLACK
6
CONTINUOUS
10
0.9495399606299212
20
-0.2310785826771654
11
0.95016968503937
21
-0.2295583070866142
0
LINE
8
BLACK
6
CONTINUOUS
10
0.95016968503937
20
-0.2295583070866142
11
0.9516899606299213
21
-0.2289285826771653
0
LINE
8
BLACK
6
CONTINUOUS
10
0.9516899606299213
20
-0.2289285826771653
11
0.9713899606299212
21
-0.2289285826771653
0
LINE
8
BLACK
6
CONTINUOUS
10
0.9713899606299212
20
-0.2289285826771653
11
0.9729102362204725
21
-0.2295583070866142
0
LINE
8
BLACK
6
CONTINUOUS
10
0.9538399606299213
20
-0.2380757874015748
11
0.954395
21
-0.239185905511811
0
LINE
8
BLACK
6
CONTINUOUS
10
0.954395
20
-0.239185905511811
11
0.9548396850393701
21
-0.2396305905511811
0
LINE
8
BLACK
6
CONTINUOUS
10
0.9548396850393701
20
-0.2396305905511811
11
0.9559499212598425
21
-0.2401857086614173
0
LINE
8
BLACK
6
CONTINUOUS
10
0.9559499212598425
20
-0.2401857086614173
11
0.9577490551181103
21
-0.2401857086614173
0
LINE
8
BLACK
6
CONTINUOUS
10
0.9577490551181103
20
-0.2401857086614173
11
0.9588592913385826
21
-0.2396305905511811
0
LINE
8
BLACK
6
CONTINUOUS
10
0.9588592913385826
20
-0.2396305905511811
11
0.9593038976377952
21
-0.2391859448818898
0
LINE
8
BLACK
6
CONTINUOUS
10
0.9593038976377952
20
-0.2391859448818898
11
0.9598590157480315
21
-0.2380757480314961
0
LINE
8
BLACK
6
CONTINUOUS
10
0.9598590157480315
20
-0.2380757480314961
11
0.9598590157480315
21
-0.2332285826771653
0
LINE
8
BLACK
6
CONTINUOUS
10
0.9598590157480315
20
-0.2332285826771653
11
0.9538399606299213
21
-0.2332285826771653
0
LINE
8
BLACK
6
CONTINUOUS
10
0.9538399606299213
20
-0.2332285826771653
11
0.9538399606299213
21
-0.2380757874015748
0
LINE
8
BLACK
6
CONTINUOUS
10
1.0729102362204723
20
-0.2295583070866142
11
1.0735399606299212
21
-0.2310785826771654
0
LINE
8
BLACK
6
CONTINUOUS
10
1.0735399606299212
20
-0.2310785826771654
11
1.0729102362204723
21
-0.2325988582677165
0
LINE
8
BLACK
6
CONTINUOUS
10
1.0729102362204723
20
-0.2325988582677165
11
1.0713899606299213
21
-0.2332285826771653
0
LINE
8
BLACK
6
CONTINUOUS
10
1.0713899606299213
20
-0.2332285826771653
11
1.0641590157480314
21
-0.2332285826771653
0
LINE
8
BLACK
6
CONTINUOUS
10
1.0641590157480314
20
-0.2332285826771653
11
1.0641590157480314
21
-0.2346496456692913
0
LINE
8
BLACK
6
CONTINUOUS
10
1.0641590157480314
20
-0.2346496456692913
11
1.0726229133858267
21
-0.2405743700787402
0
LINE
8
BLACK
6
CONTINUOUS
10
1.0726229133858267
20
-0.2405743700787402
11
1.0735072440944882
21
-0.2419620866141732
0
LINE
8
BLACK
6
CONTINUOUS
10
1.0735072440944882
20
-0.2419620866141732
11
1.0731512992125984
21
-0.2435686614173228
0
LINE
8
BLACK
6
CONTINUOUS
10
1.0731512992125984
20
-0.2435686614173228
11
1.0717636220472442
21
-0.2444529921259843
0
LINE
8
BLACK
6
CONTINUOUS
10
1.0717636220472442
20
-0.2444529921259843
11
1.0701570078740157
21
-0.2440970472440945
0
LINE
8
BLACK
6
CONTINUOUS
10
1.0701570078740157
20
-0.2440970472440945
11
1.0638598818897638
21
-0.2396890551181102
0
LINE
8
BLACK
6
CONTINUOUS
10
1.0638598818897638
20
-0.2396890551181102
11
1.0629938976377953
21
-0.241421062992126
0
LINE
8
BLACK
6
CONTINUOUS
10
1.0629938976377953
20
-0.241421062992126
11
1.0627265748031496
21
-0.241652874015748
0
LINE
8
BLACK
6
CONTINUOUS
10
1.0627265748031496
20
-0.241652874015748
11
1.0625911811023623
21
-0.2419798031496063
0
LINE
8
BLACK
6
CONTINUOUS
10
1.0625911811023623
20
-0.2419798031496063
11
1.0616531102362206
21
-0.242917874015748
0
LINE
8
BLACK
6
CONTINUOUS
10
1.0616531102362206
20
-0.242917874015748
11
1.0613261811023622
21
-0.2430532677165354
0
LINE
8
BLACK
6
CONTINUOUS
10
1.0613261811023622
20
-0.2430532677165354
11
1.0610943307086613
21
-0.2433206299212598
0
LINE
8
BLACK
6
CONTINUOUS
10
1.0610943307086613
20
-0.2433206299212598
11
1.0592181102362204
21
-0.2442587401574803
0
LINE
8
BLACK
6
CONTINUOUS
10
1.0592181102362204
20
-0.2442587401574803
11
1.058718937007874
21
-0.2442941732283465
0
LINE
8
BLACK
6
CONTINUOUS
10
1.058718937007874
20
-0.2442941732283465
11
1.0582566141732284
21
-0.2444857086614173
0
LINE
8
BLACK
6
CONTINUOUS
10
1.0582566141732284
20
-0.2444857086614173
11
1.0554423622047244
21
-0.2444857086614173
0
LINE
8
BLACK
6
CONTINUOUS
10
1.0554423622047244
20
-0.2444857086614173
11
1.05498
21
-0.2442941732283465
0
LINE
8
BLACK
6
CONTINUOUS
10
1.05498
20
-0.2442941732283465
11
1.0544808661417322
21
-0.2442587401574803
0
LINE
8
BLACK
6
CONTINUOUS
10
1.0544808661417322
20
-0.2442587401574803
11
1.0526046456692912
21
-0.2433206299212598
0
LINE
8
BLACK
6
CONTINUOUS
10
1.0526046456692912
20
-0.2433206299212598
11
1.0523727559055118
21
-0.2430532677165354
0
LINE
8
BLACK
6
CONTINUOUS
10
1.0523727559055118
20
-0.2430532677165354
11
1.0520458661417322
21
-0.242917874015748
0
LINE
8
BLACK
6
CONTINUOUS
10
1.0520458661417322
20
-0.242917874015748
11
1.0511077952755905
21
-0.2419798031496063
0
LINE
8
BLACK
6
CONTINUOUS
10
1.0511077952755905
20
-0.2419798031496063
11
1.0509723622047245
21
-0.2416529133858268
0
LINE
8
BLACK
6
CONTINUOUS
10
1.0509723622047245
20
-0.2416529133858268
11
1.0507050393700788
21
-0.241421062992126
0
LINE
8
BLACK
6
CONTINUOUS
10
1.0507050393700788
20
-0.241421062992126
11
1.049766968503937
21
-0.2395448818897638
0
LINE
8
BLACK
6
CONTINUOUS
10
1.049766968503937
20
-0.2395448818897638
11
1.0497314566929135
21
-0.2390457086614173
0
LINE
8
BLACK
6
CONTINUOUS
10
1.0497314566929135
20
-0.2390457086614173
11
1.0495399606299212
21
-0.2385833464566929
0
LINE
8
BLACK
6
CONTINUOUS
10
1.0495399606299212
20
-0.2385833464566929
11
1.0495399606299212
21
-0.2310785826771654
0
LINE
8
BLACK
6
CONTINUOUS
10
1.0495399606299212
20
-0.2310785826771654
11
1.05016968503937
21
-0.2295583070866142
0
LINE
8
BLACK
6
CONTINUOUS
10
1.05016968503937
20
-0.2295583070866142
11
1.0516899606299213
21
-0.2289285826771653
0
LINE
8
BLACK
6
CONTINUOUS
10
1.0516899606299213
20
-0.2289285826771653
11
1.0713899606299213
21
-0.2289285826771653
0
LINE
8
BLACK
6
CONTINUOUS
10
1.0713899606299213
20
-0.2289285826771653
11
1.0729102362204723
21
-0.2295583070866142
0
LINE
8
BLACK
6
CONTINUOUS
10
1.0538399606299211
20
-0.2380757874015748
11
1.054395
21
-0.239185905511811
0
LINE
8
BLACK
6
CONTINUOUS
10
1.054395
20
-0.239185905511811
11
1.05483968503937
21
-0.2396305905511811
0
LINE
8
BLACK
6
CONTINUOUS
10
1.05483968503937
20
-0.2396305905511811
11
1.0559499212598424
21
-0.2401857086614173
0
LINE
8
BLACK
6
CONTINUOUS
10
1.0559499212598424
20
-0.2401857086614173
11
1.0577490551181101
21
-0.2401857086614173
0
LINE
8
BLACK
6
CONTINUOUS
10
1.0577490551181101
20
-0.2401857086614173
11
1.0588592913385826
21
-0.2396305905511811
0
LINE
8
BLACK
6
CONTINUOUS
10
1.0588592913385826
20
-0.2396305905511811
11
1.0593038976377953
21
-0.2391859448818898
0
LINE
8
BLACK
6
CONTINUOUS
10
1.0593038976377953
20
-0.2391859448818898
11
1.0598590157480314
21
-0.2380757480314961
0
LINE
8
BLACK
6
CONTINUOUS
10
1.0598590157480314
20
-0.2380757480314961
11
1.0598590157480314
21
-0.2332285826771653
0
LINE
8
BLACK
6
CONTINUOUS
10
1.0598590157480314
20
-0.2332285826771653
11
1.0538399606299211
21
-0.2332285826771653
0
LINE
8
BLACK
6
CONTINUOUS
10
1.0538399606299211
20
-0.2332285826771653
11
1.0538399606299211
21
-0.2380757874015748
0
LINE
8
BLACK
6
CONTINUOUS
10
1.1729102362204724
20
-0.2295583070866142
11
1.1735399606299213
21
-0.2310785826771654
0
LINE
8
BLACK
6
CONTINUOUS
10
1.1735399606299213
20
-0.2310785826771654
11
1.1729102362204724
21
-0.2325988582677165
0
LINE
8
BLACK
6
CONTINUOUS
10
1.1729102362204724
20
-0.2325988582677165
11
1.1713899606299212
21
-0.2332285826771653
0
LINE
8
BLACK
6
CONTINUOUS
10
1.1713899606299212
20
-0.2332285826771653
11
1.1641590157480315
21
-0.2332285826771653
0
LINE
8
BLACK
6
CONTINUOUS
10
1.1641590157480315
20
-0.2332285826771653
11
1.1641590157480315
21
-0.2346496456692913
0
LINE
8
BLACK
6
CONTINUOUS
10
1.1641590157480315
20
-0.2346496456692913
11
1.1726229133858268
21
-0.2405743700787402
0
LINE
8
BLACK
6
CONTINUOUS
10
1.1726229133858268
20
-0.2405743700787402
11
1.1735072440944883
21
-0.2419620866141732
0
LINE
8
BLACK
6
CONTINUOUS
10
1.1735072440944883
20
-0.2419620866141732
11
1.1731512992125983
21
-0.2435686614173228
0
LINE
8
BLACK
6
CONTINUOUS
10
1.1731512992125983
20
-0.2435686614173228
11
1.171763622047244
21
-0.2444529921259843
0
LINE
8
BLACK
6
CONTINUOUS
10
1.171763622047244
20
-0.2444529921259843
11
1.1701570078740158
21
-0.2440970472440945
0
LINE
8
BLACK
6
CONTINUOUS
10
1.1701570078740158
20
-0.2440970472440945
11
1.1638598818897639
21
-0.2396890551181102
0
LINE
8
BLACK
6
CONTINUOUS
10
1.1638598818897639
20
-0.2396890551181102
11
1.1629938976377951
21
-0.241421062992126
0
LINE
8
BLACK
6
CONTINUOUS
10
1.1629938976377951
20
-0.241421062992126
11
1.1627265748031497
21
-0.241652874015748
0
LINE
8
BLACK
6
CONTINUOUS
10
1.1627265748031497
20
-0.241652874015748
11
1.1625911811023621
21
-0.2419798031496063
0
LINE
8
BLACK
6
CONTINUOUS
10
1.1625911811023621
20
-0.2419798031496063
11
1.1616531102362204
21
-0.242917874015748
0
LINE
8
BLACK
6
CONTINUOUS
10
1.1616531102362204
20
-0.242917874015748
11
1.1613261811023621
21
-0.2430532677165354
0
LINE
8
BLACK
6
CONTINUOUS
10
1.1613261811023621
20
-0.2430532677165354
11
1.1610943307086614
21
-0.2433206299212598
0
LINE
8
BLACK
6
CONTINUOUS
10
1.1610943307086614
20
-0.2433206299212598
11
1.1592181102362205
21
-0.2442587401574803
0
LINE
8
BLACK
6
CONTINUOUS
10
1.1592181102362205
20
-0.2442587401574803
11
1.1587189370078741
21
-0.2442941732283465
0
LINE
8
BLACK
6
CONTINUOUS
10
1.1587189370078741
20
-0.2442941732283465
11
1.1582566141732282
21
-0.2444857086614173
0
LINE
8
BLACK
6
CONTINUOUS
10
1.1582566141732282
20
-0.2444857086614173
11
1.1554423622047243
21
-0.2444857086614173
0
LINE
8
BLACK
6
CONTINUOUS
10
1.1554423622047243
20
-0.2444857086614173
11
1.1549799999999999
21
-0.2442941732283465
0
LINE
8
BLACK
6
CONTINUOUS
10
1.1549799999999999
20
-0.2442941732283465
11
1.1544808661417323
21
-0.2442587401574803
0
LINE
8
BLACK
6
CONTINUOUS
10
1.1544808661417323
20
-0.2442587401574803
11
1.1526046456692913
21
-0.2433206299212598
0
LINE
8
BLACK
6
CONTINUOUS
10
1.1526046456692913
20
-0.2433206299212598
11
1.1523727559055117
21
-0.2430532677165354
0
LINE
8
BLACK
6
CONTINUOUS
10
1.1523727559055117
20
-0.2430532677165354
11
1.1520458661417323
21
-0.242917874015748
0
LINE
8
BLACK
6
CONTINUOUS
10
1.1520458661417323
20
-0.242917874015748
11
1.1511077952755906
21
-0.2419798031496063
0
LINE
8
BLACK
6
CONTINUOUS
10
1.1511077952755906
20
-0.2419798031496063
11
1.1509723622047243
21
-0.2416529133858268
0
LINE
8
BLACK
6
CONTINUOUS
10
1.1509723622047243
20
-0.2416529133858268
11
1.1507050393700786
21
-0.241421062992126
0
LINE
8
BLACK
6
CONTINUOUS
10
1.1507050393700786
20
-0.241421062992126
11
1.1497669685039369
21
-0.2395448818897638
0
LINE
8
BLACK
6
CONTINUOUS
10
1.1497669685039369
20
-0.2395448818897638
11
1.1497314566929133
21
-0.2390457086614173
0
LINE
8
BLACK
6
CONTINUOUS
10
1.1497314566929133
20
-0.2390457086614173
11
1.1495399606299213
21
-0.2385833464566929
0
LINE
8
BLACK
6
CONTINUOUS
10
1.1495399606299213
20
-0.2385833464566929
11
1.1495399606299213
21
-0.2310785826771654
0
LINE
8
BLACK
6
CONTINUOUS
10
1.1495399606299213
20
-0.2310785826771654
11
1.1501696850393701
21
-0.2295583070866142
0
LINE
8
BLACK
6
CONTINUOUS
10
1.1501696850393701
20
-0.2295583070866142
11
1.1516899606299211
21
-0.2289285826771653
0
LINE
8
BLACK
6
CONTINUOUS
10
1.1516899606299211
20
-0.2289285826771653
11
1.1713899606299212
21
-0.2289285826771653
0
LINE
8
BLACK
6
CONTINUOUS
10
1.1713899606299212
20
-0.2289285826771653
11
1.1729102362204724
21
-0.2295583070866142
0
LINE
8
BLACK
6
CONTINUOUS
10
1.1538399606299212
20
-0.2380757874015748
11
1.1543950000000001
21
-0.239185905511811
0
LINE
8
BLACK
6
CONTINUOUS
10
1.1543950000000001
20
-0.239185905511811
11
1.1548396850393701
21
-0.2396305905511811
0
LINE
8
BLACK
6
CONTINUOUS
10
1.1548396850393701
20
-0.2396305905511811
11
1.1559499212598425
21
-0.2401857086614173
0
LINE
8
BLACK
6
CONTINUOUS
10
1.1559499212598425
20
-0.2401857086614173
11
1.1577490551181102
21
-0.2401857086614173
0
LINE
8
BLACK
6
CONTINUOUS
10
1.1577490551181102
20
-0.2401857086614173
11
1.1588592913385827
21
-0.2396305905511811
0
LINE
8
BLACK
6
CONTINUOUS
10
1.1588592913385827
20
-0.2396305905511811
11
1.1593038976377952
21
-0.2391859448818898
0
LINE
8
BLACK
6
CONTINUOUS
10
1.1593038976377952
20
-0.2391859448818898
11
1.1598590157480315
21
-0.2380757480314961
0
LINE
8
BLACK
6
CONTINUOUS
10
1.1598590157480315
20
-0.2380757480314961
11
1.1598590157480315
21
-0.2332285826771653
0
LINE
8
BLACK
6
CONTINUOUS
10
1.1598590157480315
20
-0.2332285826771653
11
1.1538399606299212
21
-0.2332285826771653
0
LINE
8
BLACK
6
CONTINUOUS
10
1.1538399606299212
20
-0.2332285826771653
11
1.1538399606299212
21
-0.2380757874015748
0
LINE
8
BLACK
6
CONTINUOUS
10
0.48
20
-0.19305
11
0.4813788582677165
21
-0.1936211417322835
0
LINE
8
BLACK
6
CONTINUOUS
10
0.4813788582677165
20
-0.1936211417322835
11
0.48195
21
-0.195
0
LINE
8
BLACK
6
CONTINUOUS
10
0.48195
20
-0.195
11
0.48195
21
-0.235
0
LINE
8
BLACK
6
CONTINUOUS
10
0.48195
20
-0.235
11
0.4813788582677165
21
-0.2363788582677165
0
LINE
8
BLACK
6
CONTINUOUS
10
0.4813788582677165
20
-0.2363788582677165
11
0.48
21
-0.23695
0
LINE
8
BLACK
6
CONTINUOUS
10
0.48
20
-0.23695
11
0.4786211417322834
21
-0.2363788582677165
0
LINE
8
BLACK
6
CONTINUOUS
10
0.4786211417322834
20
-0.2363788582677165
11
0.47805
21
-0.235
0
LINE
8
BLACK
6
CONTINUOUS
10
0.47805
20
-0.235
11
0.47805
21
-0.19695
0
LINE
8
BLACK
6
CONTINUOUS
10
0.47805
20
-0.19695
11
0.42195
21
-0.19695
0
LINE
8
BLACK
6
CONTINUOUS
10
0.42195
20
-0.19695
11
0.42195
21
-0.235
0
LINE
8
BLACK
6
CONTINUOUS
10
0.42195
20
-0.235
11
0.4213788582677165
21
-0.2363788582677165
0
LINE
8
BLACK
6
CONTINUOUS
10
0.4213788582677165
20
-0.2363788582677165
11
0.42
21
-0.23695
0
LINE
8
BLACK
6
CONTINUOUS
10
0.42
20
-0.23695
11
0.4186211417322834
21
-0.2363788582677165
0
LINE
8
BLACK
6
CONTINUOUS
10
0.4186211417322834
20
-0.2363788582677165
11
0.41805
21
-0.235
0
LINE
8
BLACK
6
CONTINUOUS
10
0.41805
20
-0.235
11
0.41805
21
-0.195
0
LINE
8
BLACK
6
CONTINUOUS
10
0.41805
20
-0.195
11
0.4186211417322834
21
-0.1936211417322835
0
LINE
8
BLACK
6
CONTINUOUS
10
0.4186211417322834
20
-0.1936211417322835
11
0.42
21
-0.19305
0
LINE
8
BLACK
6
CONTINUOUS
10
0.42
20
-0.19305
11
0.48
21
-0.19305
0
LINE
8
BLACK
6
CONTINUOUS
10
0.58
20
-0.19305
11
0.5813788582677165
21
-0.1936211417322835
0
LINE
8
BLACK
6
CONTINUOUS
10
0.5813788582677165
20
-0.1936211417322835
11
0.58195
21
-0.195
0
LINE
8
BLACK
6
CONTINUOUS
10
0.58195
20
-0.195
11
0.58195
21
-0.235
0
LINE
8
BLACK
6
CONTINUOUS
10
0.58195
20
-0.235
11
0.5813788582677165
21
-0.2363788582677165
0
LINE
8
BLACK
6
CONTINUOUS
10
0.5813788582677165
20
-0.2363788582677165
11
0.58
21
-0.23695
0
LINE
8
BLACK
6
CONTINUOUS
10
0.58
20
-0.23695
11
0.5786211417322834
21
-0.2363788582677165
0
LINE
8
BLACK
6
CONTINUOUS
10
0.5786211417322834
20
-0.2363788582677165
11
0.57805
21
-0.235
0
LINE
8
BLACK
6
CONTINUOUS
10
0.57805
20
-0.235
11
0.57805
21
-0.19695
0
LINE
8
BLACK
6
CONTINUOUS
10
0.57805
20
-0.19695
11
0.52195
21
-0.19695
0
LINE
8
BLACK
6
CONTINUOUS
10
0.52195
20
-0.19695
11
0.52195
21
-0.235
0
LINE
8
BLACK
6
CONTINUOUS
10
0.52195
20
-0.235
11
0.5213788582677166
21
-0.2363788582677165
0
LINE
8
BLACK
6
CONTINUOUS
10
0.5213788582677166
20
-0.2363788582677165
11
0.52
21
-0.23695
0
LINE
8
BLACK
6
CONTINUOUS
10
0.52
20
-0.23695
11
0.5186211417322835
21
-0.2363788582677165
0
LINE
8
BLACK
6
CONTINUOUS
10
0.5186211417322835
20
-0.2363788582677165
11
0.51805
21
-0.235
0
LINE
8
BLACK
6
CONTINUOUS
10
0.51805
20
-0.235
11
0.51805
21
-0.195
0
LINE
8
BLACK
6
CONTINUOUS
10
0.51805
20
-0.195
11
0.5186211417322835
21
-0.1936211417322835
0
LINE
8
BLACK
6
CONTINUOUS
10
0.5186211417322835
20
-0.1936211417322835
11
0.52
21
-0.19305
0
LINE
8
BLACK
6
CONTINUOUS
10
0.52
20
-0.19305
11
0.58
21
-0.19305
0
LINE
8
BLACK
6
CONTINUOUS
10
0.6799999999999999
20
-0.19305
11
0.6813788582677165
21
-0.1936211417322835
0
LINE
8
BLACK
6
CONTINUOUS
10
0.6813788582677165
20
-0.1936211417322835
11
0.6819499999999999
21
-0.195
0
LINE
8
BLACK
6
CONTINUOUS
10
0.6819499999999999
20
-0.195
11
0.6819499999999999
21
-0.235
0
LINE
8
BLACK
6
CONTINUOUS
10
0.6819499999999999
20
-0.235
11
0.6813788582677165
21
-0.2363788582677165
0
LINE
8
BLACK
6
CONTINUOUS
10
0.6813788582677165
20
-0.2363788582677165
11
0.6799999999999999
21
-0.23695
0
LINE
8
BLACK
6
CONTINUOUS
10
0.6799999999999999
20
-0.23695
11
0.6786211417322835
21
-0.2363788582677165
0
LINE
8
BLACK
6
CONTINUOUS
10
0.6786211417322835
20
-0.2363788582677165
11
0.6780499999999999
21
-0.235
0
LINE
8
BLACK
6
CONTINUOUS
10
0.6780499999999999
20
-0.235
11
0.6780499999999999
21
-0.19695
0
LINE
8
BLACK
6
CONTINUOUS
10
0.6780499999999999
20
-0.19695
11
0.62195
21
-0.19695
0
LINE
8
BLACK
6
CONTINUOUS
10
0.62195
20
-0.19695
11
0.62195
21
-0.235
0
LINE
8
BLACK
6
CONTINUOUS
10
0.62195
20
-0.235
11
0.6213788582677165
21
-0.2363788582677165
0
LINE
8
BLACK
6
CONTINUOUS
10
0.6213788582677165
20
-0.2363788582677165
11
0.62
21
-0.23695
0
LINE
8
BLACK
6
CONTINUOUS
10
0.62
20
-0.23695
11
0.6186211417322834
21
-0.2363788582677165
0
LINE
8
BLACK
6
CONTINUOUS
10
0.6186211417322834
20
-0.2363788582677165
11
0.61805
21
-0.235
0
LINE
8
BLACK
6
CONTINUOUS
10
0.61805
20
-0.235
11
0.61805
21
-0.195
0
LINE
8
BLACK
6
CONTINUOUS
10
0.61805
20
-0.195
11
0.6186211417322834
21
-0.1936211417322835
0
LINE
8
BLACK
6
CONTINUOUS
10
0.6186211417322834
20
-0.1936211417322835
11
0.62
21
-0.19305
0
LINE
8
BLACK
6
CONTINUOUS
10
0.62
20
-0.19305
11
0.6799999999999999
21
-0.19305
0
LINE
8
BLACK
6
CONTINUOUS
10
0.78
20
-0.19305
11
0.7813788582677165
21
-0.1936211417322835
0
LINE
8
BLACK
6
CONTINUOUS
10
0.7813788582677165
20
-0.1936211417322835
11
0.78195
21
-0.195
0
LINE
8
BLACK
6
CONTINUOUS
10
0.78195
20
-0.195
11
0.78195
21
-0.235
0
LINE
8
BLACK
6
CONTINUOUS
10
0.78195
20
-0.235
11
0.7813788582677165
21
-0.2363788582677165
0
LINE
8
BLACK
6
CONTINUOUS
10
0.7813788582677165
20
-0.2363788582677165
11
0.78
21
-0.23695
0
LINE
8
BLACK
6
CONTINUOUS
10
0.78
20
-0.23695
11
0.7786211417322835
21
-0.2363788582677165
0
LINE
8
BLACK
6
CONTINUOUS
10
0.7786211417322835
20
-0.2363788582677165
11
0.77805
21
-0.235
0
LINE
8
BLACK
6
CONTINUOUS
10
0.77805
20
-0.235
11
0.77805
21
-0.19695
0
LINE
8
BLACK
6
CONTINUOUS
10
0.77805
20
-0.19695
11
0.72195
21
-0.19695
0
LINE
8
BLACK
6
CONTINUOUS
10
0.72195
20
-0.19695
11
0.72195
21
-0.235
0
LINE
8
BLACK
6
CONTINUOUS
10
0.72195
20
-0.235
11
0.7213788582677165
21
-0.2363788582677165
0
LINE
8
BLACK
6
CONTINUOUS
10
0.7213788582677165
20
-0.2363788582677165
11
0.72
21
-0.23695
0
LINE
8
BLACK
6
CONTINUOUS
10
0.72
20
-0.23695
11
0.7186211417322834
21
-0.2363788582677165
0
LINE
8
BLACK
6
CONTINUOUS
10
0.7186211417322834
20
-0.2363788582677165
11
0.71805
21
-0.235
0
LINE
8
BLACK
6
CONTINUOUS
10
0.71805
20
-0.235
11
0.71805
21
-0.195
0
LINE
8
BLACK
6
CONTINUOUS
10
0.71805
20
-0.195
11
0.7186211417322834
21
-0.1936211417322835
0
LINE
8
BLACK
6
CONTINUOUS
10
0.7186211417322834
20
-0.1936211417322835
11
0.72
21
-0.19305
0
LINE
8
BLACK
6
CONTINUOUS
10
0.72
20
-0.19305
11
0.78
21
-0.19305
0
LINE
8
BLACK
6
CONTINUOUS
10
0.88
20
-0.19305
11
0.8813788582677166
21
-0.1936211417322835
0
LINE
8
BLACK
6
CONTINUOUS
10
0.8813788582677166
20
-0.1936211417322835
11
0.88195
21
-0.195
0
LINE
8
BLACK
6
CONTINUOUS
10
0.88195
20
-0.195
11
0.88195
21
-0.235
0
LINE
8
BLACK
6
CONTINUOUS
10
0.88195
20
-0.235
11
0.8813788582677166
21
-0.2363788582677165
0
LINE
8
BLACK
6
CONTINUOUS
10
0.8813788582677166
20
-0.2363788582677165
11
0.88
21
-0.23695
0
LINE
8
BLACK
6
CONTINUOUS
10
0.88
20
-0.23695
11
0.8786211417322835
21
-0.2363788582677165
0
LINE
8
BLACK
6
CONTINUOUS
10
0.8786211417322835
20
-0.2363788582677165
11
0.87805
21
-0.235
0
LINE
8
BLACK
6
CONTINUOUS
10
0.87805
20
-0.235
11
0.87805
21
-0.19695
0
LINE
8
BLACK
6
CONTINUOUS
10
0.87805
20
-0.19695
11
0.82195
21
-0.19695
0
LINE
8
BLACK
6
CONTINUOUS
10
0.82195
20
-0.19695
11
0.82195
21
-0.235
0
LINE
8
BLACK
6
CONTINUOUS
10
0.82195
20
-0.235
11
0.8213788582677165
21
-0.2363788582677165
0
LINE
8
BLACK
6
CONTINUOUS
10
0.8213788582677165
20
-0.2363788582677165
11
0.82
21
-0.23695
0
LINE
8
BLACK
6
CONTINUOUS
10
0.82
20
-0.23695
11
0.8186211417322834
21
-0.2363788582677165
0
LINE
8
BLACK
6
CONTINUOUS
10
0.8186211417322834
20
-0.2363788582677165
11
0.8180499999999999
21
-0.235
0
LINE
8
BLACK
6
CONTINUOUS
10
0.8180499999999999
20
-0.235
11
0.8180499999999999
21
-0.195
0
LINE
8
BLACK
6
CONTINUOUS
10
0.8180499999999999
20
-0.195
11
0.8186211417322834
21
-0.1936211417322835
0
LINE
8
BLACK
6
CONTINUOUS
10
0.8186211417322834
20
-0.1936211417322835
11
0.82
21
-0.19305
0
LINE
8
BLACK
6
CONTINUOUS
10
0.82
20
-0.19305
11
0.88
21
-0.19305
0
LINE
8
BLACK
6
CONTINUOUS
10
0.98
20
-0.19305
11
0.9813788582677165
21
-0.1936211417322835
0
LINE
8
BLACK
6
CONTINUOUS
10
0.9813788582677165
20
-0.1936211417322835
11
0.98195
21
-0.195
0
LINE
8
BLACK
6
CONTINUOUS
10
0.98195
20
-0.195
11
0.98195
21
-0.235
0
LINE
8
BLACK
6
CONTINUOUS
10
0.98195
20
-0.235
11
0.9813788582677165
21
-0.2363788582677165
0
LINE
8
BLACK
6
CONTINUOUS
10
0.9813788582677165
20
-0.2363788582677165
11
0.98
21
-0.23695
0
LINE
8
BLACK
6
CONTINUOUS
10
0.98
20
-0.23695
11
0.9786211417322834
21
-0.2363788582677165
0
LINE
8
BLACK
6
CONTINUOUS
10
0.9786211417322834
20
-0.2363788582677165
11
0.97805
21
-0.235
0
LINE
8
BLACK
6
CONTINUOUS
10
0.97805
20
-0.235
11
0.97805
21
-0.19695
0
LINE
8
BLACK
6
CONTINUOUS
10
0.97805
20
-0.19695
11
0.9219499999999999
21
-0.19695
0
LINE
8
BLACK
6
CONTINUOUS
10
0.9219499999999999
20
-0.19695
11
0.9219499999999999
21
-0.235
0
LINE
8
BLACK
6
CONTINUOUS
10
0.9219499999999999
20
-0.235
11
0.9213788582677165
21
-0.2363788582677165
0
LINE
8
BLACK
6
CONTINUOUS
10
0.9213788582677165
20
-0.2363788582677165
11
0.9199999999999999
21
-0.23695
0
LINE
8
BLACK
6
CONTINUOUS
10
0.9199999999999999
20
-0.23695
11
0.9186211417322835
21
-0.2363788582677165
0
LINE
8
BLACK
6
CONTINUOUS
10
0.9186211417322835
20
-0.2363788582677165
11
0.91805
21
-0.235
0
LINE
8
BLACK
6
CONTINUOUS
10
0.91805
20
-0.235
11
0.91805
21
-0.195
0
LINE
8
BLACK
6
CONTINUOUS
10
0.91805
20
-0.195
11
0.9186211417322835
21
-0.1936211417322835
0
LINE
8
BLACK
6
CONTINUOUS
10
0.9186211417322835
20
-0.1936211417322835
11
0.9199999999999999
21
-0.19305
0
LINE
8
BLACK
6
CONTINUOUS
10
0.9199999999999999
20
-0.19305
11
0.98
21
-0.19305
0
LINE
8
BLACK
6
CONTINUOUS
10
1.0800000000000001
20
-0.19305
11
1.0813788582677164
21
-0.1936211417322835
0
LINE
8
BLACK
6
CONTINUOUS
10
1.0813788582677164
20
-0.1936211417322835
11
1.08195
21
-0.195
0
LINE
8
BLACK
6
CONTINUOUS
10
1.08195
20
-0.195
11
1.08195
21
-0.235
0
LINE
8
BLACK
6
CONTINUOUS
10
1.08195
20
-0.235
11
1.0813788582677164
21
-0.2363788582677165
0
LINE
8
BLACK
6
CONTINUOUS
10
1.0813788582677164
20
-0.2363788582677165
11
1.0800000000000001
21
-0.23695
0
LINE
8
BLACK
6
CONTINUOUS
10
1.0800000000000001
20
-0.23695
11
1.0786211417322835
21
-0.2363788582677165
0
LINE
8
BLACK
6
CONTINUOUS
10
1.0786211417322835
20
-0.2363788582677165
11
1.07805
21
-0.235
0
LINE
8
BLACK
6
CONTINUOUS
10
1.07805
20
-0.235
11
1.07805
21
-0.19695
0
LINE
8
BLACK
6
CONTINUOUS
10
1.07805
20
-0.19695
11
1.0219499999999999
21
-0.19695
0
LINE
8
BLACK
6
CONTINUOUS
10
1.0219499999999999
20
-0.19695
11
1.0219499999999999
21
-0.235
0
LINE
8
BLACK
6
CONTINUOUS
10
1.0219499999999999
20
-0.235
11
1.0213788582677166
21
-0.2363788582677165
0
LINE
8
BLACK
6
CONTINUOUS
10
1.0213788582677166
20
-0.2363788582677165
11
1.02
21
-0.23695
0
LINE
8
BLACK
6
CONTINUOUS
10
1.02
20
-0.23695
11
1.0186211417322835
21
-0.2363788582677165
0
LINE
8
BLACK
6
CONTINUOUS
10
1.0186211417322835
20
-0.2363788582677165
11
1.0180499999999999
21
-0.235
0
LINE
8
BLACK
6
CONTINUOUS
10
1.0180499999999999
20
-0.235
11
1.0180499999999999
21
-0.195
0
LINE
8
BLACK
6
CONTINUOUS
10
1.0180499999999999
20
-0.195
11
1.0186211417322835
21
-0.1936211417322835
0
LINE
8
BLACK
6
CONTINUOUS
10
1.0186211417322835
20
-0.1936211417322835
11
1.02
21
-0.19305
0
LINE
8
BLACK
6
CONTINUOUS
10
1.02
20
-0.19305
11
1.0800000000000001
21
-0.19305
0
LINE
8
BLACK
6
CONTINUOUS
10
1.1799999999999999
20
-0.19305
11
1.1813788582677165
21
-0.1936211417322835
0
LINE
8
BLACK
6
CONTINUOUS
10
1.1813788582677165
20
-0.1936211417322835
11
1.1819500000000001
21
-0.195
0
LINE
8
BLACK
6
CONTINUOUS
10
1.1819500000000001
20
-0.195
11
1.1819500000000001
21
-0.235
0
LINE
8
BLACK
6
CONTINUOUS
10
1.1819500000000001
20
-0.235
11
1.1813788582677165
21
-0.2363788582677165
0
LINE
8
BLACK
6
CONTINUOUS
10
1.1813788582677165
20
-0.2363788582677165
11
1.1799999999999999
21
-0.23695
0
LINE
8
BLACK
6
CONTINUOUS
10
1.1799999999999999
20
-0.23695
11
1.1786211417322834
21
-0.2363788582677165
0
LINE
8
BLACK
6
CONTINUOUS
10
1.1786211417322834
20
-0.2363788582677165
11
1.17805
21
-0.235
0
LINE
8
BLACK
6
CONTINUOUS
10
1.17805
20
-0.235
11
1.17805
21
-0.19695
0
LINE
8
BLACK
6
CONTINUOUS
10
1.17805
20
-0.19695
11
1.12195
21
-0.19695
0
LINE
8
BLACK
6
CONTINUOUS
10
1.12195
20
-0.19695
11
1.12195
21
-0.235
0
LINE
8
BLACK
6
CONTINUOUS
10
1.12195
20
-0.235
11
1.1213788582677164
21
-0.2363788582677165
0
LINE
8
BLACK
6
CONTINUOUS
10
1.1213788582677164
20
-0.2363788582677165
11
1.1199999999999999
21
-0.23695
0
LINE
8
BLACK
6
CONTINUOUS
10
1.1199999999999999
20
-0.23695
11
1.1186211417322833
21
-0.2363788582677165
0
LINE
8
BLACK
6
CONTINUOUS
10
1.1186211417322833
20
-0.2363788582677165
11
1.11805
21
-0.235
0
LINE
8
BLACK
6
CONTINUOUS
10
1.11805
20
-0.235
11
1.11805
21
-0.195
0
LINE
8
BLACK
6
CONTINUOUS
10
1.11805
20
-0.195
11
1.1186211417322833
21
-0.1936211417322835
0
LINE
8
BLACK
6
CONTINUOUS
10
1.1186211417322833
20
-0.1936211417322835
11
1.1199999999999999
21
-0.19305
0
LINE
8
BLACK
6
CONTINUOUS
10
1.1199999999999999
20
-0.19305
11
1.1799999999999999
21
-0.19305
0
LINE
8
BLACK
6
CONTINUOUS
10
0.7825
20
-0.1325
11
0.7175
21
-0.1325
0
LINE
8
BLACK
6
CONTINUOUS
10
0.7175
20
-0.1325
11
0.7175
21
-0.0675
0
LINE
8
BLACK
6
CONTINUOUS
10
0.7175
20
-0.0675
11
0.7825
21
-0.0675
0
LINE
8
BLACK
6
CONTINUOUS
10
0.7825
20
-0.0675
11
0.7825
21
-0.1325
0
LINE
8
BLACK
6
CONTINUOUS
10
0.7825
20
-0.0325
11
0.7175
21
-0.0325
0
LINE
8
BLACK
6
CONTINUOUS
10
0.7175
20
-0.0325
11
0.7175
21
0.0325
0
LINE
8
BLACK
6
CONTINUOUS
10
0.7175
20
0.0325
11
0.7825
21
0.0325
0
LINE
8
BLACK
6
CONTINUOUS
10
0.7825
20
0.0325
11
0.7825
21
-0.0325
0
LINE
8
BLACK
6
CONTINUOUS
10
0.3813788582677165
20
0.1363788582677165
11
0.38195
21
0.135
0
LINE
8
BLACK
6
CONTINUOUS
10
0.38195
20
0.135
11
0.38195
21
0.095
0
LINE
8
BLACK
6
CONTINUOUS
10
0.38195
20
0.095
11
0.3813788582677165
21
0.0936211417322835
0
LINE
8
BLACK
6
CONTINUOUS
10
0.3813788582677165
20
0.0936211417322835
11
0.38
21
0.09305
0
LINE
8
BLACK
6
CONTINUOUS
10
0.38
20
0.09305
11
0.32
21
0.09305
0
LINE
8
BLACK
6
CONTINUOUS
10
0.32
20
0.09305
11
0.3186211417322835
21
0.0936211417322835
0
LINE
8
BLACK
6
CONTINUOUS
10
0.3186211417322835
20
0.0936211417322835
11
0.31805
21
0.095
0
LINE
8
BLACK
6
CONTINUOUS
10
0.31805
20
0.095
11
0.31805
21
0.135
0
LINE
8
BLACK
6
CONTINUOUS
10
0.31805
20
0.135
11
0.3186211417322835
21
0.1363788582677165
0
LINE
8
BLACK
6
CONTINUOUS
10
0.3186211417322835
20
0.1363788582677165
11
0.32
21
0.13695
0
LINE
8
BLACK
6
CONTINUOUS
10
0.32
20
0.13695
11
0.3213788582677165
21
0.1363788582677165
0
LINE
8
BLACK
6
CONTINUOUS
10
0.3213788582677165
20
0.1363788582677165
11
0.32195
21
0.135
0
LINE
8
BLACK
6
CONTINUOUS
10
0.32195
20
0.135
11
0.32195
21
0.09695
0
LINE
8
BLACK
6
CONTINUOUS
10
0.32195
20
0.09695
11
0.37805
21
0.09695
0
LINE
8
BLACK
6
CONTINUOUS
10
0.37805
20
0.09695
11
0.37805
21
0.135
0
LINE
8
BLACK
6
CONTINUOUS
10
0.37805
20
0.135
11
0.3786211417322835
21
0.1363788582677165
0
LINE
8
BLACK
6
CONTINUOUS
10
0.3786211417322835
20
0.1363788582677165
11
0.38
21
0.13695
0
LINE
8
BLACK
6
CONTINUOUS
10
0.38
20
0.13695
11
0.3813788582677165
21
0.1363788582677165
0
LINE
8
BLACK
6
CONTINUOUS
10
0.3754102362204724
20
0.1410416929133858
11
0.3760399606299212
21
0.1395214173228346
0
LINE
8
BLACK
6
CONTINUOUS
10
0.3760399606299212
20
0.1395214173228346
11
0.3754102362204724
21
0.1380011417322834
0
LINE
8
BLACK
6
CONTINUOUS
10
0.3754102362204724
20
0.1380011417322834
11
0.3738899606299212
21
0.1373714173228346
0
LINE
8
BLACK
6
CONTINUOUS
10
0.3738899606299212
20
0.1373714173228346
11
0.3703336220472441
21
0.1373714173228346
0
LINE
8
BLACK
6
CONTINUOUS
10
0.3703336220472441
20
0.1373714173228346
11
0.3751799606299213
21
0.1337366535433071
0
LINE
8
BLACK
6
CONTINUOUS
10
0.3751799606299213
20
0.1337366535433071
11
0.3760183464566929
21
0.1323207086614173
0
LINE
8
BLACK
6
CONTINUOUS
10
0.3760183464566929
20
0.1323207086614173
11
0.3756099606299212
21
0.1307266535433071
0
LINE
8
BLACK
6
CONTINUOUS
10
0.3756099606299212
20
0.1307266535433071
11
0.3741940157480315
21
0.1298882677165354
0
LINE
8
BLACK
6
CONTINUOUS
10
0.3741940157480315
20
0.1298882677165354
11
0.3725999606299212
21
0.1302966535433071
0
LINE
8
BLACK
6
CONTINUOUS
10
0.3725999606299212
20
0.1302966535433071
11
0.3665869291338583
21
0.1348064173228346
0
LINE
8
BLACK
6
CONTINUOUS
10
0.3665869291338583
20
0.1348064173228346
11
0.3622768897637795
21
0.1304963779527559
0
LINE
8
BLACK
6
CONTINUOUS
10
0.3622768897637795
20
0.1304963779527559
11
0.3607566141732284
21
0.1298666535433071
0
LINE
8
BLACK
6
CONTINUOUS
10
0.3607566141732284
20
0.1298666535433071
11
0.3592363385826772
21
0.1304963779527559
0
LINE
8
BLACK
6
CONTINUOUS
10
0.3592363385826772
20
0.1304963779527559
11
0.3586066141732283
21
0.1320166535433071
0
LINE
8
BLACK
6
CONTINUOUS
10
0.3586066141732283
20
0.1320166535433071
11
0.3592363385826772
21
0.1335369291338583
0
LINE
8
BLACK
6
CONTINUOUS
10
0.3592363385826772
20
0.1335369291338583
11
0.3630708267716535
21
0.1373714173228346
0
LINE
8
BLACK
6
CONTINUOUS
10
0.3630708267716535
20
0.1373714173228346
11
0.3541899606299213
21
0.1373714173228346
0
LINE
8
BLACK
6
CONTINUOUS
10
0.3541899606299213
20
0.1373714173228346
11
0.3526696850393701
21
0.1380011417322834
0
LINE
8
BLACK
6
CONTINUOUS
10
0.3526696850393701
20
0.1380011417322834
11
0.3520399606299213
21
0.1395214173228346
0
LINE
8
BLACK
6
CONTINUOUS
10
0.3520399606299213
20
0.1395214173228346
11
0.3526696850393701
21
0.1410416929133858
0
LINE
8
BLACK
6
CONTINUOUS
10
0.3526696850393701
20
0.1410416929133858
11
0.3541899606299213
21
0.1416714173228346
0
LINE
8
BLACK
6
CONTINUOUS
10
0.3541899606299213
20
0.1416714173228346
11
0.3738899606299212
21
0.1416714173228346
0
LINE
8
BLACK
6
CONTINUOUS
10
0.3738899606299212
20
0.1416714173228346
11
0.3754102362204724
21
0.1410416929133858
0
LINE
8
BLACK
6
CONTINUOUS
10
0.3479102362204725
20
0.1522988188976378
11
0.3485399606299213
21
0.1507785433070866
0
LINE
8
BLACK
6
CONTINUOUS
10
0.3485399606299213
20
0.1507785433070866
11
0.3485399606299213
21
0.1395214173228346
0
LINE
8
BLACK
6
CONTINUOUS
10
0.3485399606299213
20
0.1395214173228346
11
0.3479102362204725
21
0.1380011417322834
0
LINE
8
BLACK
6
CONTINUOUS
10
0.3479102362204725
20
0.1380011417322834
11
0.3463899606299213
21
0.1373714173228346
0
LINE
8
BLACK
6
CONTINUOUS
10
0.3463899606299213
20
0.1373714173228346
11
0.34486968503937
21
0.1380011417322834
0
LINE
8
BLACK
6
CONTINUOUS
10
0.34486968503937
20
0.1380011417322834
11
0.3442399606299212
21
0.1395214173228346
0
LINE
8
BLACK
6
CONTINUOUS
10
0.3442399606299212
20
0.1395214173228346
11
0.3442399606299212
21
0.1429999606299213
0
LINE
8
BLACK
6
CONTINUOUS
10
0.3442399606299212
20
0.1429999606299213
11
0.3266899606299212
21
0.1429999606299213
0
LINE
8
BLACK
6
CONTINUOUS
10
0.3266899606299212
20
0.1429999606299213
11
0.3264853937007874
21
0.1430846456692913
0
LINE
8
BLACK
6
CONTINUOUS
10
0.3264853937007874
20
0.1430846456692913
11
0.3262683070866141
21
0.1430417322834646
0
LINE
8
BLACK
6
CONTINUOUS
10
0.3262683070866141
20
0.1430417322834646
11
0.3257481496062992
21
0.1433900393700787
0
LINE
8
BLACK
6
CONTINUOUS
10
0.3257481496062992
20
0.1433900393700787
11
0.32516968503937
21
0.1436296850393701
0
LINE
8
BLACK
6
CONTINUOUS
10
0.32516968503937
20
0.1436296850393701
11
0.3250849606299213
21
0.1438341732283465
0
LINE
8
BLACK
6
CONTINUOUS
10
0.3250849606299213
20
0.1438341732283465
11
0.324901062992126
21
0.1439573622047244
0
LINE
8
BLACK
6
CONTINUOUS
10
0.324901062992126
20
0.1439573622047244
11
0.3247795669291338
21
0.1445714566929134
0
LINE
8
BLACK
6
CONTINUOUS
10
0.3247795669291338
20
0.1445714566929134
11
0.3245399606299212
21
0.1451499606299212
0
LINE
8
BLACK
6
CONTINUOUS
10
0.3245399606299212
20
0.1451499606299212
11
0.3246246456692913
21
0.1453544881889764
0
LINE
8
BLACK
6
CONTINUOUS
10
0.3246246456692913
20
0.1453544881889764
11
0.3245817322834645
21
0.1455716141732283
0
LINE
8
BLACK
6
CONTINUOUS
10
0.3245817322834645
20
0.1455716141732283
11
0.3249300393700787
21
0.1460917322834646
0
LINE
8
BLACK
6
CONTINUOUS
10
0.3249300393700787
20
0.1460917322834646
11
0.32516968503937
21
0.1466702362204724
0
LINE
8
BLACK
6
CONTINUOUS
10
0.32516968503937
20
0.1466702362204724
11
0.3253741732283464
21
0.1467549212598425
0
LINE
8
BLACK
6
CONTINUOUS
10
0.3253741732283464
20
0.1467549212598425
11
0.3254973622047244
21
0.1469388582677165
0
LINE
8
BLACK
6
CONTINUOUS
10
0.3254973622047244
20
0.1469388582677165
11
0.3281345275590551
21
0.1486970078740157
0
LINE
8
BLACK
6
CONTINUOUS
10
0.3281345275590551
20
0.1486970078740157
11
0.3296134251968504
21
0.150175905511811
0
LINE
8
BLACK
6
CONTINUOUS
10
0.3296134251968504
20
0.150175905511811
11
0.3303955118110236
21
0.1517400787401575
0
LINE
8
BLACK
6
CONTINUOUS
10
0.3303955118110236
20
0.1517400787401575
11
0.3316386614173228
21
0.1528181889763779
0
LINE
8
BLACK
6
CONTINUOUS
10
0.3316386614173228
20
0.1528181889763779
11
0.3332800787401575
21
0.1527015354330709
0
LINE
8
BLACK
6
CONTINUOUS
10
0.3332800787401575
20
0.1527015354330709
11
0.3343582283464567
21
0.1514584251968504
0
LINE
8
BLACK
6
CONTINUOUS
10
0.3343582283464567
20
0.1514584251968504
11
0.3342415354330708
21
0.1498170078740158
0
LINE
8
BLACK
6
CONTINUOUS
10
0.3342415354330708
20
0.1498170078740158
11
0.3333034251968504
21
0.1479408267716535
0
LINE
8
BLACK
6
CONTINUOUS
10
0.3333034251968504
20
0.1479408267716535
11
0.3330361023622047
21
0.1477089763779527
0
LINE
8
BLACK
6
CONTINUOUS
10
0.3330361023622047
20
0.1477089763779527
11
0.3329007086614173
21
0.1473820866141732
0
LINE
8
BLACK
6
CONTINUOUS
10
0.3329007086614173
20
0.1473820866141732
11
0.3328185826771654
21
0.1472999606299213
0
LINE
8
BLACK
6
CONTINUOUS
10
0.3328185826771654
20
0.1472999606299213
11
0.3442399606299212
21
0.1472999606299213
0
LINE
8
BLACK
6
CONTINUOUS
10
0.3442399606299212
20
0.1472999606299213
11
0.3442399606299212
21
0.1507785433070866
0
LINE
8
BLACK
6
CONTINUOUS
10
0.3442399606299212
20
0.1507785433070866
11
0.34486968503937
21
0.1522988188976378
0
LINE
8
BLACK
6
CONTINUOUS
10
0.34486968503937
20
0.1522988188976378
11
0.3463899606299213
21
0.1529285433070866
0
LINE
8
BLACK
6
CONTINUOUS
10
0.3463899606299213
20
0.1529285433070866
11
0.3479102362204725
21
0.1522988188976378
0
LINE
8
BLACK
6
CONTINUOUS
10
0.3666370472440945
20
0.1612670866141732
11
0.3669066535433071
21
0.1613072047244095
0
LINE
8
BLACK
6
CONTINUOUS
10
0.3669066535433071
20
0.1613072047244095
11
0.3706590551181102
21
0.1603691338582677
0
LINE
8
BLACK
6
CONTINUOUS
10
0.3706590551181102
20
0.1603691338582677
11
0.3708553937007874
21
0.1602236220472441
0
LINE
8
BLACK
6
CONTINUOUS
10
0.3708553937007874
20
0.1602236220472441
11
0.371099094488189
21
0.1602063385826772
0
LINE
8
BLACK
6
CONTINUOUS
10
0.371099094488189
20
0.1602063385826772
11
0.3729752755905512
21
0.1592682677165354
0
LINE
8
BLACK
6
CONTINUOUS
10
0.3729752755905512
20
0.1592682677165354
11
0.373207125984252
21
0.159000905511811
0
LINE
8
BLACK
6
CONTINUOUS
10
0.373207125984252
20
0.159000905511811
11
0.3735340551181102
21
0.1588655118110236
0
LINE
8
BLACK
6
CONTINUOUS
10
0.3735340551181102
20
0.1588655118110236
11
0.3744721653543307
21
0.1579274015748031
0
LINE
8
BLACK
6
CONTINUOUS
10
0.3744721653543307
20
0.1579274015748031
11
0.3746075590551181
21
0.1576004724409449
0
LINE
8
BLACK
6
CONTINUOUS
10
0.3746075590551181
20
0.1576004724409449
11
0.3748749212598425
21
0.1573686220472441
0
LINE
8
BLACK
6
CONTINUOUS
10
0.3748749212598425
20
0.1573686220472441
11
0.3758129921259842
21
0.1554924409448819
0
LINE
8
BLACK
6
CONTINUOUS
10
0.3758129921259842
20
0.1554924409448819
11
0.3758484251968504
21
0.1549932677165354
0
LINE
8
BLACK
6
CONTINUOUS
10
0.3758484251968504
20
0.1549932677165354
11
0.3760399606299212
21
0.1545309448818898
0
LINE
8
BLACK
6
CONTINUOUS
10
0.3760399606299212
20
0.1545309448818898
11
0.3760399606299212
21
0.1526547637795276
0
LINE
8
BLACK
6
CONTINUOUS
10
0.3760399606299212
20
0.1526547637795276
11
0.3758484251968504
21
0.1521924015748032
0
LINE
8
BLACK
6
CONTINUOUS
10
0.3758484251968504
20
0.1521924015748032
11
0.3758129921259842
21
0.1516933070866142
0
LINE
8
BLACK
6
CONTINUOUS
10
0.3758129921259842
20
0.1516933070866142
11
0.3748749212598425
21
0.1498170472440945
0
LINE
8
BLACK
6
CONTINUOUS
10
0.3748749212598425
20
0.1498170472440945
11
0.3746075196850394
21
0.149585157480315
0
LINE
8
BLACK
6
CONTINUOUS
10
0.3746075196850394
20
0.149585157480315
11
0.3744721259842519
21
0.1492582283464567
0
LINE
8
BLACK
6
CONTINUOUS
10
0.3744721259842519
20
0.1492582283464567
11
0.3735340157480315
21
0.148320157480315
0
LINE
8
BLACK
6
CONTINUOUS
10
0.3735340157480315
20
0.148320157480315
11
0.373207125984252
21
0.1481847637795276
0
LINE
8
BLACK
6
CONTINUOUS
10
0.373207125984252
20
0.1481847637795276
11
0.3729753149606299
21
0.1479174409448819
0
LINE
8
BLACK
6
CONTINUOUS
10
0.3729753149606299
20
0.1479174409448819
11
0.3710991338582677
21
0.1469793700787402
0
LINE
8
BLACK
6
CONTINUOUS
10
0.3710991338582677
20
0.1469793700787402
11
0.3708553937007874
21
0.1469620078740158
0
LINE
8
BLACK
6
CONTINUOUS
10
0.3708553937007874
20
0.1469620078740158
11
0.3706590157480315
21
0.1468165354330709
0
LINE
8
BLACK
6
CONTINUOUS
10
0.3706590157480315
20
0.1468165354330709
11
0.3669066141732283
21
0.1458784645669291
0
LINE
8
BLACK
6
CONTINUOUS
10
0.3669066141732283
20
0.1458784645669291
11
0.366636968503937
21
0.1459185826771653
0
LINE
8
BLACK
6
CONTINUOUS
10
0.366636968503937
20
0.1459185826771653
11
0.3663851968503937
21
0.1458142913385827
0
LINE
8
BLACK
6
CONTINUOUS
10
0.3663851968503937
20
0.1458142913385827
11
0.3616947244094488
21
0.1458142913385827
0
LINE
8
BLACK
6
CONTINUOUS
10
0.3616947244094488
20
0.1458142913385827
11
0.361442874015748
21
0.1459185826771653
0
LINE
8
BLACK
6
CONTINUOUS
10
0.361442874015748
20
0.1459185826771653
11
0.3611732677165354
21
0.1458784645669291
0
LINE
8
BLACK
6
CONTINUOUS
10
0.3611732677165354
20
0.1458784645669291
11
0.357420905511811
21
0.1468165354330709
0
LINE
8
BLACK
6
CONTINUOUS
10
0.357420905511811
20
0.1468165354330709
11
0.3572245275590551
21
0.1469620078740158
0
LINE
8
BLACK
6
CONTINUOUS
10
0.3572245275590551
20
0.1469620078740158
11
0.3569808661417323
21
0.1469793307086614
0
LINE
8
BLACK
6
CONTINUOUS
10
0.3569808661417323
20
0.1469793307086614
11
0.3551046456692913
21
0.1479174409448819
0
LINE
8
BLACK
6
CONTINUOUS
10
0.3551046456692913
20
0.1479174409448819
11
0.3548727559055118
21
0.1481847637795276
0
LINE
8
BLACK
6
CONTINUOUS
10
0.3548727559055118
20
0.1481847637795276
11
0.3545458661417323
21
0.1483201968503937
0
LINE
8
BLACK
6
CONTINUOUS
10
0.3545458661417323
20
0.1483201968503937
11
0.3536077952755906
21
0.1492582677165354
0
LINE
8
BLACK
6
CONTINUOUS
10
0.3536077952755906
20
0.1492582677165354
11
0.3534723622047244
21
0.149585157480315
0
LINE
8
BLACK
6
CONTINUOUS
10
0.3534723622047244
20
0.149585157480315
11
0.3532050393700787
21
0.1498170472440945
0
LINE
8
BLACK
6
CONTINUOUS
10
0.3532050393700787
20
0.1498170472440945
11
0.3522669291338583
21
0.1516932677165354
0
LINE
8
BLACK
6
CONTINUOUS
10
0.3522669291338583
20
0.1516932677165354
11
0.3522314566929134
21
0.1521924015748032
0
LINE
8
BLACK
6
CONTINUOUS
10
0.3522314566929134
20
0.1521924015748032
11
0.3520399606299213
21
0.1526547637795276
0
LINE
8
BLACK
6
CONTINUOUS
10
0.3520399606299213
20
0.1526547637795276
11
0.3520399606299213
21
0.1545309448818898
0
LINE
8
BLACK
6
CONTINUOUS
10
0.3520399606299213
20
0.1545309448818898
11
0.3522314566929134
21
0.1549933070866142
0
LINE
8
BLACK
6
CONTINUOUS
10
0.3522314566929134
20
0.1549933070866142
11
0.352266968503937
21
0.1554924803149606
0
LINE
8
BLACK
6
CONTINUOUS
10
0.352266968503937
20
0.1554924803149606
11
0.3532050393700787
21
0.1573686614173228
0
LINE
8
BLACK
6
CONTINUOUS
10
0.3532050393700787
20
0.1573686614173228
11
0.3534723622047244
21
0.1576004724409449
0
LINE
8
BLACK
6
CONTINUOUS
10
0.3534723622047244
20
0.1576004724409449
11
0.3536077559055118
21
0.1579273622047244
0
LINE
8
BLACK
6
CONTINUOUS
10
0.3536077559055118
20
0.1579273622047244
11
0.3545458267716535
21
0.1588654724409449
0
LINE
8
BLACK
6
CONTINUOUS
10
0.3545458267716535
20
0.1588654724409449
11
0.3548727559055118
21
0.1590008661417323
0
LINE
8
BLACK
6
CONTINUOUS
10
0.3548727559055118
20
0.1590008661417323
11
0.3551046456692913
21
0.1592682677165354
0
LINE
8
BLACK
6
CONTINUOUS
10
0.3551046456692913
20
0.1592682677165354
11
0.356980905511811
21
0.1602063385826772
0
LINE
8
BLACK
6
CONTINUOUS
10
0.356980905511811
20
0.1602063385826772
11
0.3572246062992126
21
0.1602236220472441
0
LINE
8
BLACK
6
CONTINUOUS
10
0.3572246062992126
20
0.1602236220472441
11
0.357420905511811
21
0.160369094488189
0
LINE
8
BLACK
6
CONTINUOUS
10
0.357420905511811
20
0.160369094488189
11
0.3611732283464567
21
0.1613072047244095
0
LINE
8
BLACK
6
CONTINUOUS
10
0.3611732283464567
20
0.1613072047244095
11
0.3614428346456693
21
0.1612670866141732
0
LINE
8
BLACK
6
CONTINUOUS
10
0.3614428346456693
20
0.1612670866141732
11
0.3616947244094488
21
0.1613714173228346
0
LINE
8
BLACK
6
CONTINUOUS
10
0.3616947244094488
20
0.1613714173228346
11
0.3663851968503937
21
0.1613714173228346
0
LINE
8
BLACK
6
CONTINUOUS
10
0.3663851968503937
20
0.1613714173228346
11
0.3666370472440945
21
0.1612670866141732
0
LINE
8
BLACK
6
CONTINUOUS
10
0.3586928346456693
20
0.1562547637795275
11
0.3573396850393701
21
0.155578188976378
0
LINE
8
BLACK
6
CONTINUOUS
10
0.3573396850393701
20
0.155578188976378
11
0.3568950393700787
21
0.1551335433070866
0
LINE
8
BLACK
6
CONTINUOUS
10
0.3568950393700787
20
0.1551335433070866
11
0.3563399606299212
21
0.1540233858267717
0
LINE
8
BLACK
6
CONTINUOUS
10
0.3563399606299212
20
0.1540233858267717
11
0.3563399606299212
21
0.1531623228346457
0
LINE
8
BLACK
6
CONTINUOUS
10
0.3563399606299212
20
0.1531623228346457
11
0.3568950787401575
21
0.1520520866141732
0
LINE
8
BLACK
6
CONTINUOUS
10
0.3568950787401575
20
0.1520520866141732
11
0.3573396850393701
21
0.1516074803149606
0
LINE
8
BLACK
6
CONTINUOUS
10
0.3573396850393701
20
0.1516074803149606
11
0.3586926771653543
21
0.1509309448818898
0
LINE
8
BLACK
6
CONTINUOUS
10
0.3586926771653543
20
0.1509309448818898
11
0.3619594488188976
21
0.1501142913385827
0
LINE
8
BLACK
6
CONTINUOUS
10
0.3619594488188976
20
0.1501142913385827
11
0.3661204724409449
21
0.1501142913385827
0
LINE
8
BLACK
6
CONTINUOUS
10
0.3661204724409449
20
0.1501142913385827
11
0.3693872834645669
21
0.1509309842519685
0
LINE
8
BLACK
6
CONTINUOUS
10
0.3693872834645669
20
0.1509309842519685
11
0.3707401968503937
21
0.1516074409448819
0
LINE
8
BLACK
6
CONTINUOUS
10
0.3707401968503937
20
0.1516074409448819
11
0.371184842519685
21
0.1520520866141732
0
LINE
8
BLACK
6
CONTINUOUS
10
0.371184842519685
20
0.1520520866141732
11
0.3717399606299213
21
0.1531622834645669
0
LINE
8
BLACK
6
CONTINUOUS
10
0.3717399606299213
20
0.1531622834645669
11
0.3717399606299213
21
0.1540233858267717
0
LINE
8
BLACK
6
CONTINUOUS
10
0.3717399606299213
20
0.1540233858267717
11
0.371184842519685
21
0.1551335826771653
0
LINE
8
BLACK
6
CONTINUOUS
10
0.371184842519685
20
0.1551335826771653
11
0.3707402362204724
21
0.155578188976378
0
LINE
8
BLACK
6
CONTINUOUS
10
0.3707402362204724
20
0.155578188976378
11
0.3693870866141732
21
0.1562547637795275
0
LINE
8
BLACK
6
CONTINUOUS
10
0.3693870866141732
20
0.1562547637795275
11
0.3661205905511811
21
0.1570714173228346
0
LINE
8
BLACK
6
CONTINUOUS
10
0.3661205905511811
20
0.1570714173228346
11
0.3619594881889764
21
0.1570714173228346
0
LINE
8
BLACK
6
CONTINUOUS
10
0.3619594881889764
20
0.1570714173228346
11
0.3586928346456693
21
0.1562547637795275
0
LINE
8
BLACK
6
CONTINUOUS
10
0.3479102362204725
20
0.1710607086614173
11
0.3485399606299213
21
0.1695404330708661
0
LINE
8
BLACK
6
CONTINUOUS
10
0.3485399606299213
20
0.1695404330708661
11
0.3479102362204725
21
0.168020157480315
0
LINE
8
BLACK
6
CONTINUOUS
10
0.3479102362204725
20
0.168020157480315
11
0.3463899606299213
21
0.1673904330708662
0
LINE
8
BLACK
6
CONTINUOUS
10
0.3463899606299213
20
0.1673904330708662
11
0.3391590157480315
21
0.1673904330708662
0
LINE
8
BLACK
6
CONTINUOUS
10
0.3391590157480315
20
0.1673904330708662
11
0.3391590157480315
21
0.1659693307086614
0
LINE
8
BLACK
6
CONTINUOUS
10
0.3391590157480315
20
0.1659693307086614
11
0.3476229133858267
21
0.1600446456692913
0
LINE
8
BLACK
6
CONTINUOUS
10
0.3476229133858267
20
0.1600446456692913
11
0.3485072440944882
21
0.1586569291338583
0
LINE
8
BLACK
6
CONTINUOUS
10
0.3485072440944882
20
0.1586569291338583
11
0.3481512992125984
21
0.1570503543307087
0
LINE
8
BLACK
6
CONTINUOUS
10
0.3481512992125984
20
0.1570503543307087
11
0.3467636220472441
21
0.1561660236220472
0
LINE
8
BLACK
6
CONTINUOUS
10
0.3467636220472441
20
0.1561660236220472
11
0.3451570078740158
21
0.156521968503937
0
LINE
8
BLACK
6
CONTINUOUS
10
0.3451570078740158
20
0.156521968503937
11
0.3388598818897638
21
0.1609299212598425
0
LINE
8
BLACK
6
CONTINUOUS
10
0.3388598818897638
20
0.1609299212598425
11
0.3379938976377952
21
0.1591979527559055
0
LINE
8
BLACK
6
CONTINUOUS
10
0.3379938976377952
20
0.1591979527559055
11
0.3377265748031496
21
0.1589661023622047
0
LINE
8
BLACK
6
CONTINUOUS
10
0.3377265748031496
20
0.1589661023622047
11
0.3375911811023622
21
0.1586392125984252
0
LINE
8
BLACK
6
CONTINUOUS
10
0.3375911811023622
20
0.1586392125984252
11
0.3366531102362205
21
0.1577011417322835
0
LINE
8
BLACK
6
CONTINUOUS
10
0.3366531102362205
20
0.1577011417322835
11
0.3363261811023622
21
0.1575657086614173
0
LINE
8
BLACK
6
CONTINUOUS
10
0.3363261811023622
20
0.1575657086614173
11
0.3360943307086614
21
0.1572983858267716
0
LINE
8
BLACK
6
CONTINUOUS
10
0.3360943307086614
20
0.1572983858267716
11
0.3342181102362204
21
0.1563602755905512
0
LINE
8
BLACK
6
CONTINUOUS
10
0.3342181102362204
20
0.1563602755905512
11
0.333718937007874
21
0.1563248031496063
0
LINE
8
BLACK
6
CONTINUOUS
10
0.333718937007874
20
0.1563248031496063
11
0.3332566141732283
21
0.1561333070866142
0
LINE
8
BLACK
6
CONTINUOUS
10
0.3332566141732283
20
0.1561333070866142
11
0.3304423622047244
21
0.1561333070866142
0
LINE
8
BLACK
6
CONTINUOUS
10
0.3304423622047244
20
0.1561333070866142
11
0.32998
21
0.1563248031496063
0
LINE
8
BLACK
6
CONTINUOUS
10
0.32998
20
0.1563248031496063
11
0.3294808661417323
21
0.1563602755905512
0
LINE
8
BLACK
6
CONTINUOUS
10
0.3294808661417323
20
0.1563602755905512
11
0.3276046456692913
21
0.1572983858267716
0
LINE
8
BLACK
6
CONTINUOUS
10
0.3276046456692913
20
0.1572983858267716
11
0.3273727559055118
21
0.1575657086614173
0
LINE
8
BLACK
6
CONTINUOUS
10
0.3273727559055118
20
0.1575657086614173
11
0.3270458661417323
21
0.1577011417322835
0
LINE
8
BLACK
6
CONTINUOUS
10
0.3270458661417323
20
0.1577011417322835
11
0.3261077952755905
21
0.1586392125984252
0
LINE
8
BLACK
6
CONTINUOUS
10
0.3261077952755905
20
0.1586392125984252
11
0.3259723622047244
21
0.158966062992126
0
LINE
8
BLACK
6
CONTINUOUS
10
0.3259723622047244
20
0.158966062992126
11
0.3257050393700787
21
0.1591979527559055
0
LINE
8
BLACK
6
CONTINUOUS
10
0.3257050393700787
20
0.1591979527559055
11
0.324766968503937
21
0.1610741338582677
0
LINE
8
BLACK
6
CONTINUOUS
10
0.324766968503937
20
0.1610741338582677
11
0.3247314566929134
21
0.1615732677165354
0
LINE
8
BLACK
6
CONTINUOUS
10
0.3247314566929134
20
0.1615732677165354
11
0.3245399606299212
21
0.1620356692913386
0
LINE
8
BLACK
6
CONTINUOUS
10
0.3245399606299212
20
0.1620356692913386
11
0.3245399606299212
21
0.1695404330708661
0
LINE
8
BLACK
6
CONTINUOUS
10
0.3245399606299212
20
0.1695404330708661
11
0.32516968503937
21
0.1710607086614173
0
LINE
8
BLACK
6
CONTINUOUS
10
0.32516968503937
20
0.1710607086614173
11
0.3266899606299212
21
0.1716904330708661
0
LINE
8
BLACK
6
CONTINUOUS
10
0.3266899606299212
20
0.1716904330708661
11
0.3463899606299213
21
0.1716904330708661
0
LINE
8
BLACK
6
CONTINUOUS
10
0.3463899606299213
20
0.1716904330708661
11
0.3479102362204725
21
0.1710607086614173
0
LINE
8
BLACK
6
CONTINUOUS
10
0.3288399606299213
20
0.162543188976378
11
0.329395
21
0.1614330708661417
0
LINE
8
BLACK
6
CONTINUOUS
10
0.329395
20
0.1614330708661417
11
0.3298396850393701
21
0.1609884251968504
0
LINE
8
BLACK
6
CONTINUOUS
10
0.3298396850393701
20
0.1609884251968504
11
0.3309499212598425
21
0.1604333070866142
0
LINE
8
BLACK
6
CONTINUOUS
10
0.3309499212598425
20
0.1604333070866142
11
0.3327490551181102
21
0.1604333070866142
0
LINE
8
BLACK
6
CONTINUOUS
10
0.3327490551181102
20
0.1604333070866142
11
0.3338592913385827
21
0.1609884251968504
0
LINE
8
BLACK
6
CONTINUOUS
10
0.3338592913385827
20
0.1609884251968504
11
0.3343038976377953
21
0.161433031496063
0
LINE
8
BLACK
6
CONTINUOUS
10
0.3343038976377953
20
0.161433031496063
11
0.3348590157480315
21
0.1625432283464567
0
LINE
8
BLACK
6
CONTINUOUS
10
0.3348590157480315
20
0.1625432283464567
11
0.3348590157480315
21
0.1673904330708662
0
LINE
8
BLACK
6
CONTINUOUS
10
0.3348590157480315
20
0.1673904330708662
11
0.3288399606299213
21
0.1673904330708662
0
LINE
8
BLACK
6
CONTINUOUS
10
0.3288399606299213
20
0.1673904330708662
11
0.3288399606299213
21
0.162543188976378
0
LINE
8
BLACK
6
CONTINUOUS
10
0.3754102362204724
20
0.1795035826771653
11
0.3760399606299212
21
0.1779833070866142
0
LINE
8
BLACK
6
CONTINUOUS
10
0.3760399606299212
20
0.1779833070866142
11
0.3760399606299212
21
0.1667261811023622
0
LINE
8
BLACK
6
CONTINUOUS
10
0.3760399606299212
20
0.1667261811023622
11
0.3754102362204724
21
0.165205905511811
0
LINE
8
BLACK
6
CONTINUOUS
10
0.3754102362204724
20
0.165205905511811
11
0.3738899606299212
21
0.1645761811023622
0
LINE
8
BLACK
6
CONTINUOUS
10
0.3738899606299212
20
0.1645761811023622
11
0.3723696850393701
21
0.165205905511811
0
LINE
8
BLACK
6
CONTINUOUS
10
0.3723696850393701
20
0.165205905511811
11
0.3717399606299213
21
0.1667261811023622
0
LINE
8
BLACK
6
CONTINUOUS
10
0.3717399606299213
20
0.1667261811023622
11
0.3717399606299213
21
0.1702047244094488
0
LINE
8
BLACK
6
CONTINUOUS
10
0.3717399606299213
20
0.1702047244094488
11
0.3541899606299213
21
0.1702047244094488
0
LINE
8
BLACK
6
CONTINUOUS
10
0.3541899606299213
20
0.1702047244094488
11
0.3539853937007874
21
0.1702894094488189
0
LINE
8
BLACK
6
CONTINUOUS
10
0.3539853937007874
20
0.1702894094488189
11
0.3537683070866142
21
0.1702464960629921
0
LINE
8
BLACK
6
CONTINUOUS
10
0.3537683070866142
20
0.1702464960629921
11
0.3532481496062992
21
0.1705948031496063
0
LINE
8
BLACK
6
CONTINUOUS
10
0.3532481496062992
20
0.1705948031496063
11
0.3526696850393701
21
0.1708344488188976
0
LINE
8
BLACK
6
CONTINUOUS
10
0.3526696850393701
20
0.1708344488188976
11
0.3525849606299212
21
0.171038937007874
0
LINE
8
BLACK
6
CONTINUOUS
10
0.3525849606299212
20
0.171038937007874
11
0.352401062992126
21
0.171162125984252
0
LINE
8
BLACK
6
CONTINUOUS
10
0.352401062992126
20
0.171162125984252
11
0.3522795669291339
21
0.171776220472441
0
LINE
8
BLACK
6
CONTINUOUS
10
0.3522795669291339
20
0.171776220472441
11
0.3520399606299213
21
0.1723547244094488
0
LINE
8
BLACK
6
CONTINUOUS
10
0.3520399606299213
20
0.1723547244094488
11
0.3521246456692913
21
0.1725592519685039
0
LINE
8
BLACK
6
CONTINUOUS
10
0.3521246456692913
20
0.1725592519685039
11
0.3520817322834646
21
0.1727763779527559
0
LINE
8
BLACK
6
CONTINUOUS
10
0.3520817322834646
20
0.1727763779527559
11
0.3524300393700787
21
0.1732964960629921
0
LINE
8
BLACK
6
CONTINUOUS
10
0.3524300393700787
20
0.1732964960629921
11
0.3526696850393701
21
0.173875
0
LINE
8
BLACK
6
CONTINUOUS
10
0.3526696850393701
20
0.173875
11
0.3528741732283465
21
0.1739596850393701
0
LINE
8
BLACK
6
CONTINUOUS
10
0.3528741732283465
20
0.1739596850393701
11
0.3529973622047244
21
0.1741436220472441
0
LINE
8
BLACK
6
CONTINUOUS
10
0.3529973622047244
20
0.1741436220472441
11
0.3556345275590551
21
0.1759017716535433
0
LINE
8
BLACK
6
CONTINUOUS
10
0.3556345275590551
20
0.1759017716535433
11
0.3571134251968504
21
0.1773806692913386
0
LINE
8
BLACK
6
CONTINUOUS
10
0.3571134251968504
20
0.1773806692913386
11
0.3578955118110236
21
0.178944842519685
0
LINE
8
BLACK
6
CONTINUOUS
10
0.3578955118110236
20
0.178944842519685
11
0.3591386614173228
21
0.1800229527559055
0
LINE
8
BLACK
6
CONTINUOUS
10
0.3591386614173228
20
0.1800229527559055
11
0.3607800787401575
21
0.1799062992125984
0
LINE
8
BLACK
6
CONTINUOUS
10
0.3607800787401575
20
0.1799062992125984
11
0.3618582283464567
21
0.178663188976378
0
LINE
8
BLACK
6
CONTINUOUS
10
0.3618582283464567
20
0.178663188976378
11
0.3617415354330709
21
0.1770217716535433
0
LINE
8
BLACK
6
CONTINUOUS
10
0.3617415354330709
20
0.1770217716535433
11
0.3608034251968504
21
0.1751455905511811
0
LINE
8
BLACK
6
CONTINUOUS
10
0.3608034251968504
20
0.1751455905511811
11
0.3605361023622047
21
0.1749137401574803
0
LINE
8
BLACK
6
CONTINUOUS
10
0.3605361023622047
20
0.1749137401574803
11
0.3604007086614173
21
0.1745868503937008
0
LINE
8
BLACK
6
CONTINUOUS
10
0.3604007086614173
20
0.1745868503937008
11
0.3603185826771653
21
0.1745047244094488
0
LINE
8
BLACK
6
CONTINUOUS
10
0.3603185826771653
20
0.1745047244094488
11
0.3717399606299213
21
0.1745047244094488
0
LINE
8
BLACK
6
CONTINUOUS
10
0.3717399606299213
20
0.1745047244094488
11
0.3717399606299213
21
0.1779833070866142
0
LINE
8
BLACK
6
CONTINUOUS
10
0.3717399606299213
20
0.1779833070866142
11
0.3723696850393701
21
0.1795035826771653
0
LINE
8
BLACK
6
CONTINUOUS
10
0.3723696850393701
20
0.1795035826771653
11
0.3738899606299212
21
0.1801333070866142
0
LINE
8
BLACK
6
CONTINUOUS
10
0.3738899606299212
20
0.1801333070866142
11
0.3754102362204724
21
0.1795035826771653
0
LINE
8
BLACK
6
CONTINUOUS
10
0.3843332677165354
20
0.2254337401574803
11
0.3862617322834646
21
0.2230154724409449
0
LINE
8
BLACK
6
CONTINUOUS
10
0.3862617322834646
20
0.2230154724409449
11
0.38695
21
0.22
0
LINE
8
BLACK
6
CONTINUOUS
10
0.38695
20
0.22
11
0.3862617322834646
21
0.2169845275590551
0
LINE
8
BLACK
6
CONTINUOUS
10
0.3862617322834646
20
0.2169845275590551
11
0.3843332677165354
21
0.2145662598425197
0
LINE
8
BLACK
6
CONTINUOUS
10
0.3843332677165354
20
0.2145662598425197
11
0.38195
21
0.2134185433070866
0
LINE
8
BLACK
6
CONTINUOUS
10
0.38195
20
0.2134185433070866
11
0.38195
21
0.175
0
LINE
8
BLACK
6
CONTINUOUS
10
0.38195
20
0.175
11
0.3813788582677165
21
0.1736211417322835
0
LINE
8
BLACK
6
CONTINUOUS
10
0.3813788582677165
20
0.1736211417322835
11
0.38
21
0.17305
0
LINE
8
BLACK
6
CONTINUOUS
10
0.38
20
0.17305
11
0.3786211417322835
21
0.1736211417322835
0
LINE
8
BLACK
6
CONTINUOUS
10
0.3786211417322835
20
0.1736211417322835
11
0.37805
21
0.175
0
LINE
8
BLACK
6
CONTINUOUS
10
0.37805
20
0.175
11
0.37805
21
0.21305
0
LINE
8
BLACK
6
CONTINUOUS
10
0.37805
20
0.21305
11
0.32195
21
0.21305
0
LINE
8
BLACK
6
CONTINUOUS
10
0.32195
20
0.21305
11
0.32195
21
0.175
0
LINE
8
BLACK
6
CONTINUOUS
10
0.32195
20
0.175
11
0.3213788582677165
21
0.1736211417322835
0
LINE
8
BLACK
6
CONTINUOUS
10
0.3213788582677165
20
0.1736211417322835
11
0.32
21
0.17305
0
LINE
8
BLACK
6
CONTINUOUS
10
0.32
20
0.17305
11
0.3186211417322835
21
0.1736211417322835
0
LINE
8
BLACK
6
CONTINUOUS
10
0.3186211417322835
20
0.1736211417322835
11
0.31805
21
0.175
0
LINE
8
BLACK
6
CONTINUOUS
10
0.31805
20
0.175
11
0.31805
21
0.215
0
LINE
8
BLACK
6
CONTINUOUS
10
0.31805
20
0.215
11
0.3186211417322835
21
0.2163788582677165
0
LINE
8
BLACK
6
CONTINUOUS
10
0.3186211417322835
20
0.2163788582677165
11
0.32
21
0.21695
0
LINE
8
BLACK
6
CONTINUOUS
10
0.32
20
0.21695
11
0.3737657874015748
21
0.21695
0
LINE
8
BLACK
6
CONTINUOUS
10
0.3737657874015748
20
0.21695
11
0.3737382677165354
21
0.2169845275590551
0
LINE
8
BLACK
6
CONTINUOUS
10
0.3737382677165354
20
0.2169845275590551
11
0.37305
21
0.22
0
LINE
8
BLACK
6
CONTINUOUS
10
0.37305
20
0.22
11
0.3737382677165354
21
0.2230154724409449
0
LINE
8
BLACK
6
CONTINUOUS
10
0.3737382677165354
20
0.2230154724409449
11
0.3756667322834645
21
0.2254337401574803
0
LINE
8
BLACK
6
CONTINUOUS
10
0.3756667322834645
20
0.2254337401574803
11
0.3784534645669291
21
0.2267757480314961
0
LINE
8
BLACK
6
CONTINUOUS
10
0.3784534645669291
20
0.2267757480314961
11
0.3815465354330709
21
0.2267757480314961
0
LINE
8
BLACK
6
CONTINUOUS
10
0.3815465354330709
20
0.2267757480314961
11
0.3843332677165354
21
0.2254337401574803
0
LINE
8
BLACK
6
CONTINUOUS
10
0.3774055118110236
20
0.218115
11
0.3790089763779527
21
0.21695
0
LINE
8
BLACK
6
CONTINUOUS
10
0.3790089763779527
20
0.21695
11
0.3809910236220472
21
0.21695
0
LINE
8
BLACK
6
CONTINUOUS
10
0.3809910236220472
20
0.21695
11
0.3825944881889763
21
0.218115
0
LINE
8
BLACK
6
CONTINUOUS
10
0.3825944881889763
20
0.218115
11
0.383206968503937
21
0.22
0
LINE
8
BLACK
6
CONTINUOUS
10
0.383206968503937
20
0.22
11
0.3825944881889763
21
0.221885
0
LINE
8
BLACK
6
CONTINUOUS
10
0.3825944881889763
20
0.221885
11
0.3809910236220472
21
0.22305
0
LINE
8
BLACK
6
CONTINUOUS
10
0.3809910236220472
20
0.22305
11
0.3790089763779527
21
0.22305
0
LINE
8
BLACK
6
CONTINUOUS
10
0.3790089763779527
20
0.22305
11
0.3774055118110236
21
0.221885
0
LINE
8
BLACK
6
CONTINUOUS
10
0.3774055118110236
20
0.221885
11
0.376793031496063
21
0.22
0
LINE
8
BLACK
6
CONTINUOUS
10
0.376793031496063
20
0.22
11
0.3774055118110236
21
0.218115
0
LINE
8
BLACK
6
CONTINUOUS
10
1.1022619291338582
20
0.2718979921259843
11
1.1029527559055119
21
0.27
0
LINE
8
BLACK
6
CONTINUOUS
10
1.1029527559055119
20
0.27
11
1.1029527559055119
21
0.23
0
LINE
8
BLACK
6
CONTINUOUS
10
1.1029527559055119
20
0.23
11
1.1028851181102362
21
0.2296164566929134
0
LINE
8
BLACK
6
CONTINUOUS
10
1.1028851181102362
20
0.2296164566929134
11
1.1029079133858268
21
0.2294872440944882
0
LINE
8
BLACK
6
CONTINUOUS
10
1.1029079133858268
20
0.2294872440944882
11
1.1028422834645668
21
0.2293736220472441
0
LINE
8
BLACK
6
CONTINUOUS
10
1.1028422834645668
20
0.2293736220472441
11
1.10277468503937
21
0.2289900787401575
0
LINE
8
BLACK
6
CONTINUOUS
10
1.10277468503937
20
0.2289900787401575
11
1.1022815354330708
21
0.2284023622047244
0
LINE
8
BLACK
6
CONTINUOUS
10
1.1022815354330708
20
0.2284023622047244
11
1.1018979921259842
21
0.2277380708661417
0
LINE
8
BLACK
6
CONTINUOUS
10
1.1018979921259842
20
0.2277380708661417
11
1.1016476377952755
21
0.2276469291338583
0
LINE
8
BLACK
6
CONTINUOUS
10
1.1016476377952755
20
0.2276469291338583
11
1.1014763779527559
21
0.2274428346456693
0
LINE
8
BLACK
6
CONTINUOUS
10
1.1014763779527559
20
0.2274428346456693
11
1.1007207874015748
21
0.2273095669291338
0
LINE
8
BLACK
6
CONTINUOUS
10
1.1007207874015748
20
0.2273095669291338
11
1.0999999999999999
21
0.2270472440944882
0
LINE
8
BLACK
6
CONTINUOUS
10
1.0999999999999999
20
0.2270472440944882
11
1.04
21
0.2270472440944882
0
LINE
8
BLACK
6
CONTINUOUS
10
1.04
20
0.2270472440944882
11
1.0396164566929134
21
0.227114842519685
0
LINE
8
BLACK
6
CONTINUOUS
10
1.0396164566929134
20
0.227114842519685
11
1.0394872440944882
21
0.2270920866141732
0
LINE
8
BLACK
6
CONTINUOUS
10
1.0394872440944882
20
0.2270920866141732
11
1.039373622047244
21
0.2271576771653543
0
LINE
8
BLACK
6
CONTINUOUS
10
1.039373622047244
20
0.2271576771653543
11
1.0389900787401574
21
0.2272253149606299
0
LINE
8
BLACK
6
CONTINUOUS
10
1.0389900787401574
20
0.2272253149606299
11
1.0384023622047245
21
0.2277184251968504
0
LINE
8
BLACK
6
CONTINUOUS
10
1.0384023622047245
20
0.2277184251968504
11
1.0377380708661417
21
0.2281020078740157
0
LINE
8
BLACK
6
CONTINUOUS
10
1.0377380708661417
20
0.2281020078740157
11
1.0376469291338581
21
0.2283523228346457
0
LINE
8
BLACK
6
CONTINUOUS
10
1.0376469291338581
20
0.2283523228346457
11
1.0374428346456692
21
0.2285236220472441
0
LINE
8
BLACK
6
CONTINUOUS
10
1.0374428346456692
20
0.2285236220472441
11
1.0373095669291339
21
0.2292791732283465
0
LINE
8
BLACK
6
CONTINUOUS
10
1.0373095669291339
20
0.2292791732283465
11
1.0370472440944882
21
0.23
0
LINE
8
BLACK
6
CONTINUOUS
10
1.0370472440944882
20
0.23
11
1.0370472440944882
21
0.27
0
LINE
8
BLACK
6
CONTINUOUS
10
1.0370472440944882
20
0.27
11
1.0372253149606299
21
0.2710099212598425
0
LINE
8
BLACK
6
CONTINUOUS
10
1.0372253149606299
20
0.2710099212598425
11
1.038523622047244
21
0.2725571653543307
0
LINE
8
BLACK
6
CONTINUOUS
10
1.038523622047244
20
0.2725571653543307
11
1.0405127559055118
21
0.2729079133858268
0
LINE
8
BLACK
6
CONTINUOUS
10
1.0405127559055118
20
0.2729079133858268
11
1.0422619291338582
21
0.2718979921259843
0
LINE
8
BLACK
6
CONTINUOUS
10
1.0422619291338582
20
0.2718979921259843
11
1.0429527559055118
21
0.27
0
LINE
8
BLACK
6
CONTINUOUS
10
1.0429527559055118
20
0.27
11
1.0429527559055118
21
0.2329527559055118
0
LINE
8
BLACK
6
CONTINUOUS
10
1.0429527559055118
20
0.2329527559055118
11
1.0970472440944881
21
0.2329527559055118
0
LINE
8
BLACK
6
CONTINUOUS
10
1.0970472440944881
20
0.2329527559055118
11
1.0970472440944881
21
0.27
0
LINE
8
BLACK
6
CONTINUOUS
10
1.0970472440944881
20
0.27
11
1.0972253149606299
21
0.2710099212598425
0
LINE
8
BLACK
6
CONTINUOUS
10
1.0972253149606299
20
0.2710099212598425
11
1.0985236220472441
21
0.2725571653543307
0
LINE
8
BLACK
6
CONTINUOUS
10
1.0985236220472441
20
0.2725571653543307
11
1.1005127559055119
21
0.2729079133858268
0
LINE
8
BLACK
6
CONTINUOUS
10
1.1005127559055119
20
0.2729079133858268
11
1.1022619291338582
21
0.2718979921259843
0
LINE
8
BLACK
6
CONTINUOUS
10
0.3813788582677165
20
0.2813788582677165
11
0.38195
21
0.28
0
LINE
8
BLACK
6
CONTINUOUS
10
0.38195
20
0.28
11
0.38195
21
0.24
0
LINE
8
BLACK
6
CONTINUOUS
10
0.38195
20
0.24
11
0.3813788582677165
21
0.2386211417322835
0
LINE
8
BLACK
6
CONTINUOUS
10
0.3813788582677165
20
0.2386211417322835
11
0.38
21
0.23805
0
LINE
8
BLACK
6
CONTINUOUS
10
0.38
20
0.23805
11
0.3262342125984252
21
0.23805
0
LINE
8
BLACK
6
CONTINUOUS
10
0.3262342125984252
20
0.23805
11
0.3262617322834646
21
0.2380154724409449
0
LINE
8
BLACK
6
CONTINUOUS
10
0.3262617322834646
20
0.2380154724409449
11
0.32695
21
0.235
0
LINE
8
BLACK
6
CONTINUOUS
10
0.32695
20
0.235
11
0.3262617322834646
21
0.2319845275590551
0
LINE
8
BLACK
6
CONTINUOUS
10
0.3262617322834646
20
0.2319845275590551
11
0.3243332677165354
21
0.2295662598425197
0
LINE
8
BLACK
6
CONTINUOUS
10
0.3243332677165354
20
0.2295662598425197
11
0.3215465354330709
21
0.2282242519685039
0
LINE
8
BLACK
6
CONTINUOUS
10
0.3215465354330709
20
0.2282242519685039
11
0.3184534645669291
21
0.2282242519685039
0
LINE
8
BLACK
6
CONTINUOUS
10
0.3184534645669291
20
0.2282242519685039
11
0.3156667322834645
21
0.2295662598425197
0
LINE
8
BLACK
6
CONTINUOUS
10
0.3156667322834645
20
0.2295662598425197
11
0.3137382677165354
21
0.2319845275590551
0
LINE
8
BLACK
6
CONTINUOUS
10
0.3137382677165354
20
0.2319845275590551
11
0.31305
21
0.235
0
LINE
8
BLACK
6
CONTINUOUS
10
0.31305
20
0.235
11
0.3137382677165354
21
0.2380154724409449
0
LINE
8
BLACK
6
CONTINUOUS
10
0.3137382677165354
20
0.2380154724409449
11
0.3156667322834645
21
0.2404337401574803
0
LINE
8
BLACK
6
CONTINUOUS
10
0.3156667322834645
20
0.2404337401574803
11
0.31805
21
0.2415814173228346
0
LINE
8
BLACK
6
CONTINUOUS
10
0.31805
20
0.2415814173228346
11
0.31805
21
0.28
0
LINE
8
BLACK
6
CONTINUOUS
10
0.31805
20
0.28
11
0.3186211417322835
21
0.2813788582677165
0
LINE
8
BLACK
6
CONTINUOUS
10
0.3186211417322835
20
0.2813788582677165
11
0.32
21
0.28195
0
LINE
8
BLACK
6
CONTINUOUS
10
0.32
20
0.28195
11
0.3213788582677165
21
0.2813788582677165
0
LINE
8
BLACK
6
CONTINUOUS
10
0.3213788582677165
20
0.2813788582677165
11
0.32195
21
0.28
0
LINE
8
BLACK
6
CONTINUOUS
10
0.32195
20
0.28
11
0.32195
21
0.24195
0
LINE
8
BLACK
6
CONTINUOUS
10
0.32195
20
0.24195
11
0.37805
21
0.24195
0
LINE
8
BLACK
6
CONTINUOUS
10
0.37805
20
0.24195
11
0.37805
21
0.28
0
LINE
8
BLACK
6
CONTINUOUS
10
0.37805
20
0.28
11
0.3786211417322835
21
0.2813788582677165
0
LINE
8
BLACK
6
CONTINUOUS
10
0.3786211417322835
20
0.2813788582677165
11
0.38
21
0.28195
0
LINE
8
BLACK
6
CONTINUOUS
10
0.38
20
0.28195
11
0.3813788582677165
21
0.2813788582677165
0
LINE
8
BLACK
6
CONTINUOUS
10
0.3174055118110236
20
0.233115
11
0.3190089763779527
21
0.23195
0
LINE
8
BLACK
6
CONTINUOUS
10
0.3190089763779527
20
0.23195
11
0.3209910236220472
21
0.23195
0
LINE
8
BLACK
6
CONTINUOUS
10
0.3209910236220472
20
0.23195
11
0.3225944881889763
21
0.233115
0
LINE
8
BLACK
6
CONTINUOUS
10
0.3225944881889763
20
0.233115
11
0.323206968503937
21
0.235
0
LINE
8
BLACK
6
CONTINUOUS
10
0.323206968503937
20
0.235
11
0.3225944881889763
21
0.236885
0
LINE
8
BLACK
6
CONTINUOUS
10
0.3225944881889763
20
0.236885
11
0.3209910236220472
21
0.23805
0
LINE
8
BLACK
6
CONTINUOUS
10
0.3209910236220472
20
0.23805
11
0.3190089763779527
21
0.23805
0
LINE
8
BLACK
6
CONTINUOUS
10
0.3190089763779527
20
0.23805
11
0.3174055118110236
21
0.236885
0
LINE
8
BLACK
6
CONTINUOUS
10
0.3174055118110236
20
0.236885
11
0.316793031496063
21
0.235
0
LINE
8
BLACK
6
CONTINUOUS
10
0.316793031496063
20
0.235
11
0.3174055118110236
21
0.233115
0
LINE
8
BLACK
6
CONTINUOUS
10
1.0602857086614172
20
0.2783560236220473
11
1.0607848031496063
21
0.2783205905511811
0
LINE
8
BLACK
6
CONTINUOUS
10
1.0607848031496063
20
0.2783205905511811
11
1.0610166141732282
21
0.2780533070866142
0
LINE
8
BLACK
6
CONTINUOUS
10
1.0610166141732282
20
0.2780533070866142
11
1.0613435826771653
21
0.277917874015748
0
LINE
8
BLACK
6
CONTINUOUS
10
1.0613435826771653
20
0.277917874015748
11
1.0615350787401574
21
0.2774554724409449
0
LINE
8
BLACK
6
CONTINUOUS
10
1.0615350787401574
20
0.2774554724409449
11
1.0618629527559056
21
0.2770774803149606
0
LINE
8
BLACK
6
CONTINUOUS
10
1.0618629527559056
20
0.2770774803149606
11
1.0618378346456692
21
0.2767245669291338
0
LINE
8
BLACK
6
CONTINUOUS
10
1.0618378346456692
20
0.2767245669291338
11
1.0619733070866142
21
0.2763975984251968
0
LINE
8
BLACK
6
CONTINUOUS
10
1.0619733070866142
20
0.2763975984251968
11
1.0619733070866142
21
0.2691666535433071
0
LINE
8
BLACK
6
CONTINUOUS
10
1.0619733070866142
20
0.2691666535433071
11
1.0663899606299212
21
0.2691666535433071
0
LINE
8
BLACK
6
CONTINUOUS
10
1.0663899606299212
20
0.2691666535433071
11
1.0679102362204724
21
0.2685369291338582
0
LINE
8
BLACK
6
CONTINUOUS
10
1.0679102362204724
20
0.2685369291338582
11
1.0685399606299213
21
0.2670166535433071
0
LINE
8
BLACK
6
CONTINUOUS
10
1.0685399606299213
20
0.2670166535433071
11
1.0679102362204724
21
0.2654963779527559
0
LINE
8
BLACK
6
CONTINUOUS
10
1.0679102362204724
20
0.2654963779527559
11
1.0663899606299212
21
0.2648666535433071
0
LINE
8
BLACK
6
CONTINUOUS
10
1.0663899606299212
20
0.2648666535433071
11
1.0619733070866142
21
0.2648666535433071
0
LINE
8
BLACK
6
CONTINUOUS
10
1.0619733070866142
20
0.2648666535433071
11
1.0619733070866142
21
0.2642023622047244
0
LINE
8
BLACK
6
CONTINUOUS
10
1.0619733070866142
20
0.2642023622047244
11
1.0613435826771653
21
0.2626820866141732
0
LINE
8
BLACK
6
CONTINUOUS
10
1.0613435826771653
20
0.2626820866141732
11
1.0598233070866141
21
0.2620523622047244
0
LINE
8
BLACK
6
CONTINUOUS
10
1.0598233070866141
20
0.2620523622047244
11
1.0583030314960629
21
0.2626820866141732
0
LINE
8
BLACK
6
CONTINUOUS
10
1.0583030314960629
20
0.2626820866141732
11
1.0576733070866142
21
0.2642023622047244
0
LINE
8
BLACK
6
CONTINUOUS
10
1.0576733070866142
20
0.2642023622047244
11
1.0576733070866142
21
0.2648666535433071
0
LINE
8
BLACK
6
CONTINUOUS
10
1.0576733070866142
20
0.2648666535433071
11
1.0532566141732282
21
0.2648666535433071
0
LINE
8
BLACK
6
CONTINUOUS
10
1.0532566141732282
20
0.2648666535433071
11
1.0517363385826772
21
0.2654963779527559
0
LINE
8
BLACK
6
CONTINUOUS
10
1.0517363385826772
20
0.2654963779527559
11
1.0511066141732284
21
0.2670166535433071
0
LINE
8
BLACK
6
CONTINUOUS
10
1.0511066141732284
20
0.2670166535433071
11
1.0517363385826772
21
0.2685369291338582
0
LINE
8
BLACK
6
CONTINUOUS
10
1.0517363385826772
20
0.2685369291338582
11
1.0532566141732282
21
0.2691666535433071
0
LINE
8
BLACK
6
CONTINUOUS
10
1.0532566141732282
20
0.2691666535433071
11
1.0576733070866142
21
0.2691666535433071
0
LINE
8
BLACK
6
CONTINUOUS
10
1.0576733070866142
20
0.2691666535433071
11
1.0576733070866142
21
0.2734146062992126
0
LINE
8
BLACK
6
CONTINUOUS
10
1.0576733070866142
20
0.2734146062992126
11
1.0464317716535432
21
0.2696674409448819
0
LINE
8
BLACK
6
CONTINUOUS
10
1.0464317716535432
20
0.2696674409448819
11
1.0447903937007874
21
0.269784094488189
0
LINE
8
BLACK
6
CONTINUOUS
10
1.0447903937007874
20
0.269784094488189
11
1.0437122047244094
21
0.2710272440944882
0
LINE
8
BLACK
6
CONTINUOUS
10
1.0437122047244094
20
0.2710272440944882
11
1.0438288582677164
21
0.2726686220472441
0
LINE
8
BLACK
6
CONTINUOUS
10
1.0438288582677164
20
0.2726686220472441
11
1.0450720078740157
21
0.273746811023622
0
LINE
8
BLACK
6
CONTINUOUS
10
1.0450720078740157
20
0.273746811023622
11
1.0591433858267716
21
0.2784372440944882
0
LINE
8
BLACK
6
CONTINUOUS
10
1.0591433858267716
20
0.2784372440944882
11
1.0594962992125985
21
0.278412125984252
0
LINE
8
BLACK
6
CONTINUOUS
10
1.0594962992125985
20
0.278412125984252
11
1.0598233070866141
21
0.2785475984251968
0
LINE
8
BLACK
6
CONTINUOUS
10
1.0598233070866141
20
0.2785475984251968
11
1.0602857086614172
21
0.2783560236220473
0
LINE
8
BLACK
6
CONTINUOUS
10
1.0954102362204725
20
0.2760416929133858
11
1.0960399606299212
21
0.2745214173228346
0
LINE
8
BLACK
6
CONTINUOUS
10
1.0960399606299212
20
0.2745214173228346
11
1.0954102362204725
21
0.2730011417322835
0
LINE
8
BLACK
6
CONTINUOUS
10
1.0954102362204725
20
0.2730011417322835
11
1.0938899606299213
21
0.2723714173228347
0
LINE
8
BLACK
6
CONTINUOUS
10
1.0938899606299213
20
0.2723714173228347
11
1.0903336220472442
21
0.2723714173228347
0
LINE
8
BLACK
6
CONTINUOUS
10
1.0903336220472442
20
0.2723714173228347
11
1.0951799606299213
21
0.2687366535433071
0
LINE
8
BLACK
6
CONTINUOUS
10
1.0951799606299213
20
0.2687366535433071
11
1.0960183464566928
21
0.2673207086614173
0
LINE
8
BLACK
6
CONTINUOUS
10
1.0960183464566928
20
0.2673207086614173
11
1.0956099606299212
21
0.2657266535433071
0
LINE
8
BLACK
6
CONTINUOUS
10
1.0956099606299212
20
0.2657266535433071
11
1.0941940157480314
21
0.2648882677165355
0
LINE
8
BLACK
6
CONTINUOUS
10
1.0941940157480314
20
0.2648882677165355
11
1.0925999606299213
21
0.2652966535433071
0
LINE
8
BLACK
6
CONTINUOUS
10
1.0925999606299213
20
0.2652966535433071
11
1.0865869291338583
21
0.2698064173228346
0
LINE
8
BLACK
6
CONTINUOUS
10
1.0865869291338583
20
0.2698064173228346
11
1.0822768897637796
21
0.2654963779527559
0
LINE
8
BLACK
6
CONTINUOUS
10
1.0822768897637796
20
0.2654963779527559
11
1.0807566141732283
21
0.2648666535433071
0
LINE
8
BLACK
6
CONTINUOUS
10
1.0807566141732283
20
0.2648666535433071
11
1.0792363385826771
21
0.2654963779527559
0
LINE
8
BLACK
6
CONTINUOUS
10
1.0792363385826771
20
0.2654963779527559
11
1.0786066141732282
21
0.2670166535433071
0
LINE
8
BLACK
6
CONTINUOUS
10
1.0786066141732282
20
0.2670166535433071
11
1.0792363385826771
21
0.2685369291338582
0
LINE
8
BLACK
6
CONTINUOUS
10
1.0792363385826771
20
0.2685369291338582
11
1.0830708267716536
21
0.2723714173228347
0
LINE
8
BLACK
6
CONTINUOUS
10
1.0830708267716536
20
0.2723714173228347
11
1.0741899606299212
21
0.2723714173228347
0
LINE
8
BLACK
6
CONTINUOUS
10
1.0741899606299212
20
0.2723714173228347
11
1.07266968503937
21
0.2730011417322835
0
LINE
8
BLACK
6
CONTINUOUS
10
1.07266968503937
20
0.2730011417322835
11
1.0720399606299211
21
0.2745214173228346
0
LINE
8
BLACK
6
CONTINUOUS
10
1.0720399606299211
20
0.2745214173228346
11
1.07266968503937
21
0.2760416929133858
0
LINE
8
BLACK
6
CONTINUOUS
10
1.07266968503937
20
0.2760416929133858
11
1.0741899606299212
21
0.2766714173228346
0
LINE
8
BLACK
6
CONTINUOUS
10
1.0741899606299212
20
0.2766714173228346
11
1.0938899606299213
21
0.2766714173228346
0
LINE
8
BLACK
6
CONTINUOUS
10
1.0938899606299213
20
0.2766714173228346
11
1.0954102362204725
21
0.2760416929133858
0
LINE
8
BLACK
6
CONTINUOUS
10
0.3454102362204725
20
0.2860416929133858
11
0.3460399606299213
21
0.2845214173228346
0
LINE
8
BLACK
6
CONTINUOUS
10
0.3460399606299213
20
0.2845214173228346
11
0.3454102362204725
21
0.2830011417322835
0
LINE
8
BLACK
6
CONTINUOUS
10
0.3454102362204725
20
0.2830011417322835
11
0.3438899606299213
21
0.2823714173228347
0
LINE
8
BLACK
6
CONTINUOUS
10
0.3438899606299213
20
0.2823714173228347
11
0.3403336220472441
21
0.2823714173228347
0
LINE
8
BLACK
6
CONTINUOUS
10
0.3403336220472441
20
0.2823714173228347
11
0.3451799606299212
21
0.2787366535433071
0
LINE
8
BLACK
6
CONTINUOUS
10
0.3451799606299212
20
0.2787366535433071
11
0.3460183464566929
21
0.2773207086614173
0
LINE
8
BLACK
6
CONTINUOUS
10
0.3460183464566929
20
0.2773207086614173
11
0.3456099606299213
21
0.2757266535433071
0
LINE
8
BLACK
6
CONTINUOUS
10
0.3456099606299213
20
0.2757266535433071
11
0.3441940157480315
21
0.2748882677165354
0
LINE
8
BLACK
6
CONTINUOUS
10
0.3441940157480315
20
0.2748882677165354
11
0.3425999606299213
21
0.2752966535433071
0
LINE
8
BLACK
6
CONTINUOUS
10
0.3425999606299213
20
0.2752966535433071
11
0.3365869291338582
21
0.2798064173228346
0
LINE
8
BLACK
6
CONTINUOUS
10
0.3365869291338582
20
0.2798064173228346
11
0.3322768897637795
21
0.2754963779527559
0
LINE
8
BLACK
6
CONTINUOUS
10
0.3322768897637795
20
0.2754963779527559
11
0.3307566141732283
21
0.2748666535433071
0
LINE
8
BLACK
6
CONTINUOUS
10
0.3307566141732283
20
0.2748666535433071
11
0.3292363385826771
21
0.2754963779527559
0
LINE
8
BLACK
6
CONTINUOUS
10
0.3292363385826771
20
0.2754963779527559
11
0.3286066141732283
21
0.2770166535433071
0
LINE
8
BLACK
6
CONTINUOUS
10
0.3286066141732283
20
0.2770166535433071
11
0.3292363385826771
21
0.2785369291338582
0
LINE
8
BLACK
6
CONTINUOUS
10
0.3292363385826771
20
0.2785369291338582
11
0.3330708267716536
21
0.2823714173228347
0
LINE
8
BLACK
6
CONTINUOUS
10
0.3330708267716536
20
0.2823714173228347
11
0.3241899606299212
21
0.2823714173228347
0
LINE
8
BLACK
6
CONTINUOUS
10
0.3241899606299212
20
0.2823714173228347
11
0.32266968503937
21
0.2830011417322835
0
LINE
8
BLACK
6
CONTINUOUS
10
0.32266968503937
20
0.2830011417322835
11
0.3220399606299212
21
0.2845214173228346
0
LINE
8
BLACK
6
CONTINUOUS
10
0.3220399606299212
20
0.2845214173228346
11
0.32266968503937
21
0.2860416929133858
0
LINE
8
BLACK
6
CONTINUOUS
10
0.32266968503937
20
0.2860416929133858
11
0.3241899606299212
21
0.2866714173228346
0
LINE
8
BLACK
6
CONTINUOUS
10
0.3241899606299212
20
0.2866714173228346
11
0.3438899606299213
21
0.2866714173228346
0
LINE
8
BLACK
6
CONTINUOUS
10
0.3438899606299213
20
0.2866714173228346
11
0.3454102362204725
21
0.2860416929133858
0
LINE
8
BLACK
6
CONTINUOUS
10
1.0866370472440945
20
0.2962670866141732
11
1.086906653543307
21
0.2963072047244095
0
LINE
8
BLACK
6
CONTINUOUS
10
1.086906653543307
20
0.2963072047244095
11
1.0906590551181101
21
0.2953691338582677
0
LINE
8
BLACK
6
CONTINUOUS
10
1.0906590551181101
20
0.2953691338582677
11
1.0908553937007874
21
0.2952236220472441
0
LINE
8
BLACK
6
CONTINUOUS
10
1.0908553937007874
20
0.2952236220472441
11
1.0910990944881889
21
0.2952063385826771
0
LINE
8
BLACK
6
CONTINUOUS
10
1.0910990944881889
20
0.2952063385826771
11
1.0929752755905511
21
0.2942682677165354
0
LINE
8
BLACK
6
CONTINUOUS
10
1.0929752755905511
20
0.2942682677165354
11
1.093207125984252
21
0.294000905511811
0
LINE
8
BLACK
6
CONTINUOUS
10
1.093207125984252
20
0.294000905511811
11
1.0935340551181103
21
0.2938655118110236
0
LINE
8
BLACK
6
CONTINUOUS
10
1.0935340551181103
20
0.2938655118110236
11
1.0944721653543308
21
0.2929274015748031
0
LINE
8
BLACK
6
CONTINUOUS
10
1.0944721653543308
20
0.2929274015748031
11
1.0946075590551181
21
0.2926004724409449
0
LINE
8
BLACK
6
CONTINUOUS
10
1.0946075590551181
20
0.2926004724409449
11
1.0948749212598425
21
0.2923686220472441
0
LINE
8
BLACK
6
CONTINUOUS
10
1.0948749212598425
20
0.2923686220472441
11
1.0958129921259843
21
0.2904924409448819
0
LINE
8
BLACK
6
CONTINUOUS
10
1.0958129921259843
20
0.2904924409448819
11
1.0958484251968503
21
0.2899932677165354
0
LINE
8
BLACK
6
CONTINUOUS
10
1.0958484251968503
20
0.2899932677165354
11
1.0960399606299212
21
0.2895309448818897
0
LINE
8
BLACK
6
CONTINUOUS
10
1.0960399606299212
20
0.2895309448818897
11
1.0960399606299212
21
0.2876547637795275
0
LINE
8
BLACK
6
CONTINUOUS
10
1.0960399606299212
20
0.2876547637795275
11
1.0958484251968503
21
0.2871924015748031
0
LINE
8
BLACK
6
CONTINUOUS
10
1.0958484251968503
20
0.2871924015748031
11
1.0958129921259843
21
0.2866933070866142
0
LINE
8
BLACK
6
CONTINUOUS
10
1.0958129921259843
20
0.2866933070866142
11
1.0948749212598425
21
0.2848170472440945
0
LINE
8
BLACK
6
CONTINUOUS
10
1.0948749212598425
20
0.2848170472440945
11
1.0946075196850393
21
0.2845851574803149
0
LINE
8
BLACK
6
CONTINUOUS
10
1.0946075196850393
20
0.2845851574803149
11
1.094472125984252
21
0.2842582283464567
0
LINE
8
BLACK
6
CONTINUOUS
10
1.094472125984252
20
0.2842582283464567
11
1.0935340157480316
21
0.283320157480315
0
LINE
8
BLACK
6
CONTINUOUS
10
1.0935340157480316
20
0.283320157480315
11
1.093207125984252
21
0.2831847637795276
0
LINE
8
BLACK
6
CONTINUOUS
10
1.093207125984252
20
0.2831847637795276
11
1.0929753149606298
21
0.2829174409448819
0
LINE
8
BLACK
6
CONTINUOUS
10
1.0929753149606298
20
0.2829174409448819
11
1.0910991338582676
21
0.2819793700787401
0
LINE
8
BLACK
6
CONTINUOUS
10
1.0910991338582676
20
0.2819793700787401
11
1.0908553937007874
21
0.2819620078740158
0
LINE
8
BLACK
6
CONTINUOUS
10
1.0908553937007874
20
0.2819620078740158
11
1.0906590157480314
21
0.2818165354330708
0
LINE
8
BLACK
6
CONTINUOUS
10
1.0906590157480314
20
0.2818165354330708
11
1.0869066141732284
21
0.2808784645669291
0
LINE
8
BLACK
6
CONTINUOUS
10
1.0869066141732284
20
0.2808784645669291
11
1.086636968503937
21
0.2809185826771654
0
LINE
8
BLACK
6
CONTINUOUS
10
1.086636968503937
20
0.2809185826771654
11
1.0863851968503937
21
0.2808142913385827
0
LINE
8
BLACK
6
CONTINUOUS
10
1.0863851968503937
20
0.2808142913385827
11
1.0816947244094488
21
0.2808142913385827
0
LINE
8
BLACK
6
CONTINUOUS
10
1.0816947244094488
20
0.2808142913385827
11
1.081442874015748
21
0.2809185826771654
0
LINE
8
BLACK
6
CONTINUOUS
10
1.081442874015748
20
0.2809185826771654
11
1.0811732677165353
21
0.2808784645669291
0
LINE
8
BLACK
6
CONTINUOUS
10
1.0811732677165353
20
0.2808784645669291
11
1.0774209055118109
21
0.2818165354330708
0
LINE
8
BLACK
6
CONTINUOUS
10
1.0774209055118109
20
0.2818165354330708
11
1.0772245275590551
21
0.2819620078740158
0
LINE
8
BLACK
6
CONTINUOUS
10
1.0772245275590551
20
0.2819620078740158
11
1.0769808661417322
21
0.2819793307086614
0
LINE
8
BLACK
6
CONTINUOUS
10
1.0769808661417322
20
0.2819793307086614
11
1.0751046456692912
21
0.2829174409448819
0
LINE
8
BLACK
6
CONTINUOUS
10
1.0751046456692912
20
0.2829174409448819
11
1.0748727559055118
21
0.2831847637795276
0
LINE
8
BLACK
6
CONTINUOUS
10
1.0748727559055118
20
0.2831847637795276
11
1.0745458661417322
21
0.2833201968503937
0
LINE
8
BLACK
6
CONTINUOUS
10
1.0745458661417322
20
0.2833201968503937
11
1.0736077952755905
21
0.2842582677165355
0
LINE
8
BLACK
6
CONTINUOUS
10
1.0736077952755905
20
0.2842582677165355
11
1.0734723622047244
21
0.2845851574803149
0
LINE
8
BLACK
6
CONTINUOUS
10
1.0734723622047244
20
0.2845851574803149
11
1.0732050393700787
21
0.2848170472440945
0
LINE
8
BLACK
6
CONTINUOUS
10
1.0732050393700787
20
0.2848170472440945
11
1.0722669291338582
21
0.2866932677165354
0
LINE
8
BLACK
6
CONTINUOUS
10
1.0722669291338582
20
0.2866932677165354
11
1.0722314566929134
21
0.2871924015748031
0
LINE
8
BLACK
6
CONTINUOUS
10
1.0722314566929134
20
0.2871924015748031
11
1.0720399606299211
21
0.2876547637795275
0
LINE
8
BLACK
6
CONTINUOUS
10
1.0720399606299211
20
0.2876547637795275
11
1.0720399606299211
21
0.2895309448818897
0
LINE
8
BLACK
6
CONTINUOUS
10
1.0720399606299211
20
0.2895309448818897
11
1.0722314566929134
21
0.2899933070866142
0
LINE
8
BLACK
6
CONTINUOUS
10
1.0722314566929134
20
0.2899933070866142
11
1.072266968503937
21
0.2904924803149606
0
LINE
8
BLACK
6
CONTINUOUS
10
1.072266968503937
20
0.2904924803149606
11
1.0732050393700787
21
0.2923686614173228
0
LINE
8
BLACK
6
CONTINUOUS
10
1.0732050393700787
20
0.2923686614173228
11
1.0734723622047244
21
0.2926004724409449
0
LINE
8
BLACK
6
CONTINUOUS
10
1.0734723622047244
20
0.2926004724409449
11
1.0736077559055117
21
0.2929273622047244
0
LINE
8
BLACK
6
CONTINUOUS
10
1.0736077559055117
20
0.2929273622047244
11
1.0745458267716534
21
0.2938654724409449
0
LINE
8
BLACK
6
CONTINUOUS
10
1.0745458267716534
20
0.2938654724409449
11
1.0748727559055118
21
0.2940008661417323
0
LINE
8
BLACK
6
CONTINUOUS
10
1.0748727559055118
20
0.2940008661417323
11
1.0751046456692912
21
0.2942682677165354
0
LINE
8
BLACK
6
CONTINUOUS
10
1.0751046456692912
20
0.2942682677165354
11
1.0769809055118109
21
0.2952063385826771
0
LINE
8
BLACK
6
CONTINUOUS
10
1.0769809055118109
20
0.2952063385826771
11
1.0772246062992126
21
0.2952236220472441
0
LINE
8
BLACK
6
CONTINUOUS
10
1.0772246062992126
20
0.2952236220472441
11
1.0774209055118109
21
0.295369094488189
0
LINE
8
BLACK
6
CONTINUOUS
10
1.0774209055118109
20
0.295369094488189
11
1.0811732283464566
21
0.2963072047244095
0
LINE
8
BLACK
6
CONTINUOUS
10
1.0811732283464566
20
0.2963072047244095
11
1.0814428346456693
21
0.2962670866141732
0
LINE
8
BLACK
6
CONTINUOUS
10
1.0814428346456693
20
0.2962670866141732
11
1.0816947244094488
21
0.2963714173228346
0
LINE
8
BLACK
6
CONTINUOUS
10
1.0816947244094488
20
0.2963714173228346
11
1.0863851968503937
21
0.2963714173228346
0
LINE
8
BLACK
6
CONTINUOUS
10
1.0863851968503937
20
0.2963714173228346
11
1.0866370472440945
21
0.2962670866141732
0
LINE
8
BLACK
6
CONTINUOUS
10
1.0786928346456692
20
0.2912547637795275
11
1.0773396850393702
21
0.2905781889763779
0
LINE
8
BLACK
6
CONTINUOUS
10
1.0773396850393702
20
0.2905781889763779
11
1.0768950393700787
21
0.2901335433070866
0
LINE
8
BLACK
6
CONTINUOUS
10
1.0768950393700787
20
0.2901335433070866
11
1.0763399606299213
21
0.2890233858267717
0
LINE
8
BLACK
6
CONTINUOUS
10
1.0763399606299213
20
0.2890233858267717
11
1.0763399606299213
21
0.2881623228346457
0
LINE
8
BLACK
6
CONTINUOUS
10
1.0763399606299213
20
0.2881623228346457
11
1.0768950787401574
21
0.2870520866141732
0
LINE
8
BLACK
6
CONTINUOUS
10
1.0768950787401574
20
0.2870520866141732
11
1.0773396850393702
21
0.2866074803149606
0
LINE
8
BLACK
6
CONTINUOUS
10
1.0773396850393702
20
0.2866074803149606
11
1.0786926771653542
21
0.2859309448818897
0
LINE
8
BLACK
6
CONTINUOUS
10
1.0786926771653542
20
0.2859309448818897
11
1.0819594488188977
21
0.2851142913385827
0
LINE
8
BLACK
6
CONTINUOUS
10
1.0819594488188977
20
0.2851142913385827
11
1.0861204724409448
21
0.2851142913385827
0
LINE
8
BLACK
6
CONTINUOUS
10
1.0861204724409448
20
0.2851142913385827
11
1.0893872834645668
21
0.2859309842519685
0
LINE
8
BLACK
6
CONTINUOUS
10
1.0893872834645668
20
0.2859309842519685
11
1.0907401968503936
21
0.2866074409448819
0
LINE
8
BLACK
6
CONTINUOUS
10
1.0907401968503936
20
0.2866074409448819
11
1.0911848425196851
21
0.2870520866141732
0
LINE
8
BLACK
6
CONTINUOUS
10
1.0911848425196851
20
0.2870520866141732
11
1.0917399606299212
21
0.2881622834645669
0
LINE
8
BLACK
6
CONTINUOUS
10
1.0917399606299212
20
0.2881622834645669
11
1.0917399606299212
21
0.2890233858267717
0
LINE
8
BLACK
6
CONTINUOUS
10
1.0917399606299212
20
0.2890233858267717
11
1.0911848425196851
21
0.2901335826771653
0
LINE
8
BLACK
6
CONTINUOUS
10
1.0911848425196851
20
0.2901335826771653
11
1.0907402362204723
21
0.2905781889763779
0
LINE
8
BLACK
6
CONTINUOUS
10
1.0907402362204723
20
0.2905781889763779
11
1.0893870866141733
21
0.2912547637795275
0
LINE
8
BLACK
6
CONTINUOUS
10
1.0893870866141733
20
0.2912547637795275
11
1.086120590551181
21
0.2920714173228346
0
LINE
8
BLACK
6
CONTINUOUS
10
1.086120590551181
20
0.2920714173228346
11
1.0819594881889762
21
0.2920714173228346
0
LINE
8
BLACK
6
CONTINUOUS
10
1.0819594881889762
20
0.2920714173228346
11
1.0786928346456692
21
0.2912547637795275
0
LINE
8
BLACK
6
CONTINUOUS
10
1.0679102362204724
20
0.297617874015748
11
1.0685399606299213
21
0.2960975984251968
0
LINE
8
BLACK
6
CONTINUOUS
10
1.0685399606299213
20
0.2960975984251968
11
1.0685399606299213
21
0.2839023622047244
0
LINE
8
BLACK
6
CONTINUOUS
10
1.0685399606299213
20
0.2839023622047244
11
1.0679102362204724
21
0.2823820866141732
0
LINE
8
BLACK
6
CONTINUOUS
10
1.0679102362204724
20
0.2823820866141732
11
1.0663899606299212
21
0.2817523622047244
0
LINE
8
BLACK
6
CONTINUOUS
10
1.0663899606299212
20
0.2817523622047244
11
1.06486968503937
21
0.2823820866141732
0
LINE
8
BLACK
6
CONTINUOUS
10
1.06486968503937
20
0.2823820866141732
11
1.0642399606299213
21
0.2839023622047244
0
LINE
8
BLACK
6
CONTINUOUS
10
1.0642399606299213
20
0.2839023622047244
11
1.0642399606299213
21
0.2909070078740157
0
LINE
8
BLACK
6
CONTINUOUS
10
1.0642399606299213
20
0.2909070078740157
11
1.0566531102362204
21
0.283320157480315
0
LINE
8
BLACK
6
CONTINUOUS
10
1.0566531102362204
20
0.283320157480315
11
1.056190748031496
21
0.2831286220472441
0
LINE
8
BLACK
6
CONTINUOUS
10
1.056190748031496
20
0.2831286220472441
11
1.0558126771653542
21
0.2828007480314961
0
LINE
8
BLACK
6
CONTINUOUS
10
1.0558126771653542
20
0.2828007480314961
11
1.0529984251968503
21
0.2818626771653543
0
LINE
8
BLACK
6
CONTINUOUS
10
1.0529984251968503
20
0.2818626771653543
11
1.0526454330708661
21
0.2818877559055118
0
LINE
8
BLACK
6
CONTINUOUS
10
1.0526454330708661
20
0.2818877559055118
11
1.0523185433070865
21
0.2817523622047244
0
LINE
8
BLACK
6
CONTINUOUS
10
1.0523185433070865
20
0.2817523622047244
11
1.0504423622047243
21
0.2817523622047244
0
LINE
8
BLACK
6
CONTINUOUS
10
1.0504423622047243
20
0.2817523622047244
11
1.0499799999999999
21
0.2819438582677165
0
LINE
8
BLACK
6
CONTINUOUS
10
1.0499799999999999
20
0.2819438582677165
11
1.0494809055118111
21
0.2819793307086614
0
LINE
8
BLACK
6
CONTINUOUS
10
1.0494809055118111
20
0.2819793307086614
11
1.0476046456692913
21
0.2829174015748032
0
LINE
8
BLACK
6
CONTINUOUS
10
1.0476046456692913
20
0.2829174015748032
11
1.0473727559055117
21
0.2831847637795276
0
LINE
8
BLACK
6
CONTINUOUS
10
1.0473727559055117
20
0.2831847637795276
11
1.0470458267716536
21
0.2833201968503937
0
LINE
8
BLACK
6
CONTINUOUS
10
1.0470458267716536
20
0.2833201968503937
11
1.0461077559055119
21
0.2842583070866141
0
LINE
8
BLACK
6
CONTINUOUS
10
1.0461077559055119
20
0.2842583070866141
11
1.0459723622047243
21
0.2845851574803149
0
LINE
8
BLACK
6
CONTINUOUS
10
1.0459723622047243
20
0.2845851574803149
11
1.0457050393700786
21
0.2848170078740158
0
LINE
8
BLACK
6
CONTINUOUS
10
1.0457050393700786
20
0.2848170078740158
11
1.0447669685039369
21
0.286693188976378
0
LINE
8
BLACK
6
CONTINUOUS
10
1.0447669685039369
20
0.286693188976378
11
1.0447314566929133
21
0.2871923228346457
0
LINE
8
BLACK
6
CONTINUOUS
10
1.0447314566929133
20
0.2871923228346457
11
1.0445399606299213
21
0.2876547244094488
0
LINE
8
BLACK
6
CONTINUOUS
10
1.0445399606299213
20
0.2876547244094488
11
1.0445399606299213
21
0.2923451968503937
0
LINE
8
BLACK
6
CONTINUOUS
10
1.0445399606299213
20
0.2923451968503937
11
1.0447314566929133
21
0.2928075590551181
0
LINE
8
BLACK
6
CONTINUOUS
10
1.0447314566929133
20
0.2928075590551181
11
1.0447669685039369
21
0.2933067322834645
0
LINE
8
BLACK
6
CONTINUOUS
10
1.0447669685039369
20
0.2933067322834645
11
1.0457050393700786
21
0.2951829133858268
0
LINE
8
BLACK
6
CONTINUOUS
10
1.0457050393700786
20
0.2951829133858268
11
1.0459723622047243
21
0.2954147244094488
0
LINE
8
BLACK
6
CONTINUOUS
10
1.0459723622047243
20
0.2954147244094488
11
1.0461077559055119
21
0.2957416141732284
0
LINE
8
BLACK
6
CONTINUOUS
10
1.0461077559055119
20
0.2957416141732284
11
1.0470458267716536
21
0.2966797244094488
0
LINE
8
BLACK
6
CONTINUOUS
10
1.0470458267716536
20
0.2966797244094488
11
1.0485661023622046
21
0.2973094881889763
0
LINE
8
BLACK
6
CONTINUOUS
10
1.0485661023622046
20
0.2973094881889763
11
1.0500863779527558
21
0.2966798031496063
0
LINE
8
BLACK
6
CONTINUOUS
10
1.0500863779527558
20
0.2966798031496063
11
1.0507161417322834
21
0.2951595275590551
0
LINE
8
BLACK
6
CONTINUOUS
10
1.0507161417322834
20
0.2951595275590551
11
1.0500864566929133
21
0.2936392519685039
0
LINE
8
BLACK
6
CONTINUOUS
10
1.0500864566929133
20
0.2936392519685039
11
1.0493950393700786
21
0.2929477952755906
0
LINE
8
BLACK
6
CONTINUOUS
10
1.0493950393700786
20
0.2929477952755906
11
1.0488399606299212
21
0.2918376377952756
0
LINE
8
BLACK
6
CONTINUOUS
10
1.0488399606299212
20
0.2918376377952756
11
1.0488399606299212
21
0.2881622440944882
0
LINE
8
BLACK
6
CONTINUOUS
10
1.0488399606299212
20
0.2881622440944882
11
1.0493950393700786
21
0.2870520866141732
0
LINE
8
BLACK
6
CONTINUOUS
10
1.0493950393700786
20
0.2870520866141732
11
1.0498396850393701
21
0.2866074409448819
0
LINE
8
BLACK
6
CONTINUOUS
10
1.0498396850393701
20
0.2866074409448819
11
1.0509499212598425
21
0.2860523622047244
0
LINE
8
BLACK
6
CONTINUOUS
10
1.0509499212598425
20
0.2860523622047244
11
1.0519696062992125
21
0.2860523622047244
0
LINE
8
BLACK
6
CONTINUOUS
10
1.0519696062992125
20
0.2860523622047244
11
1.0539714566929133
21
0.2867196062992126
0
LINE
8
BLACK
6
CONTINUOUS
10
1.0539714566929133
20
0.2867196062992126
11
1.06486968503937
21
0.297617874015748
0
LINE
8
BLACK
6
CONTINUOUS
10
1.06486968503937
20
0.297617874015748
11
1.0663899606299212
21
0.2982475984251968
0
LINE
8
BLACK
6
CONTINUOUS
10
1.0663899606299212
20
0.2982475984251968
11
1.0679102362204724
21
0.297617874015748
0
LINE
8
BLACK
6
CONTINUOUS
10
0.3710340551181102
20
0.2982369291338582
11
0.3719721653543307
21
0.2972988188976378
0
LINE
8
BLACK
6
CONTINUOUS
10
0.3719721653543307
20
0.2972988188976378
11
0.3721075590551181
21
0.2969718897637795
0
LINE
8
BLACK
6
CONTINUOUS
10
0.3721075590551181
20
0.2969718897637795
11
0.3723749212598425
21
0.2967400393700788
0
LINE
8
BLACK
6
CONTINUOUS
10
0.3723749212598425
20
0.2967400393700788
11
0.3733129921259842
21
0.2948638582677165
0
LINE
8
BLACK
6
CONTINUOUS
10
0.3733129921259842
20
0.2948638582677165
11
0.3733484251968504
21
0.2943646850393701
0
LINE
8
BLACK
6
CONTINUOUS
10
0.3733484251968504
20
0.2943646850393701
11
0.3735399606299212
21
0.2939023622047244
0
LINE
8
BLACK
6
CONTINUOUS
10
0.3735399606299212
20
0.2939023622047244
11
0.3735399606299212
21
0.2882737795275591
0
LINE
8
BLACK
6
CONTINUOUS
10
0.3735399606299212
20
0.2882737795275591
11
0.3733484251968504
21
0.2878114173228347
0
LINE
8
BLACK
6
CONTINUOUS
10
0.3733484251968504
20
0.2878114173228347
11
0.3733129921259842
21
0.2873122834645669
0
LINE
8
BLACK
6
CONTINUOUS
10
0.3733129921259842
20
0.2873122834645669
11
0.3723749212598425
21
0.2854361023622047
0
LINE
8
BLACK
6
CONTINUOUS
10
0.3723749212598425
20
0.2854361023622047
11
0.3721075590551181
21
0.2852042125984252
0
LINE
8
BLACK
6
CONTINUOUS
10
0.3721075590551181
20
0.2852042125984252
11
0.3719721653543307
21
0.2848773228346457
0
LINE
8
BLACK
6
CONTINUOUS
10
0.3719721653543307
20
0.2848773228346457
11
0.3710340551181102
21
0.2839392125984252
0
LINE
8
BLACK
6
CONTINUOUS
10
0.3710340551181102
20
0.2839392125984252
11
0.370707125984252
21
0.283803779527559
0
LINE
8
BLACK
6
CONTINUOUS
10
0.370707125984252
20
0.283803779527559
11
0.3704752755905512
21
0.2835364566929134
0
LINE
8
BLACK
6
CONTINUOUS
10
0.3704752755905512
20
0.2835364566929134
11
0.3685990944881889
21
0.2825983858267717
0
LINE
8
BLACK
6
CONTINUOUS
10
0.3685990944881889
20
0.2825983858267717
11
0.3680999212598425
21
0.2825629133858268
0
LINE
8
BLACK
6
CONTINUOUS
10
0.3680999212598425
20
0.2825629133858268
11
0.3676375984251968
21
0.2823714173228347
0
LINE
8
BLACK
6
CONTINUOUS
10
0.3676375984251968
20
0.2823714173228347
11
0.3629471259842519
21
0.2823714173228347
0
LINE
8
BLACK
6
CONTINUOUS
10
0.3629471259842519
20
0.2823714173228347
11
0.3624847637795275
21
0.2825629133858268
0
LINE
8
BLACK
6
CONTINUOUS
10
0.3624847637795275
20
0.2825629133858268
11
0.3619856692913386
21
0.2825983858267717
0
LINE
8
BLACK
6
CONTINUOUS
10
0.3619856692913386
20
0.2825983858267717
11
0.3601094094488189
21
0.2835364566929134
0
LINE
8
BLACK
6
CONTINUOUS
10
0.3601094094488189
20
0.2835364566929134
11
0.3598775196850393
21
0.2838038188976378
0
LINE
8
BLACK
6
CONTINUOUS
10
0.3598775196850393
20
0.2838038188976378
11
0.3595505905511811
21
0.2839392519685039
0
LINE
8
BLACK
6
CONTINUOUS
10
0.3595505905511811
20
0.2839392519685039
11
0.3586125196850394
21
0.2848773622047244
0
LINE
8
BLACK
6
CONTINUOUS
10
0.3586125196850394
20
0.2848773622047244
11
0.358477125984252
21
0.2852042125984252
0
LINE
8
BLACK
6
CONTINUOUS
10
0.358477125984252
20
0.2852042125984252
11
0.3582098031496063
21
0.285436062992126
0
LINE
8
BLACK
6
CONTINUOUS
10
0.3582098031496063
20
0.285436062992126
11
0.3575373228346457
21
0.2867809842519685
0
LINE
8
BLACK
6
CONTINUOUS
10
0.3575373228346457
20
0.2867809842519685
11
0.3531057480314961
21
0.2829033858267717
0
LINE
8
BLACK
6
CONTINUOUS
10
0.3531057480314961
20
0.2829033858267717
11
0.3523890551181103
21
0.2826609842519685
0
LINE
8
BLACK
6
CONTINUOUS
10
0.3523890551181103
20
0.2826609842519685
11
0.3516899606299212
21
0.2823714173228347
0
LINE
8
BLACK
6
CONTINUOUS
10
0.3516899606299212
20
0.2823714173228347
11
0.3516193307086614
21
0.2824006692913386
0
LINE
8
BLACK
6
CONTINUOUS
10
0.3516193307086614
20
0.2824006692913386
11
0.3515469291338583
21
0.2823761811023622
0
LINE
8
BLACK
6
CONTINUOUS
10
0.3515469291338583
20
0.2823761811023622
11
0.3508686220472441
21
0.2827116141732283
0
LINE
8
BLACK
6
CONTINUOUS
10
0.3508686220472441
20
0.2827116141732283
11
0.3501696850393701
21
0.2830011417322835
0
LINE
8
BLACK
6
CONTINUOUS
10
0.3501696850393701
20
0.2830011417322835
11
0.3501404330708661
21
0.2830717322834645
0
LINE
8
BLACK
6
CONTINUOUS
10
0.3501404330708661
20
0.2830717322834645
11
0.3500719291338583
21
0.2831056299212598
0
LINE
8
BLACK
6
CONTINUOUS
10
0.3500719291338583
20
0.2831056299212598
11
0.3498295275590551
21
0.2838222834645669
0
LINE
8
BLACK
6
CONTINUOUS
10
0.3498295275590551
20
0.2838222834645669
11
0.3495399606299213
21
0.2845214173228346
0
LINE
8
BLACK
6
CONTINUOUS
10
0.3495399606299213
20
0.2845214173228346
11
0.3495399606299213
21
0.2967166535433071
0
LINE
8
BLACK
6
CONTINUOUS
10
0.3495399606299213
20
0.2967166535433071
11
0.3501696850393701
21
0.2982369291338582
0
LINE
8
BLACK
6
CONTINUOUS
10
0.3501696850393701
20
0.2982369291338582
11
0.3516899606299212
21
0.2988666535433071
0
LINE
8
BLACK
6
CONTINUOUS
10
0.3516899606299212
20
0.2988666535433071
11
0.3532102362204724
21
0.2982369291338582
0
LINE
8
BLACK
6
CONTINUOUS
10
0.3532102362204724
20
0.2982369291338582
11
0.3538399606299212
21
0.2967166535433071
0
LINE
8
BLACK
6
CONTINUOUS
10
0.3538399606299212
20
0.2967166535433071
11
0.3538399606299212
21
0.2892594881889763
0
LINE
8
BLACK
6
CONTINUOUS
10
0.3538399606299212
20
0.2892594881889763
11
0.357778937007874
21
0.2927061023622047
0
LINE
8
BLACK
6
CONTINUOUS
10
0.357778937007874
20
0.2927061023622047
11
0.3584955905511811
21
0.2929484645669291
0
LINE
8
BLACK
6
CONTINUOUS
10
0.3584955905511811
20
0.2929484645669291
11
0.3591947244094488
21
0.2932380708661417
0
LINE
8
BLACK
6
CONTINUOUS
10
0.3591947244094488
20
0.2932380708661417
11
0.3592653149606299
21
0.293208779527559
0
LINE
8
BLACK
6
CONTINUOUS
10
0.3592653149606299
20
0.293208779527559
11
0.3593377559055118
21
0.2932333070866142
0
LINE
8
BLACK
6
CONTINUOUS
10
0.3593377559055118
20
0.2932333070866142
11
0.3600160236220472
21
0.2928978346456693
0
LINE
8
BLACK
6
CONTINUOUS
10
0.3600160236220472
20
0.2928978346456693
11
0.360715
21
0.2926083464566929
0
LINE
8
BLACK
6
CONTINUOUS
10
0.360715
20
0.2926083464566929
11
0.3607442125984252
21
0.2925377165354331
0
LINE
8
BLACK
6
CONTINUOUS
10
0.3607442125984252
20
0.2925377165354331
11
0.3608127559055118
21
0.2925038582677165
0
LINE
8
BLACK
6
CONTINUOUS
10
0.3608127559055118
20
0.2925038582677165
11
0.3610551181102362
21
0.2917871653543307
0
LINE
8
BLACK
6
CONTINUOUS
10
0.3610551181102362
20
0.2917871653543307
11
0.3613447244094488
21
0.2910880708661417
0
LINE
8
BLACK
6
CONTINUOUS
10
0.3613447244094488
20
0.2910880708661417
11
0.3613447244094488
21
0.2887812992125984
0
LINE
8
BLACK
6
CONTINUOUS
10
0.3613447244094488
20
0.2887812992125984
11
0.3618998031496063
21
0.2876711417322835
0
LINE
8
BLACK
6
CONTINUOUS
10
0.3618998031496063
20
0.2876711417322835
11
0.3623444488188976
21
0.2872264960629921
0
LINE
8
BLACK
6
CONTINUOUS
10
0.3623444488188976
20
0.2872264960629921
11
0.3634546850393701
21
0.2866714173228346
0
LINE
8
BLACK
6
CONTINUOUS
10
0.3634546850393701
20
0.2866714173228346
11
0.3671300393700787
21
0.2866714173228346
0
LINE
8
BLACK
6
CONTINUOUS
10
0.3671300393700787
20
0.2866714173228346
11
0.3682402362204724
21
0.2872264960629921
0
LINE
8
BLACK
6
CONTINUOUS
10
0.3682402362204724
20
0.2872264960629921
11
0.368684842519685
21
0.2876711023622047
0
LINE
8
BLACK
6
CONTINUOUS
10
0.368684842519685
20
0.2876711023622047
11
0.3692399606299213
21
0.2887812992125984
0
LINE
8
BLACK
6
CONTINUOUS
10
0.3692399606299213
20
0.2887812992125984
11
0.3692399606299213
21
0.2933948031496063
0
LINE
8
BLACK
6
CONTINUOUS
10
0.3692399606299213
20
0.2933948031496063
11
0.368684842519685
21
0.294505
0
LINE
8
BLACK
6
CONTINUOUS
10
0.368684842519685
20
0.294505
11
0.3679935039370079
21
0.2951963779527559
0
LINE
8
BLACK
6
CONTINUOUS
10
0.3679935039370079
20
0.2951963779527559
11
0.3673637795275591
21
0.2967166535433071
0
LINE
8
BLACK
6
CONTINUOUS
10
0.3673637795275591
20
0.2967166535433071
11
0.3679935039370079
21
0.2982369291338582
0
LINE
8
BLACK
6
CONTINUOUS
10
0.3679935039370079
20
0.2982369291338582
11
0.369513779527559
21
0.2988666535433071
0
LINE
8
BLACK
6
CONTINUOUS
10
0.369513779527559
20
0.2988666535433071
11
0.3710340551181102
21
0.2982369291338582
0
LINE
8
BLACK
6
CONTINUOUS
10
0.3366370472440945
20
0.3062670866141732
11
0.3369066535433071
21
0.3063072047244094
0
LINE
8
BLACK
6
CONTINUOUS
10
0.3369066535433071
20
0.3063072047244094
11
0.3406590551181102
21
0.3053691338582677
0
LINE
8
BLACK
6
CONTINUOUS
10
0.3406590551181102
20
0.3053691338582677
11
0.3408553937007874
21
0.3052236220472441
0
LINE
8
BLACK
6
CONTINUOUS
10
0.3408553937007874
20
0.3052236220472441
11
0.341099094488189
21
0.3052063385826772
0
LINE
8
BLACK
6
CONTINUOUS
10
0.341099094488189
20
0.3052063385826772
11
0.3429752755905512
21
0.3042682677165354
0
LINE
8
BLACK
6
CONTINUOUS
10
0.3429752755905512
20
0.3042682677165354
11
0.343207125984252
21
0.304000905511811
0
LINE
8
BLACK
6
CONTINUOUS
10
0.343207125984252
20
0.304000905511811
11
0.3435340551181102
21
0.3038655118110236
0
LINE
8
BLACK
6
CONTINUOUS
10
0.3435340551181102
20
0.3038655118110236
11
0.3444721653543307
21
0.3029274015748031
0
LINE
8
BLACK
6
CONTINUOUS
10
0.3444721653543307
20
0.3029274015748031
11
0.3446075590551181
21
0.3026004724409449
0
LINE
8
BLACK
6
CONTINUOUS
10
0.3446075590551181
20
0.3026004724409449
11
0.3448749212598425
21
0.3023686220472441
0
LINE
8
BLACK
6
CONTINUOUS
10
0.3448749212598425
20
0.3023686220472441
11
0.3458129921259843
21
0.3004924409448819
0
LINE
8
BLACK
6
CONTINUOUS
10
0.3458129921259843
20
0.3004924409448819
11
0.3458484251968504
21
0.2999932677165354
0
LINE
8
BLACK
6
CONTINUOUS
10
0.3458484251968504
20
0.2999932677165354
11
0.3460399606299213
21
0.2995309448818897
0
LINE
8
BLACK
6
CONTINUOUS
10
0.3460399606299213
20
0.2995309448818897
11
0.3460399606299213
21
0.2976547637795275
0
LINE
8
BLACK
6
CONTINUOUS
10
0.3460399606299213
20
0.2976547637795275
11
0.3458484251968504
21
0.2971924015748031
0
LINE
8
BLACK
6
CONTINUOUS
10
0.3458484251968504
20
0.2971924015748031
11
0.3458129921259843
21
0.2966933070866142
0
LINE
8
BLACK
6
CONTINUOUS
10
0.3458129921259843
20
0.2966933070866142
11
0.3448749212598425
21
0.2948170472440945
0
LINE
8
BLACK
6
CONTINUOUS
10
0.3448749212598425
20
0.2948170472440945
11
0.3446075196850394
21
0.2945851574803149
0
LINE
8
BLACK
6
CONTINUOUS
10
0.3446075196850394
20
0.2945851574803149
11
0.344472125984252
21
0.2942582283464567
0
LINE
8
BLACK
6
CONTINUOUS
10
0.344472125984252
20
0.2942582283464567
11
0.3435340157480315
21
0.293320157480315
0
LINE
8
BLACK
6
CONTINUOUS
10
0.3435340157480315
20
0.293320157480315
11
0.343207125984252
21
0.2931847637795276
0
LINE
8
BLACK
6
CONTINUOUS
10
0.343207125984252
20
0.2931847637795276
11
0.3429753149606299
21
0.2929174409448819
0
LINE
8
BLACK
6
CONTINUOUS
10
0.3429753149606299
20
0.2929174409448819
11
0.3410991338582677
21
0.2919793700787401
0
LINE
8
BLACK
6
CONTINUOUS
10
0.3410991338582677
20
0.2919793700787401
11
0.3408553937007874
21
0.2919620078740157
0
LINE
8
BLACK
6
CONTINUOUS
10
0.3408553937007874
20
0.2919620078740157
11
0.3406590157480315
21
0.2918165354330708
0
LINE
8
BLACK
6
CONTINUOUS
10
0.3406590157480315
20
0.2918165354330708
11
0.3369066141732283
21
0.2908784645669291
0
LINE
8
BLACK
6
CONTINUOUS
10
0.3369066141732283
20
0.2908784645669291
11
0.336636968503937
21
0.2909185826771654
0
LINE
8
BLACK
6
CONTINUOUS
10
0.336636968503937
20
0.2909185826771654
11
0.3363851968503937
21
0.2908142913385827
0
LINE
8
BLACK
6
CONTINUOUS
10
0.3363851968503937
20
0.2908142913385827
11
0.3316947244094488
21
0.2908142913385827
0
LINE
8
BLACK
6
CONTINUOUS
10
0.3316947244094488
20
0.2908142913385827
11
0.331442874015748
21
0.2909185826771654
0
LINE
8
BLACK
6
CONTINUOUS
10
0.331442874015748
20
0.2909185826771654
11
0.3311732677165354
21
0.2908784645669291
0
LINE
8
BLACK
6
CONTINUOUS
10
0.3311732677165354
20
0.2908784645669291
11
0.327420905511811
21
0.2918165354330708
0
LINE
8
BLACK
6
CONTINUOUS
10
0.327420905511811
20
0.2918165354330708
11
0.3272245275590551
21
0.2919620078740157
0
LINE
8
BLACK
6
CONTINUOUS
10
0.3272245275590551
20
0.2919620078740157
11
0.3269808661417323
21
0.2919793307086614
0
LINE
8
BLACK
6
CONTINUOUS
10
0.3269808661417323
20
0.2919793307086614
11
0.3251046456692913
21
0.2929174409448819
0
LINE
8
BLACK
6
CONTINUOUS
10
0.3251046456692913
20
0.2929174409448819
11
0.3248727559055118
21
0.2931847637795276
0
LINE
8
BLACK
6
CONTINUOUS
10
0.3248727559055118
20
0.2931847637795276
11
0.3245458661417323
21
0.2933201968503937
0
LINE
8
BLACK
6
CONTINUOUS
10
0.3245458661417323
20
0.2933201968503937
11
0.3236077952755905
21
0.2942582677165354
0
LINE
8
BLACK
6
CONTINUOUS
10
0.3236077952755905
20
0.2942582677165354
11
0.3234723622047244
21
0.2945851574803149
0
LINE
8
BLACK
6
CONTINUOUS
10
0.3234723622047244
20
0.2945851574803149
11
0.3232050393700787
21
0.2948170472440945
0
LINE
8
BLACK
6
CONTINUOUS
10
0.3232050393700787
20
0.2948170472440945
11
0.3222669291338582
21
0.2966932677165354
0
LINE
8
BLACK
6
CONTINUOUS
10
0.3222669291338582
20
0.2966932677165354
11
0.3222314566929134
21
0.2971924015748031
0
LINE
8
BLACK
6
CONTINUOUS
10
0.3222314566929134
20
0.2971924015748031
11
0.3220399606299212
21
0.2976547637795275
0
LINE
8
BLACK
6
CONTINUOUS
10
0.3220399606299212
20
0.2976547637795275
11
0.3220399606299212
21
0.2995309448818897
0
LINE
8
BLACK
6
CONTINUOUS
10
0.3220399606299212
20
0.2995309448818897
11
0.3222314566929134
21
0.2999933070866141
0
LINE
8
BLACK
6
CONTINUOUS
10
0.3222314566929134
20
0.2999933070866141
11
0.322266968503937
21
0.3004924803149606
0
LINE
8
BLACK
6
CONTINUOUS
10
0.322266968503937
20
0.3004924803149606
11
0.3232050393700787
21
0.3023686614173228
0
LINE
8
BLACK
6
CONTINUOUS
10
0.3232050393700787
20
0.3023686614173228
11
0.3234723622047244
21
0.3026004724409449
0
LINE
8
BLACK
6
CONTINUOUS
10
0.3234723622047244
20
0.3026004724409449
11
0.3236077559055118
21
0.3029273622047244
0
LINE
8
BLACK
6
CONTINUOUS
10
0.3236077559055118
20
0.3029273622047244
11
0.3245458267716536
21
0.3038654724409449
0
LINE
8
BLACK
6
CONTINUOUS
10
0.3245458267716536
20
0.3038654724409449
11
0.3248727559055118
21
0.3040008661417323
0
LINE
8
BLACK
6
CONTINUOUS
10
0.3248727559055118
20
0.3040008661417323
11
0.3251046456692913
21
0.3042682677165354
0
LINE
8
BLACK
6
CONTINUOUS
10
0.3251046456692913
20
0.3042682677165354
11
0.326980905511811
21
0.3052063385826772
0
LINE
8
BLACK
6
CONTINUOUS
10
0.326980905511811
20
0.3052063385826772
11
0.3272246062992126
21
0.3052236220472441
0
LINE
8
BLACK
6
CONTINUOUS
10
0.3272246062992126
20
0.3052236220472441
11
0.327420905511811
21
0.305369094488189
0
LINE
8
BLACK
6
CONTINUOUS
10
0.327420905511811
20
0.305369094488189
11
0.3311732283464567
21
0.3063072047244094
0
LINE
8
BLACK
6
CONTINUOUS
10
0.3311732283464567
20
0.3063072047244094
11
0.3314428346456693
21
0.3062670866141732
0
LINE
8
BLACK
6
CONTINUOUS
10
0.3314428346456693
20
0.3062670866141732
11
0.3316947244094488
21
0.3063714173228346
0
LINE
8
BLACK
6
CONTINUOUS
10
0.3316947244094488
20
0.3063714173228346
11
0.3363851968503937
21
0.3063714173228346
0
LINE
8
BLACK
6
CONTINUOUS
10
0.3363851968503937
20
0.3063714173228346
11
0.3366370472440945
21
0.3062670866141732
0
LINE
8
BLACK
6
CONTINUOUS
10
0.3286928346456693
20
0.3012547637795275
11
0.3273396850393701
21
0.3005781889763779
0
LINE
8
BLACK
6
CONTINUOUS
10
0.3273396850393701
20
0.3005781889763779
11
0.3268950393700787
21
0.3001335433070866
0
LINE
8
BLACK
6
CONTINUOUS
10
0.3268950393700787
20
0.3001335433070866
11
0.3263399606299213
21
0.2990233858267716
0
LINE
8
BLACK
6
CONTINUOUS
10
0.3263399606299213
20
0.2990233858267716
11
0.3263399606299213
21
0.2981623228346457
0
LINE
8
BLACK
6
CONTINUOUS
10
0.3263399606299213
20
0.2981623228346457
11
0.3268950787401575
21
0.2970520866141732
0
LINE
8
BLACK
6
CONTINUOUS
10
0.3268950787401575
20
0.2970520866141732
11
0.3273396850393701
21
0.2966074803149606
0
LINE
8
BLACK
6
CONTINUOUS
10
0.3273396850393701
20
0.2966074803149606
11
0.3286926771653543
21
0.2959309448818898
0
LINE
8
BLACK
6
CONTINUOUS
10
0.3286926771653543
20
0.2959309448818898
11
0.3319594488188976
21
0.2951142913385827
0
LINE
8
BLACK
6
CONTINUOUS
10
0.3319594488188976
20
0.2951142913385827
11
0.3361204724409449
21
0.2951142913385827
0
LINE
8
BLACK
6
CONTINUOUS
10
0.3361204724409449
20
0.2951142913385827
11
0.3393872834645669
21
0.2959309842519685
0
LINE
8
BLACK
6
CONTINUOUS
10
0.3393872834645669
20
0.2959309842519685
11
0.3407401968503937
21
0.2966074409448819
0
LINE
8
BLACK
6
CONTINUOUS
10
0.3407401968503937
20
0.2966074409448819
11
0.341184842519685
21
0.2970520866141732
0
LINE
8
BLACK
6
CONTINUOUS
10
0.341184842519685
20
0.2970520866141732
11
0.3417399606299212
21
0.2981622834645669
0
LINE
8
BLACK
6
CONTINUOUS
10
0.3417399606299212
20
0.2981622834645669
11
0.3417399606299212
21
0.2990233858267716
0
LINE
8
BLACK
6
CONTINUOUS
10
0.3417399606299212
20
0.2990233858267716
11
0.341184842519685
21
0.3001335826771653
0
LINE
8
BLACK
6
CONTINUOUS
10
0.341184842519685
20
0.3001335826771653
11
0.3407402362204724
21
0.3005781889763779
0
LINE
8
BLACK
6
CONTINUOUS
10
0.3407402362204724
20
0.3005781889763779
11
0.3393870866141732
21
0.3012547637795275
0
LINE
8
BLACK
6
CONTINUOUS
10
0.3393870866141732
20
0.3012547637795275
11
0.3361205905511811
21
0.3020714173228347
0
LINE
8
BLACK
6
CONTINUOUS
10
0.3361205905511811
20
0.3020714173228347
11
0.3319594881889764
21
0.3020714173228347
0
LINE
8
BLACK
6
CONTINUOUS
10
0.3319594881889764
20
0.3020714173228347
11
0.3286928346456693
21
0.3012547637795275
0
LINE
8
BLACK
6
CONTINUOUS
10
0.7849216929133858
20
0.3375655118110236
11
0.7853744094488189
21
0.3375333464566929
0
LINE
8
BLACK
6
CONTINUOUS
10
0.7853744094488189
20
0.3375333464566929
11
0.7872506299212598
21
0.3365952362204724
0
LINE
8
BLACK
6
CONTINUOUS
10
0.7872506299212598
20
0.3365952362204724
11
0.787460905511811
21
0.3363527559055118
0
LINE
8
BLACK
6
CONTINUOUS
10
0.787460905511811
20
0.3363527559055118
11
0.7877574409448819
21
0.3362299606299213
0
LINE
8
BLACK
6
CONTINUOUS
10
0.7877574409448819
20
0.3362299606299213
11
0.7886955118110236
21
0.3352918897637795
0
LINE
8
BLACK
6
CONTINUOUS
10
0.7886955118110236
20
0.3352918897637795
11
0.7887723228346456
21
0.3351063779527559
0
LINE
8
BLACK
6
CONTINUOUS
10
0.7887723228346456
20
0.3351063779527559
11
0.7889391732283464
21
0.3349946850393701
0
LINE
8
BLACK
6
CONTINUOUS
10
0.7889391732283464
20
0.3349946850393701
11
0.7908153543307086
21
0.3321803937007874
0
LINE
8
BLACK
6
CONTINUOUS
10
0.7908153543307086
20
0.3321803937007874
11
0.7908815354330708
21
0.3318457480314961
0
LINE
8
BLACK
6
CONTINUOUS
10
0.7908815354330708
20
0.3318457480314961
11
0.7910846062992126
21
0.3315716929133858
0
LINE
8
BLACK
6
CONTINUOUS
10
0.7910846062992126
20
0.3315716929133858
11
0.7920227165354331
21
0.3278192913385827
0
LINE
8
BLACK
6
CONTINUOUS
10
0.7920227165354331
20
0.3278192913385827
11
0.7919862992125984
21
0.3275747244094488
0
LINE
8
BLACK
6
CONTINUOUS
10
0.7919862992125984
20
0.3275747244094488
11
0.7920809448818897
21
0.3273463385826771
0
LINE
8
BLACK
6
CONTINUOUS
10
0.7920809448818897
20
0.3273463385826771
11
0.7920809448818897
21
0.3198415748031496
0
LINE
8
BLACK
6
CONTINUOUS
10
0.7920809448818897
20
0.3198415748031496
11
0.7919072440944882
21
0.3194222047244095
0
LINE
8
BLACK
6
CONTINUOUS
10
0.7919072440944882
20
0.3194222047244095
11
0.7918750787401575
21
0.3189694881889764
0
LINE
8
BLACK
6
CONTINUOUS
10
0.7918750787401575
20
0.3189694881889764
11
0.790936968503937
21
0.3170933070866142
0
LINE
8
BLACK
6
CONTINUOUS
10
0.790936968503937
20
0.3170933070866142
11
0.7906944881889764
21
0.316883031496063
0
LINE
8
BLACK
6
CONTINUOUS
10
0.7906944881889764
20
0.316883031496063
11
0.7905716929133858
21
0.3165865354330709
0
LINE
8
BLACK
6
CONTINUOUS
10
0.7905716929133858
20
0.3165865354330709
11
0.7896336220472441
21
0.3156484645669291
0
LINE
8
BLACK
6
CONTINUOUS
10
0.7896336220472441
20
0.3156484645669291
11
0.7893370866141732
21
0.3155256299212598
0
LINE
8
BLACK
6
CONTINUOUS
10
0.7893370866141732
20
0.3155256299212598
11
0.7891268503937008
21
0.315283188976378
0
LINE
8
BLACK
6
CONTINUOUS
10
0.7891268503937008
20
0.315283188976378
11
0.7872506692913386
21
0.3143450787401575
0
LINE
8
BLACK
6
CONTINUOUS
10
0.7872506692913386
20
0.3143450787401575
11
0.7867979133858267
21
0.314312874015748
0
LINE
8
BLACK
6
CONTINUOUS
10
0.7867979133858267
20
0.314312874015748
11
0.7863785826771653
21
0.3141392125984252
0
LINE
8
BLACK
6
CONTINUOUS
10
0.7863785826771653
20
0.3141392125984252
11
0.7826261811023622
21
0.3141392125984252
0
LINE
8
BLACK
6
CONTINUOUS
10
0.7826261811023622
20
0.3141392125984252
11
0.782206811023622
21
0.314312874015748
0
LINE
8
BLACK
6
CONTINUOUS
10
0.782206811023622
20
0.314312874015748
11
0.781754094488189
21
0.3143450787401575
0
LINE
8
BLACK
6
CONTINUOUS
10
0.781754094488189
20
0.3143450787401575
11
0.7798779133858268
21
0.315283188976378
0
LINE
8
BLACK
6
CONTINUOUS
10
0.7798779133858268
20
0.315283188976378
11
0.7796676377952756
21
0.3155255905511811
0
LINE
8
BLACK
6
CONTINUOUS
10
0.7796676377952756
20
0.3155255905511811
11
0.7793711811023621
21
0.3156484251968504
0
LINE
8
BLACK
6
CONTINUOUS
10
0.7793711811023621
20
0.3156484251968504
11
0.7784330708661417
21
0.3165864960629921
0
LINE
8
BLACK
6
CONTINUOUS
10
0.7784330708661417
20
0.3165864960629921
11
0.7783101968503937
21
0.316883031496063
0
LINE
8
BLACK
6
CONTINUOUS
10
0.7783101968503937
20
0.316883031496063
11
0.7780677559055118
21
0.3170933464566929
0
LINE
8
BLACK
6
CONTINUOUS
10
0.7780677559055118
20
0.3170933464566929
11
0.7771296850393701
21
0.3189695275590551
0
LINE
8
BLACK
6
CONTINUOUS
10
0.7771296850393701
20
0.3189695275590551
11
0.7770974803149606
21
0.3194222047244095
0
LINE
8
BLACK
6
CONTINUOUS
10
0.7770974803149606
20
0.3194222047244095
11
0.7769238188976377
21
0.3198415748031496
0
LINE
8
BLACK
6
CONTINUOUS
10
0.7769238188976377
20
0.3198415748031496
11
0.7769238188976377
21
0.3245320472440945
0
LINE
8
BLACK
6
CONTINUOUS
10
0.7769238188976377
20
0.3245320472440945
11
0.7770974803149606
21
0.3249513779527559
0
LINE
8
BLACK
6
CONTINUOUS
10
0.7770974803149606
20
0.3249513779527559
11
0.7771296850393701
21
0.325404094488189
0
LINE
8
BLACK
6
CONTINUOUS
10
0.7771296850393701
20
0.325404094488189
11
0.7780677559055118
21
0.3272803149606299
0
LINE
8
BLACK
6
CONTINUOUS
10
0.7780677559055118
20
0.3272803149606299
11
0.7783101968503937
21
0.3274905905511811
0
LINE
8
BLACK
6
CONTINUOUS
10
0.7783101968503937
20
0.3274905905511811
11
0.7784330708661417
21
0.3277871653543307
0
LINE
8
BLACK
6
CONTINUOUS
10
0.7784330708661417
20
0.3277871653543307
11
0.7793711811023621
21
0.3287252362204724
0
LINE
8
BLACK
6
CONTINUOUS
10
0.7793711811023621
20
0.3287252362204724
11
0.7796676377952756
21
0.328848031496063
0
LINE
8
BLACK
6
CONTINUOUS
10
0.7796676377952756
20
0.328848031496063
11
0.7798779133858268
21
0.3290904724409449
0
LINE
8
BLACK
6
CONTINUOUS
10
0.7798779133858268
20
0.3290904724409449
11
0.781754094488189
21
0.3300285826771653
0
LINE
8
BLACK
6
CONTINUOUS
10
0.781754094488189
20
0.3300285826771653
11
0.782206811023622
21
0.330060748031496
0
LINE
8
BLACK
6
CONTINUOUS
10
0.782206811023622
20
0.330060748031496
11
0.7826261811023622
21
0.3302344488188976
0
LINE
8
BLACK
6
CONTINUOUS
10
0.7826261811023622
20
0.3302344488188976
11
0.7863785826771653
21
0.3302344488188976
0
LINE
8
BLACK
6
CONTINUOUS
10
0.7863785826771653
20
0.3302344488188976
11
0.7867979133858267
21
0.330060748031496
0
LINE
8
BLACK
6
CONTINUOUS
10
0.7867979133858267
20
0.330060748031496
11
0.7872506692913386
21
0.3300285826771653
0
LINE
8
BLACK
6
CONTINUOUS
10
0.7872506692913386
20
0.3300285826771653
11
0.7874788582677165
21
0.3299144488188976
0
LINE
8
BLACK
6
CONTINUOUS
10
0.7874788582677165
20
0.3299144488188976
11
0.7873829527559055
21
0.3302981496062992
0
LINE
8
BLACK
6
CONTINUOUS
10
0.7873829527559055
20
0.3302981496062992
11
0.7858012204724409
21
0.3326707086614173
0
LINE
8
BLACK
6
CONTINUOUS
10
0.7858012204724409
20
0.3326707086614173
11
0.7852234645669292
21
0.3332484645669291
0
LINE
8
BLACK
6
CONTINUOUS
10
0.7852234645669292
20
0.3332484645669291
11
0.7840420472440944
21
0.3338392125984252
0
LINE
8
BLACK
6
CONTINUOUS
10
0.7840420472440944
20
0.3338392125984252
11
0.7807499999999999
21
0.3338392125984252
0
LINE
8
BLACK
6
CONTINUOUS
10
0.7807499999999999
20
0.3338392125984252
11
0.7793711417322835
21
0.3344103543307086
0
LINE
8
BLACK
6
CONTINUOUS
10
0.7793711417322835
20
0.3344103543307086
11
0.7787999999999999
21
0.3357892125984252
0
LINE
8
BLACK
6
CONTINUOUS
10
0.7787999999999999
20
0.3357892125984252
11
0.7793711417322835
21
0.3371680708661417
0
LINE
8
BLACK
6
CONTINUOUS
10
0.7793711417322835
20
0.3371680708661417
11
0.7807499999999999
21
0.3377392125984252
0
LINE
8
BLACK
6
CONTINUOUS
10
0.7807499999999999
20
0.3377392125984252
11
0.7845023622047244
21
0.3377392125984252
0
LINE
8
BLACK
6
CONTINUOUS
10
0.7845023622047244
20
0.3377392125984252
11
0.7849216929133858
21
0.3375655118110236
0
LINE
8
BLACK
6
CONTINUOUS
10
0.7819050393700787
20
0.3257436614173228
11
0.7814144881889764
21
0.3252531496062992
0
LINE
8
BLACK
6
CONTINUOUS
10
0.7814144881889764
20
0.3252531496062992
11
0.7808238188976377
21
0.3240717322834646
0
LINE
8
BLACK
6
CONTINUOUS
10
0.7808238188976377
20
0.3240717322834646
11
0.7808238188976377
21
0.3203018503937008
0
LINE
8
BLACK
6
CONTINUOUS
10
0.7808238188976377
20
0.3203018503937008
11
0.7814144488188977
21
0.3191205118110236
0
LINE
8
BLACK
6
CONTINUOUS
10
0.7814144488188977
20
0.3191205118110236
11
0.7819050393700787
21
0.3186299606299213
0
LINE
8
BLACK
6
CONTINUOUS
10
0.7819050393700787
20
0.3186299606299213
11
0.7830865354330708
21
0.3180392125984252
0
LINE
8
BLACK
6
CONTINUOUS
10
0.7830865354330708
20
0.3180392125984252
11
0.7859182283464566
21
0.3180392125984252
0
LINE
8
BLACK
6
CONTINUOUS
10
0.7859182283464566
20
0.3180392125984252
11
0.7870996456692914
21
0.3186299212598425
0
LINE
8
BLACK
6
CONTINUOUS
10
0.7870996456692914
20
0.3186299212598425
11
0.7875901968503937
21
0.3191204724409449
0
LINE
8
BLACK
6
CONTINUOUS
10
0.7875901968503937
20
0.3191204724409449
11
0.7881809448818897
21
0.3203019291338582
0
LINE
8
BLACK
6
CONTINUOUS
10
0.7881809448818897
20
0.3203019291338582
11
0.7881809448818897
21
0.3240717322834646
0
LINE
8
BLACK
6
CONTINUOUS
10
0.7881809448818897
20
0.3240717322834646
11
0.7875902362204724
21
0.3252531496062992
0
LINE
8
BLACK
6
CONTINUOUS
10
0.7875902362204724
20
0.3252531496062992
11
0.7870996456692914
21
0.3257437007874016
0
LINE
8
BLACK
6
CONTINUOUS
10
0.7870996456692914
20
0.3257437007874016
11
0.7859182283464566
21
0.3263344488188976
0
LINE
8
BLACK
6
CONTINUOUS
10
0.7859182283464566
20
0.3263344488188976
11
0.7830865354330708
21
0.3263344488188976
0
LINE
8
BLACK
6
CONTINUOUS
10
0.7830865354330708
20
0.3263344488188976
11
0.7819050393700787
21
0.3257436614173228
0
LINE
8
BLACK
6
CONTINUOUS
10
0.8034497244094488
20
0.3376623622047244
11
0.8036466535433071
21
0.3377013385826771
0
LINE
8
BLACK
6
CONTINUOUS
10
0.8036466535433071
20
0.3377013385826771
11
0.8041184251968504
21
0.3373853543307087
0
LINE
8
BLACK
6
CONTINUOUS
10
0.8041184251968504
20
0.3373853543307087
11
0.8046431102362205
21
0.3371680708661417
0
LINE
8
BLACK
6
CONTINUOUS
10
0.8046431102362205
20
0.3371680708661417
11
0.8047199212598425
21
0.3369825984251968
0
LINE
8
BLACK
6
CONTINUOUS
10
0.8047199212598425
20
0.3369825984251968
11
0.8048867322834645
21
0.336870905511811
0
LINE
8
BLACK
6
CONTINUOUS
10
0.8048867322834645
20
0.336870905511811
11
0.8066558267716535
21
0.3342172440944882
0
LINE
8
BLACK
6
CONTINUOUS
10
0.8066558267716535
20
0.3342172440944882
11
0.8081717322834645
21
0.3327013385826771
0
LINE
8
BLACK
6
CONTINUOUS
10
0.8081717322834645
20
0.3327013385826771
11
0.8097649212598425
21
0.3319047637795275
0
LINE
8
BLACK
6
CONTINUOUS
10
0.8097649212598425
20
0.3319047637795275
11
0.8107427559055118
21
0.3307772440944882
0
LINE
8
BLACK
6
CONTINUOUS
10
0.8107427559055118
20
0.3307772440944882
11
0.810636968503937
21
0.3292885433070866
0
LINE
8
BLACK
6
CONTINUOUS
10
0.810636968503937
20
0.3292885433070866
11
0.8095094488188976
21
0.3283107086614173
0
LINE
8
BLACK
6
CONTINUOUS
10
0.8095094488188976
20
0.3283107086614173
11
0.808020748031496
21
0.3284164960629921
0
LINE
8
BLACK
6
CONTINUOUS
10
0.808020748031496
20
0.3284164960629921
11
0.8061445669291338
21
0.3293546062992126
0
LINE
8
BLACK
6
CONTINUOUS
10
0.8061445669291338
20
0.3293546062992126
11
0.8059342913385826
21
0.3295970472440945
0
LINE
8
BLACK
6
CONTINUOUS
10
0.8059342913385826
20
0.3295970472440945
11
0.8056377952755905
21
0.3297198818897638
0
LINE
8
BLACK
6
CONTINUOUS
10
0.8056377952755905
20
0.3297198818897638
11
0.8052142519685039
21
0.3301434251968504
0
LINE
8
BLACK
6
CONTINUOUS
10
0.8052142519685039
20
0.3301434251968504
11
0.8052142519685039
21
0.3180392125984252
0
LINE
8
BLACK
6
CONTINUOUS
10
0.8052142519685039
20
0.3180392125984252
11
0.8088928346456693
21
0.3180392125984252
0
LINE
8
BLACK
6
CONTINUOUS
10
0.8088928346456693
20
0.3180392125984252
11
0.8102716929133859
21
0.3174680708661417
0
LINE
8
BLACK
6
CONTINUOUS
10
0.8102716929133859
20
0.3174680708661417
11
0.8108428346456693
21
0.3160892125984252
0
LINE
8
BLACK
6
CONTINUOUS
10
0.8108428346456693
20
0.3160892125984252
11
0.8102716929133859
21
0.3147103543307087
0
LINE
8
BLACK
6
CONTINUOUS
10
0.8102716929133859
20
0.3147103543307087
11
0.8088928346456693
21
0.3141392125984252
0
LINE
8
BLACK
6
CONTINUOUS
10
0.8088928346456693
20
0.3141392125984252
11
0.8032642519685039
21
0.3141392125984252
0
LINE
8
BLACK
6
CONTINUOUS
10
0.8032642519685039
20
0.3141392125984252
11
0.7976357086614173
21
0.3141392125984252
0
LINE
8
BLACK
6
CONTINUOUS
10
0.7976357086614173
20
0.3141392125984252
11
0.7962568503937008
21
0.3147103543307087
0
LINE
8
BLACK
6
CONTINUOUS
10
0.7962568503937008
20
0.3147103543307087
11
0.7956857086614173
21
0.3160892125984252
0
LINE
8
BLACK
6
CONTINUOUS
10
0.7956857086614173
20
0.3160892125984252
11
0.7962568503937008
21
0.3174680708661417
0
LINE
8
BLACK
6
CONTINUOUS
10
0.7962568503937008
20
0.3174680708661417
11
0.7976357086614173
21
0.3180392125984252
0
LINE
8
BLACK
6
CONTINUOUS
10
0.7976357086614173
20
0.3180392125984252
11
0.8013142519685039
21
0.3180392125984252
0
LINE
8
BLACK
6
CONTINUOUS
10
0.8013142519685039
20
0.3180392125984252
11
0.8013142519685039
21
0.3357892125984252
0
LINE
8
BLACK
6
CONTINUOUS
10
0.8013142519685039
20
0.3357892125984252
11
0.8013910629921259
21
0.3359746850393701
0
LINE
8
BLACK
6
CONTINUOUS
10
0.8013910629921259
20
0.3359746850393701
11
0.801352125984252
21
0.3361716141732283
0
LINE
8
BLACK
6
CONTINUOUS
10
0.801352125984252
20
0.3361716141732283
11
0.8016680708661417
21
0.3366433858267717
0
LINE
8
BLACK
6
CONTINUOUS
10
0.8016680708661417
20
0.3366433858267717
11
0.8018853937007874
21
0.3371680708661417
0
LINE
8
BLACK
6
CONTINUOUS
10
0.8018853937007874
20
0.3371680708661417
11
0.8020708267716535
21
0.3372448818897638
0
LINE
8
BLACK
6
CONTINUOUS
10
0.8020708267716535
20
0.3372448818897638
11
0.802182559055118
21
0.3374116929133858
0
LINE
8
BLACK
6
CONTINUOUS
10
0.802182559055118
20
0.3374116929133858
11
0.8027395669291338
21
0.3375218897637795
0
LINE
8
BLACK
6
CONTINUOUS
10
0.8027395669291338
20
0.3375218897637795
11
0.8032642519685039
21
0.3377392125984252
0
LINE
8
BLACK
6
CONTINUOUS
10
0.8032642519685039
20
0.3377392125984252
11
0.8034497244094488
21
0.3376623622047244
0
LINE
8
BLACK
6
CONTINUOUS
10
0.8238363385826771
20
0.3384714566929134
11
0.8248141732283465
21
0.3373439763779528
0
LINE
8
BLACK
6
CONTINUOUS
10
0.8248141732283465
20
0.3373439763779528
11
0.8295046456692913
21
0.3232725196850393
0
LINE
8
BLACK
6
CONTINUOUS
10
0.8295046456692913
20
0.3232725196850393
11
0.8294818897637795
21
0.3229523622047244
0
LINE
8
BLACK
6
CONTINUOUS
10
0.8294818897637795
20
0.3229523622047244
11
0.8296047244094488
21
0.3226558661417323
0
LINE
8
BLACK
6
CONTINUOUS
10
0.8296047244094488
20
0.3226558661417323
11
0.8294310236220472
21
0.3222364960629921
0
LINE
8
BLACK
6
CONTINUOUS
10
0.8294310236220472
20
0.3222364960629921
11
0.8293988582677165
21
0.3217838188976378
0
LINE
8
BLACK
6
CONTINUOUS
10
0.8293988582677165
20
0.3217838188976378
11
0.8291563779527559
21
0.3215735039370078
0
LINE
8
BLACK
6
CONTINUOUS
10
0.8291563779527559
20
0.3215735039370078
11
0.8290335826771653
21
0.3212770078740158
0
LINE
8
BLACK
6
CONTINUOUS
10
0.8290335826771653
20
0.3212770078740158
11
0.8286142125984252
21
0.3211033070866142
0
LINE
8
BLACK
6
CONTINUOUS
10
0.8286142125984252
20
0.3211033070866142
11
0.8282713779527558
21
0.3208059448818897
0
LINE
8
BLACK
6
CONTINUOUS
10
0.8282713779527558
20
0.3208059448818897
11
0.827951220472441
21
0.3208286614173228
0
LINE
8
BLACK
6
CONTINUOUS
10
0.827951220472441
20
0.3208286614173228
11
0.8276547244094488
21
0.3207058661417323
0
LINE
8
BLACK
6
CONTINUOUS
10
0.8276547244094488
20
0.3207058661417323
11
0.820223779527559
21
0.3207058661417323
0
LINE
8
BLACK
6
CONTINUOUS
10
0.820223779527559
20
0.3207058661417323
11
0.820223779527559
21
0.3160892125984252
0
LINE
8
BLACK
6
CONTINUOUS
10
0.820223779527559
20
0.3160892125984252
11
0.8196526377952755
21
0.3147103543307087
0
LINE
8
BLACK
6
CONTINUOUS
10
0.8196526377952755
20
0.3147103543307087
11
0.8182737795275591
21
0.3141392125984252
0
LINE
8
BLACK
6
CONTINUOUS
10
0.8182737795275591
20
0.3141392125984252
11
0.8168949212598425
21
0.3147103543307087
0
LINE
8
BLACK
6
CONTINUOUS
10
0.8168949212598425
20
0.3147103543307087
11
0.8163237795275591
21
0.3160892125984252
0
LINE
8
BLACK
6
CONTINUOUS
10
0.8163237795275591
20
0.3160892125984252
11
0.8163237795275591
21
0.3207058661417323
0
LINE
8
BLACK
6
CONTINUOUS
10
0.8163237795275591
20
0.3207058661417323
11
0.8154594881889764
21
0.3207058661417323
0
LINE
8
BLACK
6
CONTINUOUS
10
0.8154594881889764
20
0.3207058661417323
11
0.8140806299212598
21
0.3212770078740158
0
LINE
8
BLACK
6
CONTINUOUS
10
0.8140806299212598
20
0.3212770078740158
11
0.8135094881889764
21
0.3226558661417323
0
LINE
8
BLACK
6
CONTINUOUS
10
0.8135094881889764
20
0.3226558661417323
11
0.8140806299212598
21
0.3240347244094488
0
LINE
8
BLACK
6
CONTINUOUS
10
0.8140806299212598
20
0.3240347244094488
11
0.8154594881889764
21
0.3246058661417323
0
LINE
8
BLACK
6
CONTINUOUS
10
0.8154594881889764
20
0.3246058661417323
11
0.8163237795275591
21
0.3246058661417323
0
LINE
8
BLACK
6
CONTINUOUS
10
0.8163237795275591
20
0.3246058661417323
11
0.8163237795275591
21
0.3292225590551181
0
LINE
8
BLACK
6
CONTINUOUS
10
0.8163237795275591
20
0.3292225590551181
11
0.8168949212598425
21
0.3306014173228347
0
LINE
8
BLACK
6
CONTINUOUS
10
0.8168949212598425
20
0.3306014173228347
11
0.8182737795275591
21
0.3311725590551181
0
LINE
8
BLACK
6
CONTINUOUS
10
0.8182737795275591
20
0.3311725590551181
11
0.8196526377952755
21
0.3306014173228347
0
LINE
8
BLACK
6
CONTINUOUS
10
0.8196526377952755
20
0.3306014173228347
11
0.820223779527559
21
0.3292225590551181
0
LINE
8
BLACK
6
CONTINUOUS
10
0.820223779527559
20
0.3292225590551181
11
0.820223779527559
21
0.3246058661417323
0
LINE
8
BLACK
6
CONTINUOUS
10
0.820223779527559
20
0.3246058661417323
11
0.8249492519685039
21
0.3246058661417323
0
LINE
8
BLACK
6
CONTINUOUS
10
0.8249492519685039
20
0.3246058661417323
11
0.8211143307086614
21
0.3361106692913386
0
LINE
8
BLACK
6
CONTINUOUS
10
0.8211143307086614
20
0.3361106692913386
11
0.8212201181102362
21
0.3375994094488189
0
LINE
8
BLACK
6
CONTINUOUS
10
0.8212201181102362
20
0.3375994094488189
11
0.8223475984251968
21
0.3385772440944882
0
LINE
8
BLACK
6
CONTINUOUS
10
0.8223475984251968
20
0.3385772440944882
11
0.8238363385826771
21
0.3384714566929134
0
LINE
8
BLACK
6
CONTINUOUS
10
0.8412073622047244
20
0.3375655118110236
11
0.8416600787401575
21
0.3375333464566929
0
LINE
8
BLACK
6
CONTINUOUS
10
0.8416600787401575
20
0.3375333464566929
11
0.8435362992125984
21
0.3365952362204724
0
LINE
8
BLACK
6
CONTINUOUS
10
0.8435362992125984
20
0.3365952362204724
11
0.8437465748031496
21
0.3363527559055118
0
LINE
8
BLACK
6
CONTINUOUS
10
0.8437465748031496
20
0.3363527559055118
11
0.8440431102362205
21
0.3362299606299213
0
LINE
8
BLACK
6
CONTINUOUS
10
0.8440431102362205
20
0.3362299606299213
11
0.8449811811023622
21
0.3352918897637795
0
LINE
8
BLACK
6
CONTINUOUS
10
0.8449811811023622
20
0.3352918897637795
11
0.8450579921259842
21
0.3351063779527559
0
LINE
8
BLACK
6
CONTINUOUS
10
0.8450579921259842
20
0.3351063779527559
11
0.845224842519685
21
0.3349946850393701
0
LINE
8
BLACK
6
CONTINUOUS
10
0.845224842519685
20
0.3349946850393701
11
0.8471010236220472
21
0.3321803937007874
0
LINE
8
BLACK
6
CONTINUOUS
10
0.8471010236220472
20
0.3321803937007874
11
0.8471672047244094
21
0.3318457480314961
0
LINE
8
BLACK
6
CONTINUOUS
10
0.8471672047244094
20
0.3318457480314961
11
0.8473702755905511
21
0.3315716929133858
0
LINE
8
BLACK
6
CONTINUOUS
10
0.8473702755905511
20
0.3315716929133858
11
0.8483083858267716
21
0.3278192913385827
0
LINE
8
BLACK
6
CONTINUOUS
10
0.8483083858267716
20
0.3278192913385827
11
0.8482719685039369
21
0.3275747244094488
0
LINE
8
BLACK
6
CONTINUOUS
10
0.8482719685039369
20
0.3275747244094488
11
0.8483666141732283
21
0.3273463385826771
0
LINE
8
BLACK
6
CONTINUOUS
10
0.8483666141732283
20
0.3273463385826771
11
0.8483666141732283
21
0.3198415748031496
0
LINE
8
BLACK
6
CONTINUOUS
10
0.8483666141732283
20
0.3198415748031496
11
0.8481929133858268
21
0.3194222047244095
0
LINE
8
BLACK
6
CONTINUOUS
10
0.8481929133858268
20
0.3194222047244095
11
0.848160748031496
21
0.3189694881889764
0
LINE
8
BLACK
6
CONTINUOUS
10
0.848160748031496
20
0.3189694881889764
11
0.8472226377952756
21
0.3170933070866142
0
LINE
8
BLACK
6
CONTINUOUS
10
0.8472226377952756
20
0.3170933070866142
11
0.846980157480315
21
0.316883031496063
0
LINE
8
BLACK
6
CONTINUOUS
10
0.846980157480315
20
0.316883031496063
11
0.8468573622047244
21
0.3165865354330709
0
LINE
8
BLACK
6
CONTINUOUS
10
0.8468573622047244
20
0.3165865354330709
11
0.8459192913385827
21
0.3156484645669291
0
LINE
8
BLACK
6
CONTINUOUS
10
0.8459192913385827
20
0.3156484645669291
11
0.8456227559055118
21
0.3155256299212598
0
LINE
8
BLACK
6
CONTINUOUS
10
0.8456227559055118
20
0.3155256299212598
11
0.8454125196850394
21
0.315283188976378
0
LINE
8
BLACK
6
CONTINUOUS
10
0.8454125196850394
20
0.315283188976378
11
0.8435363385826772
21
0.3143450787401575
0
LINE
8
BLACK
6
CONTINUOUS
10
0.8435363385826772
20
0.3143450787401575
11
0.8430835826771653
21
0.314312874015748
0
LINE
8
BLACK
6
CONTINUOUS
10
0.8430835826771653
20
0.314312874015748
11
0.8426642519685039
21
0.3141392125984252
0
LINE
8
BLACK
6
CONTINUOUS
10
0.8426642519685039
20
0.3141392125984252
11
0.8389118503937008
21
0.3141392125984252
0
LINE
8
BLACK
6
CONTINUOUS
10
0.8389118503937008
20
0.3141392125984252
11
0.8384924803149606
21
0.314312874015748
0
LINE
8
BLACK
6
CONTINUOUS
10
0.8384924803149606
20
0.314312874015748
11
0.8380397637795275
21
0.3143450787401575
0
LINE
8
BLACK
6
CONTINUOUS
10
0.8380397637795275
20
0.3143450787401575
11
0.8361635826771653
21
0.315283188976378
0
LINE
8
BLACK
6
CONTINUOUS
10
0.8361635826771653
20
0.315283188976378
11
0.8359533070866142
21
0.3155255905511811
0
LINE
8
BLACK
6
CONTINUOUS
10
0.8359533070866142
20
0.3155255905511811
11
0.8356568503937007
21
0.3156484251968504
0
LINE
8
BLACK
6
CONTINUOUS
10
0.8356568503937007
20
0.3156484251968504
11
0.8347187401574803
21
0.3165864960629921
0
LINE
8
BLACK
6
CONTINUOUS
10
0.8347187401574803
20
0.3165864960629921
11
0.8345958661417323
21
0.316883031496063
0
LINE
8
BLACK
6
CONTINUOUS
10
0.8345958661417323
20
0.316883031496063
11
0.8343534251968504
21
0.3170933464566929
0
LINE
8
BLACK
6
CONTINUOUS
10
0.8343534251968504
20
0.3170933464566929
11
0.8334153543307087
21
0.3189695275590551
0
LINE
8
BLACK
6
CONTINUOUS
10
0.8334153543307087
20
0.3189695275590551
11
0.8333831496062992
21
0.3194222047244095
0
LINE
8
BLACK
6
CONTINUOUS
10
0.8333831496062992
20
0.3194222047244095
11
0.8332094881889763
21
0.3198415748031496
0
LINE
8
BLACK
6
CONTINUOUS
10
0.8332094881889763
20
0.3198415748031496
11
0.8332094881889763
21
0.3245320472440945
0
LINE
8
BLACK
6
CONTINUOUS
10
0.8332094881889763
20
0.3245320472440945
11
0.8333831496062992
21
0.3249513779527559
0
LINE
8
BLACK
6
CONTINUOUS
10
0.8333831496062992
20
0.3249513779527559
11
0.8334153543307087
21
0.325404094488189
0
LINE
8
BLACK
6
CONTINUOUS
10
0.8334153543307087
20
0.325404094488189
11
0.8343534251968504
21
0.3272803149606299
0
LINE
8
BLACK
6
CONTINUOUS
10
0.8343534251968504
20
0.3272803149606299
11
0.8345958661417323
21
0.3274905905511811
0
LINE
8
BLACK
6
CONTINUOUS
10
0.8345958661417323
20
0.3274905905511811
11
0.8347187401574803
21
0.3277871653543307
0
LINE
8
BLACK
6
CONTINUOUS
10
0.8347187401574803
20
0.3277871653543307
11
0.8356568503937007
21
0.3287252362204724
0
LINE
8
BLACK
6
CONTINUOUS
10
0.8356568503937007
20
0.3287252362204724
11
0.8359533070866142
21
0.328848031496063
0
LINE
8
BLACK
6
CONTINUOUS
10
0.8359533070866142
20
0.328848031496063
11
0.8361635826771653
21
0.3290904724409449
0
LINE
8
BLACK
6
CONTINUOUS
10
0.8361635826771653
20
0.3290904724409449
11
0.8380397637795275
21
0.3300285826771653
0
LINE
8
BLACK
6
CONTINUOUS
10
0.8380397637795275
20
0.3300285826771653
11
0.8384924803149606
21
0.330060748031496
0
LINE
8
BLACK
6
CONTINUOUS
10
0.8384924803149606
20
0.330060748031496
11
0.8389118503937008
21
0.3302344488188976
0
LINE
8
BLACK
6
CONTINUOUS
10
0.8389118503937008
20
0.3302344488188976
11
0.8426642519685039
21
0.3302344488188976
0
LINE
8
BLACK
6
CONTINUOUS
10
0.8426642519685039
20
0.3302344488188976
11
0.8430835826771653
21
0.330060748031496
0
LINE
8
BLACK
6
CONTINUOUS
10
0.8430835826771653
20
0.330060748031496
11
0.8435363385826772
21
0.3300285826771653
0
LINE
8
BLACK
6
CONTINUOUS
10
0.8435363385826772
20
0.3300285826771653
11
0.8437645275590551
21
0.3299144488188976
0
LINE
8
BLACK
6
CONTINUOUS
10
0.8437645275590551
20
0.3299144488188976
11
0.843668622047244
21
0.3302981496062992
0
LINE
8
BLACK
6
CONTINUOUS
10
0.843668622047244
20
0.3302981496062992
11
0.8420868897637795
21
0.3326707086614173
0
LINE
8
BLACK
6
CONTINUOUS
10
0.8420868897637795
20
0.3326707086614173
11
0.8415091338582676
21
0.3332484645669291
0
LINE
8
BLACK
6
CONTINUOUS
10
0.8415091338582676
20
0.3332484645669291
11
0.840327716535433
21
0.3338392125984252
0
LINE
8
BLACK
6
CONTINUOUS
10
0.840327716535433
20
0.3338392125984252
11
0.8370356692913385
21
0.3338392125984252
0
LINE
8
BLACK
6
CONTINUOUS
10
0.8370356692913385
20
0.3338392125984252
11
0.835656811023622
21
0.3344103543307086
0
LINE
8
BLACK
6
CONTINUOUS
10
0.835656811023622
20
0.3344103543307086
11
0.8350856692913385
21
0.3357892125984252
0
LINE
8
BLACK
6
CONTINUOUS
10
0.8350856692913385
20
0.3357892125984252
11
0.835656811023622
21
0.3371680708661417
0
LINE
8
BLACK
6
CONTINUOUS
10
0.835656811023622
20
0.3371680708661417
11
0.8370356692913385
21
0.3377392125984252
0
LINE
8
BLACK
6
CONTINUOUS
10
0.8370356692913385
20
0.3377392125984252
11
0.840788031496063
21
0.3377392125984252
0
LINE
8
BLACK
6
CONTINUOUS
10
0.840788031496063
20
0.3377392125984252
11
0.8412073622047244
21
0.3375655118110236
0
LINE
8
BLACK
6
CONTINUOUS
10
0.8381907086614173
20
0.3257436614173228
11
0.8377001574803149
21
0.3252531496062992
0
LINE
8
BLACK
6
CONTINUOUS
10
0.8377001574803149
20
0.3252531496062992
11
0.8371094881889763
21
0.3240717322834646
0
LINE
8
BLACK
6
CONTINUOUS
10
0.8371094881889763
20
0.3240717322834646
11
0.8371094881889763
21
0.3203018503937008
0
LINE
8
BLACK
6
CONTINUOUS
10
0.8371094881889763
20
0.3203018503937008
11
0.8377001181102361
21
0.3191205118110236
0
LINE
8
BLACK
6
CONTINUOUS
10
0.8377001181102361
20
0.3191205118110236
11
0.8381907086614173
21
0.3186299606299213
0
LINE
8
BLACK
6
CONTINUOUS
10
0.8381907086614173
20
0.3186299606299213
11
0.8393722047244094
21
0.3180392125984252
0
LINE
8
BLACK
6
CONTINUOUS
10
0.8393722047244094
20
0.3180392125984252
11
0.8422038976377952
21
0.3180392125984252
0
LINE
8
BLACK
6
CONTINUOUS
10
0.8422038976377952
20
0.3180392125984252
11
0.8433853149606299
21
0.3186299212598425
0
LINE
8
BLACK
6
CONTINUOUS
10
0.8433853149606299
20
0.3186299212598425
11
0.8438758661417323
21
0.3191204724409449
0
LINE
8
BLACK
6
CONTINUOUS
10
0.8438758661417323
20
0.3191204724409449
11
0.8444666141732283
21
0.3203019291338582
0
LINE
8
BLACK
6
CONTINUOUS
10
0.8444666141732283
20
0.3203019291338582
11
0.8444666141732283
21
0.3240717322834646
0
LINE
8
BLACK
6
CONTINUOUS
10
0.8444666141732283
20
0.3240717322834646
11
0.843875905511811
21
0.3252531496062992
0
LINE
8
BLACK
6
CONTINUOUS
10
0.843875905511811
20
0.3252531496062992
11
0.8433853149606299
21
0.3257437007874016
0
LINE
8
BLACK
6
CONTINUOUS
10
0.8433853149606299
20
0.3257437007874016
11
0.8422038976377952
21
0.3263344488188976
0
LINE
8
BLACK
6
CONTINUOUS
10
0.8422038976377952
20
0.3263344488188976
11
0.8393722047244094
21
0.3263344488188976
0
LINE
8
BLACK
6
CONTINUOUS
10
0.8393722047244094
20
0.3263344488188976
11
0.8381907086614173
21
0.3257436614173228
0
LINE
8
BLACK
6
CONTINUOUS
10
0.8767321653543307
20
0.3376163779527559
11
0.8770523228346456
21
0.3376391338582677
0
LINE
8
BLACK
6
CONTINUOUS
10
0.8770523228346456
20
0.3376391338582677
11
0.8798666141732283
21
0.3367010236220472
0
LINE
8
BLACK
6
CONTINUOUS
10
0.8798666141732283
20
0.3367010236220472
11
0.8802094488188976
21
0.3364036220472441
0
LINE
8
BLACK
6
CONTINUOUS
10
0.8802094488188976
20
0.3364036220472441
11
0.8806288188976378
21
0.3362299606299213
0
LINE
8
BLACK
6
CONTINUOUS
10
0.8806288188976378
20
0.3362299606299213
11
0.882505
21
0.3343537795275591
0
LINE
8
BLACK
6
CONTINUOUS
10
0.882505
20
0.3343537795275591
11
0.8826277952755905
21
0.3340572440944882
0
LINE
8
BLACK
6
CONTINUOUS
10
0.8826277952755905
20
0.3340572440944882
11
0.8828702755905512
21
0.333846968503937
0
LINE
8
BLACK
6
CONTINUOUS
10
0.8828702755905512
20
0.333846968503937
11
0.8838083464566929
21
0.3319707874015748
0
LINE
8
BLACK
6
CONTINUOUS
10
0.8838083464566929
20
0.3319707874015748
11
0.8838240157480315
21
0.3317497244094488
0
LINE
8
BLACK
6
CONTINUOUS
10
0.8838240157480315
20
0.3317497244094488
11
0.8839559842519685
21
0.3315716929133858
0
LINE
8
BLACK
6
CONTINUOUS
10
0.8839559842519685
20
0.3315716929133858
11
0.884894094488189
21
0.3278192913385827
0
LINE
8
BLACK
6
CONTINUOUS
10
0.884894094488189
20
0.3278192913385827
11
0.8848576771653544
21
0.3275747244094488
0
LINE
8
BLACK
6
CONTINUOUS
10
0.8848576771653544
20
0.3275747244094488
11
0.8849523228346456
21
0.3273463385826771
0
LINE
8
BLACK
6
CONTINUOUS
10
0.8849523228346456
20
0.3273463385826771
11
0.8849523228346456
21
0.3245320472440945
0
LINE
8
BLACK
6
CONTINUOUS
10
0.8849523228346456
20
0.3245320472440945
11
0.8848576771653544
21
0.3243036220472441
0
LINE
8
BLACK
6
CONTINUOUS
10
0.8848576771653544
20
0.3243036220472441
11
0.884894094488189
21
0.324059094488189
0
LINE
8
BLACK
6
CONTINUOUS
10
0.884894094488189
20
0.324059094488189
11
0.8839559842519685
21
0.3203067322834646
0
LINE
8
BLACK
6
CONTINUOUS
10
0.8839559842519685
20
0.3203067322834646
11
0.8838240157480315
21
0.3201286614173228
0
LINE
8
BLACK
6
CONTINUOUS
10
0.8838240157480315
20
0.3201286614173228
11
0.8838083464566929
21
0.3199076377952756
0
LINE
8
BLACK
6
CONTINUOUS
10
0.8838083464566929
20
0.3199076377952756
11
0.8828702755905512
21
0.3180314566929134
0
LINE
8
BLACK
6
CONTINUOUS
10
0.8828702755905512
20
0.3180314566929134
11
0.8826277952755905
21
0.3178211417322834
0
LINE
8
BLACK
6
CONTINUOUS
10
0.8826277952755905
20
0.3178211417322834
11
0.882505
21
0.3175246456692913
0
LINE
8
BLACK
6
CONTINUOUS
10
0.882505
20
0.3175246456692913
11
0.8806288188976378
21
0.3156484645669291
0
LINE
8
BLACK
6
CONTINUOUS
10
0.8806288188976378
20
0.3156484645669291
11
0.8802094488188976
21
0.3154747637795275
0
LINE
8
BLACK
6
CONTINUOUS
10
0.8802094488188976
20
0.3154747637795275
11
0.8798666141732283
21
0.3151774015748031
0
LINE
8
BLACK
6
CONTINUOUS
10
0.8798666141732283
20
0.3151774015748031
11
0.8770523228346456
21
0.3142392913385827
0
LINE
8
BLACK
6
CONTINUOUS
10
0.8770523228346456
20
0.3142392913385827
11
0.8767321653543307
21
0.3142620078740158
0
LINE
8
BLACK
6
CONTINUOUS
10
0.8767321653543307
20
0.3142620078740158
11
0.8764356692913385
21
0.3141392125984252
0
LINE
8
BLACK
6
CONTINUOUS
10
0.8764356692913385
20
0.3141392125984252
11
0.8745594488188976
21
0.3141392125984252
0
LINE
8
BLACK
6
CONTINUOUS
10
0.8745594488188976
20
0.3141392125984252
11
0.8742629133858267
21
0.3142620078740158
0
LINE
8
BLACK
6
CONTINUOUS
10
0.8742629133858267
20
0.3142620078740158
11
0.8739427952755905
21
0.3142392913385827
0
LINE
8
BLACK
6
CONTINUOUS
10
0.8739427952755905
20
0.3142392913385827
11
0.8711285433070866
21
0.3151774015748031
0
LINE
8
BLACK
6
CONTINUOUS
10
0.8711285433070866
20
0.3151774015748031
11
0.8707857086614174
21
0.3154747244094488
0
LINE
8
BLACK
6
CONTINUOUS
10
0.8707857086614174
20
0.3154747244094488
11
0.8703663779527558
21
0.3156484251968504
0
LINE
8
BLACK
6
CONTINUOUS
10
0.8703663779527558
20
0.3156484251968504
11
0.8694282677165354
21
0.3165864960629921
0
LINE
8
BLACK
6
CONTINUOUS
10
0.8694282677165354
20
0.3165864960629921
11
0.8688570866141732
21
0.3179653543307087
0
LINE
8
BLACK
6
CONTINUOUS
10
0.8688570866141732
20
0.3179653543307087
11
0.869428188976378
21
0.3193442125984252
0
LINE
8
BLACK
6
CONTINUOUS
10
0.869428188976378
20
0.3193442125984252
11
0.8708070472440945
21
0.3199153937007874
0
LINE
8
BLACK
6
CONTINUOUS
10
0.8708070472440945
20
0.3199153937007874
11
0.872185905511811
21
0.3193442913385827
0
LINE
8
BLACK
6
CONTINUOUS
10
0.872185905511811
20
0.3193442913385827
11
0.8727985433070866
21
0.3187316535433071
0
LINE
8
BLACK
6
CONTINUOUS
10
0.8727985433070866
20
0.3187316535433071
11
0.8748758661417323
21
0.3180392125984252
0
LINE
8
BLACK
6
CONTINUOUS
10
0.8748758661417323
20
0.3180392125984252
11
0.8761192519685039
21
0.3180392125984252
0
LINE
8
BLACK
6
CONTINUOUS
10
0.8761192519685039
20
0.3180392125984252
11
0.8781965748031496
21
0.3187316535433071
0
LINE
8
BLACK
6
CONTINUOUS
10
0.8781965748031496
20
0.3187316535433071
11
0.8795235039370078
21
0.3200585826771654
0
LINE
8
BLACK
6
CONTINUOUS
10
0.8795235039370078
20
0.3200585826771654
11
0.8802243307086614
21
0.3214602362204724
0
LINE
8
BLACK
6
CONTINUOUS
10
0.8802243307086614
20
0.3214602362204724
11
0.8810523228346456
21
0.3247720866141732
0
LINE
8
BLACK
6
CONTINUOUS
10
0.8810523228346456
20
0.3247720866141732
11
0.8810523228346456
21
0.3271062598425197
0
LINE
8
BLACK
6
CONTINUOUS
10
0.8810523228346456
20
0.3271062598425197
11
0.8802243307086614
21
0.3304181496062992
0
LINE
8
BLACK
6
CONTINUOUS
10
0.8802243307086614
20
0.3304181496062992
11
0.8795235039370078
21
0.3318198031496063
0
LINE
8
BLACK
6
CONTINUOUS
10
0.8795235039370078
20
0.3318198031496063
11
0.8781965748031496
21
0.3331467322834646
0
LINE
8
BLACK
6
CONTINUOUS
10
0.8781965748031496
20
0.3331467322834646
11
0.8761192519685039
21
0.3338392125984252
0
LINE
8
BLACK
6
CONTINUOUS
10
0.8761192519685039
20
0.3338392125984252
11
0.8748758661417323
21
0.3338392125984252
0
LINE
8
BLACK
6
CONTINUOUS
10
0.8748758661417323
20
0.3338392125984252
11
0.8727985433070866
21
0.3331467322834646
0
LINE
8
BLACK
6
CONTINUOUS
10
0.8727985433070866
20
0.3331467322834646
11
0.872185905511811
21
0.3325341338582677
0
LINE
8
BLACK
6
CONTINUOUS
10
0.872185905511811
20
0.3325341338582677
11
0.8708070472440945
21
0.331963031496063
0
LINE
8
BLACK
6
CONTINUOUS
10
0.8708070472440945
20
0.331963031496063
11
0.869428188976378
21
0.3325342125984252
0
LINE
8
BLACK
6
CONTINUOUS
10
0.869428188976378
20
0.3325342125984252
11
0.8688570866141732
21
0.3339130708661417
0
LINE
8
BLACK
6
CONTINUOUS
10
0.8688570866141732
20
0.3339130708661417
11
0.8694282677165354
21
0.3352919291338582
0
LINE
8
BLACK
6
CONTINUOUS
10
0.8694282677165354
20
0.3352919291338582
11
0.8703663779527558
21
0.33623
0
LINE
8
BLACK
6
CONTINUOUS
10
0.8703663779527558
20
0.33623
11
0.8707857086614174
21
0.3364036614173228
0
LINE
8
BLACK
6
CONTINUOUS
10
0.8707857086614174
20
0.3364036614173228
11
0.8711285433070866
21
0.3367010236220472
0
LINE
8
BLACK
6
CONTINUOUS
10
0.8711285433070866
20
0.3367010236220472
11
0.8739427952755905
21
0.3376391338582677
0
LINE
8
BLACK
6
CONTINUOUS
10
0.8739427952755905
20
0.3376391338582677
11
0.8742629133858267
21
0.3376163779527559
0
LINE
8
BLACK
6
CONTINUOUS
10
0.8742629133858267
20
0.3376163779527559
11
0.8745594488188976
21
0.3377392125984252
0
LINE
8
BLACK
6
CONTINUOUS
10
0.8745594488188976
20
0.3377392125984252
11
0.8764356692913385
21
0.3377392125984252
0
LINE
8
BLACK
6
CONTINUOUS
10
0.8764356692913385
20
0.3377392125984252
11
0.8767321653543307
21
0.3376163779527559
0
LINE
8
BLACK
6
CONTINUOUS
10
0.9012668897637796
20
0.3371680708661417
11
0.901838031496063
21
0.3357892125984252
0
LINE
8
BLACK
6
CONTINUOUS
10
0.901838031496063
20
0.3357892125984252
11
0.9012668897637796
21
0.3344103543307086
0
LINE
8
BLACK
6
CONTINUOUS
10
0.9012668897637796
20
0.3344103543307086
11
0.899888031496063
21
0.3338392125984252
0
LINE
8
BLACK
6
CONTINUOUS
10
0.899888031496063
20
0.3338392125984252
11
0.8962094881889764
21
0.3338392125984252
0
LINE
8
BLACK
6
CONTINUOUS
10
0.8962094881889764
20
0.3338392125984252
11
0.8962094881889764
21
0.3160892125984252
0
LINE
8
BLACK
6
CONTINUOUS
10
0.8962094881889764
20
0.3160892125984252
11
0.8956383464566929
21
0.3147103543307087
0
LINE
8
BLACK
6
CONTINUOUS
10
0.8956383464566929
20
0.3147103543307087
11
0.8942594881889764
21
0.3141392125984252
0
LINE
8
BLACK
6
CONTINUOUS
10
0.8942594881889764
20
0.3141392125984252
11
0.8928806299212598
21
0.3147103543307087
0
LINE
8
BLACK
6
CONTINUOUS
10
0.8928806299212598
20
0.3147103543307087
11
0.8923094881889764
21
0.3160892125984252
0
LINE
8
BLACK
6
CONTINUOUS
10
0.8923094881889764
20
0.3160892125984252
11
0.8923094881889764
21
0.3338392125984252
0
LINE
8
BLACK
6
CONTINUOUS
10
0.8923094881889764
20
0.3338392125984252
11
0.888630905511811
21
0.3338392125984252
0
LINE
8
BLACK
6
CONTINUOUS
10
0.888630905511811
20
0.3338392125984252
11
0.8872520472440945
21
0.3344103543307086
0
LINE
8
BLACK
6
CONTINUOUS
10
0.8872520472440945
20
0.3344103543307086
11
0.886680905511811
21
0.3357892125984252
0
LINE
8
BLACK
6
CONTINUOUS
10
0.886680905511811
20
0.3357892125984252
11
0.8872520472440945
21
0.3371680708661417
0
LINE
8
BLACK
6
CONTINUOUS
10
0.8872520472440945
20
0.3371680708661417
11
0.888630905511811
21
0.3377392125984252
0
LINE
8
BLACK
6
CONTINUOUS
10
0.888630905511811
20
0.3377392125984252
11
0.899888031496063
21
0.3377392125984252
0
LINE
8
BLACK
6
CONTINUOUS
10
0.899888031496063
20
0.3377392125984252
11
0.9012668897637796
21
0.3371680708661417
0
LINE
8
BLACK
6
CONTINUOUS
10
0.7674053149606299
20
0.3375436614173228
11
0.7675506692913385
21
0.3375333464566929
0
LINE
8
BLACK
6
CONTINUOUS
10
0.7675506692913385
20
0.3375333464566929
11
0.7679556299212599
21
0.3370663779527559
0
LINE
8
BLACK
6
CONTINUOUS
10
0.7679556299212599
20
0.3370663779527559
11
0.768422716535433
21
0.3366612992125984
0
LINE
8
BLACK
6
CONTINUOUS
10
0.768422716535433
20
0.3366612992125984
11
0.768433031496063
21
0.336515905511811
0
LINE
8
BLACK
6
CONTINUOUS
10
0.768433031496063
20
0.336515905511811
11
0.7685285039370079
21
0.3364058661417323
0
LINE
8
BLACK
6
CONTINUOUS
10
0.7685285039370079
20
0.3364058661417323
11
0.775095157480315
21
0.3167058267716535
0
LINE
8
BLACK
6
CONTINUOUS
10
0.775095157480315
20
0.3167058267716535
11
0.7749893700787401
21
0.3152171259842519
0
LINE
8
BLACK
6
CONTINUOUS
10
0.7749893700787401
20
0.3152171259842519
11
0.7738618897637796
21
0.3142392519685039
0
LINE
8
BLACK
6
CONTINUOUS
10
0.7738618897637796
20
0.3142392519685039
11
0.772373188976378
21
0.3143450787401575
0
LINE
8
BLACK
6
CONTINUOUS
10
0.772373188976378
20
0.3143450787401575
11
0.7713953149606299
21
0.3154725590551181
0
LINE
8
BLACK
6
CONTINUOUS
10
0.7713953149606299
20
0.3154725590551181
11
0.7699635826771654
21
0.3197677952755905
0
LINE
8
BLACK
6
CONTINUOUS
10
0.7699635826771654
20
0.3197677952755905
11
0.7633935826771653
21
0.3197677952755905
0
LINE
8
BLACK
6
CONTINUOUS
10
0.7633935826771653
20
0.3197677952755905
11
0.7619618503937008
21
0.3154725590551181
0
LINE
8
BLACK
6
CONTINUOUS
10
0.7619618503937008
20
0.3154725590551181
11
0.7609840157480314
21
0.3143450787401575
0
LINE
8
BLACK
6
CONTINUOUS
10
0.7609840157480314
20
0.3143450787401575
11
0.7594952755905512
21
0.3142392913385827
0
LINE
8
BLACK
6
CONTINUOUS
10
0.7594952755905512
20
0.3142392913385827
11
0.7583677952755905
21
0.3152171259842519
0
LINE
8
BLACK
6
CONTINUOUS
10
0.7583677952755905
20
0.3152171259842519
11
0.7582620078740158
21
0.3167058661417323
0
LINE
8
BLACK
6
CONTINUOUS
10
0.7582620078740158
20
0.3167058661417323
11
0.7648286614173229
21
0.3364058661417323
0
LINE
8
BLACK
6
CONTINUOUS
10
0.7648286614173229
20
0.3364058661417323
11
0.764924094488189
21
0.336515905511811
0
LINE
8
BLACK
6
CONTINUOUS
10
0.764924094488189
20
0.336515905511811
11
0.7649344488188976
21
0.3366612992125984
0
LINE
8
BLACK
6
CONTINUOUS
10
0.7649344488188976
20
0.3366612992125984
11
0.7654015354330709
21
0.3370663779527559
0
LINE
8
BLACK
6
CONTINUOUS
10
0.7654015354330709
20
0.3370663779527559
11
0.7658065354330709
21
0.3375333464566929
0
LINE
8
BLACK
6
CONTINUOUS
10
0.7658065354330709
20
0.3375333464566929
11
0.7659518503937007
21
0.3375436614173228
0
LINE
8
BLACK
6
CONTINUOUS
10
0.7659518503937007
20
0.3375436614173228
11
0.7660619291338583
21
0.3376391338582677
0
LINE
8
BLACK
6
CONTINUOUS
10
0.7660619291338583
20
0.3376391338582677
11
0.7666784251968504
21
0.3375953149606299
0
LINE
8
BLACK
6
CONTINUOUS
10
0.7666784251968504
20
0.3375953149606299
11
0.7672952362204725
21
0.3376391732283465
0
LINE
8
BLACK
6
CONTINUOUS
10
0.7672952362204725
20
0.3376391732283465
11
0.7674053149606299
21
0.3375436614173228
0
LINE
8
BLACK
6
CONTINUOUS
10
0.7646935826771654
20
0.3236677952755905
11
0.7686635826771654
21
0.3236677952755905
0
LINE
8
BLACK
6
CONTINUOUS
10
0.7686635826771654
20
0.3236677952755905
11
0.7666785433070866
21
0.3296227952755905
0
LINE
8
BLACK
6
CONTINUOUS
10
0.7666785433070866
20
0.3296227952755905
11
0.7646935826771654
21
0.3236677952755905
0
LINE
8
BLACK
6
CONTINUOUS
10
0.8593385826771653
20
0.3375436614173228
11
0.859483937007874
21
0.3375333464566929
0
LINE
8
BLACK
6
CONTINUOUS
10
0.859483937007874
20
0.3375333464566929
11
0.8598888976377953
21
0.3370663779527559
0
LINE
8
BLACK
6
CONTINUOUS
10
0.8598888976377953
20
0.3370663779527559
11
0.8603559842519685
21
0.3366612992125984
0
LINE
8
BLACK
6
CONTINUOUS
10
0.8603559842519685
20
0.3366612992125984
11
0.8603662992125984
21
0.336515905511811
0
LINE
8
BLACK
6
CONTINUOUS
10
0.8603662992125984
20
0.336515905511811
11
0.8604617716535433
21
0.3364058661417323
0
LINE
8
BLACK
6
CONTINUOUS
10
0.8604617716535433
20
0.3364058661417323
11
0.8670284251968504
21
0.3167058267716535
0
LINE
8
BLACK
6
CONTINUOUS
10
0.8670284251968504
20
0.3167058267716535
11
0.8669226377952756
21
0.3152171259842519
0
LINE
8
BLACK
6
CONTINUOUS
10
0.8669226377952756
20
0.3152171259842519
11
0.865795157480315
21
0.3142392519685039
0
LINE
8
BLACK
6
CONTINUOUS
10
0.865795157480315
20
0.3142392519685039
11
0.8643064566929134
21
0.3143450787401575
0
LINE
8
BLACK
6
CONTINUOUS
10
0.8643064566929134
20
0.3143450787401575
11
0.8633285826771653
21
0.3154725590551181
0
LINE
8
BLACK
6
CONTINUOUS
10
0.8633285826771653
20
0.3154725590551181
11
0.8618968503937008
21
0.3197677952755905
0
LINE
8
BLACK
6
CONTINUOUS
10
0.8618968503937008
20
0.3197677952755905
11
0.8553268503937008
21
0.3197677952755905
0
LINE
8
BLACK
6
CONTINUOUS
10
0.8553268503937008
20
0.3197677952755905
11
0.8538951181102362
21
0.3154725590551181
0
LINE
8
BLACK
6
CONTINUOUS
10
0.8538951181102362
20
0.3154725590551181
11
0.8529172834645669
21
0.3143450787401575
0
LINE
8
BLACK
6
CONTINUOUS
10
0.8529172834645669
20
0.3143450787401575
11
0.8514285433070866
21
0.3142392913385827
0
LINE
8
BLACK
6
CONTINUOUS
10
0.8514285433070866
20
0.3142392913385827
11
0.8503010629921259
21
0.3152171259842519
0
LINE
8
BLACK
6
CONTINUOUS
10
0.8503010629921259
20
0.3152171259842519
11
0.8501952755905512
21
0.3167058661417323
0
LINE
8
BLACK
6
CONTINUOUS
10
0.8501952755905512
20
0.3167058661417323
11
0.8567619291338583
21
0.3364058661417323
0
LINE
8
BLACK
6
CONTINUOUS
10
0.8567619291338583
20
0.3364058661417323
11
0.8568573622047244
21
0.336515905511811
0
LINE
8
BLACK
6
CONTINUOUS
10
0.8568573622047244
20
0.336515905511811
11
0.856867716535433
21
0.3366612992125984
0
LINE
8
BLACK
6
CONTINUOUS
10
0.856867716535433
20
0.3366612992125984
11
0.8573348031496063
21
0.3370663779527559
0
LINE
8
BLACK
6
CONTINUOUS
10
0.8573348031496063
20
0.3370663779527559
11
0.8577398031496063
21
0.3375333464566929
0
LINE
8
BLACK
6
CONTINUOUS
10
0.8577398031496063
20
0.3375333464566929
11
0.8578851181102362
21
0.3375436614173228
0
LINE
8
BLACK
6
CONTINUOUS
10
0.8578851181102362
20
0.3375436614173228
11
0.8579951968503937
21
0.3376391338582677
0
LINE
8
BLACK
6
CONTINUOUS
10
0.8579951968503937
20
0.3376391338582677
11
0.8586116929133858
21
0.3375953149606299
0
LINE
8
BLACK
6
CONTINUOUS
10
0.8586116929133858
20
0.3375953149606299
11
0.8592285039370079
21
0.3376391732283465
0
LINE
8
BLACK
6
CONTINUOUS
10
0.8592285039370079
20
0.3376391732283465
11
0.8593385826771653
21
0.3375436614173228
0
LINE
8
BLACK
6
CONTINUOUS
10
0.8566268503937008
20
0.3236677952755905
11
0.8605968503937008
21
0.3236677952755905
0
LINE
8
BLACK
6
CONTINUOUS
10
0.8605968503937008
20
0.3236677952755905
11
0.8586118110236221
21
0.3296227952755905
0
LINE
8
BLACK
6
CONTINUOUS
10
0.8586118110236221
20
0.3296227952755905
11
0.8566268503937008
21
0.3236677952755905
0
LINE
8
BLACK
6
CONTINUOUS
10
0.8198663779527559
20
0.4026623622047244
11
0.8200633070866141
21
0.4027013385826771
0
LINE
8
BLACK
6
CONTINUOUS
10
0.8200633070866141
20
0.4027013385826771
11
0.8205350787401574
21
0.4023853543307087
0
LINE
8
BLACK
6
CONTINUOUS
10
0.8205350787401574
20
0.4023853543307087
11
0.8210597637795275
21
0.4021680708661417
0
LINE
8
BLACK
6
CONTINUOUS
10
0.8210597637795275
20
0.4021680708661417
11
0.8211365748031496
21
0.4019825984251968
0
LINE
8
BLACK
6
CONTINUOUS
10
0.8211365748031496
20
0.4019825984251968
11
0.8213033858267716
21
0.401870905511811
0
LINE
8
BLACK
6
CONTINUOUS
10
0.8213033858267716
20
0.401870905511811
11
0.8230724803149606
21
0.3992172440944882
0
LINE
8
BLACK
6
CONTINUOUS
10
0.8230724803149606
20
0.3992172440944882
11
0.8245883858267716
21
0.3977013385826771
0
LINE
8
BLACK
6
CONTINUOUS
10
0.8245883858267716
20
0.3977013385826771
11
0.8261815748031496
21
0.3969047637795275
0
LINE
8
BLACK
6
CONTINUOUS
10
0.8261815748031496
20
0.3969047637795275
11
0.8271594094488188
21
0.3957772440944882
0
LINE
8
BLACK
6
CONTINUOUS
10
0.8271594094488188
20
0.3957772440944882
11
0.8270536220472441
21
0.3942885433070866
0
LINE
8
BLACK
6
CONTINUOUS
10
0.8270536220472441
20
0.3942885433070866
11
0.8259261023622047
21
0.3933107086614173
0
LINE
8
BLACK
6
CONTINUOUS
10
0.8259261023622047
20
0.3933107086614173
11
0.8244374015748032
21
0.3934164960629921
0
LINE
8
BLACK
6
CONTINUOUS
10
0.8244374015748032
20
0.3934164960629921
11
0.822561220472441
21
0.3943546062992126
0
LINE
8
BLACK
6
CONTINUOUS
10
0.822561220472441
20
0.3943546062992126
11
0.8223509448818898
21
0.3945970472440945
0
LINE
8
BLACK
6
CONTINUOUS
10
0.8223509448818898
20
0.3945970472440945
11
0.8220544488188977
21
0.3947198818897638
0
LINE
8
BLACK
6
CONTINUOUS
10
0.8220544488188977
20
0.3947198818897638
11
0.8216309055118109
21
0.3951434251968504
0
LINE
8
BLACK
6
CONTINUOUS
10
0.8216309055118109
20
0.3951434251968504
11
0.8216309055118109
21
0.3830392125984252
0
LINE
8
BLACK
6
CONTINUOUS
10
0.8216309055118109
20
0.3830392125984252
11
0.8253094881889763
21
0.3830392125984252
0
LINE
8
BLACK
6
CONTINUOUS
10
0.8253094881889763
20
0.3830392125984252
11
0.8266883464566929
21
0.3824680708661417
0
LINE
8
BLACK
6
CONTINUOUS
10
0.8266883464566929
20
0.3824680708661417
11
0.8272594881889763
21
0.3810892125984252
0
LINE
8
BLACK
6
CONTINUOUS
10
0.8272594881889763
20
0.3810892125984252
11
0.8266883464566929
21
0.3797103543307087
0
LINE
8
BLACK
6
CONTINUOUS
10
0.8266883464566929
20
0.3797103543307087
11
0.8253094881889763
21
0.3791392125984252
0
LINE
8
BLACK
6
CONTINUOUS
10
0.8253094881889763
20
0.3791392125984252
11
0.8196809055118111
21
0.3791392125984252
0
LINE
8
BLACK
6
CONTINUOUS
10
0.8196809055118111
20
0.3791392125984252
11
0.8140523622047244
21
0.3791392125984252
0
LINE
8
BLACK
6
CONTINUOUS
10
0.8140523622047244
20
0.3791392125984252
11
0.8126735039370079
21
0.3797103543307087
0
LINE
8
BLACK
6
CONTINUOUS
10
0.8126735039370079
20
0.3797103543307087
11
0.8121023622047244
21
0.3810892125984252
0
LINE
8
BLACK
6
CONTINUOUS
10
0.8121023622047244
20
0.3810892125984252
11
0.8126735039370079
21
0.3824680708661417
0
LINE
8
BLACK
6
CONTINUOUS
10
0.8126735039370079
20
0.3824680708661417
11
0.8140523622047244
21
0.3830392125984252
0
LINE
8
BLACK
6
CONTINUOUS
10
0.8140523622047244
20
0.3830392125984252
11
0.817730905511811
21
0.3830392125984252
0
LINE
8
BLACK
6
CONTINUOUS
10
0.817730905511811
20
0.3830392125984252
11
0.817730905511811
21
0.4007892125984252
0
LINE
8
BLACK
6
CONTINUOUS
10
0.817730905511811
20
0.4007892125984252
11
0.817807716535433
21
0.4009746850393701
0
LINE
8
BLACK
6
CONTINUOUS
10
0.817807716535433
20
0.4009746850393701
11
0.817768779527559
21
0.4011716141732283
0
LINE
8
BLACK
6
CONTINUOUS
10
0.817768779527559
20
0.4011716141732283
11
0.8180847244094488
21
0.4016433858267717
0
LINE
8
BLACK
6
CONTINUOUS
10
0.8180847244094488
20
0.4016433858267717
11
0.8183020472440945
21
0.4021680708661417
0
LINE
8
BLACK
6
CONTINUOUS
10
0.8183020472440945
20
0.4021680708661417
11
0.8184874803149607
21
0.4022448818897638
0
LINE
8
BLACK
6
CONTINUOUS
10
0.8184874803149607
20
0.4022448818897638
11
0.8185992125984252
21
0.4024116929133858
0
LINE
8
BLACK
6
CONTINUOUS
10
0.8185992125984252
20
0.4024116929133858
11
0.819156220472441
21
0.4025218897637795
0
LINE
8
BLACK
6
CONTINUOUS
10
0.819156220472441
20
0.4025218897637795
11
0.8196809055118111
21
0.4027392125984252
0
LINE
8
BLACK
6
CONTINUOUS
10
0.8196809055118111
20
0.4027392125984252
11
0.8198663779527559
21
0.4026623622047244
0
LINE
8
BLACK
6
CONTINUOUS
10
0.8463883464566929
20
0.4021680708661417
11
0.8469594881889764
21
0.4007892125984252
0
LINE
8
BLACK
6
CONTINUOUS
10
0.8469594881889764
20
0.4007892125984252
11
0.8469594881889764
21
0.3848415748031496
0
LINE
8
BLACK
6
CONTINUOUS
10
0.8469594881889764
20
0.3848415748031496
11
0.8467857874015747
21
0.3844222047244095
0
LINE
8
BLACK
6
CONTINUOUS
10
0.8467857874015747
20
0.3844222047244095
11
0.846753622047244
21
0.3839695275590551
0
LINE
8
BLACK
6
CONTINUOUS
10
0.846753622047244
20
0.3839695275590551
11
0.8458155511811023
21
0.3820933464566929
0
LINE
8
BLACK
6
CONTINUOUS
10
0.8458155511811023
20
0.3820933464566929
11
0.8455730708661418
21
0.381883031496063
0
LINE
8
BLACK
6
CONTINUOUS
10
0.8455730708661418
20
0.381883031496063
11
0.8454502362204724
21
0.3815864960629921
0
LINE
8
BLACK
6
CONTINUOUS
10
0.8454502362204724
20
0.3815864960629921
11
0.844512125984252
21
0.3806484251968504
0
LINE
8
BLACK
6
CONTINUOUS
10
0.844512125984252
20
0.3806484251968504
11
0.8442156299212599
21
0.3805255905511811
0
LINE
8
BLACK
6
CONTINUOUS
10
0.8442156299212599
20
0.3805255905511811
11
0.8440053937007874
21
0.3802831889763779
0
LINE
8
BLACK
6
CONTINUOUS
10
0.8440053937007874
20
0.3802831889763779
11
0.8421292125984252
21
0.3793450787401575
0
LINE
8
BLACK
6
CONTINUOUS
10
0.8421292125984252
20
0.3793450787401575
11
0.8416764566929134
21
0.379312874015748
0
LINE
8
BLACK
6
CONTINUOUS
10
0.8416764566929134
20
0.379312874015748
11
0.841257125984252
21
0.3791392125984252
0
LINE
8
BLACK
6
CONTINUOUS
10
0.841257125984252
20
0.3791392125984252
11
0.8375047244094488
21
0.3791392125984252
0
LINE
8
BLACK
6
CONTINUOUS
10
0.8375047244094488
20
0.3791392125984252
11
0.8370853543307086
21
0.379312874015748
0
LINE
8
BLACK
6
CONTINUOUS
10
0.8370853543307086
20
0.379312874015748
11
0.8366326377952755
21
0.3793450787401575
0
LINE
8
BLACK
6
CONTINUOUS
10
0.8366326377952755
20
0.3793450787401575
11
0.8347564566929133
21
0.3802831889763779
0
LINE
8
BLACK
6
CONTINUOUS
10
0.8347564566929133
20
0.3802831889763779
11
0.8345461811023622
21
0.3805256299212598
0
LINE
8
BLACK
6
CONTINUOUS
10
0.8345461811023622
20
0.3805256299212598
11
0.83424968503937
21
0.3806484645669291
0
LINE
8
BLACK
6
CONTINUOUS
10
0.83424968503937
20
0.3806484645669291
11
0.8333116141732283
21
0.3815865354330709
0
LINE
8
BLACK
6
CONTINUOUS
10
0.8333116141732283
20
0.3815865354330709
11
0.833188779527559
21
0.381883031496063
0
LINE
8
BLACK
6
CONTINUOUS
10
0.833188779527559
20
0.381883031496063
11
0.8329463385826772
21
0.3820933070866142
0
LINE
8
BLACK
6
CONTINUOUS
10
0.8329463385826772
20
0.3820933070866142
11
0.8320082283464567
21
0.3839694881889764
0
LINE
8
BLACK
6
CONTINUOUS
10
0.8320082283464567
20
0.3839694881889764
11
0.8319760236220473
21
0.3844222047244095
0
LINE
8
BLACK
6
CONTINUOUS
10
0.8319760236220473
20
0.3844222047244095
11
0.8318023622047244
21
0.3848415748031496
0
LINE
8
BLACK
6
CONTINUOUS
10
0.8318023622047244
20
0.3848415748031496
11
0.8318023622047244
21
0.4007892125984252
0
LINE
8
BLACK
6
CONTINUOUS
10
0.8318023622047244
20
0.4007892125984252
11
0.8323735039370078
21
0.4021680708661417
0
LINE
8
BLACK
6
CONTINUOUS
10
0.8323735039370078
20
0.4021680708661417
11
0.8337523622047244
21
0.4027392125984252
0
LINE
8
BLACK
6
CONTINUOUS
10
0.8337523622047244
20
0.4027392125984252
11
0.8351312204724409
21
0.4021680708661417
0
LINE
8
BLACK
6
CONTINUOUS
10
0.8351312204724409
20
0.4021680708661417
11
0.8357023622047244
21
0.4007892125984252
0
LINE
8
BLACK
6
CONTINUOUS
10
0.8357023622047244
20
0.4007892125984252
11
0.8357023622047244
21
0.3853019291338582
0
LINE
8
BLACK
6
CONTINUOUS
10
0.8357023622047244
20
0.3853019291338582
11
0.8362930708661417
21
0.3841204724409449
0
LINE
8
BLACK
6
CONTINUOUS
10
0.8362930708661417
20
0.3841204724409449
11
0.8367836220472441
21
0.3836299212598425
0
LINE
8
BLACK
6
CONTINUOUS
10
0.8367836220472441
20
0.3836299212598425
11
0.8379650787401575
21
0.3830392125984252
0
LINE
8
BLACK
6
CONTINUOUS
10
0.8379650787401575
20
0.3830392125984252
11
0.8407967716535433
21
0.3830392125984252
0
LINE
8
BLACK
6
CONTINUOUS
10
0.8407967716535433
20
0.3830392125984252
11
0.8419782283464566
21
0.3836299606299213
0
LINE
8
BLACK
6
CONTINUOUS
10
0.8419782283464566
20
0.3836299606299213
11
0.8424688188976378
21
0.3841205118110236
0
LINE
8
BLACK
6
CONTINUOUS
10
0.8424688188976378
20
0.3841205118110236
11
0.8430594881889764
21
0.3853018503937008
0
LINE
8
BLACK
6
CONTINUOUS
10
0.8430594881889764
20
0.3853018503937008
11
0.8430594881889764
21
0.4007892125984252
0
LINE
8
BLACK
6
CONTINUOUS
10
0.8430594881889764
20
0.4007892125984252
11
0.8436306299212598
21
0.4021680708661417
0
LINE
8
BLACK
6
CONTINUOUS
10
0.8436306299212598
20
0.4021680708661417
11
0.8450094881889764
21
0.4027392125984252
0
LINE
8
BLACK
6
CONTINUOUS
10
0.8450094881889764
20
0.4027392125984252
11
0.8463883464566929
21
0.4021680708661417
0
LINE
8
BLACK
6
CONTINUOUS
10
0.6718401968503936
20
0.4218475196850394
11
0.6754797637795276
21
0.4187935433070866
0
LINE
8
BLACK
6
CONTINUOUS
10
0.6754797637795276
20
0.4187935433070866
11
0.6778553149606299
21
0.4146789763779528
0
LINE
8
BLACK
6
CONTINUOUS
10
0.6778553149606299
20
0.4146789763779528
11
0.6786803543307086
21
0.41
0
LINE
8
BLACK
6
CONTINUOUS
10
0.6786803543307086
20
0.41
11
0.6778553149606299
21
0.4053210236220472
0
LINE
8
BLACK
6
CONTINUOUS
10
0.6778553149606299
20
0.4053210236220472
11
0.6754797637795276
21
0.4012064566929134
0
LINE
8
BLACK
6
CONTINUOUS
10
0.6754797637795276
20
0.4012064566929134
11
0.6718401968503936
21
0.3981524803149606
0
LINE
8
BLACK
6
CONTINUOUS
10
0.6718401968503936
20
0.3981524803149606
11
0.6673755511811024
21
0.3965274803149606
0
LINE
8
BLACK
6
CONTINUOUS
10
0.6673755511811024
20
0.3965274803149606
11
0.6626244488188976
21
0.3965274803149606
0
LINE
8
BLACK
6
CONTINUOUS
10
0.6626244488188976
20
0.3965274803149606
11
0.6581598031496063
21
0.3981524803149606
0
LINE
8
BLACK
6
CONTINUOUS
10
0.6581598031496063
20
0.3981524803149606
11
0.6545202362204724
21
0.4012064566929134
0
LINE
8
BLACK
6
CONTINUOUS
10
0.6545202362204724
20
0.4012064566929134
11
0.6521446850393701
21
0.4053210236220472
0
LINE
8
BLACK
6
CONTINUOUS
10
0.6521446850393701
20
0.4053210236220472
11
0.6513196456692913
21
0.41
0
LINE
8
BLACK
6
CONTINUOUS
10
0.6513196456692913
20
0.41
11
0.6521446850393701
21
0.4146789763779528
0
LINE
8
BLACK
6
CONTINUOUS
10
0.6521446850393701
20
0.4146789763779528
11
0.6545202362204724
21
0.4187935433070866
0
LINE
8
BLACK
6
CONTINUOUS
10
0.6545202362204724
20
0.4187935433070866
11
0.6581598425196851
21
0.4218475196850394
0
LINE
8
BLACK
6
CONTINUOUS
10
0.6581598425196851
20
0.4218475196850394
11
0.6626244488188976
21
0.4234725196850394
0
LINE
8
BLACK
6
CONTINUOUS
10
0.6626244488188976
20
0.4234725196850394
11
0.6673755511811024
21
0.4234725196850394
0
LINE
8
BLACK
6
CONTINUOUS
10
0.6673755511811024
20
0.4234725196850394
11
0.6718401968503936
21
0.4218475196850394
0
LINE
8
BLACK
6
CONTINUOUS
10
0.6568233070866142
20
0.4066131102362205
11
0.6587418110236221
21
0.4037418110236221
0
LINE
8
BLACK
6
CONTINUOUS
10
0.6587418110236221
20
0.4037418110236221
11
0.6616131102362205
21
0.4018233070866142
0
LINE
8
BLACK
6
CONTINUOUS
10
0.6616131102362205
20
0.4018233070866142
11
0.665
21
0.4011496062992126
0
LINE
8
BLACK
6
CONTINUOUS
10
0.665
20
0.4011496062992126
11
0.6683868897637795
21
0.4018233070866142
0
LINE
8
BLACK
6
CONTINUOUS
10
0.6683868897637795
20
0.4018233070866142
11
0.6712581889763779
21
0.4037418110236221
0
LINE
8
BLACK
6
CONTINUOUS
10
0.6712581889763779
20
0.4037418110236221
11
0.6731766929133858
21
0.4066131102362205
0
LINE
8
BLACK
6
CONTINUOUS
10
0.6731766929133858
20
0.4066131102362205
11
0.6738503937007874
21
0.41
0
LINE
8
BLACK
6
CONTINUOUS
10
0.6738503937007874
20
0.41
11
0.6731766929133858
21
0.4133868897637795
0
LINE
8
BLACK
6
CONTINUOUS
10
0.6731766929133858
20
0.4133868897637795
11
0.6712581889763779
21
0.416258188976378
0
LINE
8
BLACK
6
CONTINUOUS
10
0.6712581889763779
20
0.416258188976378
11
0.6683868897637795
21
0.4181766929133858
0
LINE
8
BLACK
6
CONTINUOUS
10
0.6683868897637795
20
0.4181766929133858
11
0.665
21
0.4188503937007874
0
LINE
8
BLACK
6
CONTINUOUS
10
0.665
20
0.4188503937007874
11
0.6616131102362205
21
0.4181766929133858
0
LINE
8
BLACK
6
CONTINUOUS
10
0.6616131102362205
20
0.4181766929133858
11
0.6587418110236221
21
0.416258188976378
0
LINE
8
BLACK
6
CONTINUOUS
10
0.6587418110236221
20
0.416258188976378
11
0.6568233070866142
21
0.4133868897637795
0
LINE
8
BLACK
6
CONTINUOUS
10
0.6568233070866142
20
0.4133868897637795
11
0.6561496062992126
21
0.41
0
LINE
8
BLACK
6
CONTINUOUS
10
0.6561496062992126
20
0.41
11
0.6568233070866142
21
0.4066131102362205
0
LINE
8
BLACK
6
CONTINUOUS
10
0.9810099212598425
20
0.4427746850393701
11
0.9825571653543307
21
0.4414763779527559
0
LINE
8
BLACK
6
CONTINUOUS
10
0.9825571653543307
20
0.4414763779527559
11
0.9829079133858267
21
0.4394872440944882
0
LINE
8
BLACK
6
CONTINUOUS
10
0.9829079133858267
20
0.4394872440944882
11
0.9824999999999999
21
0.4387807086614173
0
LINE
8
BLACK
6
CONTINUOUS
10
0.9824999999999999
20
0.4387807086614173
11
0.9824999999999999
21
0.3015243307086614
0
LINE
8
BLACK
6
CONTINUOUS
10
0.9824999999999999
20
0.3015243307086614
11
0.9825571653543307
21
0.3014763779527559
0
LINE
8
BLACK
6
CONTINUOUS
10
0.9825571653543307
20
0.3014763779527559
11
0.9829079133858267
21
0.2994872440944882
0
LINE
8
BLACK
6
CONTINUOUS
10
0.9829079133858267
20
0.2994872440944882
11
0.9818979921259843
21
0.2977380708661417
0
LINE
8
BLACK
6
CONTINUOUS
10
0.9818979921259843
20
0.2977380708661417
11
0.98
21
0.2970472440944882
0
LINE
8
BLACK
6
CONTINUOUS
10
0.98
20
0.2970472440944882
11
0.635
21
0.2970472440944882
0
LINE
8
BLACK
6
CONTINUOUS
10
0.635
20
0.2970472440944882
11
0.6339900787401574
21
0.2972253149606299
0
LINE
8
BLACK
6
CONTINUOUS
10
0.6339900787401574
20
0.2972253149606299
11
0.6324428346456693
21
0.2985236220472441
0
LINE
8
BLACK
6
CONTINUOUS
10
0.6324428346456693
20
0.2985236220472441
11
0.6320920866141733
21
0.3005127559055118
0
LINE
8
BLACK
6
CONTINUOUS
10
0.6320920866141733
20
0.3005127559055118
11
0.6325
21
0.3012192519685039
0
LINE
8
BLACK
6
CONTINUOUS
10
0.6325
20
0.3012192519685039
11
0.6325
21
0.4384756299212598
0
LINE
8
BLACK
6
CONTINUOUS
10
0.6325
20
0.4384756299212598
11
0.6324428346456693
21
0.4385236220472441
0
LINE
8
BLACK
6
CONTINUOUS
10
0.6324428346456693
20
0.4385236220472441
11
0.6320920866141733
21
0.4405127559055118
0
LINE
8
BLACK
6
CONTINUOUS
10
0.6320920866141733
20
0.4405127559055118
11
0.6331020078740157
21
0.4422619291338583
0
LINE
8
BLACK
6
CONTINUOUS
10
0.6331020078740157
20
0.4422619291338583
11
0.635
21
0.4429527559055118
0
LINE
8
BLACK
6
CONTINUOUS
10
0.635
20
0.4429527559055118
11
0.98
21
0.4429527559055118
0
LINE
8
BLACK
6
CONTINUOUS
10
0.98
20
0.4429527559055118
11
0.9810099212598425
21
0.4427746850393701
0
LINE
8
BLACK
6
CONTINUOUS
10
0.6375
20
0.4370472440944882
11
0.6375
21
0.3029527559055118
0
LINE
8
BLACK
6
CONTINUOUS
10
0.6375
20
0.3029527559055118
11
0.9774999999999999
21
0.3029527559055118
0
LINE
8
BLACK
6
CONTINUOUS
10
0.9774999999999999
20
0.3029527559055118
11
0.9774999999999999
21
0.4370472440944882
0
LINE
8
BLACK
6
CONTINUOUS
10
0.9774999999999999
20
0.4370472440944882
11
0.6375
21
0.4370472440944882
0
LINE
8
BLACK
6
CONTINUOUS
10
1.0954102362204725
20
0.3145035826771653
11
1.0960399606299212
21
0.3129833070866141
0
LINE
8
BLACK
6
CONTINUOUS
10
1.0960399606299212
20
0.3129833070866141
11
1.0960399606299212
21
0.3017261811023622
0
LINE
8
BLACK
6
CONTINUOUS
10
1.0960399606299212
20
0.3017261811023622
11
1.0954102362204725
21
0.300205905511811
0
LINE
8
BLACK
6
CONTINUOUS
10
1.0954102362204725
20
0.300205905511811
11
1.0938899606299213
21
0.2995761811023622
0
LINE
8
BLACK
6
CONTINUOUS
10
1.0938899606299213
20
0.2995761811023622
11
1.09236968503937
21
0.300205905511811
0
LINE
8
BLACK
6
CONTINUOUS
10
1.09236968503937
20
0.300205905511811
11
1.0917399606299212
21
0.3017261811023622
0
LINE
8
BLACK
6
CONTINUOUS
10
1.0917399606299212
20
0.3017261811023622
11
1.0917399606299212
21
0.3052047244094488
0
LINE
8
BLACK
6
CONTINUOUS
10
1.0917399606299212
20
0.3052047244094488
11
1.0741899606299212
21
0.3052047244094488
0
LINE
8
BLACK
6
CONTINUOUS
10
1.0741899606299212
20
0.3052047244094488
11
1.0739853937007873
21
0.3052894094488189
0
LINE
8
BLACK
6
CONTINUOUS
10
1.0739853937007873
20
0.3052894094488189
11
1.0737683070866142
21
0.3052464960629921
0
LINE
8
BLACK
6
CONTINUOUS
10
1.0737683070866142
20
0.3052464960629921
11
1.0732481496062991
21
0.3055948031496063
0
LINE
8
BLACK
6
CONTINUOUS
10
1.0732481496062991
20
0.3055948031496063
11
1.07266968503937
21
0.3058344488188977
0
LINE
8
BLACK
6
CONTINUOUS
10
1.07266968503937
20
0.3058344488188977
11
1.0725849606299211
21
0.306038937007874
0
LINE
8
BLACK
6
CONTINUOUS
10
1.0725849606299211
20
0.306038937007874
11
1.0724010629921259
21
0.306162125984252
0
LINE
8
BLACK
6
CONTINUOUS
10
1.0724010629921259
20
0.306162125984252
11
1.0722795669291338
21
0.306776220472441
0
LINE
8
BLACK
6
CONTINUOUS
10
1.0722795669291338
20
0.306776220472441
11
1.0720399606299211
21
0.3073547244094488
0
LINE
8
BLACK
6
CONTINUOUS
10
1.0720399606299211
20
0.3073547244094488
11
1.0721246456692912
21
0.3075592519685039
0
LINE
8
BLACK
6
CONTINUOUS
10
1.0721246456692912
20
0.3075592519685039
11
1.0720817322834646
21
0.3077763779527559
0
LINE
8
BLACK
6
CONTINUOUS
10
1.0720817322834646
20
0.3077763779527559
11
1.0724300393700787
21
0.3082964960629921
0
LINE
8
BLACK
6
CONTINUOUS
10
1.0724300393700787
20
0.3082964960629921
11
1.07266968503937
21
0.308875
0
LINE
8
BLACK
6
CONTINUOUS
10
1.07266968503937
20
0.308875
11
1.0728741732283464
21
0.30895968503937
0
LINE
8
BLACK
6
CONTINUOUS
10
1.0728741732283464
20
0.30895968503937
11
1.0729973622047244
21
0.3091436220472441
0
LINE
8
BLACK
6
CONTINUOUS
10
1.0729973622047244
20
0.3091436220472441
11
1.0756345275590551
21
0.3109017716535433
0
LINE
8
BLACK
6
CONTINUOUS
10
1.0756345275590551
20
0.3109017716535433
11
1.0771134251968504
21
0.3123806692913386
0
LINE
8
BLACK
6
CONTINUOUS
10
1.0771134251968504
20
0.3123806692913386
11
1.0778955118110236
21
0.313944842519685
0
LINE
8
BLACK
6
CONTINUOUS
10
1.0778955118110236
20
0.313944842519685
11
1.0791386614173228
21
0.3150229527559055
0
LINE
8
BLACK
6
CONTINUOUS
10
1.0791386614173228
20
0.3150229527559055
11
1.0807800787401574
21
0.3149062992125984
0
LINE
8
BLACK
6
CONTINUOUS
10
1.0807800787401574
20
0.3149062992125984
11
1.0818582283464566
21
0.313663188976378
0
LINE
8
BLACK
6
CONTINUOUS
10
1.0818582283464566
20
0.313663188976378
11
1.0817415354330708
21
0.3120217716535433
0
LINE
8
BLACK
6
CONTINUOUS
10
1.0817415354330708
20
0.3120217716535433
11
1.0808034251968504
21
0.3101455905511811
0
LINE
8
BLACK
6
CONTINUOUS
10
1.0808034251968504
20
0.3101455905511811
11
1.0805361023622047
21
0.3099137401574803
0
LINE
8
BLACK
6
CONTINUOUS
10
1.0805361023622047
20
0.3099137401574803
11
1.0804007086614174
21
0.3095868503937008
0
LINE
8
BLACK
6
CONTINUOUS
10
1.0804007086614174
20
0.3095868503937008
11
1.0803185826771653
21
0.3095047244094488
0
LINE
8
BLACK
6
CONTINUOUS
10
1.0803185826771653
20
0.3095047244094488
11
1.0917399606299212
21
0.3095047244094488
0
LINE
8
BLACK
6
CONTINUOUS
10
1.0917399606299212
20
0.3095047244094488
11
1.0917399606299212
21
0.3129833070866141
0
LINE
8
BLACK
6
CONTINUOUS
10
1.0917399606299212
20
0.3129833070866141
11
1.09236968503937
21
0.3145035826771653
0
LINE
8
BLACK
6
CONTINUOUS
10
1.09236968503937
20
0.3145035826771653
11
1.0938899606299213
21
0.3151333070866142
0
LINE
8
BLACK
6
CONTINUOUS
10
1.0938899606299213
20
0.3151333070866142
11
1.0954102362204725
21
0.3145035826771653
0
LINE
8
BLACK
6
CONTINUOUS
10
1.0679102362204724
20
0.3154416535433071
11
1.0685399606299213
21
0.3139213779527559
0
LINE
8
BLACK
6
CONTINUOUS
10
1.0685399606299213
20
0.3139213779527559
11
1.0679102362204724
21
0.3124011023622047
0
LINE
8
BLACK
6
CONTINUOUS
10
1.0679102362204724
20
0.3124011023622047
11
1.0663899606299212
21
0.3117713779527559
0
LINE
8
BLACK
6
CONTINUOUS
10
1.0663899606299212
20
0.3117713779527559
11
1.0591590157480315
21
0.3117713779527559
0
LINE
8
BLACK
6
CONTINUOUS
10
1.0591590157480315
20
0.3117713779527559
11
1.0591590157480315
21
0.3103502755905512
0
LINE
8
BLACK
6
CONTINUOUS
10
1.0591590157480315
20
0.3103502755905512
11
1.0676229133858268
21
0.3044255905511811
0
LINE
8
BLACK
6
CONTINUOUS
10
1.0676229133858268
20
0.3044255905511811
11
1.0685072440944883
21
0.303037874015748
0
LINE
8
BLACK
6
CONTINUOUS
10
1.0685072440944883
20
0.303037874015748
11
1.0681512992125983
21
0.3014312992125984
0
LINE
8
BLACK
6
CONTINUOUS
10
1.0681512992125983
20
0.3014312992125984
11
1.0667636220472441
21
0.300546968503937
0
LINE
8
BLACK
6
CONTINUOUS
10
1.0667636220472441
20
0.300546968503937
11
1.0651570078740158
21
0.3009029133858268
0
LINE
8
BLACK
6
CONTINUOUS
10
1.0651570078740158
20
0.3009029133858268
11
1.0588598818897637
21
0.3053108661417323
0
LINE
8
BLACK
6
CONTINUOUS
10
1.0588598818897637
20
0.3053108661417323
11
1.0579938976377952
21
0.3035788976377953
0
LINE
8
BLACK
6
CONTINUOUS
10
1.0579938976377952
20
0.3035788976377953
11
1.0577265748031497
21
0.3033470472440945
0
LINE
8
BLACK
6
CONTINUOUS
10
1.0577265748031497
20
0.3033470472440945
11
1.0575911811023622
21
0.303020157480315
0
LINE
8
BLACK
6
CONTINUOUS
10
1.0575911811023622
20
0.303020157480315
11
1.0566531102362204
21
0.3020820866141732
0
LINE
8
BLACK
6
CONTINUOUS
10
1.0566531102362204
20
0.3020820866141732
11
1.0563261811023621
21
0.3019466535433071
0
LINE
8
BLACK
6
CONTINUOUS
10
1.0563261811023621
20
0.3019466535433071
11
1.0560943307086614
21
0.3016793307086614
0
LINE
8
BLACK
6
CONTINUOUS
10
1.0560943307086614
20
0.3016793307086614
11
1.0542181102362205
21
0.300741220472441
0
LINE
8
BLACK
6
CONTINUOUS
10
1.0542181102362205
20
0.300741220472441
11
1.0537189370078739
21
0.3007057480314961
0
LINE
8
BLACK
6
CONTINUOUS
10
1.0537189370078739
20
0.3007057480314961
11
1.0532566141732282
21
0.300514251968504
0
LINE
8
BLACK
6
CONTINUOUS
10
1.0532566141732282
20
0.300514251968504
11
1.0504423622047243
21
0.300514251968504
0
LINE
8
BLACK
6
CONTINUOUS
10
1.0504423622047243
20
0.300514251968504
11
1.0499799999999999
21
0.3007057480314961
0
LINE
8
BLACK
6
CONTINUOUS
10
1.0499799999999999
20
0.3007057480314961
11
1.0494808661417323
21
0.300741220472441
0
LINE
8
BLACK
6
CONTINUOUS
10
1.0494808661417323
20
0.300741220472441
11
1.0476046456692913
21
0.3016793307086614
0
LINE
8
BLACK
6
CONTINUOUS
10
1.0476046456692913
20
0.3016793307086614
11
1.0473727559055117
21
0.3019466535433071
0
LINE
8
BLACK
6
CONTINUOUS
10
1.0473727559055117
20
0.3019466535433071
11
1.0470458661417323
21
0.3020820866141732
0
LINE
8
BLACK
6
CONTINUOUS
10
1.0470458661417323
20
0.3020820866141732
11
1.0461077952755906
21
0.303020157480315
0
LINE
8
BLACK
6
CONTINUOUS
10
1.0461077952755906
20
0.303020157480315
11
1.0459723622047243
21
0.3033470078740158
0
LINE
8
BLACK
6
CONTINUOUS
10
1.0459723622047243
20
0.3033470078740158
11
1.0457050393700786
21
0.3035788976377953
0
LINE
8
BLACK
6
CONTINUOUS
10
1.0457050393700786
20
0.3035788976377953
11
1.0447669685039369
21
0.3054550787401575
0
LINE
8
BLACK
6
CONTINUOUS
10
1.0447669685039369
20
0.3054550787401575
11
1.0447314566929133
21
0.3059542125984252
0
LINE
8
BLACK
6
CONTINUOUS
10
1.0447314566929133
20
0.3059542125984252
11
1.0445399606299213
21
0.3064166141732284
0
LINE
8
BLACK
6
CONTINUOUS
10
1.0445399606299213
20
0.3064166141732284
11
1.0445399606299213
21
0.3139213779527559
0
LINE
8
BLACK
6
CONTINUOUS
10
1.0445399606299213
20
0.3139213779527559
11
1.0451696850393701
21
0.3154416535433071
0
LINE
8
BLACK
6
CONTINUOUS
10
1.0451696850393701
20
0.3154416535433071
11
1.0466899606299211
21
0.3160713779527559
0
LINE
8
BLACK
6
CONTINUOUS
10
1.0466899606299211
20
0.3160713779527559
11
1.0663899606299212
21
0.3160713779527559
0
LINE
8
BLACK
6
CONTINUOUS
10
1.0663899606299212
20
0.3160713779527559
11
1.0679102362204724
21
0.3154416535433071
0
LINE
8
BLACK
6
CONTINUOUS
10
1.0488399606299212
20
0.3069241338582677
11
1.0493950000000001
21
0.3058140157480315
0
LINE
8
BLACK
6
CONTINUOUS
10
1.0493950000000001
20
0.3058140157480315
11
1.0498396850393701
21
0.3053693700787402
0
LINE
8
BLACK
6
CONTINUOUS
10
1.0498396850393701
20
0.3053693700787402
11
1.0509499212598425
21
0.3048142519685039
0
LINE
8
BLACK
6
CONTINUOUS
10
1.0509499212598425
20
0.3048142519685039
11
1.0527490551181102
21
0.3048142519685039
0
LINE
8
BLACK
6
CONTINUOUS
10
1.0527490551181102
20
0.3048142519685039
11
1.0538592913385827
21
0.3053693700787402
0
LINE
8
BLACK
6
CONTINUOUS
10
1.0538592913385827
20
0.3053693700787402
11
1.0543038976377952
21
0.3058139763779528
0
LINE
8
BLACK
6
CONTINUOUS
10
1.0543038976377952
20
0.3058139763779528
11
1.0548590157480315
21
0.3069241732283465
0
LINE
8
BLACK
6
CONTINUOUS
10
1.0548590157480315
20
0.3069241732283465
11
1.0548590157480315
21
0.3117713779527559
0
LINE
8
BLACK
6
CONTINUOUS
10
1.0548590157480315
20
0.3117713779527559
11
1.0488399606299212
21
0.3117713779527559
0
LINE
8
BLACK
6
CONTINUOUS
10
1.0488399606299212
20
0.3117713779527559
11
1.0488399606299212
21
0.3069241338582677
0
LINE
8
BLACK
6
CONTINUOUS
10
0.3729102362204724
20
0.3160607086614173
11
0.3735399606299212
21
0.3145404330708662
0
LINE
8
BLACK
6
CONTINUOUS
10
0.3735399606299212
20
0.3145404330708662
11
0.3729102362204724
21
0.313020157480315
0
LINE
8
BLACK
6
CONTINUOUS
10
0.3729102362204724
20
0.313020157480315
11
0.3713899606299212
21
0.3123904330708661
0
LINE
8
BLACK
6
CONTINUOUS
10
0.3713899606299212
20
0.3123904330708661
11
0.3641590157480315
21
0.3123904330708661
0
LINE
8
BLACK
6
CONTINUOUS
10
0.3641590157480315
20
0.3123904330708661
11
0.3641590157480315
21
0.3109693307086614
0
LINE
8
BLACK
6
CONTINUOUS
10
0.3641590157480315
20
0.3109693307086614
11
0.3726229133858268
21
0.3050446456692913
0
LINE
8
BLACK
6
CONTINUOUS
10
0.3726229133858268
20
0.3050446456692913
11
0.3735072440944882
21
0.3036569291338583
0
LINE
8
BLACK
6
CONTINUOUS
10
0.3735072440944882
20
0.3036569291338583
11
0.3731512992125984
21
0.3020503543307086
0
LINE
8
BLACK
6
CONTINUOUS
10
0.3731512992125984
20
0.3020503543307086
11
0.3717636220472441
21
0.3011660236220473
0
LINE
8
BLACK
6
CONTINUOUS
10
0.3717636220472441
20
0.3011660236220473
11
0.3701570078740157
21
0.301521968503937
0
LINE
8
BLACK
6
CONTINUOUS
10
0.3701570078740157
20
0.301521968503937
11
0.3638598818897638
21
0.3059299212598425
0
LINE
8
BLACK
6
CONTINUOUS
10
0.3638598818897638
20
0.3059299212598425
11
0.3629938976377953
21
0.3041979527559055
0
LINE
8
BLACK
6
CONTINUOUS
10
0.3629938976377953
20
0.3041979527559055
11
0.3627265748031496
21
0.3039661023622047
0
LINE
8
BLACK
6
CONTINUOUS
10
0.3627265748031496
20
0.3039661023622047
11
0.3625911811023622
21
0.3036392125984252
0
LINE
8
BLACK
6
CONTINUOUS
10
0.3625911811023622
20
0.3036392125984252
11
0.3616531102362205
21
0.3027011417322835
0
LINE
8
BLACK
6
CONTINUOUS
10
0.3616531102362205
20
0.3027011417322835
11
0.3613261811023622
21
0.3025657086614173
0
LINE
8
BLACK
6
CONTINUOUS
10
0.3613261811023622
20
0.3025657086614173
11
0.3610943307086614
21
0.3022983858267717
0
LINE
8
BLACK
6
CONTINUOUS
10
0.3610943307086614
20
0.3022983858267717
11
0.3592181102362205
21
0.3013602755905512
0
LINE
8
BLACK
6
CONTINUOUS
10
0.3592181102362205
20
0.3013602755905512
11
0.358718937007874
21
0.3013248031496063
0
LINE
8
BLACK
6
CONTINUOUS
10
0.358718937007874
20
0.3013248031496063
11
0.3582566141732283
21
0.3011333070866142
0
LINE
8
BLACK
6
CONTINUOUS
10
0.3582566141732283
20
0.3011333070866142
11
0.3554423622047244
21
0.3011333070866142
0
LINE
8
BLACK
6
CONTINUOUS
10
0.3554423622047244
20
0.3011333070866142
11
0.35498
21
0.3013248031496063
0
LINE
8
BLACK
6
CONTINUOUS
10
0.35498
20
0.3013248031496063
11
0.3544808661417323
21
0.3013602755905512
0
LINE
8
BLACK
6
CONTINUOUS
10
0.3544808661417323
20
0.3013602755905512
11
0.3526046456692913
21
0.3022983858267717
0
LINE
8
BLACK
6
CONTINUOUS
10
0.3526046456692913
20
0.3022983858267717
11
0.3523727559055118
21
0.3025657086614173
0
LINE
8
BLACK
6
CONTINUOUS
10
0.3523727559055118
20
0.3025657086614173
11
0.3520458661417323
21
0.3027011417322835
0
LINE
8
BLACK
6
CONTINUOUS
10
0.3520458661417323
20
0.3027011417322835
11
0.3511077952755906
21
0.3036392125984252
0
LINE
8
BLACK
6
CONTINUOUS
10
0.3511077952755906
20
0.3036392125984252
11
0.3509723622047244
21
0.303966062992126
0
LINE
8
BLACK
6
CONTINUOUS
10
0.3509723622047244
20
0.303966062992126
11
0.3507050393700787
21
0.3041979527559055
0
LINE
8
BLACK
6
CONTINUOUS
10
0.3507050393700787
20
0.3041979527559055
11
0.349766968503937
21
0.3060741338582677
0
LINE
8
BLACK
6
CONTINUOUS
10
0.349766968503937
20
0.3060741338582677
11
0.3497314566929134
21
0.3065732677165354
0
LINE
8
BLACK
6
CONTINUOUS
10
0.3497314566929134
20
0.3065732677165354
11
0.3495399606299213
21
0.3070356692913386
0
LINE
8
BLACK
6
CONTINUOUS
10
0.3495399606299213
20
0.3070356692913386
11
0.3495399606299213
21
0.3145404330708662
0
LINE
8
BLACK
6
CONTINUOUS
10
0.3495399606299213
20
0.3145404330708662
11
0.3501696850393701
21
0.3160607086614173
0
LINE
8
BLACK
6
CONTINUOUS
10
0.3501696850393701
20
0.3160607086614173
11
0.3516899606299212
21
0.3166904330708661
0
LINE
8
BLACK
6
CONTINUOUS
10
0.3516899606299212
20
0.3166904330708661
11
0.3713899606299212
21
0.3166904330708661
0
LINE
8
BLACK
6
CONTINUOUS
10
0.3713899606299212
20
0.3166904330708661
11
0.3729102362204724
21
0.3160607086614173
0
LINE
8
BLACK
6
CONTINUOUS
10
0.3538399606299212
20
0.3075431889763779
11
0.354395
21
0.3064330708661417
0
LINE
8
BLACK
6
CONTINUOUS
10
0.354395
20
0.3064330708661417
11
0.3548396850393701
21
0.3059884251968504
0
LINE
8
BLACK
6
CONTINUOUS
10
0.3548396850393701
20
0.3059884251968504
11
0.3559499212598425
21
0.3054333070866141
0
LINE
8
BLACK
6
CONTINUOUS
10
0.3559499212598425
20
0.3054333070866141
11
0.3577490551181102
21
0.3054333070866141
0
LINE
8
BLACK
6
CONTINUOUS
10
0.3577490551181102
20
0.3054333070866141
11
0.3588592913385827
21
0.3059884251968504
0
LINE
8
BLACK
6
CONTINUOUS
10
0.3588592913385827
20
0.3059884251968504
11
0.3593038976377952
21
0.306433031496063
0
LINE
8
BLACK
6
CONTINUOUS
10
0.3593038976377952
20
0.306433031496063
11
0.3598590157480315
21
0.3075432283464567
0
LINE
8
BLACK
6
CONTINUOUS
10
0.3598590157480315
20
0.3075432283464567
11
0.3598590157480315
21
0.3123904330708661
0
LINE
8
BLACK
6
CONTINUOUS
10
0.3598590157480315
20
0.3123904330708661
11
0.3538399606299212
21
0.3123904330708661
0
LINE
8
BLACK
6
CONTINUOUS
10
0.3538399606299212
20
0.3123904330708661
11
0.3538399606299212
21
0.3075431889763779
0
LINE
8
BLACK
6
CONTINUOUS
10
1.104958464566929
20
0.3612177165354331
11
1.1071651968503937
21
0.3584505905511811
0
LINE
8
BLACK
6
CONTINUOUS
10
1.1071651968503937
20
0.3584505905511811
11
1.1079527559055118
21
0.355
0
LINE
8
BLACK
6
CONTINUOUS
10
1.1079527559055118
20
0.355
11
1.1071651968503937
21
0.3515494094488189
0
LINE
8
BLACK
6
CONTINUOUS
10
1.1071651968503937
20
0.3515494094488189
11
1.104958464566929
21
0.3487822834645669
0
LINE
8
BLACK
6
CONTINUOUS
10
1.104958464566929
20
0.3487822834645669
11
1.1029527559055119
21
0.3478163779527559
0
LINE
8
BLACK
6
CONTINUOUS
10
1.1029527559055119
20
0.3478163779527559
11
1.1029527559055119
21
0.31
0
LINE
8
BLACK
6
CONTINUOUS
10
1.1029527559055119
20
0.31
11
1.10277468503937
21
0.3089900787401575
0
LINE
8
BLACK
6
CONTINUOUS
10
1.10277468503937
20
0.3089900787401575
11
1.1014763779527559
21
0.3074428346456693
0
LINE
8
BLACK
6
CONTINUOUS
10
1.1014763779527559
20
0.3074428346456693
11
1.0994872440944881
21
0.3070920866141732
0
LINE
8
BLACK
6
CONTINUOUS
10
1.0994872440944881
20
0.3070920866141732
11
1.0977380708661417
21
0.3081020078740158
0
LINE
8
BLACK
6
CONTINUOUS
10
1.0977380708661417
20
0.3081020078740158
11
1.0970472440944881
21
0.31
0
LINE
8
BLACK
6
CONTINUOUS
10
1.0970472440944881
20
0.31
11
1.0970472440944881
21
0.3470472440944882
0
LINE
8
BLACK
6
CONTINUOUS
10
1.0970472440944881
20
0.3470472440944882
11
1.0429527559055118
21
0.3470472440944882
0
LINE
8
BLACK
6
CONTINUOUS
10
1.0429527559055118
20
0.3470472440944882
11
1.0429527559055118
21
0.31
0
LINE
8
BLACK
6
CONTINUOUS
10
1.0429527559055118
20
0.31
11
1.04277468503937
21
0.3089900787401575
0
LINE
8
BLACK
6
CONTINUOUS
10
1.04277468503937
20
0.3089900787401575
11
1.0414763779527558
21
0.3074428346456693
0
LINE
8
BLACK
6
CONTINUOUS
10
1.0414763779527558
20
0.3074428346456693
11
1.0394872440944882
21
0.3070920866141732
0
LINE
8
BLACK
6
CONTINUOUS
10
1.0394872440944882
20
0.3070920866141732
11
1.0377380708661417
21
0.3081020078740158
0
LINE
8
BLACK
6
CONTINUOUS
10
1.0377380708661417
20
0.3081020078740158
11
1.0370472440944882
21
0.31
0
LINE
8
BLACK
6
CONTINUOUS
10
1.0370472440944882
20
0.31
11
1.0370472440944882
21
0.35
0
LINE
8
BLACK
6
CONTINUOUS
10
1.0370472440944882
20
0.35
11
1.037114842519685
21
0.3503835039370078
0
LINE
8
BLACK
6
CONTINUOUS
10
1.037114842519685
20
0.3503835039370078
11
1.0370920866141733
21
0.3505127559055118
0
LINE
8
BLACK
6
CONTINUOUS
10
1.0370920866141733
20
0.3505127559055118
11
1.0371576771653543
21
0.3506263385826772
0
LINE
8
BLACK
6
CONTINUOUS
10
1.0371576771653543
20
0.3506263385826772
11
1.0372253149606299
21
0.3510099212598425
0
LINE
8
BLACK
6
CONTINUOUS
10
1.0372253149606299
20
0.3510099212598425
11
1.0377184251968503
21
0.3515975984251968
0
LINE
8
BLACK
6
CONTINUOUS
10
1.0377184251968503
20
0.3515975984251968
11
1.0381020078740157
21
0.3522619291338583
0
LINE
8
BLACK
6
CONTINUOUS
10
1.0381020078740157
20
0.3522619291338583
11
1.0383523228346456
21
0.352353031496063
0
LINE
8
BLACK
6
CONTINUOUS
10
1.0383523228346456
20
0.352353031496063
11
1.038523622047244
21
0.3525571653543307
0
LINE
8
BLACK
6
CONTINUOUS
10
1.038523622047244
20
0.3525571653543307
11
1.0392791732283464
21
0.3526903937007874
0
LINE
8
BLACK
6
CONTINUOUS
10
1.0392791732283464
20
0.3526903937007874
11
1.04
21
0.3529527559055118
0
LINE
8
BLACK
6
CONTINUOUS
10
1.04
20
0.3529527559055118
11
1.0925144881889763
21
0.3529527559055118
0
LINE
8
BLACK
6
CONTINUOUS
10
1.0925144881889763
20
0.3529527559055118
11
1.0920472440944882
21
0.355
0
LINE
8
BLACK
6
CONTINUOUS
10
1.0920472440944882
20
0.355
11
1.0928348031496062
21
0.3584505905511811
0
LINE
8
BLACK
6
CONTINUOUS
10
1.0928348031496062
20
0.3584505905511811
11
1.0950415354330709
21
0.3612177165354331
0
LINE
8
BLACK
6
CONTINUOUS
10
1.0950415354330709
20
0.3612177165354331
11
1.0982303543307086
21
0.3627533464566929
0
LINE
8
BLACK
6
CONTINUOUS
10
1.0982303543307086
20
0.3627533464566929
11
1.1017696456692914
21
0.3627533464566929
0
LINE
8
BLACK
6
CONTINUOUS
10
1.1017696456692914
20
0.3627533464566929
11
1.104958464566929
21
0.3612177165354331
0
LINE
8
BLACK
6
CONTINUOUS
10
1.0984331102362204
20
0.3534331102362205
11
1.0995927952755906
21
0.3529527559055118
0
LINE
8
BLACK
6
CONTINUOUS
10
1.0995927952755906
20
0.3529527559055118
11
1.0999999999999999
21
0.3529527559055118
0
LINE
8
BLACK
6
CONTINUOUS
10
1.0999999999999999
20
0.3529527559055118
11
1.100285590551181
21
0.3529023622047244
0
LINE
8
BLACK
6
CONTINUOUS
10
1.100285590551181
20
0.3529023622047244
11
1.1015668897637796
21
0.3534331102362205
0
LINE
8
BLACK
6
CONTINUOUS
10
1.1015668897637796
20
0.3534331102362205
11
1.102215905511811
21
0.355
0
LINE
8
BLACK
6
CONTINUOUS
10
1.102215905511811
20
0.355
11
1.1015668897637796
21
0.3565668897637795
0
LINE
8
BLACK
6
CONTINUOUS
10
1.1015668897637796
20
0.3565668897637795
11
1.0999999999999999
21
0.357215905511811
0
LINE
8
BLACK
6
CONTINUOUS
10
1.0999999999999999
20
0.357215905511811
11
1.0984331102362204
21
0.3565668897637795
0
LINE
8
BLACK
6
CONTINUOUS
10
1.0984331102362204
20
0.3565668897637795
11
1.0977840944881889
21
0.355
0
LINE
8
BLACK
6
CONTINUOUS
10
1.0977840944881889
20
0.355
11
1.0984331102362204
21
0.3534331102362205
0
LINE
8
BLACK
6
CONTINUOUS
10
0.3454102362204725
20
0.3245035826771653
11
0.3460399606299213
21
0.3229833070866142
0
LINE
8
BLACK
6
CONTINUOUS
10
0.3460399606299213
20
0.3229833070866142
11
0.3460399606299213
21
0.3117261811023622
0
LINE
8
BLACK
6
CONTINUOUS
10
0.3460399606299213
20
0.3117261811023622
11
0.3454102362204725
21
0.310205905511811
0
LINE
8
BLACK
6
CONTINUOUS
10
0.3454102362204725
20
0.310205905511811
11
0.3438899606299213
21
0.3095761811023622
0
LINE
8
BLACK
6
CONTINUOUS
10
0.3438899606299213
20
0.3095761811023622
11
0.3423696850393701
21
0.310205905511811
0
LINE
8
BLACK
6
CONTINUOUS
10
0.3423696850393701
20
0.310205905511811
11
0.3417399606299212
21
0.3117261811023622
0
LINE
8
BLACK
6
CONTINUOUS
10
0.3417399606299212
20
0.3117261811023622
11
0.3417399606299212
21
0.3152047244094488
0
LINE
8
BLACK
6
CONTINUOUS
10
0.3417399606299212
20
0.3152047244094488
11
0.3241899606299212
21
0.3152047244094488
0
LINE
8
BLACK
6
CONTINUOUS
10
0.3241899606299212
20
0.3152047244094488
11
0.3239853937007874
21
0.3152894094488189
0
LINE
8
BLACK
6
CONTINUOUS
10
0.3239853937007874
20
0.3152894094488189
11
0.3237683070866142
21
0.3152464960629921
0
LINE
8
BLACK
6
CONTINUOUS
10
0.3237683070866142
20
0.3152464960629921
11
0.3232481496062992
21
0.3155948031496063
0
LINE
8
BLACK
6
CONTINUOUS
10
0.3232481496062992
20
0.3155948031496063
11
0.32266968503937
21
0.3158344488188976
0
LINE
8
BLACK
6
CONTINUOUS
10
0.32266968503937
20
0.3158344488188976
11
0.3225849606299213
21
0.316038937007874
0
LINE
8
BLACK
6
CONTINUOUS
10
0.3225849606299213
20
0.316038937007874
11
0.322401062992126
21
0.316162125984252
0
LINE
8
BLACK
6
CONTINUOUS
10
0.322401062992126
20
0.316162125984252
11
0.3222795669291338
21
0.3167762204724409
0
LINE
8
BLACK
6
CONTINUOUS
10
0.3222795669291338
20
0.3167762204724409
11
0.3220399606299212
21
0.3173547244094488
0
LINE
8
BLACK
6
CONTINUOUS
10
0.3220399606299212
20
0.3173547244094488
11
0.3221246456692913
21
0.3175592519685039
0
LINE
8
BLACK
6
CONTINUOUS
10
0.3221246456692913
20
0.3175592519685039
11
0.3220817322834645
21
0.3177763779527559
0
LINE
8
BLACK
6
CONTINUOUS
10
0.3220817322834645
20
0.3177763779527559
11
0.3224300393700787
21
0.3182964960629921
0
LINE
8
BLACK
6
CONTINUOUS
10
0.3224300393700787
20
0.3182964960629921
11
0.32266968503937
21
0.318875
0
LINE
8
BLACK
6
CONTINUOUS
10
0.32266968503937
20
0.318875
11
0.3228741732283464
21
0.3189596850393701
0
LINE
8
BLACK
6
CONTINUOUS
10
0.3228741732283464
20
0.3189596850393701
11
0.3229973622047244
21
0.3191436220472441
0
LINE
8
BLACK
6
CONTINUOUS
10
0.3229973622047244
20
0.3191436220472441
11
0.3256345275590551
21
0.3209017716535433
0
LINE
8
BLACK
6
CONTINUOUS
10
0.3256345275590551
20
0.3209017716535433
11
0.3271134251968504
21
0.3223806692913386
0
LINE
8
BLACK
6
CONTINUOUS
10
0.3271134251968504
20
0.3223806692913386
11
0.3278955118110236
21
0.323944842519685
0
LINE
8
BLACK
6
CONTINUOUS
10
0.3278955118110236
20
0.323944842519685
11
0.3291386614173228
21
0.3250229527559055
0
LINE
8
BLACK
6
CONTINUOUS
10
0.3291386614173228
20
0.3250229527559055
11
0.3307800787401575
21
0.3249062992125984
0
LINE
8
BLACK
6
CONTINUOUS
10
0.3307800787401575
20
0.3249062992125984
11
0.3318582283464567
21
0.323663188976378
0
LINE
8
BLACK
6
CONTINUOUS
10
0.3318582283464567
20
0.323663188976378
11
0.3317415354330708
21
0.3220217716535433
0
LINE
8
BLACK
6
CONTINUOUS
10
0.3317415354330708
20
0.3220217716535433
11
0.3308034251968504
21
0.3201455905511811
0
LINE
8
BLACK
6
CONTINUOUS
10
0.3308034251968504
20
0.3201455905511811
11
0.3305361023622047
21
0.3199137401574803
0
LINE
8
BLACK
6
CONTINUOUS
10
0.3305361023622047
20
0.3199137401574803
11
0.3304007086614173
21
0.3195868503937008
0
LINE
8
BLACK
6
CONTINUOUS
10
0.3304007086614173
20
0.3195868503937008
11
0.3303185826771654
21
0.3195047244094488
0
LINE
8
BLACK
6
CONTINUOUS
10
0.3303185826771654
20
0.3195047244094488
11
0.3417399606299212
21
0.3195047244094488
0
LINE
8
BLACK
6
CONTINUOUS
10
0.3417399606299212
20
0.3195047244094488
11
0.3417399606299212
21
0.3229833070866142
0
LINE
8
BLACK
6
CONTINUOUS
10
0.3417399606299212
20
0.3229833070866142
11
0.3423696850393701
21
0.3245035826771653
0
LINE
8
BLACK
6
CONTINUOUS
10
0.3423696850393701
20
0.3245035826771653
11
0.3438899606299213
21
0.3251333070866141
0
LINE
8
BLACK
6
CONTINUOUS
10
0.3438899606299213
20
0.3251333070866141
11
0.3454102362204725
21
0.3245035826771653
0
LINE
8
BLACK
6
CONTINUOUS
10
0.38
20
0.36195
11
0.3813788582677165
21
0.3613788582677165
0
LINE
8
BLACK
6
CONTINUOUS
10
0.3813788582677165
20
0.3613788582677165
11
0.38195
21
0.36
0
LINE
8
BLACK
6
CONTINUOUS
10
0.38195
20
0.36
11
0.38195
21
0.32
0
LINE
8
BLACK
6
CONTINUOUS
10
0.38195
20
0.32
11
0.3813788582677165
21
0.3186211417322835
0
LINE
8
BLACK
6
CONTINUOUS
10
0.3813788582677165
20
0.3186211417322835
11
0.38
21
0.31805
0
LINE
8
BLACK
6
CONTINUOUS
10
0.38
20
0.31805
11
0.3786211417322835
21
0.3186211417322835
0
LINE
8
BLACK
6
CONTINUOUS
10
0.3786211417322835
20
0.3186211417322835
11
0.37805
21
0.32
0
LINE
8
BLACK
6
CONTINUOUS
10
0.37805
20
0.32
11
0.37805
21
0.35805
0
LINE
8
BLACK
6
CONTINUOUS
10
0.37805
20
0.35805
11
0.32195
21
0.35805
0
LINE
8
BLACK
6
CONTINUOUS
10
0.32195
20
0.35805
11
0.32195
21
0.32
0
LINE
8
BLACK
6
CONTINUOUS
10
0.32195
20
0.32
11
0.3213788582677165
21
0.3186211417322835
0
LINE
8
BLACK
6
CONTINUOUS
10
0.3213788582677165
20
0.3186211417322835
11
0.32
21
0.31805
0
LINE
8
BLACK
6
CONTINUOUS
10
0.32
20
0.31805
11
0.3186211417322835
21
0.3186211417322835
0
LINE
8
BLACK
6
CONTINUOUS
10
0.3186211417322835
20
0.3186211417322835
11
0.31805
21
0.32
0
LINE
8
BLACK
6
CONTINUOUS
10
0.31805
20
0.32
11
0.31805
21
0.36
0
LINE
8
BLACK
6
CONTINUOUS
10
0.31805
20
0.36
11
0.3186211417322835
21
0.3613788582677165
0
LINE
8
BLACK
6
CONTINUOUS
10
0.3186211417322835
20
0.3613788582677165
11
0.32
21
0.36195
0
LINE
8
BLACK
6
CONTINUOUS
10
0.32
20
0.36195
11
0.38
21
0.36195
0
LINE
8
BLACK
6
CONTINUOUS
10
1.1022619291338582
20
0.4218979921259842
11
1.1029527559055119
21
0.42
0
LINE
8
BLACK
6
CONTINUOUS
10
1.1029527559055119
20
0.42
11
1.1029527559055119
21
0.38
0
LINE
8
BLACK
6
CONTINUOUS
10
1.1029527559055119
20
0.38
11
1.1028851181102362
21
0.3796164566929134
0
LINE
8
BLACK
6
CONTINUOUS
10
1.1028851181102362
20
0.3796164566929134
11
1.1029079133858268
21
0.3794872440944882
0
LINE
8
BLACK
6
CONTINUOUS
10
1.1029079133858268
20
0.3794872440944882
11
1.1028422834645668
21
0.3793736220472441
0
LINE
8
BLACK
6
CONTINUOUS
10
1.1028422834645668
20
0.3793736220472441
11
1.10277468503937
21
0.3789900787401575
0
LINE
8
BLACK
6
CONTINUOUS
10
1.10277468503937
20
0.3789900787401575
11
1.1022815354330708
21
0.3784023622047244
0
LINE
8
BLACK
6
CONTINUOUS
10
1.1022815354330708
20
0.3784023622047244
11
1.1018979921259842
21
0.3777380708661418
0
LINE
8
BLACK
6
CONTINUOUS
10
1.1018979921259842
20
0.3777380708661418
11
1.1016476377952755
21
0.3776469291338583
0
LINE
8
BLACK
6
CONTINUOUS
10
1.1016476377952755
20
0.3776469291338583
11
1.1014763779527559
21
0.3774428346456693
0
LINE
8
BLACK
6
CONTINUOUS
10
1.1014763779527559
20
0.3774428346456693
11
1.1007207874015748
21
0.3773095669291339
0
LINE
8
BLACK
6
CONTINUOUS
10
1.1007207874015748
20
0.3773095669291339
11
1.0999999999999999
21
0.3770472440944882
0
LINE
8
BLACK
6
CONTINUOUS
10
1.0999999999999999
20
0.3770472440944882
11
1.0474855118110236
21
0.3770472440944882
0
LINE
8
BLACK
6
CONTINUOUS
10
1.0474855118110236
20
0.3770472440944882
11
1.0479527559055117
21
0.375
0
LINE
8
BLACK
6
CONTINUOUS
10
1.0479527559055117
20
0.375
11
1.0471651968503937
21
0.3715494094488189
0
LINE
8
BLACK
6
CONTINUOUS
10
1.0471651968503937
20
0.3715494094488189
11
1.0449584645669292
21
0.3687822834645669
0
LINE
8
BLACK
6
CONTINUOUS
10
1.0449584645669292
20
0.3687822834645669
11
1.0417696456692913
21
0.3672466535433071
0
LINE
8
BLACK
6
CONTINUOUS
10
1.0417696456692913
20
0.3672466535433071
11
1.0382303543307085
21
0.3672466535433071
0
LINE
8
BLACK
6
CONTINUOUS
10
1.0382303543307085
20
0.3672466535433071
11
1.0350415354330709
21
0.3687822834645669
0
LINE
8
BLACK
6
CONTINUOUS
10
1.0350415354330709
20
0.3687822834645669
11
1.0328348031496062
21
0.3715494094488189
0
LINE
8
BLACK
6
CONTINUOUS
10
1.0328348031496062
20
0.3715494094488189
11
1.0320472440944881
21
0.375
0
LINE
8
BLACK
6
CONTINUOUS
10
1.0320472440944881
20
0.375
11
1.0328348031496062
21
0.3784505905511811
0
LINE
8
BLACK
6
CONTINUOUS
10
1.0328348031496062
20
0.3784505905511811
11
1.0350415354330709
21
0.3812177165354331
0
LINE
8
BLACK
6
CONTINUOUS
10
1.0350415354330709
20
0.3812177165354331
11
1.0370472440944882
21
0.3821835826771653
0
LINE
8
BLACK
6
CONTINUOUS
10
1.0370472440944882
20
0.3821835826771653
11
1.0370472440944882
21
0.42
0
LINE
8
BLACK
6
CONTINUOUS
10
1.0370472440944882
20
0.42
11
1.0372253149606299
21
0.4210099212598425
0
LINE
8
BLACK
6
CONTINUOUS
10
1.0372253149606299
20
0.4210099212598425
11
1.038523622047244
21
0.4225571653543307
0
LINE
8
BLACK
6
CONTINUOUS
10
1.038523622047244
20
0.4225571653543307
11
1.0405127559055118
21
0.4229079133858268
0
LINE
8
BLACK
6
CONTINUOUS
10
1.0405127559055118
20
0.4229079133858268
11
1.0422619291338582
21
0.4218979921259842
0
LINE
8
BLACK
6
CONTINUOUS
10
1.0422619291338582
20
0.4218979921259842
11
1.0429527559055118
21
0.42
0
LINE
8
BLACK
6
CONTINUOUS
10
1.0429527559055118
20
0.42
11
1.0429527559055118
21
0.417716062992126
0
LINE
8
BLACK
6
CONTINUOUS
10
1.0429527559055118
20
0.417716062992126
11
1.0441899606299212
21
0.4182285433070866
0
LINE
8
BLACK
6
CONTINUOUS
10
1.0441899606299212
20
0.4182285433070866
11
1.0638899606299212
21
0.4182285433070866
0
LINE
8
BLACK
6
CONTINUOUS
10
1.0638899606299212
20
0.4182285433070866
11
1.0654102362204725
21
0.4175988188976378
0
LINE
8
BLACK
6
CONTINUOUS
10
1.0654102362204725
20
0.4175988188976378
11
1.0660399606299213
21
0.4160785433070866
0
LINE
8
BLACK
6
CONTINUOUS
10
1.0660399606299213
20
0.4160785433070866
11
1.0654102362204725
21
0.4145582677165354
0
LINE
8
BLACK
6
CONTINUOUS
10
1.0654102362204725
20
0.4145582677165354
11
1.0638899606299212
21
0.4139285433070866
0
LINE
8
BLACK
6
CONTINUOUS
10
1.0638899606299212
20
0.4139285433070866
11
1.0557209055118111
21
0.4139285433070866
0
LINE
8
BLACK
6
CONTINUOUS
10
1.0557209055118111
20
0.4139285433070866
11
1.0557209055118111
21
0.4095118897637795
0
LINE
8
BLACK
6
CONTINUOUS
10
1.0557209055118111
20
0.4095118897637795
11
1.0550911811023622
21
0.4079916141732283
0
LINE
8
BLACK
6
CONTINUOUS
10
1.0550911811023622
20
0.4079916141732283
11
1.053570905511811
21
0.4073618897637795
0
LINE
8
BLACK
6
CONTINUOUS
10
1.053570905511811
20
0.4073618897637795
11
1.0520506299212598
21
0.4079916141732283
0
LINE
8
BLACK
6
CONTINUOUS
10
1.0520506299212598
20
0.4079916141732283
11
1.0514209055118111
21
0.4095118897637795
0
LINE
8
BLACK
6
CONTINUOUS
10
1.0514209055118111
20
0.4095118897637795
11
1.0514209055118111
21
0.4139285433070866
0
LINE
8
BLACK
6
CONTINUOUS
10
1.0514209055118111
20
0.4139285433070866
11
1.0463399606299213
21
0.4139285433070866
0
LINE
8
BLACK
6
CONTINUOUS
10
1.0463399606299213
20
0.4139285433070866
11
1.0463399606299213
21
0.4066975984251968
0
LINE
8
BLACK
6
CONTINUOUS
10
1.0463399606299213
20
0.4066975984251968
11
1.0457102362204724
21
0.4051773228346456
0
LINE
8
BLACK
6
CONTINUOUS
10
1.0457102362204724
20
0.4051773228346456
11
1.0441899606299212
21
0.4045475984251968
0
LINE
8
BLACK
6
CONTINUOUS
10
1.0441899606299212
20
0.4045475984251968
11
1.0429527559055118
21
0.4050600393700787
0
LINE
8
BLACK
6
CONTINUOUS
10
1.0429527559055118
20
0.4050600393700787
11
1.0429527559055118
21
0.3829527559055118
0
LINE
8
BLACK
6
CONTINUOUS
10
1.0429527559055118
20
0.3829527559055118
11
1.0970472440944881
21
0.3829527559055118
0
LINE
8
BLACK
6
CONTINUOUS
10
1.0970472440944881
20
0.3829527559055118
11
1.0970472440944881
21
0.42
0
LINE
8
BLACK
6
CONTINUOUS
10
1.0970472440944881
20
0.42
11
1.0972253149606299
21
0.4210099212598425
0
LINE
8
BLACK
6
CONTINUOUS
10
1.0972253149606299
20
0.4210099212598425
11
1.0985236220472441
21
0.4225571653543307
0
LINE
8
BLACK
6
CONTINUOUS
10
1.0985236220472441
20
0.4225571653543307
11
1.1005127559055119
21
0.4229079133858268
0
LINE
8
BLACK
6
CONTINUOUS
10
1.1005127559055119
20
0.4229079133858268
11
1.1022619291338582
21
0.4218979921259842
0
LINE
8
BLACK
6
CONTINUOUS
10
1.0384331102362205
20
0.3734331102362204
11
1.04
21
0.3727840944881889
0
LINE
8
BLACK
6
CONTINUOUS
10
1.04
20
0.3727840944881889
11
1.0415668897637795
21
0.3734331102362204
0
LINE
8
BLACK
6
CONTINUOUS
10
1.0415668897637795
20
0.3734331102362204
11
1.042215905511811
21
0.375
0
LINE
8
BLACK
6
CONTINUOUS
10
1.042215905511811
20
0.375
11
1.0415668897637795
21
0.3765668897637795
0
LINE
8
BLACK
6
CONTINUOUS
10
1.0415668897637795
20
0.3765668897637795
11
1.0404072047244095
21
0.3770472440944882
0
LINE
8
BLACK
6
CONTINUOUS
10
1.0404072047244095
20
0.3770472440944882
11
1.04
21
0.3770472440944882
0
LINE
8
BLACK
6
CONTINUOUS
10
1.04
20
0.3770472440944882
11
1.0397143700787401
21
0.3770975984251969
0
LINE
8
BLACK
6
CONTINUOUS
10
1.0397143700787401
20
0.3770975984251969
11
1.0384331102362205
21
0.3765668897637795
0
LINE
8
BLACK
6
CONTINUOUS
10
1.0384331102362205
20
0.3765668897637795
11
1.0377840944881889
21
0.375
0
LINE
8
BLACK
6
CONTINUOUS
10
1.0377840944881889
20
0.375
11
1.0384331102362205
21
0.3734331102362204
0
LINE
8
BLACK
6
CONTINUOUS
10
1.2122619291338583
20
0.4218979921259842
11
1.2129527559055118
21
0.42
0
LINE
8
BLACK
6
CONTINUOUS
10
1.2129527559055118
20
0.42
11
1.2129527559055118
21
0.38
0
LINE
8
BLACK
6
CONTINUOUS
10
1.2129527559055118
20
0.38
11
1.2128851181102362
21
0.3796164566929134
0
LINE
8
BLACK
6
CONTINUOUS
10
1.2128851181102362
20
0.3796164566929134
11
1.2129079133858267
21
0.3794872440944882
0
LINE
8
BLACK
6
CONTINUOUS
10
1.2129079133858267
20
0.3794872440944882
11
1.2128422834645669
21
0.3793736220472441
0
LINE
8
BLACK
6
CONTINUOUS
10
1.2128422834645669
20
0.3793736220472441
11
1.2127746850393701
21
0.3789900787401575
0
LINE
8
BLACK
6
CONTINUOUS
10
1.2127746850393701
20
0.3789900787401575
11
1.2122815354330709
21
0.3784023622047244
0
LINE
8
BLACK
6
CONTINUOUS
10
1.2122815354330709
20
0.3784023622047244
11
1.2118979921259843
21
0.3777380708661418
0
LINE
8
BLACK
6
CONTINUOUS
10
1.2118979921259843
20
0.3777380708661418
11
1.2116476377952756
21
0.3776469291338583
0
LINE
8
BLACK
6
CONTINUOUS
10
1.2116476377952756
20
0.3776469291338583
11
1.211476377952756
21
0.3774428346456693
0
LINE
8
BLACK
6
CONTINUOUS
10
1.211476377952756
20
0.3774428346456693
11
1.2107207874015748
21
0.3773095669291339
0
LINE
8
BLACK
6
CONTINUOUS
10
1.2107207874015748
20
0.3773095669291339
11
1.21
21
0.3770472440944882
0
LINE
8
BLACK
6
CONTINUOUS
10
1.21
20
0.3770472440944882
11
1.1574855118110237
21
0.3770472440944882
0
LINE
8
BLACK
6
CONTINUOUS
10
1.1574855118110237
20
0.3770472440944882
11
1.1579527559055118
21
0.375
0
LINE
8
BLACK
6
CONTINUOUS
10
1.1579527559055118
20
0.375
11
1.1571651968503938
21
0.3715494094488189
0
LINE
8
BLACK
6
CONTINUOUS
10
1.1571651968503938
20
0.3715494094488189
11
1.1549584645669291
21
0.3687822834645669
0
LINE
8
BLACK
6
CONTINUOUS
10
1.1549584645669291
20
0.3687822834645669
11
1.1517696456692914
21
0.3672466535433071
0
LINE
8
BLACK
6
CONTINUOUS
10
1.1517696456692914
20
0.3672466535433071
11
1.1482303543307086
21
0.3672466535433071
0
LINE
8
BLACK
6
CONTINUOUS
10
1.1482303543307086
20
0.3672466535433071
11
1.1450415354330707
21
0.3687822834645669
0
LINE
8
BLACK
6
CONTINUOUS
10
1.1450415354330707
20
0.3687822834645669
11
1.1428348031496063
21
0.3715494094488189
0
LINE
8
BLACK
6
CONTINUOUS
10
1.1428348031496063
20
0.3715494094488189
11
1.1420472440944882
21
0.375
0
LINE
8
BLACK
6
CONTINUOUS
10
1.1420472440944882
20
0.375
11
1.1428348031496063
21
0.3784505905511811
0
LINE
8
BLACK
6
CONTINUOUS
10
1.1428348031496063
20
0.3784505905511811
11
1.1450415354330707
21
0.3812177165354331
0
LINE
8
BLACK
6
CONTINUOUS
10
1.1450415354330707
20
0.3812177165354331
11
1.1470472440944881
21
0.3821835826771653
0
LINE
8
BLACK
6
CONTINUOUS
10
1.1470472440944881
20
0.3821835826771653
11
1.1470472440944881
21
0.42
0
LINE
8
BLACK
6
CONTINUOUS
10
1.1470472440944881
20
0.42
11
1.14722531496063
21
0.4210099212598425
0
LINE
8
BLACK
6
CONTINUOUS
10
1.14722531496063
20
0.4210099212598425
11
1.1485236220472441
21
0.4225571653543307
0
LINE
8
BLACK
6
CONTINUOUS
10
1.1485236220472441
20
0.4225571653543307
11
1.1505127559055117
21
0.4229079133858268
0
LINE
8
BLACK
6
CONTINUOUS
10
1.1505127559055117
20
0.4229079133858268
11
1.1522619291338583
21
0.4218979921259842
0
LINE
8
BLACK
6
CONTINUOUS
10
1.1522619291338583
20
0.4218979921259842
11
1.1529527559055117
21
0.42
0
LINE
8
BLACK
6
CONTINUOUS
10
1.1529527559055117
20
0.42
11
1.1529527559055117
21
0.4083351181102362
0
LINE
8
BLACK
6
CONTINUOUS
10
1.1529527559055117
20
0.4083351181102362
11
1.1541899606299213
21
0.4088475984251969
0
LINE
8
BLACK
6
CONTINUOUS
10
1.1541899606299213
20
0.4088475984251969
11
1.1738899606299211
21
0.4088475984251969
0
LINE
8
BLACK
6
CONTINUOUS
10
1.1738899606299211
20
0.4088475984251969
11
1.1754102362204724
21
0.408217874015748
0
LINE
8
BLACK
6
CONTINUOUS
10
1.1754102362204724
20
0.408217874015748
11
1.1760399606299212
21
0.4066975984251968
0
LINE
8
BLACK
6
CONTINUOUS
10
1.1760399606299212
20
0.4066975984251968
11
1.1754102362204724
21
0.4051773228346456
0
LINE
8
BLACK
6
CONTINUOUS
10
1.1754102362204724
20
0.4051773228346456
11
1.1738899606299211
21
0.4045475984251968
0
LINE
8
BLACK
6
CONTINUOUS
10
1.1738899606299211
20
0.4045475984251968
11
1.165720905511811
21
0.4045475984251968
0
LINE
8
BLACK
6
CONTINUOUS
10
1.165720905511811
20
0.4045475984251968
11
1.165720905511811
21
0.4001309448818898
0
LINE
8
BLACK
6
CONTINUOUS
10
1.165720905511811
20
0.4001309448818898
11
1.1650911811023621
21
0.3986106692913386
0
LINE
8
BLACK
6
CONTINUOUS
10
1.1650911811023621
20
0.3986106692913386
11
1.1635709055118111
21
0.3979809448818897
0
LINE
8
BLACK
6
CONTINUOUS
10
1.1635709055118111
20
0.3979809448818897
11
1.1620506299212598
21
0.3986106692913386
0
LINE
8
BLACK
6
CONTINUOUS
10
1.1620506299212598
20
0.3986106692913386
11
1.161420905511811
21
0.4001309448818898
0
LINE
8
BLACK
6
CONTINUOUS
10
1.161420905511811
20
0.4001309448818898
11
1.161420905511811
21
0.4045475984251968
0
LINE
8
BLACK
6
CONTINUOUS
10
1.161420905511811
20
0.4045475984251968
11
1.1563399606299212
21
0.4045475984251968
0
LINE
8
BLACK
6
CONTINUOUS
10
1.1563399606299212
20
0.4045475984251968
11
1.1563399606299212
21
0.3973166535433071
0
LINE
8
BLACK
6
CONTINUOUS
10
1.1563399606299212
20
0.3973166535433071
11
1.1557102362204723
21
0.3957963779527559
0
LINE
8
BLACK
6
CONTINUOUS
10
1.1557102362204723
20
0.3957963779527559
11
1.1541899606299213
21
0.3951666535433071
0
LINE
8
BLACK
6
CONTINUOUS
10
1.1541899606299213
20
0.3951666535433071
11
1.1529527559055117
21
0.3956790944881889
0
LINE
8
BLACK
6
CONTINUOUS
10
1.1529527559055117
20
0.3956790944881889
11
1.1529527559055117
21
0.3829527559055118
0
LINE
8
BLACK
6
CONTINUOUS
10
1.1529527559055117
20
0.3829527559055118
11
1.2070472440944882
21
0.3829527559055118
0
LINE
8
BLACK
6
CONTINUOUS
10
1.2070472440944882
20
0.3829527559055118
11
1.2070472440944882
21
0.42
0
LINE
8
BLACK
6
CONTINUOUS
10
1.2070472440944882
20
0.42
11
1.2072253149606298
21
0.4210099212598425
0
LINE
8
BLACK
6
CONTINUOUS
10
1.2072253149606298
20
0.4210099212598425
11
1.2085236220472442
21
0.4225571653543307
0
LINE
8
BLACK
6
CONTINUOUS
10
1.2085236220472442
20
0.4225571653543307
11
1.2105127559055118
21
0.4229079133858268
0
LINE
8
BLACK
6
CONTINUOUS
10
1.2105127559055118
20
0.4229079133858268
11
1.2122619291338583
21
0.4218979921259842
0
LINE
8
BLACK
6
CONTINUOUS
10
1.1484331102362204
20
0.3734331102362204
11
1.1499999999999999
21
0.3727840944881889
0
LINE
8
BLACK
6
CONTINUOUS
10
1.1499999999999999
20
0.3727840944881889
11
1.1515668897637794
21
0.3734331102362204
0
LINE
8
BLACK
6
CONTINUOUS
10
1.1515668897637794
20
0.3734331102362204
11
1.1522159055118111
21
0.375
0
LINE
8
BLACK
6
CONTINUOUS
10
1.1522159055118111
20
0.375
11
1.1515668897637794
21
0.3765668897637795
0
LINE
8
BLACK
6
CONTINUOUS
10
1.1515668897637794
20
0.3765668897637795
11
1.1504072047244094
21
0.3770472440944882
0
LINE
8
BLACK
6
CONTINUOUS
10
1.1504072047244094
20
0.3770472440944882
11
1.1499999999999999
21
0.3770472440944882
0
LINE
8
BLACK
6
CONTINUOUS
10
1.1499999999999999
20
0.3770472440944882
11
1.1497143700787402
21
0.3770975984251969
0
LINE
8
BLACK
6
CONTINUOUS
10
1.1497143700787402
20
0.3770975984251969
11
1.1484331102362204
21
0.3765668897637795
0
LINE
8
BLACK
6
CONTINUOUS
10
1.1484331102362204
20
0.3765668897637795
11
1.147784094488189
21
0.375
0
LINE
8
BLACK
6
CONTINUOUS
10
1.147784094488189
20
0.375
11
1.1484331102362204
21
0.3734331102362204
0
LINE
8
BLACK
6
CONTINUOUS
10
1.1754102362204724
20
0.4260416929133858
11
1.1760399606299212
21
0.4245214173228347
0
LINE
8
BLACK
6
CONTINUOUS
10
1.1760399606299212
20
0.4245214173228347
11
1.1754102362204724
21
0.4230011417322835
0
LINE
8
BLACK
6
CONTINUOUS
10
1.1754102362204724
20
0.4230011417322835
11
1.1738899606299211
21
0.4223714173228346
0
LINE
8
BLACK
6
CONTINUOUS
10
1.1738899606299211
20
0.4223714173228346
11
1.163523346456693
21
0.4223714173228346
0
LINE
8
BLACK
6
CONTINUOUS
10
1.163523346456693
20
0.4223714173228346
11
1.1634616535433071
21
0.4223097244094488
0
LINE
8
BLACK
6
CONTINUOUS
10
1.1634616535433071
20
0.4223097244094488
11
1.1629066141732283
21
0.4211996062992126
0
LINE
8
BLACK
6
CONTINUOUS
10
1.1629066141732283
20
0.4211996062992126
11
1.1629066141732283
21
0.4194004330708661
0
LINE
8
BLACK
6
CONTINUOUS
10
1.1629066141732283
20
0.4194004330708661
11
1.1632972047244095
21
0.4186191732283465
0
LINE
8
BLACK
6
CONTINUOUS
10
1.1632972047244095
20
0.4186191732283465
11
1.1640784645669291
21
0.4182285826771653
0
LINE
8
BLACK
6
CONTINUOUS
10
1.1640784645669291
20
0.4182285826771653
11
1.1738899606299211
21
0.4182285826771653
0
LINE
8
BLACK
6
CONTINUOUS
10
1.1738899606299211
20
0.4182285826771653
11
1.1754102362204724
21
0.4175988582677165
0
LINE
8
BLACK
6
CONTINUOUS
10
1.1754102362204724
20
0.4175988582677165
11
1.1760399606299212
21
0.4160785826771654
0
LINE
8
BLACK
6
CONTINUOUS
10
1.1760399606299212
20
0.4160785826771654
11
1.1754102362204724
21
0.4145583070866142
0
LINE
8
BLACK
6
CONTINUOUS
10
1.1754102362204724
20
0.4145583070866142
11
1.1738899606299211
21
0.4139285826771654
0
LINE
8
BLACK
6
CONTINUOUS
10
1.1738899606299211
20
0.4139285826771654
11
1.1635709055118111
21
0.4139285826771654
0
LINE
8
BLACK
6
CONTINUOUS
10
1.1635709055118111
20
0.4139285826771654
11
1.1631085433070867
21
0.4141200787401575
0
LINE
8
BLACK
6
CONTINUOUS
10
1.1631085433070867
20
0.4141200787401575
11
1.1626094094488189
21
0.4141555511811024
0
LINE
8
BLACK
6
CONTINUOUS
10
1.1626094094488189
20
0.4141555511811024
11
1.1607332283464566
21
0.4150936220472441
0
LINE
8
BLACK
6
CONTINUOUS
10
1.1607332283464566
20
0.4150936220472441
11
1.1602865748031497
21
0.4156085826771653
0
LINE
8
BLACK
6
CONTINUOUS
10
1.1602865748031497
20
0.4156085826771653
11
1.1597716929133859
21
0.416055157480315
0
LINE
8
BLACK
6
CONTINUOUS
10
1.1597716929133859
20
0.416055157480315
11
1.1588335826771654
21
0.4179313779527559
0
LINE
8
BLACK
6
CONTINUOUS
10
1.1588335826771654
20
0.4179313779527559
11
1.1587981102362204
21
0.4184305118110236
0
LINE
8
BLACK
6
CONTINUOUS
10
1.1587981102362204
20
0.4184305118110236
11
1.1586066141732283
21
0.418892874015748
0
LINE
8
BLACK
6
CONTINUOUS
10
1.1586066141732283
20
0.418892874015748
11
1.1586066141732283
21
0.4217071653543307
0
LINE
8
BLACK
6
CONTINUOUS
10
1.1586066141732283
20
0.4217071653543307
11
1.1587981102362204
21
0.4221695275590551
0
LINE
8
BLACK
6
CONTINUOUS
10
1.1587981102362204
20
0.4221695275590551
11
1.1588336220472442
21
0.4226687007874015
0
LINE
8
BLACK
6
CONTINUOUS
10
1.1588336220472442
20
0.4226687007874015
11
1.1591291732283464
21
0.4232598031496063
0
LINE
8
BLACK
6
CONTINUOUS
10
1.1591291732283464
20
0.4232598031496063
11
1.1586066141732283
21
0.4245214173228347
0
LINE
8
BLACK
6
CONTINUOUS
10
1.1586066141732283
20
0.4245214173228347
11
1.1592363385826772
21
0.4260416929133858
0
LINE
8
BLACK
6
CONTINUOUS
10
1.1592363385826772
20
0.4260416929133858
11
1.1607566141732284
21
0.4266714173228346
0
LINE
8
BLACK
6
CONTINUOUS
10
1.1607566141732284
20
0.4266714173228346
11
1.1738899606299211
21
0.4266714173228346
0
LINE
8
BLACK
6
CONTINUOUS
10
1.1738899606299211
20
0.4266714173228346
11
1.1754102362204724
21
0.4260416929133858
0
LINE
8
BLACK
6
CONTINUOUS
10
0.2825
20
0.4175
11
0.2175
21
0.4175
0
LINE
8
BLACK
6
CONTINUOUS
10
0.2175
20
0.4175
11
0.2175
21
0.4825
0
LINE
8
BLACK
6
CONTINUOUS
10
0.2175
20
0.4825
11
0.2825
21
0.4825
0
LINE
8
BLACK
6
CONTINUOUS
10
0.2825
20
0.4825
11
0.2825
21
0.4175
0
LINE
8
BLACK
6
CONTINUOUS
10
1.0929102362204723
20
0.4372988188976378
11
1.0935399606299212
21
0.4357785433070866
0
LINE
8
BLACK
6
CONTINUOUS
10
1.0935399606299212
20
0.4357785433070866
11
1.0935399606299212
21
0.4245214173228347
0
LINE
8
BLACK
6
CONTINUOUS
10
1.0935399606299212
20
0.4245214173228347
11
1.0929102362204723
21
0.4230011417322835
0
LINE
8
BLACK
6
CONTINUOUS
10
1.0929102362204723
20
0.4230011417322835
11
1.0913899606299213
21
0.4223714173228346
0
LINE
8
BLACK
6
CONTINUOUS
10
1.0913899606299213
20
0.4223714173228346
11
1.0898696850393701
21
0.4230011417322835
0
LINE
8
BLACK
6
CONTINUOUS
10
1.0898696850393701
20
0.4230011417322835
11
1.0892399606299212
21
0.4245214173228347
0
LINE
8
BLACK
6
CONTINUOUS
10
1.0892399606299212
20
0.4245214173228347
11
1.0892399606299212
21
0.4279999606299212
0
LINE
8
BLACK
6
CONTINUOUS
10
1.0892399606299212
20
0.4279999606299212
11
1.0716899606299213
21
0.4279999606299212
0
LINE
8
BLACK
6
CONTINUOUS
10
1.0716899606299213
20
0.4279999606299212
11
1.0714853937007873
21
0.4280846456692913
0
LINE
8
BLACK
6
CONTINUOUS
10
1.0714853937007873
20
0.4280846456692913
11
1.0712683070866142
21
0.4280417322834645
0
LINE
8
BLACK
6
CONTINUOUS
10
1.0712683070866142
20
0.4280417322834645
11
1.0707481496062992
21
0.4283900393700787
0
LINE
8
BLACK
6
CONTINUOUS
10
1.0707481496062992
20
0.4283900393700787
11
1.07016968503937
21
0.42862968503937
0
LINE
8
BLACK
6
CONTINUOUS
10
1.07016968503937
20
0.42862968503937
11
1.0700849606299212
21
0.4288341732283464
0
LINE
8
BLACK
6
CONTINUOUS
10
1.0700849606299212
20
0.4288341732283464
11
1.069901062992126
21
0.4289573622047244
0
LINE
8
BLACK
6
CONTINUOUS
10
1.069901062992126
20
0.4289573622047244
11
1.0697795669291339
21
0.4295714566929134
0
LINE
8
BLACK
6
CONTINUOUS
10
1.0697795669291339
20
0.4295714566929134
11
1.0695399606299212
21
0.4301499606299212
0
LINE
8
BLACK
6
CONTINUOUS
10
1.0695399606299212
20
0.4301499606299212
11
1.0696246456692913
21
0.4303544881889764
0
LINE
8
BLACK
6
CONTINUOUS
10
1.0696246456692913
20
0.4303544881889764
11
1.0695817322834646
21
0.4305716141732283
0
LINE
8
BLACK
6
CONTINUOUS
10
1.0695817322834646
20
0.4305716141732283
11
1.0699300393700788
21
0.4310917322834645
0
LINE
8
BLACK
6
CONTINUOUS
10
1.0699300393700788
20
0.4310917322834645
11
1.07016968503937
21
0.4316702362204725
0
LINE
8
BLACK
6
CONTINUOUS
10
1.07016968503937
20
0.4316702362204725
11
1.0703741732283465
21
0.4317549212598425
0
LINE
8
BLACK
6
CONTINUOUS
10
1.0703741732283465
20
0.4317549212598425
11
1.0704973622047245
21
0.4319388582677166
0
LINE
8
BLACK
6
CONTINUOUS
10
1.0704973622047245
20
0.4319388582677166
11
1.0731345275590551
21
0.4336970078740157
0
LINE
8
BLACK
6
CONTINUOUS
10
1.0731345275590551
20
0.4336970078740157
11
1.0746134251968504
21
0.435175905511811
0
LINE
8
BLACK
6
CONTINUOUS
10
1.0746134251968504
20
0.435175905511811
11
1.0753955118110237
21
0.4367400787401575
0
LINE
8
BLACK
6
CONTINUOUS
10
1.0753955118110237
20
0.4367400787401575
11
1.0766386614173229
21
0.4378181889763779
0
LINE
8
BLACK
6
CONTINUOUS
10
1.0766386614173229
20
0.4378181889763779
11
1.0782800787401574
21
0.4377015354330708
0
LINE
8
BLACK
6
CONTINUOUS
10
1.0782800787401574
20
0.4377015354330708
11
1.0793582283464567
21
0.4364584251968504
0
LINE
8
BLACK
6
CONTINUOUS
10
1.0793582283464567
20
0.4364584251968504
11
1.0792415354330709
21
0.4348170078740157
0
LINE
8
BLACK
6
CONTINUOUS
10
1.0792415354330709
20
0.4348170078740157
11
1.0783034251968504
21
0.4329408267716535
0
LINE
8
BLACK
6
CONTINUOUS
10
1.0783034251968504
20
0.4329408267716535
11
1.0780361023622047
21
0.4327089763779527
0
LINE
8
BLACK
6
CONTINUOUS
10
1.0780361023622047
20
0.4327089763779527
11
1.0779007086614174
21
0.4323820866141732
0
LINE
8
BLACK
6
CONTINUOUS
10
1.0779007086614174
20
0.4323820866141732
11
1.0778185826771653
21
0.4322999606299213
0
LINE
8
BLACK
6
CONTINUOUS
10
1.0778185826771653
20
0.4322999606299213
11
1.0892399606299212
21
0.4322999606299213
0
LINE
8
BLACK
6
CONTINUOUS
10
1.0892399606299212
20
0.4322999606299213
11
1.0892399606299212
21
0.4357785433070866
0
LINE
8
BLACK
6
CONTINUOUS
10
1.0892399606299212
20
0.4357785433070866
11
1.0898696850393701
21
0.4372988188976378
0
LINE
8
BLACK
6
CONTINUOUS
10
1.0898696850393701
20
0.4372988188976378
11
1.0913899606299213
21
0.4379285433070866
0
LINE
8
BLACK
6
CONTINUOUS
10
1.0913899606299213
20
0.4379285433070866
11
1.0929102362204723
21
0.4372988188976378
0
LINE
8
BLACK
6
CONTINUOUS
10
1.2029102362204724
20
0.4382369291338583
11
1.2035399606299213
21
0.4367166535433071
0
LINE
8
BLACK
6
CONTINUOUS
10
1.2035399606299213
20
0.4367166535433071
11
1.2035399606299213
21
0.4245214173228347
0
LINE
8
BLACK
6
CONTINUOUS
10
1.2035399606299213
20
0.4245214173228347
11
1.2029102362204724
21
0.4230011417322835
0
LINE
8
BLACK
6
CONTINUOUS
10
1.2029102362204724
20
0.4230011417322835
11
1.2013899606299212
21
0.4223714173228346
0
LINE
8
BLACK
6
CONTINUOUS
10
1.2013899606299212
20
0.4223714173228346
11
1.19986968503937
21
0.4230011417322835
0
LINE
8
BLACK
6
CONTINUOUS
10
1.19986968503937
20
0.4230011417322835
11
1.1992399606299213
21
0.4245214173228347
0
LINE
8
BLACK
6
CONTINUOUS
10
1.1992399606299213
20
0.4245214173228347
11
1.1992399606299213
21
0.431526062992126
0
LINE
8
BLACK
6
CONTINUOUS
10
1.1992399606299213
20
0.431526062992126
11
1.1916531102362204
21
0.4239392125984252
0
LINE
8
BLACK
6
CONTINUOUS
10
1.1916531102362204
20
0.4239392125984252
11
1.191190748031496
21
0.4237476771653543
0
LINE
8
BLACK
6
CONTINUOUS
10
1.191190748031496
20
0.4237476771653543
11
1.1908126771653542
21
0.4234198031496063
0
LINE
8
BLACK
6
CONTINUOUS
10
1.1908126771653542
20
0.4234198031496063
11
1.1879984251968503
21
0.4224817322834646
0
LINE
8
BLACK
6
CONTINUOUS
10
1.1879984251968503
20
0.4224817322834646
11
1.1876454330708661
21
0.422506811023622
0
LINE
8
BLACK
6
CONTINUOUS
10
1.1876454330708661
20
0.422506811023622
11
1.1873185433070865
21
0.4223714173228346
0
LINE
8
BLACK
6
CONTINUOUS
10
1.1873185433070865
20
0.4223714173228346
11
1.1854423622047243
21
0.4223714173228346
0
LINE
8
BLACK
6
CONTINUOUS
10
1.1854423622047243
20
0.4223714173228346
11
1.1849799999999999
21
0.4225629133858267
0
LINE
8
BLACK
6
CONTINUOUS
10
1.1849799999999999
20
0.4225629133858267
11
1.1844809055118111
21
0.4225983858267716
0
LINE
8
BLACK
6
CONTINUOUS
10
1.1844809055118111
20
0.4225983858267716
11
1.1826046456692914
21
0.4235364566929134
0
LINE
8
BLACK
6
CONTINUOUS
10
1.1826046456692914
20
0.4235364566929134
11
1.1823727559055117
21
0.4238038188976378
0
LINE
8
BLACK
6
CONTINUOUS
10
1.1823727559055117
20
0.4238038188976378
11
1.1820458267716536
21
0.4239392519685039
0
LINE
8
BLACK
6
CONTINUOUS
10
1.1820458267716536
20
0.4239392519685039
11
1.1811077559055119
21
0.4248773622047244
0
LINE
8
BLACK
6
CONTINUOUS
10
1.1811077559055119
20
0.4248773622047244
11
1.1809723622047243
21
0.4252042125984252
0
LINE
8
BLACK
6
CONTINUOUS
10
1.1809723622047243
20
0.4252042125984252
11
1.1807050393700786
21
0.425436062992126
0
LINE
8
BLACK
6
CONTINUOUS
10
1.1807050393700786
20
0.425436062992126
11
1.1797669685039369
21
0.4273122440944882
0
LINE
8
BLACK
6
CONTINUOUS
10
1.1797669685039369
20
0.4273122440944882
11
1.1797314566929133
21
0.4278113779527559
0
LINE
8
BLACK
6
CONTINUOUS
10
1.1797314566929133
20
0.4278113779527559
11
1.1795399606299213
21
0.4282737795275591
0
LINE
8
BLACK
6
CONTINUOUS
10
1.1795399606299213
20
0.4282737795275591
11
1.1795399606299213
21
0.4329642519685039
0
LINE
8
BLACK
6
CONTINUOUS
10
1.1795399606299213
20
0.4329642519685039
11
1.1797314566929133
21
0.4334266141732284
0
LINE
8
BLACK
6
CONTINUOUS
10
1.1797314566929133
20
0.4334266141732284
11
1.1797669685039369
21
0.4339257874015748
0
LINE
8
BLACK
6
CONTINUOUS
10
1.1797669685039369
20
0.4339257874015748
11
1.1807050393700786
21
0.435801968503937
0
LINE
8
BLACK
6
CONTINUOUS
10
1.1807050393700786
20
0.435801968503937
11
1.1809723622047243
21
0.4360337795275591
0
LINE
8
BLACK
6
CONTINUOUS
10
1.1809723622047243
20
0.4360337795275591
11
1.1811077559055119
21
0.4363606692913386
0
LINE
8
BLACK
6
CONTINUOUS
10
1.1811077559055119
20
0.4363606692913386
11
1.1820458267716536
21
0.437298779527559
0
LINE
8
BLACK
6
CONTINUOUS
10
1.1820458267716536
20
0.437298779527559
11
1.1835661023622046
21
0.4379285433070866
0
LINE
8
BLACK
6
CONTINUOUS
10
1.1835661023622046
20
0.4379285433070866
11
1.1850863779527558
21
0.4372988582677165
0
LINE
8
BLACK
6
CONTINUOUS
10
1.1850863779527558
20
0.4372988582677165
11
1.1857161417322835
21
0.4357785826771653
0
LINE
8
BLACK
6
CONTINUOUS
10
1.1857161417322835
20
0.4357785826771653
11
1.1850864566929133
21
0.4342583070866142
0
LINE
8
BLACK
6
CONTINUOUS
10
1.1850864566929133
20
0.4342583070866142
11
1.1843950393700786
21
0.4335668503937008
0
LINE
8
BLACK
6
CONTINUOUS
10
1.1843950393700786
20
0.4335668503937008
11
1.1838399606299213
21
0.4324566929133858
0
LINE
8
BLACK
6
CONTINUOUS
10
1.1838399606299213
20
0.4324566929133858
11
1.1838399606299213
21
0.4287812992125984
0
LINE
8
BLACK
6
CONTINUOUS
10
1.1838399606299213
20
0.4287812992125984
11
1.1843950393700786
21
0.4276711417322834
0
LINE
8
BLACK
6
CONTINUOUS
10
1.1843950393700786
20
0.4276711417322834
11
1.1848396850393701
21
0.4272264960629921
0
LINE
8
BLACK
6
CONTINUOUS
10
1.1848396850393701
20
0.4272264960629921
11
1.1859499212598426
21
0.4266714173228346
0
LINE
8
BLACK
6
CONTINUOUS
10
1.1859499212598426
20
0.4266714173228346
11
1.1869696062992126
21
0.4266714173228346
0
LINE
8
BLACK
6
CONTINUOUS
10
1.1869696062992126
20
0.4266714173228346
11
1.1889714566929133
21
0.4273386614173229
0
LINE
8
BLACK
6
CONTINUOUS
10
1.1889714566929133
20
0.4273386614173229
11
1.19986968503937
21
0.4382369291338583
0
LINE
8
BLACK
6
CONTINUOUS
10
1.19986968503937
20
0.4382369291338583
11
1.2013899606299212
21
0.4388666535433071
0
LINE
8
BLACK
6
CONTINUOUS
10
1.2013899606299212
20
0.4388666535433071
11
1.2029102362204724
21
0.4382369291338583
0
LINE
8
BLACK
6
CONTINUOUS
10
1.0615379921259842
20
0.4358608267716536
11
1.0620371653543308
21
0.4358253937007874
0
LINE
8
BLACK
6
CONTINUOUS
10
1.0620371653543308
20
0.4358253937007874
11
1.0639133858267715
21
0.4348873228346457
0
LINE
8
BLACK
6
CONTINUOUS
10
1.0639133858267715
20
0.4348873228346457
11
1.0643600393700787
21
0.4343723228346457
0
LINE
8
BLACK
6
CONTINUOUS
10
1.0643600393700787
20
0.4343723228346457
11
1.0648749212598425
21
0.4339257874015748
0
LINE
8
BLACK
6
CONTINUOUS
10
1.0648749212598425
20
0.4339257874015748
11
1.0658129921259842
21
0.4320496062992126
0
LINE
8
BLACK
6
CONTINUOUS
10
1.0658129921259842
20
0.4320496062992126
11
1.0658484251968503
21
0.4315504330708662
0
LINE
8
BLACK
6
CONTINUOUS
10
1.0658484251968503
20
0.4315504330708662
11
1.0660399606299213
21
0.4310881102362205
0
LINE
8
BLACK
6
CONTINUOUS
10
1.0660399606299213
20
0.4310881102362205
11
1.0660399606299213
21
0.4282738188976378
0
LINE
8
BLACK
6
CONTINUOUS
10
1.0660399606299213
20
0.4282738188976378
11
1.0658484251968503
21
0.4278114566929134
0
LINE
8
BLACK
6
CONTINUOUS
10
1.0658484251968503
20
0.4278114566929134
11
1.0658129921259842
21
0.4273123622047244
0
LINE
8
BLACK
6
CONTINUOUS
10
1.0658129921259842
20
0.4273123622047244
11
1.0655173622047245
21
0.4267211023622047
0
LINE
8
BLACK
6
CONTINUOUS
10
1.0655173622047245
20
0.4267211023622047
11
1.0660399606299213
21
0.4254595275590551
0
LINE
8
BLACK
6
CONTINUOUS
10
1.0660399606299213
20
0.4254595275590551
11
1.0654102362204725
21
0.4239392519685039
0
LINE
8
BLACK
6
CONTINUOUS
10
1.0654102362204725
20
0.4239392519685039
11
1.0638899606299212
21
0.4233095275590551
0
LINE
8
BLACK
6
CONTINUOUS
10
1.0638899606299212
20
0.4233095275590551
11
1.0620137401574803
21
0.4233095275590551
0
LINE
8
BLACK
6
CONTINUOUS
10
1.0620137401574803
20
0.4233095275590551
11
1.0507566141732283
21
0.4233095275590551
0
LINE
8
BLACK
6
CONTINUOUS
10
1.0507566141732283
20
0.4233095275590551
11
1.0492363385826771
21
0.4239392519685039
0
LINE
8
BLACK
6
CONTINUOUS
10
1.0492363385826771
20
0.4239392519685039
11
1.0486066141732284
21
0.4254595275590551
0
LINE
8
BLACK
6
CONTINUOUS
10
1.0486066141732284
20
0.4254595275590551
11
1.0492363385826771
21
0.4269798031496063
0
LINE
8
BLACK
6
CONTINUOUS
10
1.0492363385826771
20
0.4269798031496063
11
1.0507566141732283
21
0.4276095275590551
0
LINE
8
BLACK
6
CONTINUOUS
10
1.0507566141732283
20
0.4276095275590551
11
1.0611232677165354
21
0.4276095275590551
0
LINE
8
BLACK
6
CONTINUOUS
10
1.0611232677165354
20
0.4276095275590551
11
1.061184842519685
21
0.4276711417322834
0
LINE
8
BLACK
6
CONTINUOUS
10
1.061184842519685
20
0.4276711417322834
11
1.0617399606299212
21
0.4287813385826771
0
LINE
8
BLACK
6
CONTINUOUS
10
1.0617399606299212
20
0.4287813385826771
11
1.0617399606299212
21
0.4305805511811023
0
LINE
8
BLACK
6
CONTINUOUS
10
1.0617399606299212
20
0.4305805511811023
11
1.0613493307086614
21
0.4313617716535433
0
LINE
8
BLACK
6
CONTINUOUS
10
1.0613493307086614
20
0.4313617716535433
11
1.0605681496062991
21
0.4317523622047244
0
LINE
8
BLACK
6
CONTINUOUS
10
1.0605681496062991
20
0.4317523622047244
11
1.0507566141732283
21
0.4317523622047244
0
LINE
8
BLACK
6
CONTINUOUS
10
1.0507566141732283
20
0.4317523622047244
11
1.0492363385826771
21
0.4323820866141732
0
LINE
8
BLACK
6
CONTINUOUS
10
1.0492363385826771
20
0.4323820866141732
11
1.0486066141732284
21
0.4339023622047244
0
LINE
8
BLACK
6
CONTINUOUS
10
1.0486066141732284
20
0.4339023622047244
11
1.0492363385826771
21
0.4354226377952756
0
LINE
8
BLACK
6
CONTINUOUS
10
1.0492363385826771
20
0.4354226377952756
11
1.0507566141732283
21
0.4360523622047244
0
LINE
8
BLACK
6
CONTINUOUS
10
1.0507566141732283
20
0.4360523622047244
11
1.0610756692913386
21
0.4360523622047244
0
LINE
8
BLACK
6
CONTINUOUS
10
1.0610756692913386
20
0.4360523622047244
11
1.0615379921259842
21
0.4358608267716536
0
LINE
8
BLACK
6
CONTINUOUS
10
1.1666370472440946
20
0.4462670866141732
11
1.166906653543307
21
0.4463072047244094
0
LINE
8
BLACK
6
CONTINUOUS
10
1.166906653543307
20
0.4463072047244094
11
1.1706590551181102
21
0.4453691338582677
0
LINE
8
BLACK
6
CONTINUOUS
10
1.1706590551181102
20
0.4453691338582677
11
1.1708553937007873
21
0.4452236220472441
0
LINE
8
BLACK
6
CONTINUOUS
10
1.1708553937007873
20
0.4452236220472441
11
1.1710990944881889
21
0.4452063385826772
0
LINE
8
BLACK
6
CONTINUOUS
10
1.1710990944881889
20
0.4452063385826772
11
1.1729752755905511
21
0.4442682677165354
0
LINE
8
BLACK
6
CONTINUOUS
10
1.1729752755905511
20
0.4442682677165354
11
1.173207125984252
21
0.444000905511811
0
LINE
8
BLACK
6
CONTINUOUS
10
1.173207125984252
20
0.444000905511811
11
1.1735340551181102
21
0.4438655118110236
0
LINE
8
BLACK
6
CONTINUOUS
10
1.1735340551181102
20
0.4438655118110236
11
1.1744721653543306
21
0.4429274015748031
0
LINE
8
BLACK
6
CONTINUOUS
10
1.1744721653543306
20
0.4429274015748031
11
1.1746075590551182
21
0.4426004724409449
0
LINE
8
BLACK
6
CONTINUOUS
10
1.1746075590551182
20
0.4426004724409449
11
1.1748749212598424
21
0.4423686220472441
0
LINE
8
BLACK
6
CONTINUOUS
10
1.1748749212598424
20
0.4423686220472441
11
1.1758129921259843
21
0.4404924409448819
0
LINE
8
BLACK
6
CONTINUOUS
10
1.1758129921259843
20
0.4404924409448819
11
1.1758484251968504
21
0.4399932677165354
0
LINE
8
BLACK
6
CONTINUOUS
10
1.1758484251968504
20
0.4399932677165354
11
1.1760399606299212
21
0.4395309448818898
0
LINE
8
BLACK
6
CONTINUOUS
10
1.1760399606299212
20
0.4395309448818898
11
1.1760399606299212
21
0.4376547637795276
0
LINE
8
BLACK
6
CONTINUOUS
10
1.1760399606299212
20
0.4376547637795276
11
1.1758484251968504
21
0.4371924015748032
0
LINE
8
BLACK
6
CONTINUOUS
10
1.1758484251968504
20
0.4371924015748032
11
1.1758129921259843
21
0.4366933070866142
0
LINE
8
BLACK
6
CONTINUOUS
10
1.1758129921259843
20
0.4366933070866142
11
1.1748749212598424
21
0.4348170472440945
0
LINE
8
BLACK
6
CONTINUOUS
10
1.1748749212598424
20
0.4348170472440945
11
1.1746075196850394
21
0.434585157480315
0
LINE
8
BLACK
6
CONTINUOUS
10
1.1746075196850394
20
0.434585157480315
11
1.1744721259842519
21
0.4342582283464567
0
LINE
8
BLACK
6
CONTINUOUS
10
1.1744721259842519
20
0.4342582283464567
11
1.1735340157480314
21
0.4333201574803149
0
LINE
8
BLACK
6
CONTINUOUS
10
1.1735340157480314
20
0.4333201574803149
11
1.173207125984252
21
0.4331847637795275
0
LINE
8
BLACK
6
CONTINUOUS
10
1.173207125984252
20
0.4331847637795275
11
1.1729753149606299
21
0.4329174409448819
0
LINE
8
BLACK
6
CONTINUOUS
10
1.1729753149606299
20
0.4329174409448819
11
1.1710991338582677
21
0.4319793700787402
0
LINE
8
BLACK
6
CONTINUOUS
10
1.1710991338582677
20
0.4319793700787402
11
1.1708553937007873
21
0.4319620078740157
0
LINE
8
BLACK
6
CONTINUOUS
10
1.1708553937007873
20
0.4319620078740157
11
1.1706590157480314
21
0.4318165354330709
0
LINE
8
BLACK
6
CONTINUOUS
10
1.1706590157480314
20
0.4318165354330709
11
1.1669066141732283
21
0.4308784645669291
0
LINE
8
BLACK
6
CONTINUOUS
10
1.1669066141732283
20
0.4308784645669291
11
1.1666369685039371
21
0.4309185826771653
0
LINE
8
BLACK
6
CONTINUOUS
10
1.1666369685039371
20
0.4309185826771653
11
1.1663851968503938
21
0.4308142913385827
0
LINE
8
BLACK
6
CONTINUOUS
10
1.1663851968503938
20
0.4308142913385827
11
1.1616947244094489
21
0.4308142913385827
0
LINE
8
BLACK
6
CONTINUOUS
10
1.1616947244094489
20
0.4308142913385827
11
1.1614428740157481
21
0.4309185826771653
0
LINE
8
BLACK
6
CONTINUOUS
10
1.1614428740157481
20
0.4309185826771653
11
1.1611732677165354
21
0.4308784645669291
0
LINE
8
BLACK
6
CONTINUOUS
10
1.1611732677165354
20
0.4308784645669291
11
1.157420905511811
21
0.4318165354330709
0
LINE
8
BLACK
6
CONTINUOUS
10
1.157420905511811
20
0.4318165354330709
11
1.1572245275590551
21
0.4319620078740157
0
LINE
8
BLACK
6
CONTINUOUS
10
1.1572245275590551
20
0.4319620078740157
11
1.1569808661417322
21
0.4319793307086614
0
LINE
8
BLACK
6
CONTINUOUS
10
1.1569808661417322
20
0.4319793307086614
11
1.1551046456692913
21
0.4329174409448819
0
LINE
8
BLACK
6
CONTINUOUS
10
1.1551046456692913
20
0.4329174409448819
11
1.1548727559055119
21
0.4331847637795275
0
LINE
8
BLACK
6
CONTINUOUS
10
1.1548727559055119
20
0.4331847637795275
11
1.1545458661417323
21
0.4333201968503937
0
LINE
8
BLACK
6
CONTINUOUS
10
1.1545458661417323
20
0.4333201968503937
11
1.1536077952755905
21
0.4342582677165354
0
LINE
8
BLACK
6
CONTINUOUS
10
1.1536077952755905
20
0.4342582677165354
11
1.1534723622047245
21
0.434585157480315
0
LINE
8
BLACK
6
CONTINUOUS
10
1.1534723622047245
20
0.434585157480315
11
1.1532050393700788
21
0.4348170472440945
0
LINE
8
BLACK
6
CONTINUOUS
10
1.1532050393700788
20
0.4348170472440945
11
1.1522669291338583
21
0.4366932677165354
0
LINE
8
BLACK
6
CONTINUOUS
10
1.1522669291338583
20
0.4366932677165354
11
1.1522314566929133
21
0.4371924015748032
0
LINE
8
BLACK
6
CONTINUOUS
10
1.1522314566929133
20
0.4371924015748032
11
1.1520399606299212
21
0.4376547637795276
0
LINE
8
BLACK
6
CONTINUOUS
10
1.1520399606299212
20
0.4376547637795276
11
1.1520399606299212
21
0.4395309448818898
0
LINE
8
BLACK
6
CONTINUOUS
10
1.1520399606299212
20
0.4395309448818898
11
1.1522314566929133
21
0.4399933070866142
0
LINE
8
BLACK
6
CONTINUOUS
10
1.1522314566929133
20
0.4399933070866142
11
1.1522669685039371
21
0.4404924803149606
0
LINE
8
BLACK
6
CONTINUOUS
10
1.1522669685039371
20
0.4404924803149606
11
1.1532050393700788
21
0.4423686614173228
0
LINE
8
BLACK
6
CONTINUOUS
10
1.1532050393700788
20
0.4423686614173228
11
1.1534723622047245
21
0.4426004724409449
0
LINE
8
BLACK
6
CONTINUOUS
10
1.1534723622047245
20
0.4426004724409449
11
1.1536077559055118
21
0.4429273622047244
0
LINE
8
BLACK
6
CONTINUOUS
10
1.1536077559055118
20
0.4429273622047244
11
1.1545458267716535
21
0.4438654724409449
0
LINE
8
BLACK
6
CONTINUOUS
10
1.1545458267716535
20
0.4438654724409449
11
1.1548727559055119
21
0.4440008661417323
0
LINE
8
BLACK
6
CONTINUOUS
10
1.1548727559055119
20
0.4440008661417323
11
1.1551046456692913
21
0.4442682677165354
0
LINE
8
BLACK
6
CONTINUOUS
10
1.1551046456692913
20
0.4442682677165354
11
1.156980905511811
21
0.4452063385826772
0
LINE
8
BLACK
6
CONTINUOUS
10
1.156980905511811
20
0.4452063385826772
11
1.1572246062992126
21
0.4452236220472441
0
LINE
8
BLACK
6
CONTINUOUS
10
1.1572246062992126
20
0.4452236220472441
11
1.157420905511811
21
0.445369094488189
0
LINE
8
BLACK
6
CONTINUOUS
10
1.157420905511811
20
0.445369094488189
11
1.1611732283464566
21
0.4463072047244094
0
LINE
8
BLACK
6
CONTINUOUS
10
1.1611732283464566
20
0.4463072047244094
11
1.1614428346456693
21
0.4462670866141732
0
LINE
8
BLACK
6
CONTINUOUS
10
1.1614428346456693
20
0.4462670866141732
11
1.1616947244094489
21
0.4463714173228346
0
LINE
8
BLACK
6
CONTINUOUS
10
1.1616947244094489
20
0.4463714173228346
11
1.1663851968503938
21
0.4463714173228346
0
LINE
8
BLACK
6
CONTINUOUS
10
1.1663851968503938
20
0.4463714173228346
11
1.1666370472440946
21
0.4462670866141732
0
LINE
8
BLACK
6
CONTINUOUS
10
1.1586928346456693
20
0.4412547637795275
11
1.15733968503937
21
0.440578188976378
0
LINE
8
BLACK
6
CONTINUOUS
10
1.15733968503937
20
0.440578188976378
11
1.1568950393700788
21
0.4401335433070866
0
LINE
8
BLACK
6
CONTINUOUS
10
1.1568950393700788
20
0.4401335433070866
11
1.1563399606299212
21
0.4390233858267716
0
LINE
8
BLACK
6
CONTINUOUS
10
1.1563399606299212
20
0.4390233858267716
11
1.1563399606299212
21
0.4381623228346457
0
LINE
8
BLACK
6
CONTINUOUS
10
1.1563399606299212
20
0.4381623228346457
11
1.1568950787401575
21
0.4370520866141732
0
LINE
8
BLACK
6
CONTINUOUS
10
1.1568950787401575
20
0.4370520866141732
11
1.15733968503937
21
0.4366074803149606
0
LINE
8
BLACK
6
CONTINUOUS
10
1.15733968503937
20
0.4366074803149606
11
1.1586926771653543
21
0.4359309448818898
0
LINE
8
BLACK
6
CONTINUOUS
10
1.1586926771653543
20
0.4359309448818898
11
1.1619594488188976
21
0.4351142913385826
0
LINE
8
BLACK
6
CONTINUOUS
10
1.1619594488188976
20
0.4351142913385826
11
1.1661204724409449
21
0.4351142913385826
0
LINE
8
BLACK
6
CONTINUOUS
10
1.1661204724409449
20
0.4351142913385826
11
1.1693872834645669
21
0.4359309842519685
0
LINE
8
BLACK
6
CONTINUOUS
10
1.1693872834645669
20
0.4359309842519685
11
1.1707401968503937
21
0.4366074409448819
0
LINE
8
BLACK
6
CONTINUOUS
10
1.1707401968503937
20
0.4366074409448819
11
1.1711848425196849
21
0.4370520866141732
0
LINE
8
BLACK
6
CONTINUOUS
10
1.1711848425196849
20
0.4370520866141732
11
1.1717399606299213
21
0.4381622834645669
0
LINE
8
BLACK
6
CONTINUOUS
10
1.1717399606299213
20
0.4381622834645669
11
1.1717399606299213
21
0.4390233858267716
0
LINE
8
BLACK
6
CONTINUOUS
10
1.1717399606299213
20
0.4390233858267716
11
1.1711848425196849
21
0.4401335826771653
0
LINE
8
BLACK
6
CONTINUOUS
10
1.1711848425196849
20
0.4401335826771653
11
1.1707402362204724
21
0.440578188976378
0
LINE
8
BLACK
6
CONTINUOUS
10
1.1707402362204724
20
0.440578188976378
11
1.1693870866141731
21
0.4412547637795275
0
LINE
8
BLACK
6
CONTINUOUS
10
1.1693870866141731
20
0.4412547637795275
11
1.1661205905511811
21
0.4420714173228346
0
LINE
8
BLACK
6
CONTINUOUS
10
1.1661205905511811
20
0.4420714173228346
11
1.1619594881889763
21
0.4420714173228346
0
LINE
8
BLACK
6
CONTINUOUS
10
1.1619594881889763
20
0.4420714173228346
11
1.1586928346456693
21
0.4412547637795275
0
LINE
8
BLACK
6
CONTINUOUS
10
1.0566370472440945
20
0.455648031496063
11
1.0569066535433072
21
0.4556881496062992
0
LINE
8
BLACK
6
CONTINUOUS
10
1.0569066535433072
20
0.4556881496062992
11
1.0606590551181103
21
0.4547500787401575
0
LINE
8
BLACK
6
CONTINUOUS
10
1.0606590551181103
20
0.4547500787401575
11
1.0608553937007874
21
0.4546045669291339
0
LINE
8
BLACK
6
CONTINUOUS
10
1.0608553937007874
20
0.4546045669291339
11
1.0610990944881888
21
0.4545872834645669
0
LINE
8
BLACK
6
CONTINUOUS
10
1.0610990944881888
20
0.4545872834645669
11
1.062975275590551
21
0.4536492125984252
0
LINE
8
BLACK
6
CONTINUOUS
10
1.062975275590551
20
0.4536492125984252
11
1.0632071259842519
21
0.4533818503937008
0
LINE
8
BLACK
6
CONTINUOUS
10
1.0632071259842519
20
0.4533818503937008
11
1.0635340551181103
21
0.4532464566929134
0
LINE
8
BLACK
6
CONTINUOUS
10
1.0635340551181103
20
0.4532464566929134
11
1.0644721653543308
21
0.4523083464566929
0
LINE
8
BLACK
6
CONTINUOUS
10
1.0644721653543308
20
0.4523083464566929
11
1.0646075590551181
21
0.4519814173228346
0
LINE
8
BLACK
6
CONTINUOUS
10
1.0646075590551181
20
0.4519814173228346
11
1.0648749212598425
21
0.4517495669291339
0
LINE
8
BLACK
6
CONTINUOUS
10
1.0648749212598425
20
0.4517495669291339
11
1.0658129921259842
21
0.4498733858267717
0
LINE
8
BLACK
6
CONTINUOUS
10
1.0658129921259842
20
0.4498733858267717
11
1.0658484251968503
21
0.4493742125984252
0
LINE
8
BLACK
6
CONTINUOUS
10
1.0658484251968503
20
0.4493742125984252
11
1.0660399606299213
21
0.4489118897637795
0
LINE
8
BLACK
6
CONTINUOUS
10
1.0660399606299213
20
0.4489118897637795
11
1.0660399606299213
21
0.4470357086614173
0
LINE
8
BLACK
6
CONTINUOUS
10
1.0660399606299213
20
0.4470357086614173
11
1.0658484251968503
21
0.4465733464566929
0
LINE
8
BLACK
6
CONTINUOUS
10
1.0658484251968503
20
0.4465733464566929
11
1.0658129921259842
21
0.4460742519685039
0
LINE
8
BLACK
6
CONTINUOUS
10
1.0658129921259842
20
0.4460742519685039
11
1.0648749212598425
21
0.4441979921259843
0
LINE
8
BLACK
6
CONTINUOUS
10
1.0648749212598425
20
0.4441979921259843
11
1.0646075196850393
21
0.4439661023622047
0
LINE
8
BLACK
6
CONTINUOUS
10
1.0646075196850393
20
0.4439661023622047
11
1.064472125984252
21
0.4436391732283465
0
LINE
8
BLACK
6
CONTINUOUS
10
1.064472125984252
20
0.4436391732283465
11
1.0635340157480315
21
0.4427011023622047
0
LINE
8
BLACK
6
CONTINUOUS
10
1.0635340157480315
20
0.4427011023622047
11
1.0632071259842519
21
0.4425657086614173
0
LINE
8
BLACK
6
CONTINUOUS
10
1.0632071259842519
20
0.4425657086614173
11
1.0629753149606298
21
0.4422983858267717
0
LINE
8
BLACK
6
CONTINUOUS
10
1.0629753149606298
20
0.4422983858267717
11
1.0610991338582676
21
0.4413603149606299
0
LINE
8
BLACK
6
CONTINUOUS
10
1.0610991338582676
20
0.4413603149606299
11
1.0608553937007874
21
0.4413429527559055
0
LINE
8
BLACK
6
CONTINUOUS
10
1.0608553937007874
20
0.4413429527559055
11
1.0606590157480316
21
0.4411974803149606
0
LINE
8
BLACK
6
CONTINUOUS
10
1.0606590157480316
20
0.4411974803149606
11
1.0569066141732284
21
0.4402594094488189
0
LINE
8
BLACK
6
CONTINUOUS
10
1.0569066141732284
20
0.4402594094488189
11
1.056636968503937
21
0.4402995275590551
0
LINE
8
BLACK
6
CONTINUOUS
10
1.056636968503937
20
0.4402995275590551
11
1.0563851968503937
21
0.4401952362204724
0
LINE
8
BLACK
6
CONTINUOUS
10
1.0563851968503937
20
0.4401952362204724
11
1.0516947244094488
21
0.4401952362204724
0
LINE
8
BLACK
6
CONTINUOUS
10
1.0516947244094488
20
0.4401952362204724
11
1.051442874015748
21
0.4402995275590551
0
LINE
8
BLACK
6
CONTINUOUS
10
1.051442874015748
20
0.4402995275590551
11
1.0511732677165355
21
0.4402594094488189
0
LINE
8
BLACK
6
CONTINUOUS
10
1.0511732677165355
20
0.4402594094488189
11
1.0474209055118111
21
0.4411974803149606
0
LINE
8
BLACK
6
CONTINUOUS
10
1.0474209055118111
20
0.4411974803149606
11
1.047224527559055
21
0.4413429527559055
0
LINE
8
BLACK
6
CONTINUOUS
10
1.047224527559055
20
0.4413429527559055
11
1.0469808661417324
21
0.4413602755905512
0
LINE
8
BLACK
6
CONTINUOUS
10
1.0469808661417324
20
0.4413602755905512
11
1.0451046456692914
21
0.4422983858267717
0
LINE
8
BLACK
6
CONTINUOUS
10
1.0451046456692914
20
0.4422983858267717
11
1.0448727559055118
21
0.4425657086614173
0
LINE
8
BLACK
6
CONTINUOUS
10
1.0448727559055118
20
0.4425657086614173
11
1.0445458661417322
21
0.4427011417322835
0
LINE
8
BLACK
6
CONTINUOUS
10
1.0445458661417322
20
0.4427011417322835
11
1.0436077952755904
21
0.4436392125984252
0
LINE
8
BLACK
6
CONTINUOUS
10
1.0436077952755904
20
0.4436392125984252
11
1.0434723622047244
21
0.4439661023622047
0
LINE
8
BLACK
6
CONTINUOUS
10
1.0434723622047244
20
0.4439661023622047
11
1.0432050393700787
21
0.4441979921259843
0
LINE
8
BLACK
6
CONTINUOUS
10
1.0432050393700787
20
0.4441979921259843
11
1.0422669291338582
21
0.4460742125984252
0
LINE
8
BLACK
6
CONTINUOUS
10
1.0422669291338582
20
0.4460742125984252
11
1.0422314566929134
21
0.4465733464566929
0
LINE
8
BLACK
6
CONTINUOUS
10
1.0422314566929134
20
0.4465733464566929
11
1.0420399606299213
21
0.4470357086614173
0
LINE
8
BLACK
6
CONTINUOUS
10
1.0420399606299213
20
0.4470357086614173
11
1.0420399606299213
21
0.4489118897637795
0
LINE
8
BLACK
6
CONTINUOUS
10
1.0420399606299213
20
0.4489118897637795
11
1.0422314566929134
21
0.4493742519685039
0
LINE
8
BLACK
6
CONTINUOUS
10
1.0422314566929134
20
0.4493742519685039
11
1.042266968503937
21
0.4498734251968504
0
LINE
8
BLACK
6
CONTINUOUS
10
1.042266968503937
20
0.4498734251968504
11
1.0432050393700787
21
0.4517496062992126
0
LINE
8
BLACK
6
CONTINUOUS
10
1.0432050393700787
20
0.4517496062992126
11
1.0434723622047244
21
0.4519814173228346
0
LINE
8
BLACK
6
CONTINUOUS
10
1.0434723622047244
20
0.4519814173228346
11
1.0436077559055117
21
0.4523083070866142
0
LINE
8
BLACK
6
CONTINUOUS
10
1.0436077559055117
20
0.4523083070866142
11
1.0445458267716534
21
0.4532464173228347
0
LINE
8
BLACK
6
CONTINUOUS
10
1.0445458267716534
20
0.4532464173228347
11
1.0448727559055118
21
0.453381811023622
0
LINE
8
BLACK
6
CONTINUOUS
10
1.0448727559055118
20
0.453381811023622
11
1.0451046456692914
21
0.4536492125984252
0
LINE
8
BLACK
6
CONTINUOUS
10
1.0451046456692914
20
0.4536492125984252
11
1.0469809055118111
21
0.4545872834645669
0
LINE
8
BLACK
6
CONTINUOUS
10
1.0469809055118111
20
0.4545872834645669
11
1.0472246062992125
21
0.4546045669291339
0
LINE
8
BLACK
6
CONTINUOUS
10
1.0472246062992125
20
0.4546045669291339
11
1.0474209055118111
21
0.4547500393700787
0
LINE
8
BLACK
6
CONTINUOUS
10
1.0474209055118111
20
0.4547500393700787
11
1.0511732283464568
21
0.4556881496062992
0
LINE
8
BLACK
6
CONTINUOUS
10
1.0511732283464568
20
0.4556881496062992
11
1.0514428346456692
21
0.455648031496063
0
LINE
8
BLACK
6
CONTINUOUS
10
1.0514428346456692
20
0.455648031496063
11
1.0516947244094488
21
0.4557523622047244
0
LINE
8
BLACK
6
CONTINUOUS
10
1.0516947244094488
20
0.4557523622047244
11
1.0563851968503937
21
0.4557523622047244
0
LINE
8
BLACK
6
CONTINUOUS
10
1.0563851968503937
20
0.4557523622047244
11
1.0566370472440945
21
0.455648031496063
0
LINE
8
BLACK
6
CONTINUOUS
10
1.0486928346456692
20
0.4506357086614173
11
1.0473396850393701
21
0.4499591338582677
0
LINE
8
BLACK
6
CONTINUOUS
10
1.0473396850393701
20
0.4499591338582677
11
1.0468950393700787
21
0.4495144881889764
0
LINE
8
BLACK
6
CONTINUOUS
10
1.0468950393700787
20
0.4495144881889764
11
1.0463399606299213
21
0.4484043307086614
0
LINE
8
BLACK
6
CONTINUOUS
10
1.0463399606299213
20
0.4484043307086614
11
1.0463399606299213
21
0.4475432677165354
0
LINE
8
BLACK
6
CONTINUOUS
10
1.0463399606299213
20
0.4475432677165354
11
1.0468950787401574
21
0.446433031496063
0
LINE
8
BLACK
6
CONTINUOUS
10
1.0468950787401574
20
0.446433031496063
11
1.0473396850393701
21
0.4459884251968504
0
LINE
8
BLACK
6
CONTINUOUS
10
1.0473396850393701
20
0.4459884251968504
11
1.0486926771653544
21
0.4453118897637795
0
LINE
8
BLACK
6
CONTINUOUS
10
1.0486926771653544
20
0.4453118897637795
11
1.0519594488188977
21
0.4444952362204724
0
LINE
8
BLACK
6
CONTINUOUS
10
1.0519594488188977
20
0.4444952362204724
11
1.0561204724409448
21
0.4444952362204724
0
LINE
8
BLACK
6
CONTINUOUS
10
1.0561204724409448
20
0.4444952362204724
11
1.059387283464567
21
0.4453119291338583
0
LINE
8
BLACK
6
CONTINUOUS
10
1.059387283464567
20
0.4453119291338583
11
1.0607401968503938
21
0.4459883858267716
0
LINE
8
BLACK
6
CONTINUOUS
10
1.0607401968503938
20
0.4459883858267716
11
1.061184842519685
21
0.446433031496063
0
LINE
8
BLACK
6
CONTINUOUS
10
1.061184842519685
20
0.446433031496063
11
1.0617399606299212
21
0.4475432283464567
0
LINE
8
BLACK
6
CONTINUOUS
10
1.0617399606299212
20
0.4475432283464567
11
1.0617399606299212
21
0.4484043307086614
0
LINE
8
BLACK
6
CONTINUOUS
10
1.0617399606299212
20
0.4484043307086614
11
1.061184842519685
21
0.4495145275590551
0
LINE
8
BLACK
6
CONTINUOUS
10
1.061184842519685
20
0.4495145275590551
11
1.0607402362204723
21
0.4499591338582677
0
LINE
8
BLACK
6
CONTINUOUS
10
1.0607402362204723
20
0.4499591338582677
11
1.0593870866141732
21
0.4506357086614173
0
LINE
8
BLACK
6
CONTINUOUS
10
1.0593870866141732
20
0.4506357086614173
11
1.056120590551181
21
0.4514523622047244
0
LINE
8
BLACK
6
CONTINUOUS
10
1.056120590551181
20
0.4514523622047244
11
1.0519594881889764
21
0.4514523622047244
0
LINE
8
BLACK
6
CONTINUOUS
10
1.0519594881889764
20
0.4514523622047244
11
1.0486928346456692
21
0.4506357086614173
0
LINE
8
BLACK
6
CONTINUOUS
10
1.0831989763779528
20
0.4575242125984252
11
1.0834685826771653
21
0.4575643307086614
0
LINE
8
BLACK
6
CONTINUOUS
10
1.0834685826771653
20
0.4575643307086614
11
1.0872209448818897
21
0.4566262598425197
0
LINE
8
BLACK
6
CONTINUOUS
10
1.0872209448818897
20
0.4566262598425197
11
1.0874172440944883
21
0.4564807480314961
0
LINE
8
BLACK
6
CONTINUOUS
10
1.0874172440944883
20
0.4564807480314961
11
1.0876609842519684
21
0.4564634645669291
0
LINE
8
BLACK
6
CONTINUOUS
10
1.0876609842519684
20
0.4564634645669291
11
1.0895371653543307
21
0.4555253937007874
0
LINE
8
BLACK
6
CONTINUOUS
10
1.0895371653543307
20
0.4555253937007874
11
1.0897689763779528
21
0.4552580708661417
0
LINE
8
BLACK
6
CONTINUOUS
10
1.0897689763779528
20
0.4552580708661417
11
1.0900959448818897
21
0.4551226771653543
0
LINE
8
BLACK
6
CONTINUOUS
10
1.0900959448818897
20
0.4551226771653543
11
1.0919721653543306
21
0.4532464960629921
0
LINE
8
BLACK
6
CONTINUOUS
10
1.0919721653543306
20
0.4532464960629921
11
1.0921636614173229
21
0.452784094488189
0
LINE
8
BLACK
6
CONTINUOUS
10
1.0921636614173229
20
0.452784094488189
11
1.0924915748031496
21
0.452406062992126
0
LINE
8
BLACK
6
CONTINUOUS
10
1.0924915748031496
20
0.452406062992126
11
1.0934296456692914
21
0.4495917716535433
0
LINE
8
BLACK
6
CONTINUOUS
10
1.0934296456692914
20
0.4495917716535433
11
1.0934045275590552
21
0.449238779527559
0
LINE
8
BLACK
6
CONTINUOUS
10
1.0934045275590552
20
0.449238779527559
11
1.0935399606299212
21
0.4489118897637795
0
LINE
8
BLACK
6
CONTINUOUS
10
1.0935399606299212
20
0.4489118897637795
11
1.0935399606299212
21
0.4470356692913386
0
LINE
8
BLACK
6
CONTINUOUS
10
1.0935399606299212
20
0.4470356692913386
11
1.0934045275590552
21
0.4467087795275591
0
LINE
8
BLACK
6
CONTINUOUS
10
1.0934045275590552
20
0.4467087795275591
11
1.0934296456692914
21
0.4463557874015748
0
LINE
8
BLACK
6
CONTINUOUS
10
1.0934296456692914
20
0.4463557874015748
11
1.0924915748031496
21
0.4435415354330708
0
LINE
8
BLACK
6
CONTINUOUS
10
1.0924915748031496
20
0.4435415354330708
11
1.0921636614173229
21
0.4431634645669291
0
LINE
8
BLACK
6
CONTINUOUS
10
1.0921636614173229
20
0.4431634645669291
11
1.0919721653543306
21
0.4427011417322835
0
LINE
8
BLACK
6
CONTINUOUS
10
1.0919721653543306
20
0.4427011417322835
11
1.0910340551181101
21
0.441763031496063
0
LINE
8
BLACK
6
CONTINUOUS
10
1.0910340551181101
20
0.441763031496063
11
1.0895137795275591
21
0.4411333070866142
0
LINE
8
BLACK
6
CONTINUOUS
10
1.0895137795275591
20
0.4411333070866142
11
1.0879935039370079
21
0.441763031496063
0
LINE
8
BLACK
6
CONTINUOUS
10
1.0879935039370079
20
0.441763031496063
11
1.087363779527559
21
0.4432833070866142
0
LINE
8
BLACK
6
CONTINUOUS
10
1.087363779527559
20
0.4432833070866142
11
1.0879935039370079
21
0.4448035826771654
0
LINE
8
BLACK
6
CONTINUOUS
10
1.0879935039370079
20
0.4448035826771654
11
1.0885726771653543
21
0.4453827559055118
0
LINE
8
BLACK
6
CONTINUOUS
10
1.0885726771653543
20
0.4453827559055118
11
1.0892399606299212
21
0.4473845669291339
0
LINE
8
BLACK
6
CONTINUOUS
10
1.0892399606299212
20
0.4473845669291339
11
1.0892399606299212
21
0.4485629921259842
0
LINE
8
BLACK
6
CONTINUOUS
10
1.0892399606299212
20
0.4485629921259842
11
1.0885726771653543
21
0.4505648031496063
0
LINE
8
BLACK
6
CONTINUOUS
10
1.0885726771653543
20
0.4505648031496063
11
1.0873020472440944
21
0.4518353543307086
0
LINE
8
BLACK
6
CONTINUOUS
10
1.0873020472440944
20
0.4518353543307086
11
1.0859490157480314
21
0.4525118897637795
0
LINE
8
BLACK
6
CONTINUOUS
10
1.0859490157480314
20
0.4525118897637795
11
1.0826825196850394
21
0.4533285433070866
0
LINE
8
BLACK
6
CONTINUOUS
10
1.0826825196850394
20
0.4533285433070866
11
1.0803975984251968
21
0.4533285433070866
0
LINE
8
BLACK
6
CONTINUOUS
10
1.0803975984251968
20
0.4533285433070866
11
1.077130905511811
21
0.4525118897637795
0
LINE
8
BLACK
6
CONTINUOUS
10
1.077130905511811
20
0.4525118897637795
11
1.0757777559055117
21
0.4518353149606299
0
LINE
8
BLACK
6
CONTINUOUS
10
1.0757777559055117
20
0.4518353149606299
11
1.0745072440944881
21
0.4505648031496063
0
LINE
8
BLACK
6
CONTINUOUS
10
1.0745072440944881
20
0.4505648031496063
11
1.0738399606299212
21
0.4485629133858268
0
LINE
8
BLACK
6
CONTINUOUS
10
1.0738399606299212
20
0.4485629133858268
11
1.0738399606299212
21
0.4473845275590551
0
LINE
8
BLACK
6
CONTINUOUS
10
1.0738399606299212
20
0.4473845275590551
11
1.0745072047244095
21
0.4453827952755905
0
LINE
8
BLACK
6
CONTINUOUS
10
1.0745072047244095
20
0.4453827952755905
11
1.0750864566929133
21
0.4448035433070866
0
LINE
8
BLACK
6
CONTINUOUS
10
1.0750864566929133
20
0.4448035433070866
11
1.0757161417322834
21
0.4432832677165354
0
LINE
8
BLACK
6
CONTINUOUS
10
1.0757161417322834
20
0.4432832677165354
11
1.075086377952756
21
0.4417629921259842
0
LINE
8
BLACK
6
CONTINUOUS
10
1.075086377952756
20
0.4417629921259842
11
1.0735661023622047
21
0.4411333070866142
0
LINE
8
BLACK
6
CONTINUOUS
10
1.0735661023622047
20
0.4411333070866142
11
1.0720458267716535
21
0.4417630708661417
0
LINE
8
BLACK
6
CONTINUOUS
10
1.0720458267716535
20
0.4417630708661417
11
1.0711077559055118
21
0.4427011811023622
0
LINE
8
BLACK
6
CONTINUOUS
10
1.0711077559055118
20
0.4427011811023622
11
1.0709162598425197
21
0.4431634645669291
0
LINE
8
BLACK
6
CONTINUOUS
10
1.0709162598425197
20
0.4431634645669291
11
1.0705884251968503
21
0.4435414960629921
0
LINE
8
BLACK
6
CONTINUOUS
10
1.0705884251968503
20
0.4435414960629921
11
1.0696503149606298
21
0.4463557480314961
0
LINE
8
BLACK
6
CONTINUOUS
10
1.0696503149606298
20
0.4463557480314961
11
1.0696753543307087
21
0.4467087007874015
0
LINE
8
BLACK
6
CONTINUOUS
10
1.0696753543307087
20
0.4467087007874015
11
1.0695399606299212
21
0.4470356692913386
0
LINE
8
BLACK
6
CONTINUOUS
10
1.0695399606299212
20
0.4470356692913386
11
1.0695399606299212
21
0.4489118897637795
0
LINE
8
BLACK
6
CONTINUOUS
10
1.0695399606299212
20
0.4489118897637795
11
1.0696753543307087
21
0.4492387401574803
0
LINE
8
BLACK
6
CONTINUOUS
10
1.0696753543307087
20
0.4492387401574803
11
1.0696502755905513
21
0.4495917716535433
0
LINE
8
BLACK
6
CONTINUOUS
10
1.0696502755905513
20
0.4495917716535433
11
1.0705884251968503
21
0.4524061023622047
0
LINE
8
BLACK
6
CONTINUOUS
10
1.0705884251968503
20
0.4524061023622047
11
1.0709162598425197
21
0.4527841338582677
0
LINE
8
BLACK
6
CONTINUOUS
10
1.0709162598425197
20
0.4527841338582677
11
1.0711077952755905
21
0.4532464566929134
0
LINE
8
BLACK
6
CONTINUOUS
10
1.0711077952755905
20
0.4532464566929134
11
1.0729839763779527
21
0.4551226377952756
0
LINE
8
BLACK
6
CONTINUOUS
10
1.0729839763779527
20
0.4551226377952756
11
1.0733108661417323
21
0.455258031496063
0
LINE
8
BLACK
6
CONTINUOUS
10
1.0733108661417323
20
0.455258031496063
11
1.0735427559055117
21
0.4555253937007874
0
LINE
8
BLACK
6
CONTINUOUS
10
1.0735427559055117
20
0.4555253937007874
11
1.0754189370078739
21
0.4564634645669291
0
LINE
8
BLACK
6
CONTINUOUS
10
1.0754189370078739
20
0.4564634645669291
11
1.0756626771653544
21
0.4564807480314961
0
LINE
8
BLACK
6
CONTINUOUS
10
1.0756626771653544
20
0.4564807480314961
11
1.0758589763779527
21
0.4566262204724409
0
LINE
8
BLACK
6
CONTINUOUS
10
1.0758589763779527
20
0.4566262204724409
11
1.0796113779527559
21
0.4575643307086614
0
LINE
8
BLACK
6
CONTINUOUS
10
1.0796113779527559
20
0.4575643307086614
11
1.0798809448818898
21
0.4575242125984252
0
LINE
8
BLACK
6
CONTINUOUS
10
1.0798809448818898
20
0.4575242125984252
11
1.0801328346456693
21
0.4576285433070866
0
LINE
8
BLACK
6
CONTINUOUS
10
1.0801328346456693
20
0.4576285433070866
11
1.082947125984252
21
0.4576285433070866
0
LINE
8
BLACK
6
CONTINUOUS
10
1.082947125984252
20
0.4576285433070866
11
1.0831989763779528
21
0.4575242125984252
0
LINE
8
BLACK
6
CONTINUOUS
10
1.1931989763779527
20
0.4575242125984252
11
1.1934685826771654
21
0.4575643307086614
0
LINE
8
BLACK
6
CONTINUOUS
10
1.1934685826771654
20
0.4575643307086614
11
1.1972209448818898
21
0.4566262598425197
0
LINE
8
BLACK
6
CONTINUOUS
10
1.1972209448818898
20
0.4566262598425197
11
1.1974172440944881
21
0.4564807480314961
0
LINE
8
BLACK
6
CONTINUOUS
10
1.1974172440944881
20
0.4564807480314961
11
1.1976609842519685
21
0.4564634645669291
0
LINE
8
BLACK
6
CONTINUOUS
10
1.1976609842519685
20
0.4564634645669291
11
1.1995371653543307
21
0.4555253937007874
0
LINE
8
BLACK
6
CONTINUOUS
10
1.1995371653543307
20
0.4555253937007874
11
1.1997689763779527
21
0.4552580708661417
0
LINE
8
BLACK
6
CONTINUOUS
10
1.1997689763779527
20
0.4552580708661417
11
1.2000959448818898
21
0.4551226771653543
0
LINE
8
BLACK
6
CONTINUOUS
10
1.2000959448818898
20
0.4551226771653543
11
1.2019721653543307
21
0.4532464960629921
0
LINE
8
BLACK
6
CONTINUOUS
10
1.2019721653543307
20
0.4532464960629921
11
1.2021636614173228
21
0.452784094488189
0
LINE
8
BLACK
6
CONTINUOUS
10
1.2021636614173228
20
0.452784094488189
11
1.2024915748031495
21
0.452406062992126
0
LINE
8
BLACK
6
CONTINUOUS
10
1.2024915748031495
20
0.452406062992126
11
1.2034296456692912
21
0.4495917716535433
0
LINE
8
BLACK
6
CONTINUOUS
10
1.2034296456692912
20
0.4495917716535433
11
1.203404527559055
21
0.449238779527559
0
LINE
8
BLACK
6
CONTINUOUS
10
1.203404527559055
20
0.449238779527559
11
1.2035399606299213
21
0.4489118897637795
0
LINE
8
BLACK
6
CONTINUOUS
10
1.2035399606299213
20
0.4489118897637795
11
1.2035399606299213
21
0.4470356692913386
0
LINE
8
BLACK
6
CONTINUOUS
10
1.2035399606299213
20
0.4470356692913386
11
1.203404527559055
21
0.4467087795275591
0
LINE
8
BLACK
6
CONTINUOUS
10
1.203404527559055
20
0.4467087795275591
11
1.2034296456692912
21
0.4463557874015748
0
LINE
8
BLACK
6
CONTINUOUS
10
1.2034296456692912
20
0.4463557874015748
11
1.2024915748031495
21
0.4435415354330708
0
LINE
8
BLACK
6
CONTINUOUS
10
1.2024915748031495
20
0.4435415354330708
11
1.2021636614173228
21
0.4431634645669291
0
LINE
8
BLACK
6
CONTINUOUS
10
1.2021636614173228
20
0.4431634645669291
11
1.2019721653543307
21
0.4427011417322835
0
LINE
8
BLACK
6
CONTINUOUS
10
1.2019721653543307
20
0.4427011417322835
11
1.2010340551181102
21
0.441763031496063
0
LINE
8
BLACK
6
CONTINUOUS
10
1.2010340551181102
20
0.441763031496063
11
1.199513779527559
21
0.4411333070866142
0
LINE
8
BLACK
6
CONTINUOUS
10
1.199513779527559
20
0.4411333070866142
11
1.1979935039370078
21
0.441763031496063
0
LINE
8
BLACK
6
CONTINUOUS
10
1.1979935039370078
20
0.441763031496063
11
1.1973637795275591
21
0.4432833070866142
0
LINE
8
BLACK
6
CONTINUOUS
10
1.1973637795275591
20
0.4432833070866142
11
1.1979935039370078
21
0.4448035826771654
0
LINE
8
BLACK
6
CONTINUOUS
10
1.1979935039370078
20
0.4448035826771654
11
1.1985726771653542
21
0.4453827559055118
0
LINE
8
BLACK
6
CONTINUOUS
10
1.1985726771653542
20
0.4453827559055118
11
1.1992399606299213
21
0.4473845669291339
0
LINE
8
BLACK
6
CONTINUOUS
10
1.1992399606299213
20
0.4473845669291339
11
1.1992399606299213
21
0.4485629921259842
0
LINE
8
BLACK
6
CONTINUOUS
10
1.1992399606299213
20
0.4485629921259842
11
1.1985726771653542
21
0.4505648031496063
0
LINE
8
BLACK
6
CONTINUOUS
10
1.1985726771653542
20
0.4505648031496063
11
1.1973020472440945
21
0.4518353543307086
0
LINE
8
BLACK
6
CONTINUOUS
10
1.1973020472440945
20
0.4518353543307086
11
1.1959490157480315
21
0.4525118897637795
0
LINE
8
BLACK
6
CONTINUOUS
10
1.1959490157480315
20
0.4525118897637795
11
1.1926825196850392
21
0.4533285433070866
0
LINE
8
BLACK
6
CONTINUOUS
10
1.1926825196850392
20
0.4533285433070866
11
1.1903975984251969
21
0.4533285433070866
0
LINE
8
BLACK
6
CONTINUOUS
10
1.1903975984251969
20
0.4533285433070866
11
1.1871309055118111
21
0.4525118897637795
0
LINE
8
BLACK
6
CONTINUOUS
10
1.1871309055118111
20
0.4525118897637795
11
1.1857777559055118
21
0.4518353149606299
0
LINE
8
BLACK
6
CONTINUOUS
10
1.1857777559055118
20
0.4518353149606299
11
1.1845072440944882
21
0.4505648031496063
0
LINE
8
BLACK
6
CONTINUOUS
10
1.1845072440944882
20
0.4505648031496063
11
1.1838399606299213
21
0.4485629133858268
0
LINE
8
BLACK
6
CONTINUOUS
10
1.1838399606299213
20
0.4485629133858268
11
1.1838399606299213
21
0.4473845275590551
0
LINE
8
BLACK
6
CONTINUOUS
10
1.1838399606299213
20
0.4473845275590551
11
1.1845072047244094
21
0.4453827952755905
0
LINE
8
BLACK
6
CONTINUOUS
10
1.1845072047244094
20
0.4453827952755905
11
1.1850864566929133
21
0.4448035433070866
0
LINE
8
BLACK
6
CONTINUOUS
10
1.1850864566929133
20
0.4448035433070866
11
1.1857161417322835
21
0.4432832677165354
0
LINE
8
BLACK
6
CONTINUOUS
10
1.1857161417322835
20
0.4432832677165354
11
1.1850863779527558
21
0.4417629921259842
0
LINE
8
BLACK
6
CONTINUOUS
10
1.1850863779527558
20
0.4417629921259842
11
1.1835661023622046
21
0.4411333070866142
0
LINE
8
BLACK
6
CONTINUOUS
10
1.1835661023622046
20
0.4411333070866142
11
1.1820458267716536
21
0.4417630708661417
0
LINE
8
BLACK
6
CONTINUOUS
10
1.1820458267716536
20
0.4417630708661417
11
1.1811077559055119
21
0.4427011811023622
0
LINE
8
BLACK
6
CONTINUOUS
10
1.1811077559055119
20
0.4427011811023622
11
1.1809162598425196
21
0.4431634645669291
0
LINE
8
BLACK
6
CONTINUOUS
10
1.1809162598425196
20
0.4431634645669291
11
1.1805884251968504
21
0.4435414960629921
0
LINE
8
BLACK
6
CONTINUOUS
10
1.1805884251968504
20
0.4435414960629921
11
1.1796503149606299
21
0.4463557480314961
0
LINE
8
BLACK
6
CONTINUOUS
10
1.1796503149606299
20
0.4463557480314961
11
1.1796753543307086
21
0.4467087007874015
0
LINE
8
BLACK
6
CONTINUOUS
10
1.1796753543307086
20
0.4467087007874015
11
1.1795399606299213
21
0.4470356692913386
0
LINE
8
BLACK
6
CONTINUOUS
10
1.1795399606299213
20
0.4470356692913386
11
1.1795399606299213
21
0.4489118897637795
0
LINE
8
BLACK
6
CONTINUOUS
10
1.1795399606299213
20
0.4489118897637795
11
1.1796753543307086
21
0.4492387401574803
0
LINE
8
BLACK
6
CONTINUOUS
10
1.1796753543307086
20
0.4492387401574803
11
1.1796502755905511
21
0.4495917716535433
0
LINE
8
BLACK
6
CONTINUOUS
10
1.1796502755905511
20
0.4495917716535433
11
1.1805884251968504
21
0.4524061023622047
0
LINE
8
BLACK
6
CONTINUOUS
10
1.1805884251968504
20
0.4524061023622047
11
1.1809162598425196
21
0.4527841338582677
0
LINE
8
BLACK
6
CONTINUOUS
10
1.1809162598425196
20
0.4527841338582677
11
1.1811077952755906
21
0.4532464566929134
0
LINE
8
BLACK
6
CONTINUOUS
10
1.1811077952755906
20
0.4532464566929134
11
1.1829839763779528
21
0.4551226377952756
0
LINE
8
BLACK
6
CONTINUOUS
10
1.1829839763779528
20
0.4551226377952756
11
1.1833108661417322
21
0.455258031496063
0
LINE
8
BLACK
6
CONTINUOUS
10
1.1833108661417322
20
0.455258031496063
11
1.1835427559055118
21
0.4555253937007874
0
LINE
8
BLACK
6
CONTINUOUS
10
1.1835427559055118
20
0.4555253937007874
11
1.185418937007874
21
0.4564634645669291
0
LINE
8
BLACK
6
CONTINUOUS
10
1.185418937007874
20
0.4564634645669291
11
1.1856626771653542
21
0.4564807480314961
0
LINE
8
BLACK
6
CONTINUOUS
10
1.1856626771653542
20
0.4564807480314961
11
1.1858589763779528
21
0.4566262204724409
0
LINE
8
BLACK
6
CONTINUOUS
10
1.1858589763779528
20
0.4566262204724409
11
1.189611377952756
21
0.4575643307086614
0
LINE
8
BLACK
6
CONTINUOUS
10
1.189611377952756
20
0.4575643307086614
11
1.1898809448818897
21
0.4575242125984252
0
LINE
8
BLACK
6
CONTINUOUS
10
1.1898809448818897
20
0.4575242125984252
11
1.1901328346456692
21
0.4576285433070866
0
LINE
8
BLACK
6
CONTINUOUS
10
1.1901328346456692
20
0.4576285433070866
11
1.1929471259842519
21
0.4576285433070866
0
LINE
8
BLACK
6
CONTINUOUS
10
1.1929471259842519
20
0.4576285433070866
11
1.1931989763779527
21
0.4575242125984252
0
LINE
8
BLACK
6
CONTINUOUS
10
1.2103835039370079
20
0.5028851181102362
11
1.2105127559055118
21
0.5029079133858267
0
LINE
8
BLACK
6
CONTINUOUS
10
1.2105127559055118
20
0.5029079133858267
11
1.2106263385826772
21
0.5028422834645669
0
LINE
8
BLACK
6
CONTINUOUS
10
1.2106263385826772
20
0.5028422834645669
11
1.2110099212598424
21
0.5027746850393701
0
LINE
8
BLACK
6
CONTINUOUS
10
1.2110099212598424
20
0.5027746850393701
11
1.2115975984251968
21
0.5022815354330709
0
LINE
8
BLACK
6
CONTINUOUS
10
1.2115975984251968
20
0.5022815354330709
11
1.2122619291338583
21
0.5018979921259843
0
LINE
8
BLACK
6
CONTINUOUS
10
1.2122619291338583
20
0.5018979921259843
11
1.2123530314960629
21
0.5016476377952755
0
LINE
8
BLACK
6
CONTINUOUS
10
1.2123530314960629
20
0.5016476377952755
11
1.2125571653543308
21
0.5014763779527559
0
LINE
8
BLACK
6
CONTINUOUS
10
1.2125571653543308
20
0.5014763779527559
11
1.2126903937007874
21
0.5007207874015748
0
LINE
8
BLACK
6
CONTINUOUS
10
1.2126903937007874
20
0.5007207874015748
11
1.2129527559055118
21
0.5
0
LINE
8
BLACK
6
CONTINUOUS
10
1.2129527559055118
20
0.5
11
1.2129527559055118
21
0.46
0
LINE
8
BLACK
6
CONTINUOUS
10
1.2129527559055118
20
0.46
11
1.2127746850393701
21
0.4589900787401575
0
LINE
8
BLACK
6
CONTINUOUS
10
1.2127746850393701
20
0.4589900787401575
11
1.211476377952756
21
0.4574428346456693
0
LINE
8
BLACK
6
CONTINUOUS
10
1.211476377952756
20
0.4574428346456693
11
1.2094872440944882
21
0.4570920866141732
0
LINE
8
BLACK
6
CONTINUOUS
10
1.2094872440944882
20
0.4570920866141732
11
1.2077380708661416
21
0.4581020078740157
0
LINE
8
BLACK
6
CONTINUOUS
10
1.2077380708661416
20
0.4581020078740157
11
1.2070472440944882
21
0.46
0
LINE
8
BLACK
6
CONTINUOUS
10
1.2070472440944882
20
0.46
11
1.2070472440944882
21
0.4970472440944882
0
LINE
8
BLACK
6
CONTINUOUS
10
1.2070472440944882
20
0.4970472440944882
11
1.1529527559055117
21
0.4970472440944882
0
LINE
8
BLACK
6
CONTINUOUS
10
1.1529527559055117
20
0.4970472440944882
11
1.1529527559055117
21
0.4778388976377952
0
LINE
8
BLACK
6
CONTINUOUS
10
1.1529527559055117
20
0.4778388976377952
11
1.1529973622047245
21
0.4779055118110236
0
LINE
8
BLACK
6
CONTINUOUS
10
1.1529973622047245
20
0.4779055118110236
11
1.1556345275590552
21
0.4796636614173228
0
LINE
8
BLACK
6
CONTINUOUS
10
1.1556345275590552
20
0.4796636614173228
11
1.1571134251968505
21
0.4811425590551181
0
LINE
8
BLACK
6
CONTINUOUS
10
1.1571134251968505
20
0.4811425590551181
11
1.1578955118110237
21
0.4827067322834646
0
LINE
8
BLACK
6
CONTINUOUS
10
1.1578955118110237
20
0.4827067322834646
11
1.1591386614173229
21
0.483784842519685
0
LINE
8
BLACK
6
CONTINUOUS
10
1.1591386614173229
20
0.483784842519685
11
1.1607800787401574
21
0.4836681889763779
0
LINE
8
BLACK
6
CONTINUOUS
10
1.1607800787401574
20
0.4836681889763779
11
1.1618582283464567
21
0.4824250787401574
0
LINE
8
BLACK
6
CONTINUOUS
10
1.1618582283464567
20
0.4824250787401574
11
1.1617415354330709
21
0.4807836614173228
0
LINE
8
BLACK
6
CONTINUOUS
10
1.1617415354330709
20
0.4807836614173228
11
1.1608034251968504
21
0.4789074803149606
0
LINE
8
BLACK
6
CONTINUOUS
10
1.1608034251968504
20
0.4789074803149606
11
1.1605361023622047
21
0.4786756299212598
0
LINE
8
BLACK
6
CONTINUOUS
10
1.1605361023622047
20
0.4786756299212598
11
1.1604007086614172
21
0.4783487401574803
0
LINE
8
BLACK
6
CONTINUOUS
10
1.1604007086614172
20
0.4783487401574803
11
1.1603185826771654
21
0.4782666141732284
0
LINE
8
BLACK
6
CONTINUOUS
10
1.1603185826771654
20
0.4782666141732284
11
1.1717399606299213
21
0.4782666141732284
0
LINE
8
BLACK
6
CONTINUOUS
10
1.1717399606299213
20
0.4782666141732284
11
1.1717399606299213
21
0.4817451968503937
0
LINE
8
BLACK
6
CONTINUOUS
10
1.1717399606299213
20
0.4817451968503937
11
1.1723696850393701
21
0.4832654724409449
0
LINE
8
BLACK
6
CONTINUOUS
10
1.1723696850393701
20
0.4832654724409449
11
1.1738899606299211
21
0.4838951968503937
0
LINE
8
BLACK
6
CONTINUOUS
10
1.1738899606299211
20
0.4838951968503937
11
1.1754102362204724
21
0.4832654724409449
0
LINE
8
BLACK
6
CONTINUOUS
10
1.1754102362204724
20
0.4832654724409449
11
1.1760399606299212
21
0.4817451968503937
0
LINE
8
BLACK
6
CONTINUOUS
10
1.1760399606299212
20
0.4817451968503937
11
1.1760399606299212
21
0.4704880708661417
0
LINE
8
BLACK
6
CONTINUOUS
10
1.1760399606299212
20
0.4704880708661417
11
1.1754102362204724
21
0.4689677952755905
0
LINE
8
BLACK
6
CONTINUOUS
10
1.1754102362204724
20
0.4689677952755905
11
1.1738899606299211
21
0.4683380708661417
0
LINE
8
BLACK
6
CONTINUOUS
10
1.1738899606299211
20
0.4683380708661417
11
1.1723696850393701
21
0.4689677952755905
0
LINE
8
BLACK
6
CONTINUOUS
10
1.1723696850393701
20
0.4689677952755905
11
1.1717399606299213
21
0.4704880708661417
0
LINE
8
BLACK
6
CONTINUOUS
10
1.1717399606299213
20
0.4704880708661417
11
1.1717399606299213
21
0.4739666141732283
0
LINE
8
BLACK
6
CONTINUOUS
10
1.1717399606299213
20
0.4739666141732283
11
1.1541899606299213
21
0.4739666141732283
0
LINE
8
BLACK
6
CONTINUOUS
10
1.1541899606299213
20
0.4739666141732283
11
1.1539853937007873
21
0.4740512992125984
0
LINE
8
BLACK
6
CONTINUOUS
10
1.1539853937007873
20
0.4740512992125984
11
1.153768307086614
21
0.4740083858267716
0
LINE
8
BLACK
6
CONTINUOUS
10
1.153768307086614
20
0.4740083858267716
11
1.1532481496062992
21
0.4743566929133858
0
LINE
8
BLACK
6
CONTINUOUS
10
1.1532481496062992
20
0.4743566929133858
11
1.1529527559055117
21
0.4744790551181102
0
LINE
8
BLACK
6
CONTINUOUS
10
1.1529527559055117
20
0.4744790551181102
11
1.1529527559055117
21
0.4606259448818897
0
LINE
8
BLACK
6
CONTINUOUS
10
1.1529527559055117
20
0.4606259448818897
11
1.1532050393700788
21
0.4611305511811024
0
LINE
8
BLACK
6
CONTINUOUS
10
1.1532050393700788
20
0.4611305511811024
11
1.1534723622047245
21
0.4613623622047244
0
LINE
8
BLACK
6
CONTINUOUS
10
1.1534723622047245
20
0.4613623622047244
11
1.1536077559055118
21
0.4616892519685039
0
LINE
8
BLACK
6
CONTINUOUS
10
1.1536077559055118
20
0.4616892519685039
11
1.1545458267716535
21
0.4626273622047244
0
LINE
8
BLACK
6
CONTINUOUS
10
1.1545458267716535
20
0.4626273622047244
11
1.1548727559055119
21
0.4627627559055118
0
LINE
8
BLACK
6
CONTINUOUS
10
1.1548727559055119
20
0.4627627559055118
11
1.1551046456692913
21
0.463030157480315
0
LINE
8
BLACK
6
CONTINUOUS
10
1.1551046456692913
20
0.463030157480315
11
1.156980905511811
21
0.4639682283464567
0
LINE
8
BLACK
6
CONTINUOUS
10
1.156980905511811
20
0.4639682283464567
11
1.1572246062992126
21
0.4639855118110236
0
LINE
8
BLACK
6
CONTINUOUS
10
1.1572246062992126
20
0.4639855118110236
11
1.157420905511811
21
0.4641309842519685
0
LINE
8
BLACK
6
CONTINUOUS
10
1.157420905511811
20
0.4641309842519685
11
1.1611732283464566
21
0.4650690944881889
0
LINE
8
BLACK
6
CONTINUOUS
10
1.1611732283464566
20
0.4650690944881889
11
1.1614428346456693
21
0.4650289763779528
0
LINE
8
BLACK
6
CONTINUOUS
10
1.1614428346456693
20
0.4650289763779528
11
1.1616947244094489
21
0.4651333070866142
0
LINE
8
BLACK
6
CONTINUOUS
10
1.1616947244094489
20
0.4651333070866142
11
1.1663851968503938
21
0.4651333070866142
0
LINE
8
BLACK
6
CONTINUOUS
10
1.1663851968503938
20
0.4651333070866142
11
1.1666370472440946
21
0.4650289763779528
0
LINE
8
BLACK
6
CONTINUOUS
10
1.1666370472440946
20
0.4650289763779528
11
1.166906653543307
21
0.4650690944881889
0
LINE
8
BLACK
6
CONTINUOUS
10
1.166906653543307
20
0.4650690944881889
11
1.1706590551181102
21
0.4641310236220472
0
LINE
8
BLACK
6
CONTINUOUS
10
1.1706590551181102
20
0.4641310236220472
11
1.1708553937007873
21
0.4639855118110236
0
LINE
8
BLACK
6
CONTINUOUS
10
1.1708553937007873
20
0.4639855118110236
11
1.1710990944881889
21
0.4639682283464567
0
LINE
8
BLACK
6
CONTINUOUS
10
1.1710990944881889
20
0.4639682283464567
11
1.1729752755905511
21
0.463030157480315
0
LINE
8
BLACK
6
CONTINUOUS
10
1.1729752755905511
20
0.463030157480315
11
1.173207125984252
21
0.4627627952755906
0
LINE
8
BLACK
6
CONTINUOUS
10
1.173207125984252
20
0.4627627952755906
11
1.1735340551181102
21
0.4626274015748031
0
LINE
8
BLACK
6
CONTINUOUS
10
1.1735340551181102
20
0.4626274015748031
11
1.1744721653543306
21
0.4616892913385827
0
LINE
8
BLACK
6
CONTINUOUS
10
1.1744721653543306
20
0.4616892913385827
11
1.1746075590551182
21
0.4613623622047244
0
LINE
8
BLACK
6
CONTINUOUS
10
1.1746075590551182
20
0.4613623622047244
11
1.1748749212598424
21
0.4611305118110236
0
LINE
8
BLACK
6
CONTINUOUS
10
1.1748749212598424
20
0.4611305118110236
11
1.1758129921259843
21
0.4592543307086614
0
LINE
8
BLACK
6
CONTINUOUS
10
1.1758129921259843
20
0.4592543307086614
11
1.1758484251968504
21
0.4587551574803149
0
LINE
8
BLACK
6
CONTINUOUS
10
1.1758484251968504
20
0.4587551574803149
11
1.1760399606299212
21
0.4582928346456693
0
LINE
8
BLACK
6
CONTINUOUS
10
1.1760399606299212
20
0.4582928346456693
11
1.1760399606299212
21
0.4564166535433071
0
LINE
8
BLACK
6
CONTINUOUS
10
1.1760399606299212
20
0.4564166535433071
11
1.1758484251968504
21
0.4559542913385827
0
LINE
8
BLACK
6
CONTINUOUS
10
1.1758484251968504
20
0.4559542913385827
11
1.1758129921259843
21
0.4554551968503937
0
LINE
8
BLACK
6
CONTINUOUS
10
1.1758129921259843
20
0.4554551968503937
11
1.1748749212598424
21
0.453578937007874
0
LINE
8
BLACK
6
CONTINUOUS
10
1.1748749212598424
20
0.453578937007874
11
1.1746075196850394
21
0.4533470472440945
0
LINE
8
BLACK
6
CONTINUOUS
10
1.1746075196850394
20
0.4533470472440945
11
1.1744721259842519
21
0.4530201181102362
0
LINE
8
BLACK
6
CONTINUOUS
10
1.1744721259842519
20
0.4530201181102362
11
1.1735340157480314
21
0.4520820472440945
0
LINE
8
BLACK
6
CONTINUOUS
10
1.1735340157480314
20
0.4520820472440945
11
1.173207125984252
21
0.4519466535433071
0
LINE
8
BLACK
6
CONTINUOUS
10
1.173207125984252
20
0.4519466535433071
11
1.1729753149606299
21
0.4516793307086614
0
LINE
8
BLACK
6
CONTINUOUS
10
1.1729753149606299
20
0.4516793307086614
11
1.1710991338582677
21
0.4507412598425197
0
LINE
8
BLACK
6
CONTINUOUS
10
1.1710991338582677
20
0.4507412598425197
11
1.1708553937007873
21
0.4507238976377952
0
LINE
8
BLACK
6
CONTINUOUS
10
1.1708553937007873
20
0.4507238976377952
11
1.1706590157480314
21
0.4505784251968504
0
LINE
8
BLACK
6
CONTINUOUS
10
1.1706590157480314
20
0.4505784251968504
11
1.1669066141732283
21
0.4496403543307086
0
LINE
8
BLACK
6
CONTINUOUS
10
1.1669066141732283
20
0.4496403543307086
11
1.1666369685039371
21
0.4496804724409449
0
LINE
8
BLACK
6
CONTINUOUS
10
1.1666369685039371
20
0.4496804724409449
11
1.1663851968503938
21
0.4495761811023622
0
LINE
8
BLACK
6
CONTINUOUS
10
1.1663851968503938
20
0.4495761811023622
11
1.1616947244094489
21
0.4495761811023622
0
LINE
8
BLACK
6
CONTINUOUS
10
1.1616947244094489
20
0.4495761811023622
11
1.1614428740157481
21
0.4496804724409449
0
LINE
8
BLACK
6
CONTINUOUS
10
1.1614428740157481
20
0.4496804724409449
11
1.1611732677165354
21
0.4496403543307086
0
LINE
8
BLACK
6
CONTINUOUS
10
1.1611732677165354
20
0.4496403543307086
11
1.157420905511811
21
0.4505784251968504
0
LINE
8
BLACK
6
CONTINUOUS
10
1.157420905511811
20
0.4505784251968504
11
1.1572245275590551
21
0.4507238976377952
0
LINE
8
BLACK
6
CONTINUOUS
10
1.1572245275590551
20
0.4507238976377952
11
1.1569808661417322
21
0.4507412204724409
0
LINE
8
BLACK
6
CONTINUOUS
10
1.1569808661417322
20
0.4507412204724409
11
1.1551046456692913
21
0.4516793307086614
0
LINE
8
BLACK
6
CONTINUOUS
10
1.1551046456692913
20
0.4516793307086614
11
1.1548727559055119
21
0.4519466535433071
0
LINE
8
BLACK
6
CONTINUOUS
10
1.1548727559055119
20
0.4519466535433071
11
1.1545458661417323
21
0.4520820866141732
0
LINE
8
BLACK
6
CONTINUOUS
10
1.1545458661417323
20
0.4520820866141732
11
1.1536077952755905
21
0.4530201574803149
0
LINE
8
BLACK
6
CONTINUOUS
10
1.1536077952755905
20
0.4530201574803149
11
1.1534723622047245
21
0.4533470472440945
0
LINE
8
BLACK
6
CONTINUOUS
10
1.1534723622047245
20
0.4533470472440945
11
1.1532050393700788
21
0.453578937007874
0
LINE
8
BLACK
6
CONTINUOUS
10
1.1532050393700788
20
0.453578937007874
11
1.1522669291338583
21
0.455455157480315
0
LINE
8
BLACK
6
CONTINUOUS
10
1.1522669291338583
20
0.455455157480315
11
1.1522314566929133
21
0.4559542913385827
0
LINE
8
BLACK
6
CONTINUOUS
10
1.1522314566929133
20
0.4559542913385827
11
1.1520399606299212
21
0.4564166535433071
0
LINE
8
BLACK
6
CONTINUOUS
10
1.1520399606299212
20
0.4564166535433071
11
1.1520399606299212
21
0.4581144488188976
0
LINE
8
BLACK
6
CONTINUOUS
10
1.1520399606299212
20
0.4581144488188976
11
1.1514763779527559
21
0.4574428346456693
0
LINE
8
BLACK
6
CONTINUOUS
10
1.1514763779527559
20
0.4574428346456693
11
1.1494872440944881
21
0.4570920866141732
0
LINE
8
BLACK
6
CONTINUOUS
10
1.1494872440944881
20
0.4570920866141732
11
1.1477380708661418
21
0.4581020078740157
0
LINE
8
BLACK
6
CONTINUOUS
10
1.1477380708661418
20
0.4581020078740157
11
1.1470472440944881
21
0.46
0
LINE
8
BLACK
6
CONTINUOUS
10
1.1470472440944881
20
0.46
11
1.1470472440944881
21
0.5
0
LINE
8
BLACK
6
CONTINUOUS
10
1.1470472440944881
20
0.5
11
1.1471148425196851
21
0.5003835039370078
0
LINE
8
BLACK
6
CONTINUOUS
10
1.1471148425196851
20
0.5003835039370078
11
1.1470920866141732
21
0.5005127559055118
0
LINE
8
BLACK
6
CONTINUOUS
10
1.1470920866141732
20
0.5005127559055118
11
1.1471576771653542
21
0.5006263385826771
0
LINE
8
BLACK
6
CONTINUOUS
10
1.1471576771653542
20
0.5006263385826771
11
1.14722531496063
21
0.5010099212598426
0
LINE
8
BLACK
6
CONTINUOUS
10
1.14722531496063
20
0.5010099212598426
11
1.1477184251968504
21
0.5015975984251968
0
LINE
8
BLACK
6
CONTINUOUS
10
1.1477184251968504
20
0.5015975984251968
11
1.1481020078740156
21
0.5022619291338583
0
LINE
8
BLACK
6
CONTINUOUS
10
1.1481020078740156
20
0.5022619291338583
11
1.1483523228346457
21
0.502353031496063
0
LINE
8
BLACK
6
CONTINUOUS
10
1.1483523228346457
20
0.502353031496063
11
1.1485236220472441
21
0.5025571653543307
0
LINE
8
BLACK
6
CONTINUOUS
10
1.1485236220472441
20
0.5025571653543307
11
1.1492791732283465
21
0.5026903937007874
0
LINE
8
BLACK
6
CONTINUOUS
10
1.1492791732283465
20
0.5026903937007874
11
1.1499999999999999
21
0.5029527559055118
0
LINE
8
BLACK
6
CONTINUOUS
10
1.1499999999999999
20
0.5029527559055118
11
1.21
21
0.5029527559055118
0
LINE
8
BLACK
6
CONTINUOUS
10
1.21
20
0.5029527559055118
11
1.2103835039370079
21
0.5028851181102362
0
LINE
8
BLACK
6
CONTINUOUS
10
1.1586928346456693
20
0.4600166535433071
11
1.15733968503937
21
0.4593400787401575
0
LINE
8
BLACK
6
CONTINUOUS
10
1.15733968503937
20
0.4593400787401575
11
1.1568950393700788
21
0.4588954330708661
0
LINE
8
BLACK
6
CONTINUOUS
10
1.1568950393700788
20
0.4588954330708661
11
1.1563399606299212
21
0.4577852755905512
0
LINE
8
BLACK
6
CONTINUOUS
10
1.1563399606299212
20
0.4577852755905512
11
1.1563399606299212
21
0.4569242125984252
0
LINE
8
BLACK
6
CONTINUOUS
10
1.1563399606299212
20
0.4569242125984252
11
1.1568950787401575
21
0.4558139763779527
0
LINE
8
BLACK
6
CONTINUOUS
10
1.1568950787401575
20
0.4558139763779527
11
1.15733968503937
21
0.4553693700787401
0
LINE
8
BLACK
6
CONTINUOUS
10
1.15733968503937
20
0.4553693700787401
11
1.1586926771653543
21
0.4546928346456693
0
LINE
8
BLACK
6
CONTINUOUS
10
1.1586926771653543
20
0.4546928346456693
11
1.1619594488188976
21
0.4538761811023622
0
LINE
8
BLACK
6
CONTINUOUS
10
1.1619594488188976
20
0.4538761811023622
11
1.1661204724409449
21
0.4538761811023622
0
LINE
8
BLACK
6
CONTINUOUS
10
1.1661204724409449
20
0.4538761811023622
11
1.1693872834645669
21
0.454692874015748
0
LINE
8
BLACK
6
CONTINUOUS
10
1.1693872834645669
20
0.454692874015748
11
1.1707401968503937
21
0.4553693307086614
0
LINE
8
BLACK
6
CONTINUOUS
10
1.1707401968503937
20
0.4553693307086614
11
1.1711848425196849
21
0.4558139763779527
0
LINE
8
BLACK
6
CONTINUOUS
10
1.1711848425196849
20
0.4558139763779527
11
1.1717399606299213
21
0.4569241732283464
0
LINE
8
BLACK
6
CONTINUOUS
10
1.1717399606299213
20
0.4569241732283464
11
1.1717399606299213
21
0.4577852755905512
0
LINE
8
BLACK
6
CONTINUOUS
10
1.1717399606299213
20
0.4577852755905512
11
1.1711848425196849
21
0.4588954724409449
0
LINE
8
BLACK
6
CONTINUOUS
10
1.1711848425196849
20
0.4588954724409449
11
1.1707402362204724
21
0.4593400787401575
0
LINE
8
BLACK
6
CONTINUOUS
10
1.1707402362204724
20
0.4593400787401575
11
1.1693870866141731
21
0.4600166535433071
0
LINE
8
BLACK
6
CONTINUOUS
10
1.1693870866141731
20
0.4600166535433071
11
1.1661205905511811
21
0.4608333070866142
0
LINE
8
BLACK
6
CONTINUOUS
10
1.1661205905511811
20
0.4608333070866142
11
1.1619594881889763
21
0.4608333070866142
0
LINE
8
BLACK
6
CONTINUOUS
10
1.1619594881889763
20
0.4608333070866142
11
1.1586928346456693
21
0.4600166535433071
0
LINE
8
BLACK
6
CONTINUOUS
10
0.4763788582677165
20
0.5063788582677166
11
0.47695
21
0.505
0
LINE
8
BLACK
6
CONTINUOUS
10
0.47695
20
0.505
11
0.47695
21
0.465
0
LINE
8
BLACK
6
CONTINUOUS
10
0.47695
20
0.465
11
0.4763788582677165
21
0.4636211417322835
0
LINE
8
BLACK
6
CONTINUOUS
10
0.4763788582677165
20
0.4636211417322835
11
0.475
21
0.46305
0
LINE
8
BLACK
6
CONTINUOUS
10
0.475
20
0.46305
11
0.4212342125984252
21
0.46305
0
LINE
8
BLACK
6
CONTINUOUS
10
0.4212342125984252
20
0.46305
11
0.4212617322834646
21
0.4630154724409449
0
LINE
8
BLACK
6
CONTINUOUS
10
0.4212617322834646
20
0.4630154724409449
11
0.42195
21
0.46
0
LINE
8
BLACK
6
CONTINUOUS
10
0.42195
20
0.46
11
0.4212617322834646
21
0.4569845275590551
0
LINE
8
BLACK
6
CONTINUOUS
10
0.4212617322834646
20
0.4569845275590551
11
0.4193332677165354
21
0.4545662598425197
0
LINE
8
BLACK
6
CONTINUOUS
10
0.4193332677165354
20
0.4545662598425197
11
0.4165465354330709
21
0.4532242519685039
0
LINE
8
BLACK
6
CONTINUOUS
10
0.4165465354330709
20
0.4532242519685039
11
0.4134534645669291
21
0.4532242519685039
0
LINE
8
BLACK
6
CONTINUOUS
10
0.4134534645669291
20
0.4532242519685039
11
0.4106667322834646
21
0.4545662598425197
0
LINE
8
BLACK
6
CONTINUOUS
10
0.4106667322834646
20
0.4545662598425197
11
0.4087382677165354
21
0.4569845275590551
0
LINE
8
BLACK
6
CONTINUOUS
10
0.4087382677165354
20
0.4569845275590551
11
0.40805
21
0.46
0
LINE
8
BLACK
6
CONTINUOUS
10
0.40805
20
0.46
11
0.4087382677165354
21
0.4630154724409449
0
LINE
8
BLACK
6
CONTINUOUS
10
0.4087382677165354
20
0.4630154724409449
11
0.4106667322834646
21
0.4654337401574803
0
LINE
8
BLACK
6
CONTINUOUS
10
0.4106667322834646
20
0.4654337401574803
11
0.41305
21
0.4665814173228346
0
LINE
8
BLACK
6
CONTINUOUS
10
0.41305
20
0.4665814173228346
11
0.41305
21
0.505
0
LINE
8
BLACK
6
CONTINUOUS
10
0.41305
20
0.505
11
0.4136211417322835
21
0.5063788582677166
0
LINE
8
BLACK
6
CONTINUOUS
10
0.4136211417322835
20
0.5063788582677166
11
0.415
21
0.50695
0
LINE
8
BLACK
6
CONTINUOUS
10
0.415
20
0.50695
11
0.4163788582677165
21
0.5063788582677166
0
LINE
8
BLACK
6
CONTINUOUS
10
0.4163788582677165
20
0.5063788582677166
11
0.41695
21
0.505
0
LINE
8
BLACK
6
CONTINUOUS
10
0.41695
20
0.505
11
0.41695
21
0.46695
0
LINE
8
BLACK
6
CONTINUOUS
10
0.41695
20
0.46695
11
0.47305
21
0.46695
0
LINE
8
BLACK
6
CONTINUOUS
10
0.47305
20
0.46695
11
0.47305
21
0.505
0
LINE
8
BLACK
6
CONTINUOUS
10
0.47305
20
0.505
11
0.4736211417322835
21
0.5063788582677166
0
LINE
8
BLACK
6
CONTINUOUS
10
0.4736211417322835
20
0.5063788582677166
11
0.475
21
0.50695
0
LINE
8
BLACK
6
CONTINUOUS
10
0.475
20
0.50695
11
0.4763788582677165
21
0.5063788582677166
0
LINE
8
BLACK
6
CONTINUOUS
10
0.4124055118110236
20
0.458115
11
0.4140089763779528
21
0.45695
0
LINE
8
BLACK
6
CONTINUOUS
10
0.4140089763779528
20
0.45695
11
0.4159910236220473
21
0.45695
0
LINE
8
BLACK
6
CONTINUOUS
10
0.4159910236220473
20
0.45695
11
0.4175944881889764
21
0.458115
0
LINE
8
BLACK
6
CONTINUOUS
10
0.4175944881889764
20
0.458115
11
0.418206968503937
21
0.46
0
LINE
8
BLACK
6
CONTINUOUS
10
0.418206968503937
20
0.46
11
0.4175944881889764
21
0.461885
0
LINE
8
BLACK
6
CONTINUOUS
10
0.4175944881889764
20
0.461885
11
0.4159910236220473
21
0.46305
0
LINE
8
BLACK
6
CONTINUOUS
10
0.4159910236220473
20
0.46305
11
0.4140089763779528
21
0.46305
0
LINE
8
BLACK
6
CONTINUOUS
10
0.4140089763779528
20
0.46305
11
0.4124055118110236
21
0.461885
0
LINE
8
BLACK
6
CONTINUOUS
10
0.4124055118110236
20
0.461885
11
0.411793031496063
21
0.46
0
LINE
8
BLACK
6
CONTINUOUS
10
0.411793031496063
20
0.46
11
0.4124055118110236
21
0.458115
0
LINE
8
BLACK
6
CONTINUOUS
10
0.5713788582677165
20
0.5063788582677166
11
0.57195
21
0.505
0
LINE
8
BLACK
6
CONTINUOUS
10
0.57195
20
0.505
11
0.57195
21
0.465
0
LINE
8
BLACK
6
CONTINUOUS
10
0.57195
20
0.465
11
0.5713788582677165
21
0.4636211417322835
0
LINE
8
BLACK
6
CONTINUOUS
10
0.5713788582677165
20
0.4636211417322835
11
0.57
21
0.46305
0
LINE
8
BLACK
6
CONTINUOUS
10
0.57
20
0.46305
11
0.5162342125984252
21
0.46305
0
LINE
8
BLACK
6
CONTINUOUS
10
0.5162342125984252
20
0.46305
11
0.5162617322834645
21
0.4630154724409449
0
LINE
8
BLACK
6
CONTINUOUS
10
0.5162617322834645
20
0.4630154724409449
11
0.51695
21
0.46
0
LINE
8
BLACK
6
CONTINUOUS
10
0.51695
20
0.46
11
0.5162617322834645
21
0.4569845275590551
0
LINE
8
BLACK
6
CONTINUOUS
10
0.5162617322834645
20
0.4569845275590551
11
0.5143332677165354
21
0.4545662598425197
0
LINE
8
BLACK
6
CONTINUOUS
10
0.5143332677165354
20
0.4545662598425197
11
0.5115465354330708
21
0.4532242519685039
0
LINE
8
BLACK
6
CONTINUOUS
10
0.5115465354330708
20
0.4532242519685039
11
0.5084534645669291
21
0.4532242519685039
0
LINE
8
BLACK
6
CONTINUOUS
10
0.5084534645669291
20
0.4532242519685039
11
0.5056667322834646
21
0.4545662598425197
0
LINE
8
BLACK
6
CONTINUOUS
10
0.5056667322834646
20
0.4545662598425197
11
0.5037382677165354
21
0.4569845275590551
0
LINE
8
BLACK
6
CONTINUOUS
10
0.5037382677165354
20
0.4569845275590551
11
0.50305
21
0.46
0
LINE
8
BLACK
6
CONTINUOUS
10
0.50305
20
0.46
11
0.5037382677165354
21
0.4630154724409449
0
LINE
8
BLACK
6
CONTINUOUS
10
0.5037382677165354
20
0.4630154724409449
11
0.5056667322834646
21
0.4654337401574803
0
LINE
8
BLACK
6
CONTINUOUS
10
0.5056667322834646
20
0.4654337401574803
11
0.50805
21
0.4665814173228346
0
LINE
8
BLACK
6
CONTINUOUS
10
0.50805
20
0.4665814173228346
11
0.50805
21
0.505
0
LINE
8
BLACK
6
CONTINUOUS
10
0.50805
20
0.505
11
0.5086211417322835
21
0.5063788582677166
0
LINE
8
BLACK
6
CONTINUOUS
10
0.5086211417322835
20
0.5063788582677166
11
0.51
21
0.50695
0
LINE
8
BLACK
6
CONTINUOUS
10
0.51
20
0.50695
11
0.5113788582677166
21
0.5063788582677166
0
LINE
8
BLACK
6
CONTINUOUS
10
0.5113788582677166
20
0.5063788582677166
11
0.51195
21
0.505
0
LINE
8
BLACK
6
CONTINUOUS
10
0.51195
20
0.505
11
0.51195
21
0.46695
0
LINE
8
BLACK
6
CONTINUOUS
10
0.51195
20
0.46695
11
0.5680499999999999
21
0.46695
0
LINE
8
BLACK
6
CONTINUOUS
10
0.5680499999999999
20
0.46695
11
0.5680499999999999
21
0.505
0
LINE
8
BLACK
6
CONTINUOUS
10
0.5680499999999999
20
0.505
11
0.5686211417322834
21
0.5063788582677166
0
LINE
8
BLACK
6
CONTINUOUS
10
0.5686211417322834
20
0.5063788582677166
11
0.57
21
0.50695
0
LINE
8
BLACK
6
CONTINUOUS
10
0.57
20
0.50695
11
0.5713788582677165
21
0.5063788582677166
0
LINE
8
BLACK
6
CONTINUOUS
10
0.5074055118110236
20
0.458115
11
0.5090089763779527
21
0.45695
0
LINE
8
BLACK
6
CONTINUOUS
10
0.5090089763779527
20
0.45695
11
0.5109910236220472
21
0.45695
0
LINE
8
BLACK
6
CONTINUOUS
10
0.5109910236220472
20
0.45695
11
0.5125944881889763
21
0.458115
0
LINE
8
BLACK
6
CONTINUOUS
10
0.5125944881889763
20
0.458115
11
0.513206968503937
21
0.46
0
LINE
8
BLACK
6
CONTINUOUS
10
0.513206968503937
20
0.46
11
0.5125944881889763
21
0.461885
0
LINE
8
BLACK
6
CONTINUOUS
10
0.5125944881889763
20
0.461885
11
0.5109910236220472
21
0.46305
0
LINE
8
BLACK
6
CONTINUOUS
10
0.5109910236220472
20
0.46305
11
0.5090089763779527
21
0.46305
0
LINE
8
BLACK
6
CONTINUOUS
10
0.5090089763779527
20
0.46305
11
0.5074055118110236
21
0.461885
0
LINE
8
BLACK
6
CONTINUOUS
10
0.5074055118110236
20
0.461885
11
0.506793031496063
21
0.46
0
LINE
8
BLACK
6
CONTINUOUS
10
0.506793031496063
20
0.46
11
0.5074055118110236
21
0.458115
0
LINE
8
BLACK
6
CONTINUOUS
10
1.1003835039370078
20
0.5028851181102362
11
1.1005127559055119
21
0.5029079133858267
0
LINE
8
BLACK
6
CONTINUOUS
10
1.1005127559055119
20
0.5029079133858267
11
1.1006263385826771
21
0.5028422834645669
0
LINE
8
BLACK
6
CONTINUOUS
10
1.1006263385826771
20
0.5028422834645669
11
1.1010099212598425
21
0.5027746850393701
0
LINE
8
BLACK
6
CONTINUOUS
10
1.1010099212598425
20
0.5027746850393701
11
1.1015975984251969
21
0.5022815354330709
0
LINE
8
BLACK
6
CONTINUOUS
10
1.1015975984251969
20
0.5022815354330709
11
1.1022619291338582
21
0.5018979921259843
0
LINE
8
BLACK
6
CONTINUOUS
10
1.1022619291338582
20
0.5018979921259843
11
1.102353031496063
21
0.5016476377952755
0
LINE
8
BLACK
6
CONTINUOUS
10
1.102353031496063
20
0.5016476377952755
11
1.1025571653543307
21
0.5014763779527559
0
LINE
8
BLACK
6
CONTINUOUS
10
1.1025571653543307
20
0.5014763779527559
11
1.1026903937007875
21
0.5007207874015748
0
LINE
8
BLACK
6
CONTINUOUS
10
1.1026903937007875
20
0.5007207874015748
11
1.1029527559055119
21
0.5
0
LINE
8
BLACK
6
CONTINUOUS
10
1.1029527559055119
20
0.5
11
1.1029527559055119
21
0.46
0
LINE
8
BLACK
6
CONTINUOUS
10
1.1029527559055119
20
0.46
11
1.10277468503937
21
0.4589900787401575
0
LINE
8
BLACK
6
CONTINUOUS
10
1.10277468503937
20
0.4589900787401575
11
1.1014763779527559
21
0.4574428346456693
0
LINE
8
BLACK
6
CONTINUOUS
10
1.1014763779527559
20
0.4574428346456693
11
1.0994872440944881
21
0.4570920866141732
0
LINE
8
BLACK
6
CONTINUOUS
10
1.0994872440944881
20
0.4570920866141732
11
1.0977380708661417
21
0.4581020078740157
0
LINE
8
BLACK
6
CONTINUOUS
10
1.0977380708661417
20
0.4581020078740157
11
1.0970472440944881
21
0.46
0
LINE
8
BLACK
6
CONTINUOUS
10
1.0970472440944881
20
0.46
11
1.0970472440944881
21
0.4970472440944882
0
LINE
8
BLACK
6
CONTINUOUS
10
1.0970472440944881
20
0.4970472440944882
11
1.0429527559055118
21
0.4970472440944882
0
LINE
8
BLACK
6
CONTINUOUS
10
1.0429527559055118
20
0.4970472440944882
11
1.0429527559055118
21
0.4684579527559055
0
LINE
8
BLACK
6
CONTINUOUS
10
1.0429527559055118
20
0.4684579527559055
11
1.0429973622047244
21
0.4685245669291339
0
LINE
8
BLACK
6
CONTINUOUS
10
1.0429973622047244
20
0.4685245669291339
11
1.0456345275590551
21
0.4702827165354331
0
LINE
8
BLACK
6
CONTINUOUS
10
1.0456345275590551
20
0.4702827165354331
11
1.0471134251968504
21
0.4717616141732283
0
LINE
8
BLACK
6
CONTINUOUS
10
1.0471134251968504
20
0.4717616141732283
11
1.0478955118110236
21
0.4733257874015748
0
LINE
8
BLACK
6
CONTINUOUS
10
1.0478955118110236
20
0.4733257874015748
11
1.0491386614173228
21
0.4744038976377953
0
LINE
8
BLACK
6
CONTINUOUS
10
1.0491386614173228
20
0.4744038976377953
11
1.0507800787401576
21
0.4742872440944882
0
LINE
8
BLACK
6
CONTINUOUS
10
1.0507800787401576
20
0.4742872440944882
11
1.0518582283464566
21
0.4730441338582677
0
LINE
8
BLACK
6
CONTINUOUS
10
1.0518582283464566
20
0.4730441338582677
11
1.0517415354330708
21
0.4714027165354331
0
LINE
8
BLACK
6
CONTINUOUS
10
1.0517415354330708
20
0.4714027165354331
11
1.0508034251968503
21
0.4695265354330709
0
LINE
8
BLACK
6
CONTINUOUS
10
1.0508034251968503
20
0.4695265354330709
11
1.0505361023622046
21
0.4692946850393701
0
LINE
8
BLACK
6
CONTINUOUS
10
1.0505361023622046
20
0.4692946850393701
11
1.0504007086614173
21
0.4689677952755905
0
LINE
8
BLACK
6
CONTINUOUS
10
1.0504007086614173
20
0.4689677952755905
11
1.0503185826771653
21
0.4688856692913386
0
LINE
8
BLACK
6
CONTINUOUS
10
1.0503185826771653
20
0.4688856692913386
11
1.0617399606299212
21
0.4688856692913386
0
LINE
8
BLACK
6
CONTINUOUS
10
1.0617399606299212
20
0.4688856692913386
11
1.0617399606299212
21
0.4723642519685039
0
LINE
8
BLACK
6
CONTINUOUS
10
1.0617399606299212
20
0.4723642519685039
11
1.06236968503937
21
0.4738845275590551
0
LINE
8
BLACK
6
CONTINUOUS
10
1.06236968503937
20
0.4738845275590551
11
1.0638899606299212
21
0.4745142519685039
0
LINE
8
BLACK
6
CONTINUOUS
10
1.0638899606299212
20
0.4745142519685039
11
1.0654102362204725
21
0.4738845275590551
0
LINE
8
BLACK
6
CONTINUOUS
10
1.0654102362204725
20
0.4738845275590551
11
1.0660399606299213
21
0.4723642519685039
0
LINE
8
BLACK
6
CONTINUOUS
10
1.0660399606299213
20
0.4723642519685039
11
1.0660399606299213
21
0.461107125984252
0
LINE
8
BLACK
6
CONTINUOUS
10
1.0660399606299213
20
0.461107125984252
11
1.0654102362204725
21
0.4595868503937008
0
LINE
8
BLACK
6
CONTINUOUS
10
1.0654102362204725
20
0.4595868503937008
11
1.0638899606299212
21
0.458957125984252
0
LINE
8
BLACK
6
CONTINUOUS
10
1.0638899606299212
20
0.458957125984252
11
1.06236968503937
21
0.4595868503937008
0
LINE
8
BLACK
6
CONTINUOUS
10
1.06236968503937
20
0.4595868503937008
11
1.0617399606299212
21
0.461107125984252
0
LINE
8
BLACK
6
CONTINUOUS
10
1.0617399606299212
20
0.461107125984252
11
1.0617399606299212
21
0.4645856692913386
0
LINE
8
BLACK
6
CONTINUOUS
10
1.0617399606299212
20
0.4645856692913386
11
1.0441899606299212
21
0.4645856692913386
0
LINE
8
BLACK
6
CONTINUOUS
10
1.0441899606299212
20
0.4645856692913386
11
1.0439853937007875
21
0.4646703543307086
0
LINE
8
BLACK
6
CONTINUOUS
10
1.0439853937007875
20
0.4646703543307086
11
1.0437683070866142
21
0.4646274409448819
0
LINE
8
BLACK
6
CONTINUOUS
10
1.0437683070866142
20
0.4646274409448819
11
1.0432481496062991
21
0.4649757480314961
0
LINE
8
BLACK
6
CONTINUOUS
10
1.0432481496062991
20
0.4649757480314961
11
1.0429527559055118
21
0.4650981102362204
0
LINE
8
BLACK
6
CONTINUOUS
10
1.0429527559055118
20
0.4650981102362204
11
1.0429527559055118
21
0.46
0
LINE
8
BLACK
6
CONTINUOUS
10
1.0429527559055118
20
0.46
11
1.04277468503937
21
0.4589900787401575
0
LINE
8
BLACK
6
CONTINUOUS
10
1.04277468503937
20
0.4589900787401575
11
1.0414763779527558
21
0.4574428346456693
0
LINE
8
BLACK
6
CONTINUOUS
10
1.0414763779527558
20
0.4574428346456693
11
1.0394872440944882
21
0.4570920866141732
0
LINE
8
BLACK
6
CONTINUOUS
10
1.0394872440944882
20
0.4570920866141732
11
1.0377380708661417
21
0.4581020078740157
0
LINE
8
BLACK
6
CONTINUOUS
10
1.0377380708661417
20
0.4581020078740157
11
1.0370472440944882
21
0.46
0
LINE
8
BLACK
6
CONTINUOUS
10
1.0370472440944882
20
0.46
11
1.0370472440944882
21
0.5
0
LINE
8
BLACK
6
CONTINUOUS
10
1.0370472440944882
20
0.5
11
1.037114842519685
21
0.5003835039370078
0
LINE
8
BLACK
6
CONTINUOUS
10
1.037114842519685
20
0.5003835039370078
11
1.0370920866141733
21
0.5005127559055118
0
LINE
8
BLACK
6
CONTINUOUS
10
1.0370920866141733
20
0.5005127559055118
11
1.0371576771653543
21
0.5006263385826771
0
LINE
8
BLACK
6
CONTINUOUS
10
1.0371576771653543
20
0.5006263385826771
11
1.0372253149606299
21
0.5010099212598426
0
LINE
8
BLACK
6
CONTINUOUS
10
1.0372253149606299
20
0.5010099212598426
11
1.0377184251968503
21
0.5015975984251968
0
LINE
8
BLACK
6
CONTINUOUS
10
1.0377184251968503
20
0.5015975984251968
11
1.0381020078740157
21
0.5022619291338583
0
LINE
8
BLACK
6
CONTINUOUS
10
1.0381020078740157
20
0.5022619291338583
11
1.0383523228346456
21
0.502353031496063
0
LINE
8
BLACK
6
CONTINUOUS
10
1.0383523228346456
20
0.502353031496063
11
1.038523622047244
21
0.5025571653543307
0
LINE
8
BLACK
6
CONTINUOUS
10
1.038523622047244
20
0.5025571653543307
11
1.0392791732283464
21
0.5026903937007874
0
LINE
8
BLACK
6
CONTINUOUS
10
1.0392791732283464
20
0.5026903937007874
11
1.04
21
0.5029527559055118
0
LINE
8
BLACK
6
CONTINUOUS
10
1.04
20
0.5029527559055118
11
1.0999999999999999
21
0.5029527559055118
0
LINE
8
BLACK
6
CONTINUOUS
10
1.0999999999999999
20
0.5029527559055118
11
1.1003835039370078
21
0.5028851181102362
0
LINE
8
BLACK
6
CONTINUOUS
10
0.4404102362204724
20
0.5110416929133859
11
0.4410399606299212
21
0.5095214173228346
0
LINE
8
BLACK
6
CONTINUOUS
10
0.4410399606299212
20
0.5095214173228346
11
0.4404102362204724
21
0.5080011417322835
0
LINE
8
BLACK
6
CONTINUOUS
10
0.4404102362204724
20
0.5080011417322835
11
0.4388899606299212
21
0.5073714173228346
0
LINE
8
BLACK
6
CONTINUOUS
10
0.4388899606299212
20
0.5073714173228346
11
0.4353336220472441
21
0.5073714173228346
0
LINE
8
BLACK
6
CONTINUOUS
10
0.4353336220472441
20
0.5073714173228346
11
0.4401799606299213
21
0.5037366535433071
0
LINE
8
BLACK
6
CONTINUOUS
10
0.4401799606299213
20
0.5037366535433071
11
0.4410183464566929
21
0.5023207086614173
0
LINE
8
BLACK
6
CONTINUOUS
10
0.4410183464566929
20
0.5023207086614173
11
0.4406099606299212
21
0.500726653543307
0
LINE
8
BLACK
6
CONTINUOUS
10
0.4406099606299212
20
0.500726653543307
11
0.4391940157480315
21
0.4998882677165354
0
LINE
8
BLACK
6
CONTINUOUS
10
0.4391940157480315
20
0.4998882677165354
11
0.4375999606299212
21
0.5002966535433071
0
LINE
8
BLACK
6
CONTINUOUS
10
0.4375999606299212
20
0.5002966535433071
11
0.4315869291338583
21
0.5048064173228346
0
LINE
8
BLACK
6
CONTINUOUS
10
0.4315869291338583
20
0.5048064173228346
11
0.4272768897637795
21
0.5004963779527559
0
LINE
8
BLACK
6
CONTINUOUS
10
0.4272768897637795
20
0.5004963779527559
11
0.4257566141732284
21
0.4998666535433071
0
LINE
8
BLACK
6
CONTINUOUS
10
0.4257566141732284
20
0.4998666535433071
11
0.4242363385826772
21
0.5004963779527559
0
LINE
8
BLACK
6
CONTINUOUS
10
0.4242363385826772
20
0.5004963779527559
11
0.4236066141732283
21
0.502016653543307
0
LINE
8
BLACK
6
CONTINUOUS
10
0.4236066141732283
20
0.502016653543307
11
0.4242363385826772
21
0.5035369291338583
0
LINE
8
BLACK
6
CONTINUOUS
10
0.4242363385826772
20
0.5035369291338583
11
0.4280708267716535
21
0.5073714173228346
0
LINE
8
BLACK
6
CONTINUOUS
10
0.4280708267716535
20
0.5073714173228346
11
0.4191899606299213
21
0.5073714173228346
0
LINE
8
BLACK
6
CONTINUOUS
10
0.4191899606299213
20
0.5073714173228346
11
0.4176696850393701
21
0.5080011417322835
0
LINE
8
BLACK
6
CONTINUOUS
10
0.4176696850393701
20
0.5080011417322835
11
0.4170399606299213
21
0.5095214173228346
0
LINE
8
BLACK
6
CONTINUOUS
10
0.4170399606299213
20
0.5095214173228346
11
0.4176696850393701
21
0.5110416929133859
0
LINE
8
BLACK
6
CONTINUOUS
10
0.4176696850393701
20
0.5110416929133859
11
0.4191899606299213
21
0.5116714173228346
0
LINE
8
BLACK
6
CONTINUOUS
10
0.4191899606299213
20
0.5116714173228346
11
0.4388899606299212
21
0.5116714173228346
0
LINE
8
BLACK
6
CONTINUOUS
10
0.4388899606299212
20
0.5116714173228346
11
0.4404102362204724
21
0.5110416929133859
0
LINE
8
BLACK
6
CONTINUOUS
10
0.5354102362204725
20
0.5110416929133859
11
0.5360399606299212
21
0.5095214173228346
0
LINE
8
BLACK
6
CONTINUOUS
10
0.5360399606299212
20
0.5095214173228346
11
0.5354102362204725
21
0.5080011417322835
0
LINE
8
BLACK
6
CONTINUOUS
10
0.5354102362204725
20
0.5080011417322835
11
0.5338899606299212
21
0.5073714173228346
0
LINE
8
BLACK
6
CONTINUOUS
10
0.5338899606299212
20
0.5073714173228346
11
0.5303336220472441
21
0.5073714173228346
0
LINE
8
BLACK
6
CONTINUOUS
10
0.5303336220472441
20
0.5073714173228346
11
0.5351799606299212
21
0.5037366535433071
0
LINE
8
BLACK
6
CONTINUOUS
10
0.5351799606299212
20
0.5037366535433071
11
0.5360183464566929
21
0.5023207086614173
0
LINE
8
BLACK
6
CONTINUOUS
10
0.5360183464566929
20
0.5023207086614173
11
0.5356099606299213
21
0.500726653543307
0
LINE
8
BLACK
6
CONTINUOUS
10
0.5356099606299213
20
0.500726653543307
11
0.5341940157480315
21
0.4998882677165354
0
LINE
8
BLACK
6
CONTINUOUS
10
0.5341940157480315
20
0.4998882677165354
11
0.5325999606299212
21
0.5002966535433071
0
LINE
8
BLACK
6
CONTINUOUS
10
0.5325999606299212
20
0.5002966535433071
11
0.5265869291338583
21
0.5048064173228346
0
LINE
8
BLACK
6
CONTINUOUS
10
0.5265869291338583
20
0.5048064173228346
11
0.5222768897637795
21
0.5004963779527559
0
LINE
8
BLACK
6
CONTINUOUS
10
0.5222768897637795
20
0.5004963779527559
11
0.5207566141732284
21
0.4998666535433071
0
LINE
8
BLACK
6
CONTINUOUS
10
0.5207566141732284
20
0.4998666535433071
11
0.5192363385826771
21
0.5004963779527559
0
LINE
8
BLACK
6
CONTINUOUS
10
0.5192363385826771
20
0.5004963779527559
11
0.5186066141732283
21
0.502016653543307
0
LINE
8
BLACK
6
CONTINUOUS
10
0.5186066141732283
20
0.502016653543307
11
0.5192363385826771
21
0.5035369291338583
0
LINE
8
BLACK
6
CONTINUOUS
10
0.5192363385826771
20
0.5035369291338583
11
0.5230708267716535
21
0.5073714173228346
0
LINE
8
BLACK
6
CONTINUOUS
10
0.5230708267716535
20
0.5073714173228346
11
0.5141899606299213
21
0.5073714173228346
0
LINE
8
BLACK
6
CONTINUOUS
10
0.5141899606299213
20
0.5073714173228346
11
0.51266968503937
21
0.5080011417322835
0
LINE
8
BLACK
6
CONTINUOUS
10
0.51266968503937
20
0.5080011417322835
11
0.5120399606299213
21
0.5095214173228346
0
LINE
8
BLACK
6
CONTINUOUS
10
0.5120399606299213
20
0.5095214173228346
11
0.51266968503937
21
0.5110416929133859
0
LINE
8
BLACK
6
CONTINUOUS
10
0.51266968503937
20
0.5110416929133859
11
0.5141899606299213
21
0.5116714173228346
0
LINE
8
BLACK
6
CONTINUOUS
10
0.5141899606299213
20
0.5116714173228346
11
0.5338899606299212
21
0.5116714173228346
0
LINE
8
BLACK
6
CONTINUOUS
10
0.5338899606299212
20
0.5116714173228346
11
0.5354102362204725
21
0.5110416929133859
0
LINE
8
BLACK
6
CONTINUOUS
10
0.5552857086614174
20
0.522736968503937
11
0.5557848031496063
21
0.5227015354330709
0
LINE
8
BLACK
6
CONTINUOUS
10
0.5557848031496063
20
0.5227015354330709
11
0.5560166141732283
21
0.5224342519685039
0
LINE
8
BLACK
6
CONTINUOUS
10
0.5560166141732283
20
0.5224342519685039
11
0.5563435826771653
21
0.5222988188976377
0
LINE
8
BLACK
6
CONTINUOUS
10
0.5563435826771653
20
0.5222988188976377
11
0.5565350787401575
21
0.5218364173228346
0
LINE
8
BLACK
6
CONTINUOUS
10
0.5565350787401575
20
0.5218364173228346
11
0.5568629527559055
21
0.5214584251968504
0
LINE
8
BLACK
6
CONTINUOUS
10
0.5568629527559055
20
0.5214584251968504
11
0.5568378346456693
21
0.5211055118110236
0
LINE
8
BLACK
6
CONTINUOUS
10
0.5568378346456693
20
0.5211055118110236
11
0.5569733070866142
21
0.5207785433070866
0
LINE
8
BLACK
6
CONTINUOUS
10
0.5569733070866142
20
0.5207785433070866
11
0.5569733070866142
21
0.5135475984251968
0
LINE
8
BLACK
6
CONTINUOUS
10
0.5569733070866142
20
0.5135475984251968
11
0.5613899606299212
21
0.5135475984251968
0
LINE
8
BLACK
6
CONTINUOUS
10
0.5613899606299212
20
0.5135475984251968
11
0.5629102362204724
21
0.5129178740157481
0
LINE
8
BLACK
6
CONTINUOUS
10
0.5629102362204724
20
0.5129178740157481
11
0.5635399606299213
21
0.5113975984251968
0
LINE
8
BLACK
6
CONTINUOUS
10
0.5635399606299213
20
0.5113975984251968
11
0.5629102362204724
21
0.5098773228346457
0
LINE
8
BLACK
6
CONTINUOUS
10
0.5629102362204724
20
0.5098773228346457
11
0.5613899606299212
21
0.5092475984251968
0
LINE
8
BLACK
6
CONTINUOUS
10
0.5613899606299212
20
0.5092475984251968
11
0.5569733070866142
21
0.5092475984251968
0
LINE
8
BLACK
6
CONTINUOUS
10
0.5569733070866142
20
0.5092475984251968
11
0.5569733070866142
21
0.5085833070866141
0
LINE
8
BLACK
6
CONTINUOUS
10
0.5569733070866142
20
0.5085833070866141
11
0.5563435826771653
21
0.507063031496063
0
LINE
8
BLACK
6
CONTINUOUS
10
0.5563435826771653
20
0.507063031496063
11
0.5548233070866142
21
0.5064333070866142
0
LINE
8
BLACK
6
CONTINUOUS
10
0.5548233070866142
20
0.5064333070866142
11
0.553303031496063
21
0.507063031496063
0
LINE
8
BLACK
6
CONTINUOUS
10
0.553303031496063
20
0.507063031496063
11
0.5526733070866141
21
0.5085833070866141
0
LINE
8
BLACK
6
CONTINUOUS
10
0.5526733070866141
20
0.5085833070866141
11
0.5526733070866141
21
0.5092475984251968
0
LINE
8
BLACK
6
CONTINUOUS
10
0.5526733070866141
20
0.5092475984251968
11
0.5482566141732284
21
0.5092475984251968
0
LINE
8
BLACK
6
CONTINUOUS
10
0.5482566141732284
20
0.5092475984251968
11
0.5467363385826771
21
0.5098773228346457
0
LINE
8
BLACK
6
CONTINUOUS
10
0.5467363385826771
20
0.5098773228346457
11
0.5461066141732284
21
0.5113975984251968
0
LINE
8
BLACK
6
CONTINUOUS
10
0.5461066141732284
20
0.5113975984251968
11
0.5467363385826771
21
0.5129178740157481
0
LINE
8
BLACK
6
CONTINUOUS
10
0.5467363385826771
20
0.5129178740157481
11
0.5482566141732284
21
0.5135475984251968
0
LINE
8
BLACK
6
CONTINUOUS
10
0.5482566141732284
20
0.5135475984251968
11
0.5526733070866141
21
0.5135475984251968
0
LINE
8
BLACK
6
CONTINUOUS
10
0.5526733070866141
20
0.5135475984251968
11
0.5526733070866141
21
0.5177955511811023
0
LINE
8
BLACK
6
CONTINUOUS
10
0.5526733070866141
20
0.5177955511811023
11
0.5414317716535433
21
0.5140483858267716
0
LINE
8
BLACK
6
CONTINUOUS
10
0.5414317716535433
20
0.5140483858267716
11
0.5397903937007874
21
0.5141650393700787
0
LINE
8
BLACK
6
CONTINUOUS
10
0.5397903937007874
20
0.5141650393700787
11
0.5387122047244094
21
0.515408188976378
0
LINE
8
BLACK
6
CONTINUOUS
10
0.5387122047244094
20
0.515408188976378
11
0.5388288582677165
21
0.5170495669291338
0
LINE
8
BLACK
6
CONTINUOUS
10
0.5388288582677165
20
0.5170495669291338
11
0.5400720078740158
21
0.5181277559055117
0
LINE
8
BLACK
6
CONTINUOUS
10
0.5400720078740158
20
0.5181277559055117
11
0.5541433858267717
21
0.522818188976378
0
LINE
8
BLACK
6
CONTINUOUS
10
0.5541433858267717
20
0.522818188976378
11
0.5544962992125985
21
0.5227930708661417
0
LINE
8
BLACK
6
CONTINUOUS
10
0.5544962992125985
20
0.5227930708661417
11
0.5548233070866142
21
0.5229285433070866
0
LINE
8
BLACK
6
CONTINUOUS
10
0.5548233070866142
20
0.5229285433070866
11
0.5552857086614174
21
0.522736968503937
0
LINE
8
BLACK
6
CONTINUOUS
10
1.1613195275590551
20
0.5785132283464567
11
1.1626592913385827
21
0.5782453149606299
0
LINE
8
BLACK
6
CONTINUOUS
10
1.1626592913385827
20
0.5782453149606299
11
1.1628083070866142
21
0.5781143307086614
0
LINE
8
BLACK
6
CONTINUOUS
10
1.1628083070866142
20
0.5781143307086614
11
1.1629999606299213
21
0.5780629921259842
0
LINE
8
BLACK
6
CONTINUOUS
10
1.1629999606299213
20
0.5780629921259842
11
1.1639661023622048
21
0.577096811023622
0
LINE
8
BLACK
6
CONTINUOUS
10
1.1639661023622048
20
0.577096811023622
11
1.1649922440944882
21
0.5761950393700788
0
LINE
8
BLACK
6
CONTINUOUS
10
1.1649922440944882
20
0.5761950393700788
11
1.1703768897637794
21
0.568118031496063
0
LINE
8
BLACK
6
CONTINUOUS
10
1.1703768897637794
20
0.568118031496063
11
1.1749826377952755
21
0.5635122834645669
0
LINE
8
BLACK
6
CONTINUOUS
10
1.1749826377952755
20
0.5635122834645669
11
1.1798261023622048
21
0.561090590551181
0
LINE
8
BLACK
6
CONTINUOUS
10
1.1798261023622048
20
0.561090590551181
11
1.1821499212598425
21
0.5590299606299213
0
LINE
8
BLACK
6
CONTINUOUS
10
1.1821499212598425
20
0.5590299606299213
11
1.1831320472440945
21
0.5560835039370079
0
LINE
8
BLACK
6
CONTINUOUS
10
1.1831320472440945
20
0.5560835039370079
11
1.1825094094488189
21
0.5530407480314961
0
LINE
8
BLACK
6
CONTINUOUS
10
1.1825094094488189
20
0.5530407480314961
11
1.1804487795275591
21
0.550716968503937
0
LINE
8
BLACK
6
CONTINUOUS
10
1.1804487795275591
20
0.550716968503937
11
1.1775023622047245
21
0.5497348031496063
0
LINE
8
BLACK
6
CONTINUOUS
10
1.1775023622047245
20
0.5497348031496063
11
1.1744595669291338
21
0.5503574409448819
0
LINE
8
BLACK
6
CONTINUOUS
10
1.1744595669291338
20
0.5503574409448819
11
1.1687452755905512
21
0.5532145669291338
0
LINE
8
BLACK
6
CONTINUOUS
10
1.1687452755905512
20
0.5532145669291338
11
1.1680224803149606
21
0.5538554724409449
0
LINE
8
BLACK
6
CONTINUOUS
10
1.1680224803149606
20
0.5538554724409449
11
1.167185905511811
21
0.5543385039370079
0
LINE
8
BLACK
6
CONTINUOUS
10
1.167185905511811
20
0.5543385039370079
11
1.1659999606299212
21
0.5555244488188976
0
LINE
8
BLACK
6
CONTINUOUS
10
1.1659999606299212
20
0.5555244488188976
11
1.1659999606299212
21
0.5188668503937007
0
LINE
8
BLACK
6
CONTINUOUS
10
1.1659999606299212
20
0.5188668503937007
11
1.1771428346456692
21
0.5188668503937007
0
LINE
8
BLACK
6
CONTINUOUS
10
1.1771428346456692
20
0.5188668503937007
11
1.1801428346456693
21
0.5180629921259843
0
LINE
8
BLACK
6
CONTINUOUS
10
1.1801428346456693
20
0.5180629921259843
11
1.1823389763779528
21
0.5158668503937007
0
LINE
8
BLACK
6
CONTINUOUS
10
1.1823389763779528
20
0.5158668503937007
11
1.1831428346456692
21
0.5128668503937007
0
LINE
8
BLACK
6
CONTINUOUS
10
1.1831428346456692
20
0.5128668503937007
11
1.1823389763779528
21
0.5098668503937007
0
LINE
8
BLACK
6
CONTINUOUS
10
1.1823389763779528
20
0.5098668503937007
11
1.1801428346456693
21
0.5076707086614173
0
LINE
8
BLACK
6
CONTINUOUS
10
1.1801428346456693
20
0.5076707086614173
11
1.1771428346456692
21
0.5068668503937008
0
LINE
8
BLACK
6
CONTINUOUS
10
1.1771428346456692
20
0.5068668503937008
11
1.1599999606299212
21
0.5068668503937008
0
LINE
8
BLACK
6
CONTINUOUS
10
1.1599999606299212
20
0.5068668503937008
11
1.1428571259842519
21
0.5068668503937008
0
LINE
8
BLACK
6
CONTINUOUS
10
1.1428571259842519
20
0.5068668503937008
11
1.139857125984252
21
0.5076707086614173
0
LINE
8
BLACK
6
CONTINUOUS
10
1.139857125984252
20
0.5076707086614173
11
1.1376609842519685
21
0.5098668503937007
0
LINE
8
BLACK
6
CONTINUOUS
10
1.1376609842519685
20
0.5098668503937007
11
1.1368571259842519
21
0.5128668503937007
0
LINE
8
BLACK
6
CONTINUOUS
10
1.1368571259842519
20
0.5128668503937007
11
1.1376609842519685
21
0.5158668503937007
0
LINE
8
BLACK
6
CONTINUOUS
10
1.1376609842519685
20
0.5158668503937007
11
1.139857125984252
21
0.5180629921259843
0
LINE
8
BLACK
6
CONTINUOUS
10
1.139857125984252
20
0.5180629921259843
11
1.1428571259842519
21
0.5188668503937007
0
LINE
8
BLACK
6
CONTINUOUS
10
1.1428571259842519
20
0.5188668503937007
11
1.1539999606299212
21
0.5188668503937007
0
LINE
8
BLACK
6
CONTINUOUS
10
1.1539999606299212
20
0.5188668503937007
11
1.1539999606299212
21
0.5728668503937008
0
LINE
8
BLACK
6
CONTINUOUS
10
1.1539999606299212
20
0.5728668503937008
11
1.1543535433070866
21
0.5741864173228346
0
LINE
8
BLACK
6
CONTINUOUS
10
1.1543535433070866
20
0.5741864173228346
11
1.1546214960629921
21
0.5755261811023622
0
LINE
8
BLACK
6
CONTINUOUS
10
1.1546214960629921
20
0.5755261811023622
11
1.1547524409448819
21
0.5756751968503937
0
LINE
8
BLACK
6
CONTINUOUS
10
1.1547524409448819
20
0.5756751968503937
11
1.1548038188976377
21
0.5758668503937008
0
LINE
8
BLACK
6
CONTINUOUS
10
1.1548038188976377
20
0.5758668503937008
11
1.1557699606299212
21
0.5768329921259843
0
LINE
8
BLACK
6
CONTINUOUS
10
1.1557699606299212
20
0.5768329921259843
11
1.1566717716535433
21
0.5778591338582677
0
LINE
8
BLACK
6
CONTINUOUS
10
1.1566717716535433
20
0.5778591338582677
11
1.1568596456692912
21
0.5779226771653543
0
LINE
8
BLACK
6
CONTINUOUS
10
1.1568596456692912
20
0.5779226771653543
11
1.1569999606299213
21
0.5780629921259842
0
LINE
8
BLACK
6
CONTINUOUS
10
1.1569999606299213
20
0.5780629921259842
11
1.1583197244094487
21
0.5784166141732283
0
LINE
8
BLACK
6
CONTINUOUS
10
1.1583197244094487
20
0.5784166141732283
11
1.1596138188976377
21
0.5788544094488188
0
LINE
8
BLACK
6
CONTINUOUS
10
1.1596138188976377
20
0.5788544094488188
11
1.1598083070866141
21
0.5788154724409449
0
LINE
8
BLACK
6
CONTINUOUS
10
1.1598083070866141
20
0.5788154724409449
11
1.1599999606299212
21
0.5788668503937008
0
LINE
8
BLACK
6
CONTINUOUS
10
1.1599999606299212
20
0.5788668503937008
11
1.1613195275590551
21
0.5785132283464567
0
LINE
8
BLACK
6
CONTINUOUS
10
1.2372856692913385
20
0.5780629921259842
11
1.2394818110236221
21
0.5758668503937008
0
LINE
8
BLACK
6
CONTINUOUS
10
1.2394818110236221
20
0.5758668503937008
11
1.2402856692913387
21
0.5728668503937008
0
LINE
8
BLACK
6
CONTINUOUS
10
1.2402856692913387
20
0.5728668503937008
11
1.2402856692913387
21
0.5128668503937007
0
LINE
8
BLACK
6
CONTINUOUS
10
1.2402856692913387
20
0.5128668503937007
11
1.2394818110236221
21
0.5098668503937007
0
LINE
8
BLACK
6
CONTINUOUS
10
1.2394818110236221
20
0.5098668503937007
11
1.2372856692913385
21
0.5076707086614173
0
LINE
8
BLACK
6
CONTINUOUS
10
1.2372856692913385
20
0.5076707086614173
11
1.2342856692913386
21
0.5068668503937008
0
LINE
8
BLACK
6
CONTINUOUS
10
1.2342856692913386
20
0.5068668503937008
11
1.2199999606299212
21
0.5068668503937008
0
LINE
8
BLACK
6
CONTINUOUS
10
1.2199999606299212
20
0.5068668503937008
11
1.219066811023622
21
0.5071168503937008
0
LINE
8
BLACK
6
CONTINUOUS
10
1.219066811023622
20
0.5071168503937008
11
1.2181025984251967
21
0.5071747637795275
0
LINE
8
BLACK
6
CONTINUOUS
10
1.2181025984251967
20
0.5071747637795275
11
1.2095311417322834
21
0.5100319291338583
0
LINE
8
BLACK
6
CONTINUOUS
10
1.2095311417322834
20
0.5100319291338583
11
1.2083803149606298
21
0.5107917322834645
0
LINE
8
BLACK
6
CONTINUOUS
10
1.2083803149606298
20
0.5107917322834645
11
1.207185905511811
21
0.5114813779527559
0
LINE
8
BLACK
6
CONTINUOUS
10
1.207185905511811
20
0.5114813779527559
11
1.2014716141732282
21
0.5171956299212598
0
LINE
8
BLACK
6
CONTINUOUS
10
1.2014716141732282
20
0.5171956299212598
11
1.2009886220472441
21
0.5180321653543307
0
LINE
8
BLACK
6
CONTINUOUS
10
1.2009886220472441
20
0.5180321653543307
11
1.2003476771653543
21
0.518755
0
LINE
8
BLACK
6
CONTINUOUS
10
1.2003476771653543
20
0.518755
11
1.1974905511811023
21
0.5244692913385827
0
LINE
8
BLACK
6
CONTINUOUS
10
1.1974905511811023
20
0.5244692913385827
11
1.1973577559055117
21
0.5251181496062992
0
LINE
8
BLACK
6
CONTINUOUS
10
1.1973577559055117
20
0.5251181496062992
11
1.1970362598425197
21
0.5256973228346457
0
LINE
8
BLACK
6
CONTINUOUS
10
1.1970362598425197
20
0.5256973228346457
11
1.1941790944881889
21
0.5371259055118111
0
LINE
8
BLACK
6
CONTINUOUS
10
1.1941790944881889
20
0.5371259055118111
11
1.1941915354330708
21
0.5378661023622047
0
LINE
8
BLACK
6
CONTINUOUS
10
1.1941915354330708
20
0.5378661023622047
11
1.1939999606299212
21
0.5385811417322834
0
LINE
8
BLACK
6
CONTINUOUS
10
1.1939999606299212
20
0.5385811417322834
11
1.1939999606299212
21
0.5471525590551181
0
LINE
8
BLACK
6
CONTINUOUS
10
1.1939999606299212
20
0.5471525590551181
11
1.1941915354330708
21
0.5478675590551181
0
LINE
8
BLACK
6
CONTINUOUS
10
1.1941915354330708
20
0.5478675590551181
11
1.1941790944881889
21
0.5486077952755906
0
LINE
8
BLACK
6
CONTINUOUS
10
1.1941790944881889
20
0.5486077952755906
11
1.1970362598425197
21
0.5600363779527558
0
LINE
8
BLACK
6
CONTINUOUS
10
1.1970362598425197
20
0.5600363779527558
11
1.1973577559055117
21
0.5606155118110236
0
LINE
8
BLACK
6
CONTINUOUS
10
1.1973577559055117
20
0.5606155118110236
11
1.1974905511811023
21
0.5612644094488188
0
LINE
8
BLACK
6
CONTINUOUS
10
1.1974905511811023
20
0.5612644094488188
11
1.2003476771653543
21
0.5669787007874015
0
LINE
8
BLACK
6
CONTINUOUS
10
1.2003476771653543
20
0.5669787007874015
11
1.2009886220472441
21
0.5677014960629921
0
LINE
8
BLACK
6
CONTINUOUS
10
1.2009886220472441
20
0.5677014960629921
11
1.2014716141732282
21
0.5685380708661417
0
LINE
8
BLACK
6
CONTINUOUS
10
1.2014716141732282
20
0.5685380708661417
11
1.207185905511811
21
0.5742523622047244
0
LINE
8
BLACK
6
CONTINUOUS
10
1.207185905511811
20
0.5742523622047244
11
1.2083802755905511
21
0.5749419291338582
0
LINE
8
BLACK
6
CONTINUOUS
10
1.2083802755905511
20
0.5749419291338582
11
1.2095311811023621
21
0.5757018110236221
0
LINE
8
BLACK
6
CONTINUOUS
10
1.2095311811023621
20
0.5757018110236221
11
1.2181025984251967
21
0.5785589763779527
0
LINE
8
BLACK
6
CONTINUOUS
10
1.2181025984251967
20
0.5785589763779527
11
1.219066968503937
21
0.5786168503937008
0
LINE
8
BLACK
6
CONTINUOUS
10
1.219066968503937
20
0.5786168503937008
11
1.2199999606299212
21
0.5788668503937008
0
LINE
8
BLACK
6
CONTINUOUS
10
1.2199999606299212
20
0.5788668503937008
11
1.2342856692913386
21
0.5788668503937008
0
LINE
8
BLACK
6
CONTINUOUS
10
1.2342856692913386
20
0.5788668503937008
11
1.2372856692913385
21
0.5780629921259842
0
LINE
8
BLACK
6
CONTINUOUS
10
1.2146696062992126
20
0.5647655118110236
11
1.2106453937007873
21
0.5607412992125984
0
LINE
8
BLACK
6
CONTINUOUS
10
1.2106453937007873
20
0.5607412992125984
11
1.2085182283464566
21
0.5564870078740157
0
LINE
8
BLACK
6
CONTINUOUS
10
1.2085182283464566
20
0.5564870078740157
11
1.2059999606299212
21
0.5464138188976377
0
LINE
8
BLACK
6
CONTINUOUS
10
1.2059999606299212
20
0.5464138188976377
11
1.2059999606299212
21
0.539319842519685
0
LINE
8
BLACK
6
CONTINUOUS
10
1.2059999606299212
20
0.539319842519685
11
1.2085182283464566
21
0.529246653543307
0
LINE
8
BLACK
6
CONTINUOUS
10
1.2085182283464566
20
0.529246653543307
11
1.2106453937007873
21
0.5249924015748031
0
LINE
8
BLACK
6
CONTINUOUS
10
1.2106453937007873
20
0.5249924015748031
11
1.2146696062992126
21
0.520968188976378
0
LINE
8
BLACK
6
CONTINUOUS
10
1.2146696062992126
20
0.520968188976378
11
1.220973622047244
21
0.5188668503937007
0
LINE
8
BLACK
6
CONTINUOUS
10
1.220973622047244
20
0.5188668503937007
11
1.2282856692913386
21
0.5188668503937007
0
LINE
8
BLACK
6
CONTINUOUS
10
1.2282856692913386
20
0.5188668503937007
11
1.2282856692913386
21
0.5668668503937008
0
LINE
8
BLACK
6
CONTINUOUS
10
1.2282856692913386
20
0.5668668503937008
11
1.2209735826771653
21
0.5668668503937008
0
LINE
8
BLACK
6
CONTINUOUS
10
1.2209735826771653
20
0.5668668503937008
11
1.2146696062992126
21
0.5647655118110236
0
LINE
8
BLACK
6
CONTINUOUS
10
0.4679102362204725
20
0.5232369291338582
11
0.4685399606299213
21
0.5217166535433071
0
LINE
8
BLACK
6
CONTINUOUS
10
0.4685399606299213
20
0.5217166535433071
11
0.4685399606299213
21
0.5095214173228346
0
LINE
8
BLACK
6
CONTINUOUS
10
0.4685399606299213
20
0.5095214173228346
11
0.4679102362204725
21
0.5080011417322835
0
LINE
8
BLACK
6
CONTINUOUS
10
0.4679102362204725
20
0.5080011417322835
11
0.4663899606299213
21
0.5073714173228346
0
LINE
8
BLACK
6
CONTINUOUS
10
0.4663899606299213
20
0.5073714173228346
11
0.4648696850393701
21
0.5080011417322835
0
LINE
8
BLACK
6
CONTINUOUS
10
0.4648696850393701
20
0.5080011417322835
11
0.4642399606299212
21
0.5095214173228346
0
LINE
8
BLACK
6
CONTINUOUS
10
0.4642399606299212
20
0.5095214173228346
11
0.4642399606299212
21
0.516526062992126
0
LINE
8
BLACK
6
CONTINUOUS
10
0.4642399606299212
20
0.516526062992126
11
0.4566531102362205
21
0.5089392125984252
0
LINE
8
BLACK
6
CONTINUOUS
10
0.4566531102362205
20
0.5089392125984252
11
0.4561907480314961
21
0.5087476771653543
0
LINE
8
BLACK
6
CONTINUOUS
10
0.4561907480314961
20
0.5087476771653543
11
0.4558126771653543
21
0.5084198031496063
0
LINE
8
BLACK
6
CONTINUOUS
10
0.4558126771653543
20
0.5084198031496063
11
0.4529984251968504
21
0.5074817322834646
0
LINE
8
BLACK
6
CONTINUOUS
10
0.4529984251968504
20
0.5074817322834646
11
0.4526454330708661
21
0.5075068110236221
0
LINE
8
BLACK
6
CONTINUOUS
10
0.4526454330708661
20
0.5075068110236221
11
0.4523185433070866
21
0.5073714173228346
0
LINE
8
BLACK
6
CONTINUOUS
10
0.4523185433070866
20
0.5073714173228346
11
0.4504423622047244
21
0.5073714173228346
0
LINE
8
BLACK
6
CONTINUOUS
10
0.4504423622047244
20
0.5073714173228346
11
0.44998
21
0.5075629133858267
0
LINE
8
BLACK
6
CONTINUOUS
10
0.44998
20
0.5075629133858267
11
0.449480905511811
21
0.5075983858267716
0
LINE
8
BLACK
6
CONTINUOUS
10
0.449480905511811
20
0.5075983858267716
11
0.4476046456692913
21
0.5085364566929134
0
LINE
8
BLACK
6
CONTINUOUS
10
0.4476046456692913
20
0.5085364566929134
11
0.4473727559055118
21
0.5088038188976378
0
LINE
8
BLACK
6
CONTINUOUS
10
0.4473727559055118
20
0.5088038188976378
11
0.4470458267716536
21
0.508939251968504
0
LINE
8
BLACK
6
CONTINUOUS
10
0.4470458267716536
20
0.508939251968504
11
0.4461077559055118
21
0.5098773622047243
0
LINE
8
BLACK
6
CONTINUOUS
10
0.4461077559055118
20
0.5098773622047243
11
0.4459723622047244
21
0.5102042125984252
0
LINE
8
BLACK
6
CONTINUOUS
10
0.4459723622047244
20
0.5102042125984252
11
0.4457050393700787
21
0.510436062992126
0
LINE
8
BLACK
6
CONTINUOUS
10
0.4457050393700787
20
0.510436062992126
11
0.444766968503937
21
0.5123122440944882
0
LINE
8
BLACK
6
CONTINUOUS
10
0.444766968503937
20
0.5123122440944882
11
0.4447314566929134
21
0.5128113779527559
0
LINE
8
BLACK
6
CONTINUOUS
10
0.4447314566929134
20
0.5128113779527559
11
0.4445399606299212
21
0.513273779527559
0
LINE
8
BLACK
6
CONTINUOUS
10
0.4445399606299212
20
0.513273779527559
11
0.4445399606299212
21
0.5179642519685039
0
LINE
8
BLACK
6
CONTINUOUS
10
0.4445399606299212
20
0.5179642519685039
11
0.4447314566929134
21
0.5184266141732283
0
LINE
8
BLACK
6
CONTINUOUS
10
0.4447314566929134
20
0.5184266141732283
11
0.444766968503937
21
0.5189257874015748
0
LINE
8
BLACK
6
CONTINUOUS
10
0.444766968503937
20
0.5189257874015748
11
0.4457050393700787
21
0.520801968503937
0
LINE
8
BLACK
6
CONTINUOUS
10
0.4457050393700787
20
0.520801968503937
11
0.4459723622047244
21
0.521033779527559
0
LINE
8
BLACK
6
CONTINUOUS
10
0.4459723622047244
20
0.521033779527559
11
0.4461077559055118
21
0.5213606692913386
0
LINE
8
BLACK
6
CONTINUOUS
10
0.4461077559055118
20
0.5213606692913386
11
0.4470458267716536
21
0.5222987795275591
0
LINE
8
BLACK
6
CONTINUOUS
10
0.4470458267716536
20
0.5222987795275591
11
0.4485661023622047
21
0.5229285433070866
0
LINE
8
BLACK
6
CONTINUOUS
10
0.4485661023622047
20
0.5229285433070866
11
0.4500863779527559
21
0.5222988582677165
0
LINE
8
BLACK
6
CONTINUOUS
10
0.4500863779527559
20
0.5222988582677165
11
0.4507161417322835
21
0.5207785826771654
0
LINE
8
BLACK
6
CONTINUOUS
10
0.4507161417322835
20
0.5207785826771654
11
0.4500864566929134
21
0.5192583070866141
0
LINE
8
BLACK
6
CONTINUOUS
10
0.4500864566929134
20
0.5192583070866141
11
0.4493950393700787
21
0.5185668503937008
0
LINE
8
BLACK
6
CONTINUOUS
10
0.4493950393700787
20
0.5185668503937008
11
0.4488399606299213
21
0.5174566929133858
0
LINE
8
BLACK
6
CONTINUOUS
10
0.4488399606299213
20
0.5174566929133858
11
0.4488399606299213
21
0.5137812992125984
0
LINE
8
BLACK
6
CONTINUOUS
10
0.4488399606299213
20
0.5137812992125984
11
0.4493950393700787
21
0.5126711417322835
0
LINE
8
BLACK
6
CONTINUOUS
10
0.4493950393700787
20
0.5126711417322835
11
0.4498396850393701
21
0.5122264960629921
0
LINE
8
BLACK
6
CONTINUOUS
10
0.4498396850393701
20
0.5122264960629921
11
0.4509499212598425
21
0.5116714173228346
0
LINE
8
BLACK
6
CONTINUOUS
10
0.4509499212598425
20
0.5116714173228346
11
0.4519696062992126
21
0.5116714173228346
0
LINE
8
BLACK
6
CONTINUOUS
10
0.4519696062992126
20
0.5116714173228346
11
0.4539714566929134
21
0.5123386614173229
0
LINE
8
BLACK
6
CONTINUOUS
10
0.4539714566929134
20
0.5123386614173229
11
0.4648696850393701
21
0.5232369291338582
0
LINE
8
BLACK
6
CONTINUOUS
10
0.4648696850393701
20
0.5232369291338582
11
0.4663899606299213
21
0.5238666535433071
0
LINE
8
BLACK
6
CONTINUOUS
10
0.4663899606299213
20
0.5238666535433071
11
0.4679102362204725
21
0.5232369291338582
0
LINE
8
BLACK
6
CONTINUOUS
10
0.4316370472440945
20
0.5312670866141732
11
0.4319066535433071
21
0.5313072047244094
0
LINE
8
BLACK
6
CONTINUOUS
10
0.4319066535433071
20
0.5313072047244094
11
0.4356590551181102
21
0.5303691338582677
0
LINE
8
BLACK
6
CONTINUOUS
10
0.4356590551181102
20
0.5303691338582677
11
0.4358553937007874
21
0.530223622047244
0
LINE
8
BLACK
6
CONTINUOUS
10
0.4358553937007874
20
0.530223622047244
11
0.436099094488189
21
0.5302063385826772
0
LINE
8
BLACK
6
CONTINUOUS
10
0.436099094488189
20
0.5302063385826772
11
0.4379752755905512
21
0.5292682677165355
0
LINE
8
BLACK
6
CONTINUOUS
10
0.4379752755905512
20
0.5292682677165355
11
0.4382071259842519
21
0.529000905511811
0
LINE
8
BLACK
6
CONTINUOUS
10
0.4382071259842519
20
0.529000905511811
11
0.4385340551181102
21
0.5288655118110236
0
LINE
8
BLACK
6
CONTINUOUS
10
0.4385340551181102
20
0.5288655118110236
11
0.4394721653543307
21
0.5279274015748031
0
LINE
8
BLACK
6
CONTINUOUS
10
0.4394721653543307
20
0.5279274015748031
11
0.4396075590551181
21
0.5276004724409449
0
LINE
8
BLACK
6
CONTINUOUS
10
0.4396075590551181
20
0.5276004724409449
11
0.4398749212598425
21
0.5273686220472441
0
LINE
8
BLACK
6
CONTINUOUS
10
0.4398749212598425
20
0.5273686220472441
11
0.4408129921259842
21
0.5254924409448819
0
LINE
8
BLACK
6
CONTINUOUS
10
0.4408129921259842
20
0.5254924409448819
11
0.4408484251968504
21
0.5249932677165354
0
LINE
8
BLACK
6
CONTINUOUS
10
0.4408484251968504
20
0.5249932677165354
11
0.4410399606299212
21
0.5245309448818898
0
LINE
8
BLACK
6
CONTINUOUS
10
0.4410399606299212
20
0.5245309448818898
11
0.4410399606299212
21
0.5226547637795276
0
LINE
8
BLACK
6
CONTINUOUS
10
0.4410399606299212
20
0.5226547637795276
11
0.4408484251968504
21
0.5221924015748032
0
LINE
8
BLACK
6
CONTINUOUS
10
0.4408484251968504
20
0.5221924015748032
11
0.4408129921259842
21
0.5216933070866142
0
LINE
8
BLACK
6
CONTINUOUS
10
0.4408129921259842
20
0.5216933070866142
11
0.4398749212598425
21
0.5198170472440945
0
LINE
8
BLACK
6
CONTINUOUS
10
0.4398749212598425
20
0.5198170472440945
11
0.4396075196850394
21
0.519585157480315
0
LINE
8
BLACK
6
CONTINUOUS
10
0.4396075196850394
20
0.519585157480315
11
0.4394721259842519
21
0.5192582283464566
0
LINE
8
BLACK
6
CONTINUOUS
10
0.4394721259842519
20
0.5192582283464566
11
0.4385340157480315
21
0.5183201574803149
0
LINE
8
BLACK
6
CONTINUOUS
10
0.4385340157480315
20
0.5183201574803149
11
0.4382071259842519
21
0.5181847637795276
0
LINE
8
BLACK
6
CONTINUOUS
10
0.4382071259842519
20
0.5181847637795276
11
0.4379753149606299
21
0.5179174409448819
0
LINE
8
BLACK
6
CONTINUOUS
10
0.4379753149606299
20
0.5179174409448819
11
0.4360991338582677
21
0.5169793700787402
0
LINE
8
BLACK
6
CONTINUOUS
10
0.4360991338582677
20
0.5169793700787402
11
0.4358553937007874
21
0.5169620078740157
0
LINE
8
BLACK
6
CONTINUOUS
10
0.4358553937007874
20
0.5169620078740157
11
0.4356590157480315
21
0.5168165354330708
0
LINE
8
BLACK
6
CONTINUOUS
10
0.4356590157480315
20
0.5168165354330708
11
0.4319066141732283
21
0.5158784645669291
0
LINE
8
BLACK
6
CONTINUOUS
10
0.4319066141732283
20
0.5158784645669291
11
0.431636968503937
21
0.5159185826771654
0
LINE
8
BLACK
6
CONTINUOUS
10
0.431636968503937
20
0.5159185826771654
11
0.4313851968503937
21
0.5158142913385827
0
LINE
8
BLACK
6
CONTINUOUS
10
0.4313851968503937
20
0.5158142913385827
11
0.4266947244094488
21
0.5158142913385827
0
LINE
8
BLACK
6
CONTINUOUS
10
0.4266947244094488
20
0.5158142913385827
11
0.426442874015748
21
0.5159185826771654
0
LINE
8
BLACK
6
CONTINUOUS
10
0.426442874015748
20
0.5159185826771654
11
0.4261732677165354
21
0.5158784645669291
0
LINE
8
BLACK
6
CONTINUOUS
10
0.4261732677165354
20
0.5158784645669291
11
0.422420905511811
21
0.5168165354330708
0
LINE
8
BLACK
6
CONTINUOUS
10
0.422420905511811
20
0.5168165354330708
11
0.4222245275590551
21
0.5169620078740157
0
LINE
8
BLACK
6
CONTINUOUS
10
0.4222245275590551
20
0.5169620078740157
11
0.4219808661417322
21
0.5169793307086614
0
LINE
8
BLACK
6
CONTINUOUS
10
0.4219808661417322
20
0.5169793307086614
11
0.4201046456692913
21
0.5179174409448819
0
LINE
8
BLACK
6
CONTINUOUS
10
0.4201046456692913
20
0.5179174409448819
11
0.4198727559055118
21
0.5181847637795276
0
LINE
8
BLACK
6
CONTINUOUS
10
0.4198727559055118
20
0.5181847637795276
11
0.4195458661417323
21
0.5183201968503937
0
LINE
8
BLACK
6
CONTINUOUS
10
0.4195458661417323
20
0.5183201968503937
11
0.4186077952755906
21
0.5192582677165354
0
LINE
8
BLACK
6
CONTINUOUS
10
0.4186077952755906
20
0.5192582677165354
11
0.4184723622047244
21
0.519585157480315
0
LINE
8
BLACK
6
CONTINUOUS
10
0.4184723622047244
20
0.519585157480315
11
0.4182050393700787
21
0.5198170472440945
0
LINE
8
BLACK
6
CONTINUOUS
10
0.4182050393700787
20
0.5198170472440945
11
0.4172669291338583
21
0.5216932677165355
0
LINE
8
BLACK
6
CONTINUOUS
10
0.4172669291338583
20
0.5216932677165355
11
0.4172314566929134
21
0.5221924015748032
0
LINE
8
BLACK
6
CONTINUOUS
10
0.4172314566929134
20
0.5221924015748032
11
0.4170399606299213
21
0.5226547637795276
0
LINE
8
BLACK
6
CONTINUOUS
10
0.4170399606299213
20
0.5226547637795276
11
0.4170399606299213
21
0.5245309448818898
0
LINE
8
BLACK
6
CONTINUOUS
10
0.4170399606299213
20
0.5245309448818898
11
0.4172314566929134
21
0.5249933070866142
0
LINE
8
BLACK
6
CONTINUOUS
10
0.4172314566929134
20
0.5249933070866142
11
0.417266968503937
21
0.5254924803149607
0
LINE
8
BLACK
6
CONTINUOUS
10
0.417266968503937
20
0.5254924803149607
11
0.4182050393700787
21
0.5273686614173229
0
LINE
8
BLACK
6
CONTINUOUS
10
0.4182050393700787
20
0.5273686614173229
11
0.4184723622047244
21
0.5276004724409449
0
LINE
8
BLACK
6
CONTINUOUS
10
0.4184723622047244
20
0.5276004724409449
11
0.4186077559055118
21
0.5279273622047244
0
LINE
8
BLACK
6
CONTINUOUS
10
0.4186077559055118
20
0.5279273622047244
11
0.4195458267716535
21
0.5288654724409448
0
LINE
8
BLACK
6
CONTINUOUS
10
0.4195458267716535
20
0.5288654724409448
11
0.4198727559055118
21
0.5290008661417323
0
LINE
8
BLACK
6
CONTINUOUS
10
0.4198727559055118
20
0.5290008661417323
11
0.4201046456692913
21
0.5292682677165355
0
LINE
8
BLACK
6
CONTINUOUS
10
0.4201046456692913
20
0.5292682677165355
11
0.421980905511811
21
0.5302063385826772
0
LINE
8
BLACK
6
CONTINUOUS
10
0.421980905511811
20
0.5302063385826772
11
0.4222246062992126
21
0.530223622047244
0
LINE
8
BLACK
6
CONTINUOUS
10
0.4222246062992126
20
0.530223622047244
11
0.422420905511811
21
0.5303690944881889
0
LINE
8
BLACK
6
CONTINUOUS
10
0.422420905511811
20
0.5303690944881889
11
0.4261732283464567
21
0.5313072047244094
0
LINE
8
BLACK
6
CONTINUOUS
10
0.4261732283464567
20
0.5313072047244094
11
0.4264428346456693
21
0.5312670866141732
0
LINE
8
BLACK
6
CONTINUOUS
10
0.4264428346456693
20
0.5312670866141732
11
0.4266947244094488
21
0.5313714173228347
0
LINE
8
BLACK
6
CONTINUOUS
10
0.4266947244094488
20
0.5313714173228347
11
0.4313851968503937
21
0.5313714173228347
0
LINE
8
BLACK
6
CONTINUOUS
10
0.4313851968503937
20
0.5313714173228347
11
0.4316370472440945
21
0.5312670866141732
0
LINE
8
BLACK
6
CONTINUOUS
10
0.4236928346456693
20
0.5262547637795275
11
0.4223396850393701
21
0.525578188976378
0
LINE
8
BLACK
6
CONTINUOUS
10
0.4223396850393701
20
0.525578188976378
11
0.4218950393700787
21
0.5251335433070866
0
LINE
8
BLACK
6
CONTINUOUS
10
0.4218950393700787
20
0.5251335433070866
11
0.4213399606299212
21
0.5240233858267717
0
LINE
8
BLACK
6
CONTINUOUS
10
0.4213399606299212
20
0.5240233858267717
11
0.4213399606299212
21
0.5231623228346457
0
LINE
8
BLACK
6
CONTINUOUS
10
0.4213399606299212
20
0.5231623228346457
11
0.4218950787401575
21
0.5220520866141732
0
LINE
8
BLACK
6
CONTINUOUS
10
0.4218950787401575
20
0.5220520866141732
11
0.4223396850393701
21
0.5216074803149606
0
LINE
8
BLACK
6
CONTINUOUS
10
0.4223396850393701
20
0.5216074803149606
11
0.4236926771653543
21
0.5209309448818897
0
LINE
8
BLACK
6
CONTINUOUS
10
0.4236926771653543
20
0.5209309448818897
11
0.4269594488188976
21
0.5201142913385827
0
LINE
8
BLACK
6
CONTINUOUS
10
0.4269594488188976
20
0.5201142913385827
11
0.4311204724409449
21
0.5201142913385827
0
LINE
8
BLACK
6
CONTINUOUS
10
0.4311204724409449
20
0.5201142913385827
11
0.4343872834645669
21
0.5209309842519685
0
LINE
8
BLACK
6
CONTINUOUS
10
0.4343872834645669
20
0.5209309842519685
11
0.4357401968503937
21
0.5216074409448819
0
LINE
8
BLACK
6
CONTINUOUS
10
0.4357401968503937
20
0.5216074409448819
11
0.436184842519685
21
0.5220520866141732
0
LINE
8
BLACK
6
CONTINUOUS
10
0.436184842519685
20
0.5220520866141732
11
0.4367399606299213
21
0.5231622834645669
0
LINE
8
BLACK
6
CONTINUOUS
10
0.4367399606299213
20
0.5231622834645669
11
0.4367399606299213
21
0.5240233858267717
0
LINE
8
BLACK
6
CONTINUOUS
10
0.4367399606299213
20
0.5240233858267717
11
0.436184842519685
21
0.5251335826771654
0
LINE
8
BLACK
6
CONTINUOUS
10
0.436184842519685
20
0.5251335826771654
11
0.4357402362204724
21
0.525578188976378
0
LINE
8
BLACK
6
CONTINUOUS
10
0.4357402362204724
20
0.525578188976378
11
0.4343870866141732
21
0.5262547637795275
0
LINE
8
BLACK
6
CONTINUOUS
10
0.4343870866141732
20
0.5262547637795275
11
0.4311205905511811
21
0.5270714173228346
0
LINE
8
BLACK
6
CONTINUOUS
10
0.4311205905511811
20
0.5270714173228346
11
0.4269594881889764
21
0.5270714173228346
0
LINE
8
BLACK
6
CONTINUOUS
10
0.4269594881889764
20
0.5270714173228346
11
0.4236928346456693
21
0.5262547637795275
0
LINE
8
BLACK
6
CONTINUOUS
10
0.5266370472440944
20
0.5312670866141732
11
0.5269066535433071
21
0.5313072047244094
0
LINE
8
BLACK
6
CONTINUOUS
10
0.5269066535433071
20
0.5313072047244094
11
0.5306590551181102
21
0.5303691338582677
0
LINE
8
BLACK
6
CONTINUOUS
10
0.5306590551181102
20
0.5303691338582677
11
0.5308553937007874
21
0.530223622047244
0
LINE
8
BLACK
6
CONTINUOUS
10
0.5308553937007874
20
0.530223622047244
11
0.5310990944881889
21
0.5302063385826772
0
LINE
8
BLACK
6
CONTINUOUS
10
0.5310990944881889
20
0.5302063385826772
11
0.5329752755905511
21
0.5292682677165355
0
LINE
8
BLACK
6
CONTINUOUS
10
0.5329752755905511
20
0.5292682677165355
11
0.5332071259842519
21
0.529000905511811
0
LINE
8
BLACK
6
CONTINUOUS
10
0.5332071259842519
20
0.529000905511811
11
0.5335340551181103
21
0.5288655118110236
0
LINE
8
BLACK
6
CONTINUOUS
10
0.5335340551181103
20
0.5288655118110236
11
0.5344721653543307
21
0.5279274015748031
0
LINE
8
BLACK
6
CONTINUOUS
10
0.5344721653543307
20
0.5279274015748031
11
0.5346075590551181
21
0.5276004724409449
0
LINE
8
BLACK
6
CONTINUOUS
10
0.5346075590551181
20
0.5276004724409449
11
0.5348749212598425
21
0.5273686220472441
0
LINE
8
BLACK
6
CONTINUOUS
10
0.5348749212598425
20
0.5273686220472441
11
0.5358129921259842
21
0.5254924409448819
0
LINE
8
BLACK
6
CONTINUOUS
10
0.5358129921259842
20
0.5254924409448819
11
0.5358484251968504
21
0.5249932677165354
0
LINE
8
BLACK
6
CONTINUOUS
10
0.5358484251968504
20
0.5249932677165354
11
0.5360399606299212
21
0.5245309448818898
0
LINE
8
BLACK
6
CONTINUOUS
10
0.5360399606299212
20
0.5245309448818898
11
0.5360399606299212
21
0.5226547637795276
0
LINE
8
BLACK
6
CONTINUOUS
10
0.5360399606299212
20
0.5226547637795276
11
0.5358484251968504
21
0.5221924015748032
0
LINE
8
BLACK
6
CONTINUOUS
10
0.5358484251968504
20
0.5221924015748032
11
0.5358129921259842
21
0.5216933070866142
0
LINE
8
BLACK
6
CONTINUOUS
10
0.5358129921259842
20
0.5216933070866142
11
0.5348749212598425
21
0.5198170472440945
0
LINE
8
BLACK
6
CONTINUOUS
10
0.5348749212598425
20
0.5198170472440945
11
0.5346075196850394
21
0.519585157480315
0
LINE
8
BLACK
6
CONTINUOUS
10
0.5346075196850394
20
0.519585157480315
11
0.534472125984252
21
0.5192582283464566
0
LINE
8
BLACK
6
CONTINUOUS
10
0.534472125984252
20
0.5192582283464566
11
0.5335340157480315
21
0.5183201574803149
0
LINE
8
BLACK
6
CONTINUOUS
10
0.5335340157480315
20
0.5183201574803149
11
0.5332071259842519
21
0.5181847637795276
0
LINE
8
BLACK
6
CONTINUOUS
10
0.5332071259842519
20
0.5181847637795276
11
0.5329753149606299
21
0.5179174409448819
0
LINE
8
BLACK
6
CONTINUOUS
10
0.5329753149606299
20
0.5179174409448819
11
0.5310991338582677
21
0.5169793700787402
0
LINE
8
BLACK
6
CONTINUOUS
10
0.5310991338582677
20
0.5169793700787402
11
0.5308553937007874
21
0.5169620078740157
0
LINE
8
BLACK
6
CONTINUOUS
10
0.5308553937007874
20
0.5169620078740157
11
0.5306590157480315
21
0.5168165354330708
0
LINE
8
BLACK
6
CONTINUOUS
10
0.5306590157480315
20
0.5168165354330708
11
0.5269066141732284
21
0.5158784645669291
0
LINE
8
BLACK
6
CONTINUOUS
10
0.5269066141732284
20
0.5158784645669291
11
0.526636968503937
21
0.5159185826771654
0
LINE
8
BLACK
6
CONTINUOUS
10
0.526636968503937
20
0.5159185826771654
11
0.5263851968503936
21
0.5158142913385827
0
LINE
8
BLACK
6
CONTINUOUS
10
0.5263851968503936
20
0.5158142913385827
11
0.5216947244094489
21
0.5158142913385827
0
LINE
8
BLACK
6
CONTINUOUS
10
0.5216947244094489
20
0.5158142913385827
11
0.5214428740157481
21
0.5159185826771654
0
LINE
8
BLACK
6
CONTINUOUS
10
0.5214428740157481
20
0.5159185826771654
11
0.5211732677165354
21
0.5158784645669291
0
LINE
8
BLACK
6
CONTINUOUS
10
0.5211732677165354
20
0.5158784645669291
11
0.517420905511811
21
0.5168165354330708
0
LINE
8
BLACK
6
CONTINUOUS
10
0.517420905511811
20
0.5168165354330708
11
0.5172245275590551
21
0.5169620078740157
0
LINE
8
BLACK
6
CONTINUOUS
10
0.5172245275590551
20
0.5169620078740157
11
0.5169808661417322
21
0.5169793307086614
0
LINE
8
BLACK
6
CONTINUOUS
10
0.5169808661417322
20
0.5169793307086614
11
0.5151046456692914
21
0.5179174409448819
0
LINE
8
BLACK
6
CONTINUOUS
10
0.5151046456692914
20
0.5179174409448819
11
0.5148727559055118
21
0.5181847637795276
0
LINE
8
BLACK
6
CONTINUOUS
10
0.5148727559055118
20
0.5181847637795276
11
0.5145458661417323
21
0.5183201968503937
0
LINE
8
BLACK
6
CONTINUOUS
10
0.5145458661417323
20
0.5183201968503937
11
0.5136077952755905
21
0.5192582677165354
0
LINE
8
BLACK
6
CONTINUOUS
10
0.5136077952755905
20
0.5192582677165354
11
0.5134723622047244
21
0.519585157480315
0
LINE
8
BLACK
6
CONTINUOUS
10
0.5134723622047244
20
0.519585157480315
11
0.5132050393700788
21
0.5198170472440945
0
LINE
8
BLACK
6
CONTINUOUS
10
0.5132050393700788
20
0.5198170472440945
11
0.5122669291338583
21
0.5216932677165355
0
LINE
8
BLACK
6
CONTINUOUS
10
0.5122669291338583
20
0.5216932677165355
11
0.5122314566929134
21
0.5221924015748032
0
LINE
8
BLACK
6
CONTINUOUS
10
0.5122314566929134
20
0.5221924015748032
11
0.5120399606299213
21
0.5226547637795276
0
LINE
8
BLACK
6
CONTINUOUS
10
0.5120399606299213
20
0.5226547637795276
11
0.5120399606299213
21
0.5245309448818898
0
LINE
8
BLACK
6
CONTINUOUS
10
0.5120399606299213
20
0.5245309448818898
11
0.5122314566929134
21
0.5249933070866142
0
LINE
8
BLACK
6
CONTINUOUS
10
0.5122314566929134
20
0.5249933070866142
11
0.512266968503937
21
0.5254924803149607
0
LINE
8
BLACK
6
CONTINUOUS
10
0.512266968503937
20
0.5254924803149607
11
0.5132050393700788
21
0.5273686614173229
0
LINE
8
BLACK
6
CONTINUOUS
10
0.5132050393700788
20
0.5273686614173229
11
0.5134723622047244
21
0.5276004724409449
0
LINE
8
BLACK
6
CONTINUOUS
10
0.5134723622047244
20
0.5276004724409449
11
0.5136077559055118
21
0.5279273622047244
0
LINE
8
BLACK
6
CONTINUOUS
10
0.5136077559055118
20
0.5279273622047244
11
0.5145458267716535
21
0.5288654724409448
0
LINE
8
BLACK
6
CONTINUOUS
10
0.5145458267716535
20
0.5288654724409448
11
0.5148727559055118
21
0.5290008661417323
0
LINE
8
BLACK
6
CONTINUOUS
10
0.5148727559055118
20
0.5290008661417323
11
0.5151046456692914
21
0.5292682677165355
0
LINE
8
BLACK
6
CONTINUOUS
10
0.5151046456692914
20
0.5292682677165355
11
0.516980905511811
21
0.5302063385826772
0
LINE
8
BLACK
6
CONTINUOUS
10
0.516980905511811
20
0.5302063385826772
11
0.5172246062992126
21
0.530223622047244
0
LINE
8
BLACK
6
CONTINUOUS
10
0.5172246062992126
20
0.530223622047244
11
0.517420905511811
21
0.5303690944881889
0
LINE
8
BLACK
6
CONTINUOUS
10
0.517420905511811
20
0.5303690944881889
11
0.5211732283464566
21
0.5313072047244094
0
LINE
8
BLACK
6
CONTINUOUS
10
0.5211732283464566
20
0.5313072047244094
11
0.5214428346456693
21
0.5312670866141732
0
LINE
8
BLACK
6
CONTINUOUS
10
0.5214428346456693
20
0.5312670866141732
11
0.5216947244094489
21
0.5313714173228347
0
LINE
8
BLACK
6
CONTINUOUS
10
0.5216947244094489
20
0.5313714173228347
11
0.5263851968503936
21
0.5313714173228347
0
LINE
8
BLACK
6
CONTINUOUS
10
0.5263851968503936
20
0.5313714173228347
11
0.5266370472440944
21
0.5312670866141732
0
LINE
8
BLACK
6
CONTINUOUS
10
0.5186928346456693
20
0.5262547637795275
11
0.5173396850393701
21
0.525578188976378
0
LINE
8
BLACK
6
CONTINUOUS
10
0.5173396850393701
20
0.525578188976378
11
0.5168950393700787
21
0.5251335433070866
0
LINE
8
BLACK
6
CONTINUOUS
10
0.5168950393700787
20
0.5251335433070866
11
0.5163399606299213
21
0.5240233858267717
0
LINE
8
BLACK
6
CONTINUOUS
10
0.5163399606299213
20
0.5240233858267717
11
0.5163399606299213
21
0.5231623228346457
0
LINE
8
BLACK
6
CONTINUOUS
10
0.5163399606299213
20
0.5231623228346457
11
0.5168950787401575
21
0.5220520866141732
0
LINE
8
BLACK
6
CONTINUOUS
10
0.5168950787401575
20
0.5220520866141732
11
0.5173396850393701
21
0.5216074803149606
0
LINE
8
BLACK
6
CONTINUOUS
10
0.5173396850393701
20
0.5216074803149606
11
0.5186926771653543
21
0.5209309448818897
0
LINE
8
BLACK
6
CONTINUOUS
10
0.5186926771653543
20
0.5209309448818897
11
0.5219594488188977
21
0.5201142913385827
0
LINE
8
BLACK
6
CONTINUOUS
10
0.5219594488188977
20
0.5201142913385827
11
0.5261204724409448
21
0.5201142913385827
0
LINE
8
BLACK
6
CONTINUOUS
10
0.5261204724409448
20
0.5201142913385827
11
0.5293872834645669
21
0.5209309842519685
0
LINE
8
BLACK
6
CONTINUOUS
10
0.5293872834645669
20
0.5209309842519685
11
0.5307401968503936
21
0.5216074409448819
0
LINE
8
BLACK
6
CONTINUOUS
10
0.5307401968503936
20
0.5216074409448819
11
0.531184842519685
21
0.5220520866141732
0
LINE
8
BLACK
6
CONTINUOUS
10
0.531184842519685
20
0.5220520866141732
11
0.5317399606299212
21
0.5231622834645669
0
LINE
8
BLACK
6
CONTINUOUS
10
0.5317399606299212
20
0.5231622834645669
11
0.5317399606299212
21
0.5240233858267717
0
LINE
8
BLACK
6
CONTINUOUS
10
0.5317399606299212
20
0.5240233858267717
11
0.531184842519685
21
0.5251335826771654
0
LINE
8
BLACK
6
CONTINUOUS
10
0.531184842519685
20
0.5251335826771654
11
0.5307402362204724
21
0.525578188976378
0
LINE
8
BLACK
6
CONTINUOUS
10
0.5307402362204724
20
0.525578188976378
11
0.5293870866141732
21
0.5262547637795275
0
LINE
8
BLACK
6
CONTINUOUS
10
0.5293870866141732
20
0.5262547637795275
11
0.5261205905511811
21
0.5270714173228346
0
LINE
8
BLACK
6
CONTINUOUS
10
0.5261205905511811
20
0.5270714173228346
11
0.5219594881889764
21
0.5270714173228346
0
LINE
8
BLACK
6
CONTINUOUS
10
0.5219594881889764
20
0.5270714173228346
11
0.5186928346456693
21
0.5262547637795275
0
LINE
8
BLACK
6
CONTINUOUS
10
0.4679102362204725
20
0.5410607086614173
11
0.4685399606299213
21
0.5395404330708661
0
LINE
8
BLACK
6
CONTINUOUS
10
0.4685399606299213
20
0.5395404330708661
11
0.4679102362204725
21
0.538020157480315
0
LINE
8
BLACK
6
CONTINUOUS
10
0.4679102362204725
20
0.538020157480315
11
0.4663899606299213
21
0.5373904330708661
0
LINE
8
BLACK
6
CONTINUOUS
10
0.4663899606299213
20
0.5373904330708661
11
0.4591590157480315
21
0.5373904330708661
0
LINE
8
BLACK
6
CONTINUOUS
10
0.4591590157480315
20
0.5373904330708661
11
0.4591590157480315
21
0.5359693307086614
0
LINE
8
BLACK
6
CONTINUOUS
10
0.4591590157480315
20
0.5359693307086614
11
0.4676229133858268
21
0.5300446456692913
0
LINE
8
BLACK
6
CONTINUOUS
10
0.4676229133858268
20
0.5300446456692913
11
0.4685072440944882
21
0.5286569291338583
0
LINE
8
BLACK
6
CONTINUOUS
10
0.4685072440944882
20
0.5286569291338583
11
0.4681512992125984
21
0.5270503543307087
0
LINE
8
BLACK
6
CONTINUOUS
10
0.4681512992125984
20
0.5270503543307087
11
0.4667636220472441
21
0.5261660236220472
0
LINE
8
BLACK
6
CONTINUOUS
10
0.4667636220472441
20
0.5261660236220472
11
0.4651570078740158
21
0.526521968503937
0
LINE
8
BLACK
6
CONTINUOUS
10
0.4651570078740158
20
0.526521968503937
11
0.4588598818897638
21
0.5309299212598425
0
LINE
8
BLACK
6
CONTINUOUS
10
0.4588598818897638
20
0.5309299212598425
11
0.4579938976377952
21
0.5291979527559055
0
LINE
8
BLACK
6
CONTINUOUS
10
0.4579938976377952
20
0.5291979527559055
11
0.4577265748031496
21
0.5289661023622048
0
LINE
8
BLACK
6
CONTINUOUS
10
0.4577265748031496
20
0.5289661023622048
11
0.4575911811023622
21
0.5286392125984252
0
LINE
8
BLACK
6
CONTINUOUS
10
0.4575911811023622
20
0.5286392125984252
11
0.4566531102362205
21
0.5277011417322834
0
LINE
8
BLACK
6
CONTINUOUS
10
0.4566531102362205
20
0.5277011417322834
11
0.4563261811023622
21
0.5275657086614173
0
LINE
8
BLACK
6
CONTINUOUS
10
0.4563261811023622
20
0.5275657086614173
11
0.4560943307086614
21
0.5272983858267717
0
LINE
8
BLACK
6
CONTINUOUS
10
0.4560943307086614
20
0.5272983858267717
11
0.4542181102362204
21
0.5263602755905512
0
LINE
8
BLACK
6
CONTINUOUS
10
0.4542181102362204
20
0.5263602755905512
11
0.453718937007874
21
0.5263248031496063
0
LINE
8
BLACK
6
CONTINUOUS
10
0.453718937007874
20
0.5263248031496063
11
0.4532566141732283
21
0.5261333070866142
0
LINE
8
BLACK
6
CONTINUOUS
10
0.4532566141732283
20
0.5261333070866142
11
0.4504423622047244
21
0.5261333070866142
0
LINE
8
BLACK
6
CONTINUOUS
10
0.4504423622047244
20
0.5261333070866142
11
0.44998
21
0.5263248031496063
0
LINE
8
BLACK
6
CONTINUOUS
10
0.44998
20
0.5263248031496063
11
0.4494808661417323
21
0.5263602755905512
0
LINE
8
BLACK
6
CONTINUOUS
10
0.4494808661417323
20
0.5263602755905512
11
0.4476046456692913
21
0.5272983858267717
0
LINE
8
BLACK
6
CONTINUOUS
10
0.4476046456692913
20
0.5272983858267717
11
0.4473727559055118
21
0.5275657086614173
0
LINE
8
BLACK
6
CONTINUOUS
10
0.4473727559055118
20
0.5275657086614173
11
0.4470458661417323
21
0.5277011417322834
0
LINE
8
BLACK
6
CONTINUOUS
10
0.4470458661417323
20
0.5277011417322834
11
0.4461077952755905
21
0.5286392125984252
0
LINE
8
BLACK
6
CONTINUOUS
10
0.4461077952755905
20
0.5286392125984252
11
0.4459723622047244
21
0.528966062992126
0
LINE
8
BLACK
6
CONTINUOUS
10
0.4459723622047244
20
0.528966062992126
11
0.4457050393700787
21
0.5291979527559055
0
LINE
8
BLACK
6
CONTINUOUS
10
0.4457050393700787
20
0.5291979527559055
11
0.444766968503937
21
0.5310741338582677
0
LINE
8
BLACK
6
CONTINUOUS
10
0.444766968503937
20
0.5310741338582677
11
0.4447314566929134
21
0.5315732677165355
0
LINE
8
BLACK
6
CONTINUOUS
10
0.4447314566929134
20
0.5315732677165355
11
0.4445399606299212
21
0.5320356692913386
0
LINE
8
BLACK
6
CONTINUOUS
10
0.4445399606299212
20
0.5320356692913386
11
0.4445399606299212
21
0.5395404330708661
0
LINE
8
BLACK
6
CONTINUOUS
10
0.4445399606299212
20
0.5395404330708661
11
0.44516968503937
21
0.5410607086614173
0
LINE
8
BLACK
6
CONTINUOUS
10
0.44516968503937
20
0.5410607086614173
11
0.4466899606299212
21
0.5416904330708662
0
LINE
8
BLACK
6
CONTINUOUS
10
0.4466899606299212
20
0.5416904330708662
11
0.4663899606299213
21
0.5416904330708662
0
LINE
8
BLACK
6
CONTINUOUS
10
0.4663899606299213
20
0.5416904330708662
11
0.4679102362204725
21
0.5410607086614173
0
LINE
8
BLACK
6
CONTINUOUS
10
0.4488399606299213
20
0.532543188976378
11
0.449395
21
0.5314330708661417
0
LINE
8
BLACK
6
CONTINUOUS
10
0.449395
20
0.5314330708661417
11
0.4498396850393701
21
0.5309884251968504
0
LINE
8
BLACK
6
CONTINUOUS
10
0.4498396850393701
20
0.5309884251968504
11
0.4509499212598425
21
0.5304333070866142
0
LINE
8
BLACK
6
CONTINUOUS
10
0.4509499212598425
20
0.5304333070866142
11
0.4527490551181102
21
0.5304333070866142
0
LINE
8
BLACK
6
CONTINUOUS
10
0.4527490551181102
20
0.5304333070866142
11
0.4538592913385827
21
0.5309884251968504
0
LINE
8
BLACK
6
CONTINUOUS
10
0.4538592913385827
20
0.5309884251968504
11
0.4543038976377953
21
0.531433031496063
0
LINE
8
BLACK
6
CONTINUOUS
10
0.4543038976377953
20
0.531433031496063
11
0.4548590157480315
21
0.5325432283464567
0
LINE
8
BLACK
6
CONTINUOUS
10
0.4548590157480315
20
0.5325432283464567
11
0.4548590157480315
21
0.5373904330708661
0
LINE
8
BLACK
6
CONTINUOUS
10
0.4548590157480315
20
0.5373904330708661
11
0.4488399606299213
21
0.5373904330708661
0
LINE
8
BLACK
6
CONTINUOUS
10
0.4488399606299213
20
0.5373904330708661
11
0.4488399606299213
21
0.532543188976378
0
LINE
8
BLACK
6
CONTINUOUS
10
0.5629102362204724
20
0.5410607086614173
11
0.5635399606299213
21
0.5395404330708661
0
LINE
8
BLACK
6
CONTINUOUS
10
0.5635399606299213
20
0.5395404330708661
11
0.5629102362204724
21
0.538020157480315
0
LINE
8
BLACK
6
CONTINUOUS
10
0.5629102362204724
20
0.538020157480315
11
0.5613899606299212
21
0.5373904330708661
0
LINE
8
BLACK
6
CONTINUOUS
10
0.5613899606299212
20
0.5373904330708661
11
0.5541590157480315
21
0.5373904330708661
0
LINE
8
BLACK
6
CONTINUOUS
10
0.5541590157480315
20
0.5373904330708661
11
0.5541590157480315
21
0.5359693307086614
0
LINE
8
BLACK
6
CONTINUOUS
10
0.5541590157480315
20
0.5359693307086614
11
0.5626229133858267
21
0.5300446456692913
0
LINE
8
BLACK
6
CONTINUOUS
10
0.5626229133858267
20
0.5300446456692913
11
0.5635072440944882
21
0.5286569291338583
0
LINE
8
BLACK
6
CONTINUOUS
10
0.5635072440944882
20
0.5286569291338583
11
0.5631512992125984
21
0.5270503543307087
0
LINE
8
BLACK
6
CONTINUOUS
10
0.5631512992125984
20
0.5270503543307087
11
0.5617636220472441
21
0.5261660236220472
0
LINE
8
BLACK
6
CONTINUOUS
10
0.5617636220472441
20
0.5261660236220472
11
0.5601570078740158
21
0.526521968503937
0
LINE
8
BLACK
6
CONTINUOUS
10
0.5601570078740158
20
0.526521968503937
11
0.5538598818897638
21
0.5309299212598425
0
LINE
8
BLACK
6
CONTINUOUS
10
0.5538598818897638
20
0.5309299212598425
11
0.5529938976377953
21
0.5291979527559055
0
LINE
8
BLACK
6
CONTINUOUS
10
0.5529938976377953
20
0.5291979527559055
11
0.5527265748031496
21
0.5289661023622048
0
LINE
8
BLACK
6
CONTINUOUS
10
0.5527265748031496
20
0.5289661023622048
11
0.5525911811023622
21
0.5286392125984252
0
LINE
8
BLACK
6
CONTINUOUS
10
0.5525911811023622
20
0.5286392125984252
11
0.5516531102362204
21
0.5277011417322834
0
LINE
8
BLACK
6
CONTINUOUS
10
0.5516531102362204
20
0.5277011417322834
11
0.5513261811023622
21
0.5275657086614173
0
LINE
8
BLACK
6
CONTINUOUS
10
0.5513261811023622
20
0.5275657086614173
11
0.5510943307086614
21
0.5272983858267717
0
LINE
8
BLACK
6
CONTINUOUS
10
0.5510943307086614
20
0.5272983858267717
11
0.5492181102362205
21
0.5263602755905512
0
LINE
8
BLACK
6
CONTINUOUS
10
0.5492181102362205
20
0.5263602755905512
11
0.548718937007874
21
0.5263248031496063
0
LINE
8
BLACK
6
CONTINUOUS
10
0.548718937007874
20
0.5263248031496063
11
0.5482566141732284
21
0.5261333070866142
0
LINE
8
BLACK
6
CONTINUOUS
10
0.5482566141732284
20
0.5261333070866142
11
0.5454423622047244
21
0.5261333070866142
0
LINE
8
BLACK
6
CONTINUOUS
10
0.5454423622047244
20
0.5261333070866142
11
0.54498
21
0.5263248031496063
0
LINE
8
BLACK
6
CONTINUOUS
10
0.54498
20
0.5263248031496063
11
0.5444808661417323
21
0.5263602755905512
0
LINE
8
BLACK
6
CONTINUOUS
10
0.5444808661417323
20
0.5263602755905512
11
0.5426046456692913
21
0.5272983858267717
0
LINE
8
BLACK
6
CONTINUOUS
10
0.5426046456692913
20
0.5272983858267717
11
0.5423727559055118
21
0.5275657086614173
0
LINE
8
BLACK
6
CONTINUOUS
10
0.5423727559055118
20
0.5275657086614173
11
0.5420458661417322
21
0.5277011417322834
0
LINE
8
BLACK
6
CONTINUOUS
10
0.5420458661417322
20
0.5277011417322834
11
0.5411077952755905
21
0.5286392125984252
0
LINE
8
BLACK
6
CONTINUOUS
10
0.5411077952755905
20
0.5286392125984252
11
0.5409723622047244
21
0.528966062992126
0
LINE
8
BLACK
6
CONTINUOUS
10
0.5409723622047244
20
0.528966062992126
11
0.5407050393700787
21
0.5291979527559055
0
LINE
8
BLACK
6
CONTINUOUS
10
0.5407050393700787
20
0.5291979527559055
11
0.539766968503937
21
0.5310741338582677
0
LINE
8
BLACK
6
CONTINUOUS
10
0.539766968503937
20
0.5310741338582677
11
0.5397314566929133
21
0.5315732677165355
0
LINE
8
BLACK
6
CONTINUOUS
10
0.5397314566929133
20
0.5315732677165355
11
0.5395399606299213
21
0.5320356692913386
0
LINE
8
BLACK
6
CONTINUOUS
10
0.5395399606299213
20
0.5320356692913386
11
0.5395399606299213
21
0.5395404330708661
0
LINE
8
BLACK
6
CONTINUOUS
10
0.5395399606299213
20
0.5395404330708661
11
0.54016968503937
21
0.5410607086614173
0
LINE
8
BLACK
6
CONTINUOUS
10
0.54016968503937
20
0.5410607086614173
11
0.5416899606299213
21
0.5416904330708662
0
LINE
8
BLACK
6
CONTINUOUS
10
0.5416899606299213
20
0.5416904330708662
11
0.5613899606299212
21
0.5416904330708662
0
LINE
8
BLACK
6
CONTINUOUS
10
0.5613899606299212
20
0.5416904330708662
11
0.5629102362204724
21
0.5410607086614173
0
LINE
8
BLACK
6
CONTINUOUS
10
0.5438399606299212
20
0.532543188976378
11
0.544395
21
0.5314330708661417
0
LINE
8
BLACK
6
CONTINUOUS
10
0.544395
20
0.5314330708661417
11
0.5448396850393701
21
0.5309884251968504
0
LINE
8
BLACK
6
CONTINUOUS
10
0.5448396850393701
20
0.5309884251968504
11
0.5459499212598425
21
0.5304333070866142
0
LINE
8
BLACK
6
CONTINUOUS
10
0.5459499212598425
20
0.5304333070866142
11
0.5477490551181102
21
0.5304333070866142
0
LINE
8
BLACK
6
CONTINUOUS
10
0.5477490551181102
20
0.5304333070866142
11
0.5488592913385827
21
0.5309884251968504
0
LINE
8
BLACK
6
CONTINUOUS
10
0.5488592913385827
20
0.5309884251968504
11
0.5493038976377953
21
0.531433031496063
0
LINE
8
BLACK
6
CONTINUOUS
10
0.5493038976377953
20
0.531433031496063
11
0.5498590157480315
21
0.5325432283464567
0
LINE
8
BLACK
6
CONTINUOUS
10
0.5498590157480315
20
0.5325432283464567
11
0.5498590157480315
21
0.5373904330708661
0
LINE
8
BLACK
6
CONTINUOUS
10
0.5498590157480315
20
0.5373904330708661
11
0.5438399606299212
21
0.5373904330708661
0
LINE
8
BLACK
6
CONTINUOUS
10
0.5438399606299212
20
0.5373904330708661
11
0.5438399606299212
21
0.532543188976378
0
LINE
8
BLACK
6
CONTINUOUS
10
0.4404102362204724
20
0.5495035826771654
11
0.4410399606299212
21
0.5479833070866141
0
LINE
8
BLACK
6
CONTINUOUS
10
0.4410399606299212
20
0.5479833070866141
11
0.4410399606299212
21
0.5367261811023621
0
LINE
8
BLACK
6
CONTINUOUS
10
0.4410399606299212
20
0.5367261811023621
11
0.4404102362204724
21
0.535205905511811
0
LINE
8
BLACK
6
CONTINUOUS
10
0.4404102362204724
20
0.535205905511811
11
0.4388899606299212
21
0.5345761811023622
0
LINE
8
BLACK
6
CONTINUOUS
10
0.4388899606299212
20
0.5345761811023622
11
0.4373696850393701
21
0.535205905511811
0
LINE
8
BLACK
6
CONTINUOUS
10
0.4373696850393701
20
0.535205905511811
11
0.4367399606299213
21
0.5367261811023621
0
LINE
8
BLACK
6
CONTINUOUS
10
0.4367399606299213
20
0.5367261811023621
11
0.4367399606299213
21
0.5402047244094488
0
LINE
8
BLACK
6
CONTINUOUS
10
0.4367399606299213
20
0.5402047244094488
11
0.4191899606299213
21
0.5402047244094488
0
LINE
8
BLACK
6
CONTINUOUS
10
0.4191899606299213
20
0.5402047244094488
11
0.4189853937007874
21
0.5402894094488189
0
LINE
8
BLACK
6
CONTINUOUS
10
0.4189853937007874
20
0.5402894094488189
11
0.4187683070866142
21
0.5402464960629921
0
LINE
8
BLACK
6
CONTINUOUS
10
0.4187683070866142
20
0.5402464960629921
11
0.4182481496062992
21
0.5405948031496063
0
LINE
8
BLACK
6
CONTINUOUS
10
0.4182481496062992
20
0.5405948031496063
11
0.4176696850393701
21
0.5408344488188976
0
LINE
8
BLACK
6
CONTINUOUS
10
0.4176696850393701
20
0.5408344488188976
11
0.4175849606299212
21
0.541038937007874
0
LINE
8
BLACK
6
CONTINUOUS
10
0.4175849606299212
20
0.541038937007874
11
0.417401062992126
21
0.541162125984252
0
LINE
8
BLACK
6
CONTINUOUS
10
0.417401062992126
20
0.541162125984252
11
0.4172795669291339
21
0.5417762204724409
0
LINE
8
BLACK
6
CONTINUOUS
10
0.4172795669291339
20
0.5417762204724409
11
0.4170399606299213
21
0.5423547244094488
0
LINE
8
BLACK
6
CONTINUOUS
10
0.4170399606299213
20
0.5423547244094488
11
0.4171246456692913
21
0.542559251968504
0
LINE
8
BLACK
6
CONTINUOUS
10
0.4171246456692913
20
0.542559251968504
11
0.4170817322834646
21
0.5427763779527559
0
LINE
8
BLACK
6
CONTINUOUS
10
0.4170817322834646
20
0.5427763779527559
11
0.4174300393700787
21
0.5432964960629921
0
LINE
8
BLACK
6
CONTINUOUS
10
0.4174300393700787
20
0.5432964960629921
11
0.4176696850393701
21
0.543875
0
LINE
8
BLACK
6
CONTINUOUS
10
0.4176696850393701
20
0.543875
11
0.4178741732283465
21
0.5439596850393701
0
LINE
8
BLACK
6
CONTINUOUS
10
0.4178741732283465
20
0.5439596850393701
11
0.4179973622047244
21
0.5441436220472441
0
LINE
8
BLACK
6
CONTINUOUS
10
0.4179973622047244
20
0.5441436220472441
11
0.4206345275590551
21
0.5459017716535433
0
LINE
8
BLACK
6
CONTINUOUS
10
0.4206345275590551
20
0.5459017716535433
11
0.4221134251968504
21
0.5473806692913386
0
LINE
8
BLACK
6
CONTINUOUS
10
0.4221134251968504
20
0.5473806692913386
11
0.4228955118110236
21
0.548944842519685
0
LINE
8
BLACK
6
CONTINUOUS
10
0.4228955118110236
20
0.548944842519685
11
0.4241386614173228
21
0.5500229527559055
0
LINE
8
BLACK
6
CONTINUOUS
10
0.4241386614173228
20
0.5500229527559055
11
0.4257800787401575
21
0.5499062992125984
0
LINE
8
BLACK
6
CONTINUOUS
10
0.4257800787401575
20
0.5499062992125984
11
0.4268582283464567
21
0.5486631889763779
0
LINE
8
BLACK
6
CONTINUOUS
10
0.4268582283464567
20
0.5486631889763779
11
0.4267415354330709
21
0.5470217716535433
0
LINE
8
BLACK
6
CONTINUOUS
10
0.4267415354330709
20
0.5470217716535433
11
0.4258034251968504
21
0.5451455905511811
0
LINE
8
BLACK
6
CONTINUOUS
10
0.4258034251968504
20
0.5451455905511811
11
0.4255361023622047
21
0.5449137401574803
0
LINE
8
BLACK
6
CONTINUOUS
10
0.4255361023622047
20
0.5449137401574803
11
0.4254007086614173
21
0.5445868503937008
0
LINE
8
BLACK
6
CONTINUOUS
10
0.4254007086614173
20
0.5445868503937008
11
0.4253185826771653
21
0.5445047244094489
0
LINE
8
BLACK
6
CONTINUOUS
10
0.4253185826771653
20
0.5445047244094489
11
0.4367399606299213
21
0.5445047244094489
0
LINE
8
BLACK
6
CONTINUOUS
10
0.4367399606299213
20
0.5445047244094489
11
0.4367399606299213
21
0.5479833070866141
0
LINE
8
BLACK
6
CONTINUOUS
10
0.4367399606299213
20
0.5479833070866141
11
0.4373696850393701
21
0.5495035826771654
0
LINE
8
BLACK
6
CONTINUOUS
10
0.4373696850393701
20
0.5495035826771654
11
0.4388899606299212
21
0.5501333070866141
0
LINE
8
BLACK
6
CONTINUOUS
10
0.4388899606299212
20
0.5501333070866141
11
0.4404102362204724
21
0.5495035826771654
0
LINE
8
BLACK
6
CONTINUOUS
10
0.5354102362204725
20
0.5495035826771654
11
0.5360399606299212
21
0.5479833070866141
0
LINE
8
BLACK
6
CONTINUOUS
10
0.5360399606299212
20
0.5479833070866141
11
0.5360399606299212
21
0.5367261811023621
0
LINE
8
BLACK
6
CONTINUOUS
10
0.5360399606299212
20
0.5367261811023621
11
0.5354102362204725
21
0.535205905511811
0
LINE
8
BLACK
6
CONTINUOUS
10
0.5354102362204725
20
0.535205905511811
11
0.5338899606299212
21
0.5345761811023622
0
LINE
8
BLACK
6
CONTINUOUS
10
0.5338899606299212
20
0.5345761811023622
11
0.5323696850393701
21
0.535205905511811
0
LINE
8
BLACK
6
CONTINUOUS
10
0.5323696850393701
20
0.535205905511811
11
0.5317399606299212
21
0.5367261811023621
0
LINE
8
BLACK
6
CONTINUOUS
10
0.5317399606299212
20
0.5367261811023621
11
0.5317399606299212
21
0.5402047244094488
0
LINE
8
BLACK
6
CONTINUOUS
10
0.5317399606299212
20
0.5402047244094488
11
0.5141899606299213
21
0.5402047244094488
0
LINE
8
BLACK
6
CONTINUOUS
10
0.5141899606299213
20
0.5402047244094488
11
0.5139853937007874
21
0.5402894094488189
0
LINE
8
BLACK
6
CONTINUOUS
10
0.5139853937007874
20
0.5402894094488189
11
0.5137683070866141
21
0.5402464960629921
0
LINE
8
BLACK
6
CONTINUOUS
10
0.5137683070866141
20
0.5402464960629921
11
0.5132481496062992
21
0.5405948031496063
0
LINE
8
BLACK
6
CONTINUOUS
10
0.5132481496062992
20
0.5405948031496063
11
0.51266968503937
21
0.5408344488188976
0
LINE
8
BLACK
6
CONTINUOUS
10
0.51266968503937
20
0.5408344488188976
11
0.5125849606299212
21
0.541038937007874
0
LINE
8
BLACK
6
CONTINUOUS
10
0.5125849606299212
20
0.541038937007874
11
0.512401062992126
21
0.541162125984252
0
LINE
8
BLACK
6
CONTINUOUS
10
0.512401062992126
20
0.541162125984252
11
0.5122795669291339
21
0.5417762204724409
0
LINE
8
BLACK
6
CONTINUOUS
10
0.5122795669291339
20
0.5417762204724409
11
0.5120399606299213
21
0.5423547244094488
0
LINE
8
BLACK
6
CONTINUOUS
10
0.5120399606299213
20
0.5423547244094488
11
0.5121246456692913
21
0.542559251968504
0
LINE
8
BLACK
6
CONTINUOUS
10
0.5121246456692913
20
0.542559251968504
11
0.5120817322834645
21
0.5427763779527559
0
LINE
8
BLACK
6
CONTINUOUS
10
0.5120817322834645
20
0.5427763779527559
11
0.5124300393700787
21
0.5432964960629921
0
LINE
8
BLACK
6
CONTINUOUS
10
0.5124300393700787
20
0.5432964960629921
11
0.51266968503937
21
0.543875
0
LINE
8
BLACK
6
CONTINUOUS
10
0.51266968503937
20
0.543875
11
0.5128741732283465
21
0.5439596850393701
0
LINE
8
BLACK
6
CONTINUOUS
10
0.5128741732283465
20
0.5439596850393701
11
0.5129973622047244
21
0.5441436220472441
0
LINE
8
BLACK
6
CONTINUOUS
10
0.5129973622047244
20
0.5441436220472441
11
0.5156345275590551
21
0.5459017716535433
0
LINE
8
BLACK
6
CONTINUOUS
10
0.5156345275590551
20
0.5459017716535433
11
0.5171134251968503
21
0.5473806692913386
0
LINE
8
BLACK
6
CONTINUOUS
10
0.5171134251968503
20
0.5473806692913386
11
0.5178955118110236
21
0.548944842519685
0
LINE
8
BLACK
6
CONTINUOUS
10
0.5178955118110236
20
0.548944842519685
11
0.5191386614173228
21
0.5500229527559055
0
LINE
8
BLACK
6
CONTINUOUS
10
0.5191386614173228
20
0.5500229527559055
11
0.5207800787401574
21
0.5499062992125984
0
LINE
8
BLACK
6
CONTINUOUS
10
0.5207800787401574
20
0.5499062992125984
11
0.5218582283464567
21
0.5486631889763779
0
LINE
8
BLACK
6
CONTINUOUS
10
0.5218582283464567
20
0.5486631889763779
11
0.5217415354330709
21
0.5470217716535433
0
LINE
8
BLACK
6
CONTINUOUS
10
0.5217415354330709
20
0.5470217716535433
11
0.5208034251968504
21
0.5451455905511811
0
LINE
8
BLACK
6
CONTINUOUS
10
0.5208034251968504
20
0.5451455905511811
11
0.5205361023622047
21
0.5449137401574803
0
LINE
8
BLACK
6
CONTINUOUS
10
0.5205361023622047
20
0.5449137401574803
11
0.5204007086614173
21
0.5445868503937008
0
LINE
8
BLACK
6
CONTINUOUS
10
0.5204007086614173
20
0.5445868503937008
11
0.5203185826771654
21
0.5445047244094489
0
LINE
8
BLACK
6
CONTINUOUS
10
0.5203185826771654
20
0.5445047244094489
11
0.5317399606299212
21
0.5445047244094489
0
LINE
8
BLACK
6
CONTINUOUS
10
0.5317399606299212
20
0.5445047244094489
11
0.5317399606299212
21
0.5479833070866141
0
LINE
8
BLACK
6
CONTINUOUS
10
0.5317399606299212
20
0.5479833070866141
11
0.5323696850393701
21
0.5495035826771654
0
LINE
8
BLACK
6
CONTINUOUS
10
0.5323696850393701
20
0.5495035826771654
11
0.5338899606299212
21
0.5501333070866141
0
LINE
8
BLACK
6
CONTINUOUS
10
0.5338899606299212
20
0.5501333070866141
11
0.5354102362204725
21
0.5495035826771654
0
LINE
8
BLACK
6
CONTINUOUS
10
0.475
20
0.58695
11
0.4763788582677165
21
0.5863788582677165
0
LINE
8
BLACK
6
CONTINUOUS
10
0.4763788582677165
20
0.5863788582677165
11
0.47695
21
0.585
0
LINE
8
BLACK
6
CONTINUOUS
10
0.47695
20
0.585
11
0.47695
21
0.545
0
LINE
8
BLACK
6
CONTINUOUS
10
0.47695
20
0.545
11
0.4763788582677165
21
0.5436211417322835
0
LINE
8
BLACK
6
CONTINUOUS
10
0.4763788582677165
20
0.5436211417322835
11
0.475
21
0.54305
0
LINE
8
BLACK
6
CONTINUOUS
10
0.475
20
0.54305
11
0.4736211417322835
21
0.5436211417322835
0
LINE
8
BLACK
6
CONTINUOUS
10
0.4736211417322835
20
0.5436211417322835
11
0.47305
21
0.545
0
LINE
8
BLACK
6
CONTINUOUS
10
0.47305
20
0.545
11
0.47305
21
0.58305
0
LINE
8
BLACK
6
CONTINUOUS
10
0.47305
20
0.58305
11
0.41695
21
0.58305
0
LINE
8
BLACK
6
CONTINUOUS
10
0.41695
20
0.58305
11
0.41695
21
0.545
0
LINE
8
BLACK
6
CONTINUOUS
10
0.41695
20
0.545
11
0.4163788582677165
21
0.5436211417322835
0
LINE
8
BLACK
6
CONTINUOUS
10
0.4163788582677165
20
0.5436211417322835
11
0.415
21
0.54305
0
LINE
8
BLACK
6
CONTINUOUS
10
0.415
20
0.54305
11
0.4136211417322835
21
0.5436211417322835
0
LINE
8
BLACK
6
CONTINUOUS
10
0.4136211417322835
20
0.5436211417322835
11
0.41305
21
0.545
0
LINE
8
BLACK
6
CONTINUOUS
10
0.41305
20
0.545
11
0.41305
21
0.585
0
LINE
8
BLACK
6
CONTINUOUS
10
0.41305
20
0.585
11
0.4136211417322835
21
0.5863788582677165
0
LINE
8
BLACK
6
CONTINUOUS
10
0.4136211417322835
20
0.5863788582677165
11
0.415
21
0.58695
0
LINE
8
BLACK
6
CONTINUOUS
10
0.415
20
0.58695
11
0.475
21
0.58695
0
LINE
8
BLACK
6
CONTINUOUS
10
0.57
20
0.58695
11
0.5713788582677165
21
0.5863788582677165
0
LINE
8
BLACK
6
CONTINUOUS
10
0.5713788582677165
20
0.5863788582677165
11
0.57195
21
0.585
0
LINE
8
BLACK
6
CONTINUOUS
10
0.57195
20
0.585
11
0.57195
21
0.545
0
LINE
8
BLACK
6
CONTINUOUS
10
0.57195
20
0.545
11
0.5713788582677165
21
0.5436211417322835
0
LINE
8
BLACK
6
CONTINUOUS
10
0.5713788582677165
20
0.5436211417322835
11
0.57
21
0.54305
0
LINE
8
BLACK
6
CONTINUOUS
10
0.57
20
0.54305
11
0.5686211417322834
21
0.5436211417322835
0
LINE
8
BLACK
6
CONTINUOUS
10
0.5686211417322834
20
0.5436211417322835
11
0.5680499999999999
21
0.545
0
LINE
8
BLACK
6
CONTINUOUS
10
0.5680499999999999
20
0.545
11
0.5680499999999999
21
0.58305
0
LINE
8
BLACK
6
CONTINUOUS
10
0.5680499999999999
20
0.58305
11
0.51195
21
0.58305
0
LINE
8
BLACK
6
CONTINUOUS
10
0.51195
20
0.58305
11
0.51195
21
0.545
0
LINE
8
BLACK
6
CONTINUOUS
10
0.51195
20
0.545
11
0.5113788582677166
21
0.5436211417322835
0
LINE
8
BLACK
6
CONTINUOUS
10
0.5113788582677166
20
0.5436211417322835
11
0.51
21
0.54305
0
LINE
8
BLACK
6
CONTINUOUS
10
0.51
20
0.54305
11
0.5086211417322835
21
0.5436211417322835
0
LINE
8
BLACK
6
CONTINUOUS
10
0.5086211417322835
20
0.5436211417322835
11
0.50805
21
0.545
0
LINE
8
BLACK
6
CONTINUOUS
10
0.50805
20
0.545
11
0.50805
21
0.585
0
LINE
8
BLACK
6
CONTINUOUS
10
0.50805
20
0.585
11
0.5086211417322835
21
0.5863788582677165
0
LINE
8
BLACK
6
CONTINUOUS
10
0.5086211417322835
20
0.5863788582677165
11
0.51
21
0.58695
0
LINE
8
BLACK
6
CONTINUOUS
10
0.51
20
0.58695
11
0.57
21
0.58695
0
LINE
8
BLACK
6
CONTINUOUS
10
1.2078619291338581
20
0.6731979921259842
11
1.2085527559055118
21
0.6713
0
LINE
8
BLACK
6
CONTINUOUS
10
1.2085527559055118
20
0.6713
11
1.2085527559055118
21
0.5887
0
LINE
8
BLACK
6
CONTINUOUS
10
1.2085527559055118
20
0.5887
11
1.20837468503937
21
0.5876900787401574
0
LINE
8
BLACK
6
CONTINUOUS
10
1.20837468503937
20
0.5876900787401574
11
1.2070763779527558
21
0.5861428346456693
0
LINE
8
BLACK
6
CONTINUOUS
10
1.2070763779527558
20
0.5861428346456693
11
1.2050872440944882
21
0.5857920866141733
0
LINE
8
BLACK
6
CONTINUOUS
10
1.2050872440944882
20
0.5857920866141733
11
1.2033380708661416
21
0.5868020078740157
0
LINE
8
BLACK
6
CONTINUOUS
10
1.2033380708661416
20
0.5868020078740157
11
1.2026472440944882
21
0.5887
0
LINE
8
BLACK
6
CONTINUOUS
10
1.2026472440944882
20
0.5887
11
1.2026472440944882
21
0.624614251968504
0
LINE
8
BLACK
6
CONTINUOUS
10
1.2026472440944882
20
0.624614251968504
11
1.1683389370078741
21
0.5885644094488189
0
LINE
8
BLACK
6
CONTINUOUS
10
1.1683389370078741
20
0.5885644094488189
11
1.1677485433070867
21
0.5881288582677165
0
LINE
8
BLACK
6
CONTINUOUS
10
1.1677485433070867
20
0.5881288582677165
11
1.1676763779527559
21
0.5880428346456693
0
LINE
8
BLACK
6
CONTINUOUS
10
1.1676763779527559
20
0.5880428346456693
11
1.1676179921259842
21
0.5880325196850393
0
LINE
8
BLACK
6
CONTINUOUS
10
1.1676179921259842
20
0.5880325196850393
11
1.1675137007874015
21
0.5879555905511811
0
LINE
8
BLACK
6
CONTINUOUS
10
1.1675137007874015
20
0.5879555905511811
11
1.1665963779527559
21
0.5878524015748031
0
LINE
8
BLACK
6
CONTINUOUS
10
1.1665963779527559
20
0.5878524015748031
11
1.1656872440944881
21
0.5876920866141733
0
LINE
8
BLACK
6
CONTINUOUS
10
1.1656872440944881
20
0.5876920866141733
11
1.1656031102362205
21
0.5877406299212599
0
LINE
8
BLACK
6
CONTINUOUS
10
1.1656031102362205
20
0.5877406299212599
11
1.1655065748031497
21
0.5877298031496063
0
LINE
8
BLACK
6
CONTINUOUS
10
1.1655065748031497
20
0.5877298031496063
11
1.1647373622047243
21
0.5882404724409449
0
LINE
8
BLACK
6
CONTINUOUS
10
1.1647373622047243
20
0.5882404724409449
11
1.1639380708661418
21
0.5887020078740157
0
LINE
8
BLACK
6
CONTINUOUS
10
1.1639380708661418
20
0.5887020078740157
11
1.163904842519685
21
0.5887932677165354
0
LINE
8
BLACK
6
CONTINUOUS
10
1.163904842519685
20
0.5887932677165354
11
1.1638238582677165
21
0.5888470472440944
0
LINE
8
BLACK
6
CONTINUOUS
10
1.1638238582677165
20
0.5888470472440944
11
1.163562874015748
21
0.589732716535433
0
LINE
8
BLACK
6
CONTINUOUS
10
1.163562874015748
20
0.589732716535433
11
1.1632472440944881
21
0.5906
0
LINE
8
BLACK
6
CONTINUOUS
10
1.1632472440944881
20
0.5906
11
1.1632472440944881
21
0.6694
0
LINE
8
BLACK
6
CONTINUOUS
10
1.1632472440944881
20
0.6694
11
1.1633591338582676
21
0.6700347244094488
0
LINE
8
BLACK
6
CONTINUOUS
10
1.1633591338582676
20
0.6700347244094488
11
1.1633478346456692
21
0.6701642125984252
0
LINE
8
BLACK
6
CONTINUOUS
10
1.1633478346456692
20
0.6701642125984252
11
1.163393464566929
21
0.6702294094488189
0
LINE
8
BLACK
6
CONTINUOUS
10
1.163393464566929
20
0.6702294094488189
11
1.16342531496063
21
0.6704099212598426
0
LINE
8
BLACK
6
CONTINUOUS
10
1.16342531496063
20
0.6704099212598426
11
1.1639965748031496
21
0.671090748031496
0
LINE
8
BLACK
6
CONTINUOUS
10
1.1639965748031496
20
0.671090748031496
11
1.1645063779527558
21
0.6718187795275591
0
LINE
8
BLACK
6
CONTINUOUS
10
1.1645063779527558
20
0.6718187795275591
11
1.164636811023622
21
0.6718537007874016
0
LINE
8
BLACK
6
CONTINUOUS
10
1.164636811023622
20
0.6718537007874016
11
1.1647236220472441
21
0.6719571653543307
0
LINE
8
BLACK
6
CONTINUOUS
10
1.1647236220472441
20
0.6719571653543307
11
1.1655989370078741
21
0.6721114960629921
0
LINE
8
BLACK
6
CONTINUOUS
10
1.1655989370078741
20
0.6721114960629921
11
1.1664573228346455
21
0.6723414960629921
0
LINE
8
BLACK
6
CONTINUOUS
10
1.1664573228346455
20
0.6723414960629921
11
1.1665796456692914
21
0.6722844094488188
0
LINE
8
BLACK
6
CONTINUOUS
10
1.1665796456692914
20
0.6722844094488188
11
1.1667127559055117
21
0.6723079133858267
0
LINE
8
BLACK
6
CONTINUOUS
10
1.1667127559055117
20
0.6723079133858267
11
1.1674826377952756
21
0.6718633858267716
0
LINE
8
BLACK
6
CONTINUOUS
10
1.1674826377952756
20
0.6718633858267716
11
1.1682879133858268
21
0.6714879133858268
0
LINE
8
BLACK
6
CONTINUOUS
10
1.1682879133858268
20
0.6714879133858268
11
1.2026472440944882
21
0.6371285826771653
0
LINE
8
BLACK
6
CONTINUOUS
10
1.2026472440944882
20
0.6371285826771653
11
1.2026472440944882
21
0.6713
0
LINE
8
BLACK
6
CONTINUOUS
10
1.2026472440944882
20
0.6713
11
1.2028253149606298
21
0.6723099212598425
0
LINE
8
BLACK
6
CONTINUOUS
10
1.2028253149606298
20
0.6723099212598425
11
1.204123622047244
21
0.6738571653543307
0
LINE
8
BLACK
6
CONTINUOUS
10
1.204123622047244
20
0.6738571653543307
11
1.2061127559055118
21
0.6742079133858268
0
LINE
8
BLACK
6
CONTINUOUS
10
1.2061127559055118
20
0.6742079133858268
11
1.2078619291338581
21
0.6731979921259842
0
LINE
8
BLACK
6
CONTINUOUS
10
1.1691527559055117
20
0.5979857480314961
11
1.2004999212598424
21
0.6309242125984251
0
LINE
8
BLACK
6
CONTINUOUS
10
1.2004999212598424
20
0.6309242125984251
11
1.1691527559055117
21
0.6622714173228347
0
LINE
8
BLACK
6
CONTINUOUS
10
1.1691527559055117
20
0.6622714173228347
11
1.1691527559055117
21
0.5979857480314961
0
LINE
8
BLACK
6
CONTINUOUS
10
1.2574383464566929
20
0.7031680708661417
11
1.2580094881889763
21
0.7017892125984252
0
LINE
8
BLACK
6
CONTINUOUS
10
1.2580094881889763
20
0.7017892125984252
11
1.2580094881889763
21
0.6820892125984251
0
LINE
8
BLACK
6
CONTINUOUS
10
1.2580094881889763
20
0.6820892125984251
11
1.2574383464566929
21
0.6807103543307087
0
LINE
8
BLACK
6
CONTINUOUS
10
1.2574383464566929
20
0.6807103543307087
11
1.2560594881889764
21
0.6801392125984251
0
LINE
8
BLACK
6
CONTINUOUS
10
1.2560594881889764
20
0.6801392125984251
11
1.2546806299212598
21
0.6807103543307087
0
LINE
8
BLACK
6
CONTINUOUS
10
1.2546806299212598
20
0.6807103543307087
11
1.2541094881889763
21
0.6820892125984251
0
LINE
8
BLACK
6
CONTINUOUS
10
1.2541094881889763
20
0.6820892125984251
11
1.2541094881889763
21
0.6897243307086613
0
LINE
8
BLACK
6
CONTINUOUS
10
1.2541094881889763
20
0.6897243307086613
11
1.2534561811023621
21
0.6903775984251969
0
LINE
8
BLACK
6
CONTINUOUS
10
1.2534561811023621
20
0.6903775984251969
11
1.2463623622047244
21
0.6809192125984251
0
LINE
8
BLACK
6
CONTINUOUS
10
1.2463623622047244
20
0.6809192125984251
11
1.2450781496062993
21
0.6801588188976377
0
LINE
8
BLACK
6
CONTINUOUS
10
1.2450781496062993
20
0.6801588188976377
11
1.2436323622047243
21
0.6805292125984251
0
LINE
8
BLACK
6
CONTINUOUS
10
1.2436323622047243
20
0.6805292125984251
11
1.2428719685039369
21
0.6818134251968504
0
LINE
8
BLACK
6
CONTINUOUS
10
1.2428719685039369
20
0.6818134251968504
11
1.2432423622047244
21
0.6832592125984251
0
LINE
8
BLACK
6
CONTINUOUS
10
1.2432423622047244
20
0.6832592125984251
11
1.2506704724409448
21
0.6931633070866141
0
LINE
8
BLACK
6
CONTINUOUS
10
1.2506704724409448
20
0.6931633070866141
11
1.2434235039370078
21
0.7004103543307086
0
LINE
8
BLACK
6
CONTINUOUS
10
1.2434235039370078
20
0.7004103543307086
11
1.2428523622047243
21
0.7017892125984252
0
LINE
8
BLACK
6
CONTINUOUS
10
1.2428523622047243
20
0.7017892125984252
11
1.2434235039370078
21
0.7031680708661417
0
LINE
8
BLACK
6
CONTINUOUS
10
1.2434235039370078
20
0.7031680708661417
11
1.2448023622047244
21
0.7037392125984252
0
LINE
8
BLACK
6
CONTINUOUS
10
1.2448023622047244
20
0.7037392125984252
11
1.246181220472441
21
0.7031680708661417
0
LINE
8
BLACK
6
CONTINUOUS
10
1.246181220472441
20
0.7031680708661417
11
1.2541094881889763
21
0.6952397637795276
0
LINE
8
BLACK
6
CONTINUOUS
10
1.2541094881889763
20
0.6952397637795276
11
1.2541094881889763
21
0.7017892125984252
0
LINE
8
BLACK
6
CONTINUOUS
10
1.2541094881889763
20
0.7017892125984252
11
1.2546806299212598
21
0.7031680708661417
0
LINE
8
BLACK
6
CONTINUOUS
10
1.2546806299212598
20
0.7031680708661417
11
1.2560594881889764
21
0.7037392125984252
0
LINE
8
BLACK
6
CONTINUOUS
10
1.2560594881889764
20
0.7037392125984252
11
1.2574383464566929
21
0.7031680708661417
0
LINE
8
BLACK
6
CONTINUOUS
10
1.1098266929133858
20
0.7035436614173228
11
1.1099720472440944
21
0.7035333464566929
0
LINE
8
BLACK
6
CONTINUOUS
10
1.1099720472440944
20
0.7035333464566929
11
1.1103770078740158
21
0.7030663779527558
0
LINE
8
BLACK
6
CONTINUOUS
10
1.1103770078740158
20
0.7030663779527558
11
1.110844094488189
21
0.7026612992125985
0
LINE
8
BLACK
6
CONTINUOUS
10
1.110844094488189
20
0.7026612992125985
11
1.1108544094488189
21
0.702515905511811
0
LINE
8
BLACK
6
CONTINUOUS
10
1.1108544094488189
20
0.702515905511811
11
1.1109498818897638
21
0.7024058661417323
0
LINE
8
BLACK
6
CONTINUOUS
10
1.1109498818897638
20
0.7024058661417323
11
1.1175165354330709
21
0.6827058267716535
0
LINE
8
BLACK
6
CONTINUOUS
10
1.1175165354330709
20
0.6827058267716535
11
1.1174107480314961
21
0.681217125984252
0
LINE
8
BLACK
6
CONTINUOUS
10
1.1174107480314961
20
0.681217125984252
11
1.1162832677165353
21
0.6802392519685039
0
LINE
8
BLACK
6
CONTINUOUS
10
1.1162832677165353
20
0.6802392519685039
11
1.1147945669291339
21
0.6803450787401575
0
LINE
8
BLACK
6
CONTINUOUS
10
1.1147945669291339
20
0.6803450787401575
11
1.1138166929133857
21
0.6814725590551181
0
LINE
8
BLACK
6
CONTINUOUS
10
1.1138166929133857
20
0.6814725590551181
11
1.1123849606299212
21
0.6857677952755905
0
LINE
8
BLACK
6
CONTINUOUS
10
1.1123849606299212
20
0.6857677952755905
11
1.1058149606299212
21
0.6857677952755905
0
LINE
8
BLACK
6
CONTINUOUS
10
1.1058149606299212
20
0.6857677952755905
11
1.1043832283464567
21
0.6814725590551181
0
LINE
8
BLACK
6
CONTINUOUS
10
1.1043832283464567
20
0.6814725590551181
11
1.1034053937007873
21
0.6803450787401575
0
LINE
8
BLACK
6
CONTINUOUS
10
1.1034053937007873
20
0.6803450787401575
11
1.1019166535433071
21
0.6802392913385826
0
LINE
8
BLACK
6
CONTINUOUS
10
1.1019166535433071
20
0.6802392913385826
11
1.1007891732283464
21
0.681217125984252
0
LINE
8
BLACK
6
CONTINUOUS
10
1.1007891732283464
20
0.681217125984252
11
1.1006833858267717
21
0.6827058661417322
0
LINE
8
BLACK
6
CONTINUOUS
10
1.1006833858267717
20
0.6827058661417322
11
1.1072500393700788
21
0.7024058661417323
0
LINE
8
BLACK
6
CONTINUOUS
10
1.1072500393700788
20
0.7024058661417323
11
1.1073454724409448
21
0.702515905511811
0
LINE
8
BLACK
6
CONTINUOUS
10
1.1073454724409448
20
0.702515905511811
11
1.1073558267716535
21
0.7026612992125985
0
LINE
8
BLACK
6
CONTINUOUS
10
1.1073558267716535
20
0.7026612992125985
11
1.1078229133858268
21
0.7030663779527558
0
LINE
8
BLACK
6
CONTINUOUS
10
1.1078229133858268
20
0.7030663779527558
11
1.1082279133858268
21
0.7035333464566929
0
LINE
8
BLACK
6
CONTINUOUS
10
1.1082279133858268
20
0.7035333464566929
11
1.1083732283464567
21
0.7035436614173228
0
LINE
8
BLACK
6
CONTINUOUS
10
1.1083732283464567
20
0.7035436614173228
11
1.1084833070866142
21
0.7036391338582677
0
LINE
8
BLACK
6
CONTINUOUS
10
1.1084833070866142
20
0.7036391338582677
11
1.1090998031496062
21
0.7035953149606299
0
LINE
8
BLACK
6
CONTINUOUS
10
1.1090998031496062
20
0.7035953149606299
11
1.1097166141732284
21
0.7036391732283465
0
LINE
8
BLACK
6
CONTINUOUS
10
1.1097166141732284
20
0.7036391732283465
11
1.1098266929133858
21
0.7035436614173228
0
LINE
8
BLACK
6
CONTINUOUS
10
1.1071149606299213
20
0.6896677952755905
11
1.1110849606299211
21
0.6896677952755905
0
LINE
8
BLACK
6
CONTINUOUS
10
1.1110849606299211
20
0.6896677952755905
11
1.1090999212598425
21
0.6956227952755906
0
LINE
8
BLACK
6
CONTINUOUS
10
1.1090999212598425
20
0.6956227952755906
11
1.1071149606299213
21
0.6896677952755905
0
LINE
8
BLACK
6
CONTINUOUS
10
0.8825
20
0.7675
11
0.8175
21
0.7675
0
LINE
8
BLACK
6
CONTINUOUS
10
0.8175
20
0.7675
11
0.8175
21
0.8325
0
LINE
8
BLACK
6
CONTINUOUS
10
0.8175
20
0.8325
11
0.8825
21
0.8325
0
LINE
8
BLACK
6
CONTINUOUS
10
0.8825
20
0.8325
11
0.8825
21
0.7675
0
LINE
8
BLACK
6
CONTINUOUS
10
0.8825
20
0.8674999999999999
11
0.8175
21
0.8674999999999999
0
LINE
8
BLACK
6
CONTINUOUS
10
0.8175
20
0.8674999999999999
11
0.8175
21
0.9325
0
LINE
8
BLACK
6
CONTINUOUS
10
0.8175
20
0.9325
11
0.8825
21
0.9325
0
LINE
8
BLACK
6
CONTINUOUS
10
0.8825
20
0.9325
11
0.8825
21
0.8674999999999999
0
LINE
8
BLACK
6
CONTINUOUS
10
0.4813788582677165
20
1.0313788582677166
11
0.48195
21
1.03
0
LINE
8
BLACK
6
CONTINUOUS
10
0.48195
20
1.03
11
0.48195
21
0.99
0
LINE
8
BLACK
6
CONTINUOUS
10
0.48195
20
0.99
11
0.4813788582677165
21
0.9886211417322834
0
LINE
8
BLACK
6
CONTINUOUS
10
0.4813788582677165
20
0.9886211417322834
11
0.48
21
0.98805
0
LINE
8
BLACK
6
CONTINUOUS
10
0.48
20
0.98805
11
0.42
21
0.98805
0
LINE
8
BLACK
6
CONTINUOUS
10
0.42
20
0.98805
11
0.4186211417322834
21
0.9886211417322834
0
LINE
8
BLACK
6
CONTINUOUS
10
0.4186211417322834
20
0.9886211417322834
11
0.41805
21
0.99
0
LINE
8
BLACK
6
CONTINUOUS
10
0.41805
20
0.99
11
0.41805
21
1.03
0
LINE
8
BLACK
6
CONTINUOUS
10
0.41805
20
1.03
11
0.4186211417322834
21
1.0313788582677166
0
LINE
8
BLACK
6
CONTINUOUS
10
0.4186211417322834
20
1.0313788582677166
11
0.42
21
1.0319499999999999
0
LINE
8
BLACK
6
CONTINUOUS
10
0.42
20
1.0319499999999999
11
0.4213788582677165
21
1.0313788582677166
0
LINE
8
BLACK
6
CONTINUOUS
10
0.4213788582677165
20
1.0313788582677166
11
0.42195
21
1.03
0
LINE
8
BLACK
6
CONTINUOUS
10
0.42195
20
1.03
11
0.42195
21
0.99195
0
LINE
8
BLACK
6
CONTINUOUS
10
0.42195
20
0.99195
11
0.47805
21
0.99195
0
LINE
8
BLACK
6
CONTINUOUS
10
0.47805
20
0.99195
11
0.47805
21
1.03
0
LINE
8
BLACK
6
CONTINUOUS
10
0.47805
20
1.03
11
0.4786211417322834
21
1.0313788582677166
0
LINE
8
BLACK
6
CONTINUOUS
10
0.4786211417322834
20
1.0313788582677166
11
0.48
21
1.0319499999999999
0
LINE
8
BLACK
6
CONTINUOUS
10
0.48
20
1.0319499999999999
11
0.4813788582677165
21
1.0313788582677166
0
LINE
8
BLACK
6
CONTINUOUS
10
0.5813788582677165
20
1.0313788582677166
11
0.58195
21
1.03
0
LINE
8
BLACK
6
CONTINUOUS
10
0.58195
20
1.03
11
0.58195
21
0.99
0
LINE
8
BLACK
6
CONTINUOUS
10
0.58195
20
0.99
11
0.5813788582677165
21
0.9886211417322834
0
LINE
8
BLACK
6
CONTINUOUS
10
0.5813788582677165
20
0.9886211417322834
11
0.58
21
0.98805
0
LINE
8
BLACK
6
CONTINUOUS
10
0.58
20
0.98805
11
0.52
21
0.98805
0
LINE
8
BLACK
6
CONTINUOUS
10
0.52
20
0.98805
11
0.5186211417322835
21
0.9886211417322834
0
LINE
8
BLACK
6
CONTINUOUS
10
0.5186211417322835
20
0.9886211417322834
11
0.51805
21
0.99
0
LINE
8
BLACK
6
CONTINUOUS
10
0.51805
20
0.99
11
0.51805
21
1.03
0
LINE
8
BLACK
6
CONTINUOUS
10
0.51805
20
1.03
11
0.5186211417322835
21
1.0313788582677166
0
LINE
8
BLACK
6
CONTINUOUS
10
0.5186211417322835
20
1.0313788582677166
11
0.52
21
1.0319499999999999
0
LINE
8
BLACK
6
CONTINUOUS
10
0.52
20
1.0319499999999999
11
0.5213788582677166
21
1.0313788582677166
0
LINE
8
BLACK
6
CONTINUOUS
10
0.5213788582677166
20
1.0313788582677166
11
0.52195
21
1.03
0
LINE
8
BLACK
6
CONTINUOUS
10
0.52195
20
1.03
11
0.52195
21
0.99195
0
LINE
8
BLACK
6
CONTINUOUS
10
0.52195
20
0.99195
11
0.57805
21
0.99195
0
LINE
8
BLACK
6
CONTINUOUS
10
0.57805
20
0.99195
11
0.57805
21
1.03
0
LINE
8
BLACK
6
CONTINUOUS
10
0.57805
20
1.03
11
0.5786211417322834
21
1.0313788582677166
0
LINE
8
BLACK
6
CONTINUOUS
10
0.5786211417322834
20
1.0313788582677166
11
0.58
21
1.0319499999999999
0
LINE
8
BLACK
6
CONTINUOUS
10
0.58
20
1.0319499999999999
11
0.5813788582677165
21
1.0313788582677166
0
LINE
8
BLACK
6
CONTINUOUS
10
0.6813788582677165
20
1.0313788582677166
11
0.6819499999999999
21
1.03
0
LINE
8
BLACK
6
CONTINUOUS
10
0.6819499999999999
20
1.03
11
0.6819499999999999
21
0.99
0
LINE
8
BLACK
6
CONTINUOUS
10
0.6819499999999999
20
0.99
11
0.6813788582677165
21
0.9886211417322834
0
LINE
8
BLACK
6
CONTINUOUS
10
0.6813788582677165
20
0.9886211417322834
11
0.6799999999999999
21
0.98805
0
LINE
8
BLACK
6
CONTINUOUS
10
0.6799999999999999
20
0.98805
11
0.62
21
0.98805
0
LINE
8
BLACK
6
CONTINUOUS
10
0.62
20
0.98805
11
0.6186211417322834
21
0.9886211417322834
0
LINE
8
BLACK
6
CONTINUOUS
10
0.6186211417322834
20
0.9886211417322834
11
0.61805
21
0.99
0
LINE
8
BLACK
6
CONTINUOUS
10
0.61805
20
0.99
11
0.61805
21
1.03
0
LINE
8
BLACK
6
CONTINUOUS
10
0.61805
20
1.03
11
0.6186211417322834
21
1.0313788582677166
0
LINE
8
BLACK
6
CONTINUOUS
10
0.6186211417322834
20
1.0313788582677166
11
0.62
21
1.0319499999999999
0
LINE
8
BLACK
6
CONTINUOUS
10
0.62
20
1.0319499999999999
11
0.6213788582677165
21
1.0313788582677166
0
LINE
8
BLACK
6
CONTINUOUS
10
0.6213788582677165
20
1.0313788582677166
11
0.62195
21
1.03
0
LINE
8
BLACK
6
CONTINUOUS
10
0.62195
20
1.03
11
0.62195
21
0.99195
0
LINE
8
BLACK
6
CONTINUOUS
10
0.62195
20
0.99195
11
0.6780499999999999
21
0.99195
0
LINE
8
BLACK
6
CONTINUOUS
10
0.6780499999999999
20
0.99195
11
0.6780499999999999
21
1.03
0
LINE
8
BLACK
6
CONTINUOUS
10
0.6780499999999999
20
1.03
11
0.6786211417322835
21
1.0313788582677166
0
LINE
8
BLACK
6
CONTINUOUS
10
0.6786211417322835
20
1.0313788582677166
11
0.6799999999999999
21
1.0319499999999999
0
LINE
8
BLACK
6
CONTINUOUS
10
0.6799999999999999
20
1.0319499999999999
11
0.6813788582677165
21
1.0313788582677166
0
LINE
8
BLACK
6
CONTINUOUS
10
0.7813788582677165
20
1.0313788582677166
11
0.78195
21
1.03
0
LINE
8
BLACK
6
CONTINUOUS
10
0.78195
20
1.03
11
0.78195
21
0.99
0
LINE
8
BLACK
6
CONTINUOUS
10
0.78195
20
0.99
11
0.7813788582677165
21
0.9886211417322834
0
LINE
8
BLACK
6
CONTINUOUS
10
0.7813788582677165
20
0.9886211417322834
11
0.78
21
0.98805
0
LINE
8
BLACK
6
CONTINUOUS
10
0.78
20
0.98805
11
0.72
21
0.98805
0
LINE
8
BLACK
6
CONTINUOUS
10
0.72
20
0.98805
11
0.7186211417322834
21
0.9886211417322834
0
LINE
8
BLACK
6
CONTINUOUS
10
0.7186211417322834
20
0.9886211417322834
11
0.71805
21
0.99
0
LINE
8
BLACK
6
CONTINUOUS
10
0.71805
20
0.99
11
0.71805
21
1.03
0
LINE
8
BLACK
6
CONTINUOUS
10
0.71805
20
1.03
11
0.7186211417322834
21
1.0313788582677166
0
LINE
8
BLACK
6
CONTINUOUS
10
0.7186211417322834
20
1.0313788582677166
11
0.72
21
1.0319499999999999
0
LINE
8
BLACK
6
CONTINUOUS
10
0.72
20
1.0319499999999999
11
0.7213788582677165
21
1.0313788582677166
0
LINE
8
BLACK
6
CONTINUOUS
10
0.7213788582677165
20
1.0313788582677166
11
0.72195
21
1.03
0
LINE
8
BLACK
6
CONTINUOUS
10
0.72195
20
1.03
11
0.72195
21
0.99195
0
LINE
8
BLACK
6
CONTINUOUS
10
0.72195
20
0.99195
11
0.77805
21
0.99195
0
LINE
8
BLACK
6
CONTINUOUS
10
0.77805
20
0.99195
11
0.77805
21
1.03
0
LINE
8
BLACK
6
CONTINUOUS
10
0.77805
20
1.03
11
0.7786211417322835
21
1.0313788582677166
0
LINE
8
BLACK
6
CONTINUOUS
10
0.7786211417322835
20
1.0313788582677166
11
0.78
21
1.0319499999999999
0
LINE
8
BLACK
6
CONTINUOUS
10
0.78
20
1.0319499999999999
11
0.7813788582677165
21
1.0313788582677166
0
LINE
8
BLACK
6
CONTINUOUS
10
0.8813788582677166
20
1.0313788582677166
11
0.88195
21
1.03
0
LINE
8
BLACK
6
CONTINUOUS
10
0.88195
20
1.03
11
0.88195
21
0.99
0
LINE
8
BLACK
6
CONTINUOUS
10
0.88195
20
0.99
11
0.8813788582677166
21
0.9886211417322834
0
LINE
8
BLACK
6
CONTINUOUS
10
0.8813788582677166
20
0.9886211417322834
11
0.88
21
0.98805
0
LINE
8
BLACK
6
CONTINUOUS
10
0.88
20
0.98805
11
0.82
21
0.98805
0
LINE
8
BLACK
6
CONTINUOUS
10
0.82
20
0.98805
11
0.8186211417322834
21
0.9886211417322834
0
LINE
8
BLACK
6
CONTINUOUS
10
0.8186211417322834
20
0.9886211417322834
11
0.8180499999999999
21
0.99
0
LINE
8
BLACK
6
CONTINUOUS
10
0.8180499999999999
20
0.99
11
0.8180499999999999
21
1.03
0
LINE
8
BLACK
6
CONTINUOUS
10
0.8180499999999999
20
1.03
11
0.8186211417322834
21
1.0313788582677166
0
LINE
8
BLACK
6
CONTINUOUS
10
0.8186211417322834
20
1.0313788582677166
11
0.82
21
1.0319499999999999
0
LINE
8
BLACK
6
CONTINUOUS
10
0.82
20
1.0319499999999999
11
0.8213788582677165
21
1.0313788582677166
0
LINE
8
BLACK
6
CONTINUOUS
10
0.8213788582677165
20
1.0313788582677166
11
0.82195
21
1.03
0
LINE
8
BLACK
6
CONTINUOUS
10
0.82195
20
1.03
11
0.82195
21
0.99195
0
LINE
8
BLACK
6
CONTINUOUS
10
0.82195
20
0.99195
11
0.87805
21
0.99195
0
LINE
8
BLACK
6
CONTINUOUS
10
0.87805
20
0.99195
11
0.87805
21
1.03
0
LINE
8
BLACK
6
CONTINUOUS
10
0.87805
20
1.03
11
0.8786211417322835
21
1.0313788582677166
0
LINE
8
BLACK
6
CONTINUOUS
10
0.8786211417322835
20
1.0313788582677166
11
0.88
21
1.0319499999999999
0
LINE
8
BLACK
6
CONTINUOUS
10
0.88
20
1.0319499999999999
11
0.8813788582677166
21
1.0313788582677166
0
LINE
8
BLACK
6
CONTINUOUS
10
0.9813788582677165
20
1.0313788582677166
11
0.98195
21
1.03
0
LINE
8
BLACK
6
CONTINUOUS
10
0.98195
20
1.03
11
0.98195
21
0.99
0
LINE
8
BLACK
6
CONTINUOUS
10
0.98195
20
0.99
11
0.9813788582677165
21
0.9886211417322834
0
LINE
8
BLACK
6
CONTINUOUS
10
0.9813788582677165
20
0.9886211417322834
11
0.98
21
0.98805
0
LINE
8
BLACK
6
CONTINUOUS
10
0.98
20
0.98805
11
0.9199999999999999
21
0.98805
0
LINE
8
BLACK
6
CONTINUOUS
10
0.9199999999999999
20
0.98805
11
0.9186211417322835
21
0.9886211417322834
0
LINE
8
BLACK
6
CONTINUOUS
10
0.9186211417322835
20
0.9886211417322834
11
0.91805
21
0.99
0
LINE
8
BLACK
6
CONTINUOUS
10
0.91805
20
0.99
11
0.91805
21
1.03
0
LINE
8
BLACK
6
CONTINUOUS
10
0.91805
20
1.03
11
0.9186211417322835
21
1.0313788582677166
0
LINE
8
BLACK
6
CONTINUOUS
10
0.9186211417322835
20
1.0313788582677166
11
0.9199999999999999
21
1.0319499999999999
0
LINE
8
BLACK
6
CONTINUOUS
10
0.9199999999999999
20
1.0319499999999999
11
0.9213788582677165
21
1.0313788582677166
0
LINE
8
BLACK
6
CONTINUOUS
10
0.9213788582677165
20
1.0313788582677166
11
0.9219499999999999
21
1.03
0
LINE
8
BLACK
6
CONTINUOUS
10
0.9219499999999999
20
1.03
11
0.9219499999999999
21
0.99195
0
LINE
8
BLACK
6
CONTINUOUS
10
0.9219499999999999
20
0.99195
11
0.97805
21
0.99195
0
LINE
8
BLACK
6
CONTINUOUS
10
0.97805
20
0.99195
11
0.97805
21
1.03
0
LINE
8
BLACK
6
CONTINUOUS
10
0.97805
20
1.03
11
0.9786211417322834
21
1.0313788582677166
0
LINE
8
BLACK
6
CONTINUOUS
10
0.9786211417322834
20
1.0313788582677166
11
0.98
21
1.0319499999999999
0
LINE
8
BLACK
6
CONTINUOUS
10
0.98
20
1.0319499999999999
11
0.9813788582677165
21
1.0313788582677166
0
LINE
8
BLACK
6
CONTINUOUS
10
1.0813788582677164
20
1.0313788582677166
11
1.08195
21
1.03
0
LINE
8
BLACK
6
CONTINUOUS
10
1.08195
20
1.03
11
1.08195
21
0.99
0
LINE
8
BLACK
6
CONTINUOUS
10
1.08195
20
0.99
11
1.0813788582677164
21
0.9886211417322834
0
LINE
8
BLACK
6
CONTINUOUS
10
1.0813788582677164
20
0.9886211417322834
11
1.0800000000000001
21
0.98805
0
LINE
8
BLACK
6
CONTINUOUS
10
1.0800000000000001
20
0.98805
11
1.02
21
0.98805
0
LINE
8
BLACK
6
CONTINUOUS
10
1.02
20
0.98805
11
1.0186211417322835
21
0.9886211417322834
0
LINE
8
BLACK
6
CONTINUOUS
10
1.0186211417322835
20
0.9886211417322834
11
1.0180499999999999
21
0.99
0
LINE
8
BLACK
6
CONTINUOUS
10
1.0180499999999999
20
0.99
11
1.0180499999999999
21
1.03
0
LINE
8
BLACK
6
CONTINUOUS
10
1.0180499999999999
20
1.03
11
1.0186211417322835
21
1.0313788582677166
0
LINE
8
BLACK
6
CONTINUOUS
10
1.0186211417322835
20
1.0313788582677166
11
1.02
21
1.0319499999999999
0
LINE
8
BLACK
6
CONTINUOUS
10
1.02
20
1.0319499999999999
11
1.0213788582677166
21
1.0313788582677166
0
LINE
8
BLACK
6
CONTINUOUS
10
1.0213788582677166
20
1.0313788582677166
11
1.0219499999999999
21
1.03
0
LINE
8
BLACK
6
CONTINUOUS
10
1.0219499999999999
20
1.03
11
1.0219499999999999
21
0.99195
0
LINE
8
BLACK
6
CONTINUOUS
10
1.0219499999999999
20
0.99195
11
1.07805
21
0.99195
0
LINE
8
BLACK
6
CONTINUOUS
10
1.07805
20
0.99195
11
1.07805
21
1.03
0
LINE
8
BLACK
6
CONTINUOUS
10
1.07805
20
1.03
11
1.0786211417322835
21
1.0313788582677166
0
LINE
8
BLACK
6
CONTINUOUS
10
1.0786211417322835
20
1.0313788582677166
11
1.0800000000000001
21
1.0319499999999999
0
LINE
8
BLACK
6
CONTINUOUS
10
1.0800000000000001
20
1.0319499999999999
11
1.0813788582677164
21
1.0313788582677166
0
LINE
8
BLACK
6
CONTINUOUS
10
1.1813788582677165
20
1.0313788582677166
11
1.1819500000000001
21
1.03
0
LINE
8
BLACK
6
CONTINUOUS
10
1.1819500000000001
20
1.03
11
1.1819500000000001
21
0.99
0
LINE
8
BLACK
6
CONTINUOUS
10
1.1819500000000001
20
0.99
11
1.1813788582677165
21
0.9886211417322834
0
LINE
8
BLACK
6
CONTINUOUS
10
1.1813788582677165
20
0.9886211417322834
11
1.1799999999999999
21
0.98805
0
LINE
8
BLACK
6
CONTINUOUS
10
1.1799999999999999
20
0.98805
11
1.1199999999999999
21
0.98805
0
LINE
8
BLACK
6
CONTINUOUS
10
1.1199999999999999
20
0.98805
11
1.1186211417322833
21
0.9886211417322834
0
LINE
8
BLACK
6
CONTINUOUS
10
1.1186211417322833
20
0.9886211417322834
11
1.11805
21
0.99
0
LINE
8
BLACK
6
CONTINUOUS
10
1.11805
20
0.99
11
1.11805
21
1.03
0
LINE
8
BLACK
6
CONTINUOUS
10
1.11805
20
1.03
11
1.1186211417322833
21
1.0313788582677166
0
LINE
8
BLACK
6
CONTINUOUS
10
1.1186211417322833
20
1.0313788582677166
11
1.1199999999999999
21
1.0319499999999999
0
LINE
8
BLACK
6
CONTINUOUS
10
1.1199999999999999
20
1.0319499999999999
11
1.1213788582677164
21
1.0313788582677166
0
LINE
8
BLACK
6
CONTINUOUS
10
1.1213788582677164
20
1.0313788582677166
11
1.12195
21
1.03
0
LINE
8
BLACK
6
CONTINUOUS
10
1.12195
20
1.03
11
1.12195
21
0.99195
0
LINE
8
BLACK
6
CONTINUOUS
10
1.12195
20
0.99195
11
1.17805
21
0.99195
0
LINE
8
BLACK
6
CONTINUOUS
10
1.17805
20
0.99195
11
1.17805
21
1.03
0
LINE
8
BLACK
6
CONTINUOUS
10
1.17805
20
1.03
11
1.1786211417322834
21
1.0313788582677166
0
LINE
8
BLACK
6
CONTINUOUS
10
1.1786211417322834
20
1.0313788582677166
11
1.1799999999999999
21
1.0319499999999999
0
LINE
8
BLACK
6
CONTINUOUS
10
1.1799999999999999
20
1.0319499999999999
11
1.1813788582677165
21
1.0313788582677166
0
LINE
8
BLACK
6
CONTINUOUS
10
0.4318427952755906
20
1.038356062992126
11
0.432341968503937
21
1.038320590551181
0
LINE
8
BLACK
6
CONTINUOUS
10
0.432341968503937
20
1.038320590551181
11
0.4342181496062992
21
1.0373825196850393
0
LINE
8
BLACK
6
CONTINUOUS
10
0.4342181496062992
20
1.0373825196850393
11
0.4344499606299213
21
1.037115157480315
0
LINE
8
BLACK
6
CONTINUOUS
10
0.4344499606299213
20
1.037115157480315
11
0.4347768503937008
21
1.0369798031496062
0
LINE
8
BLACK
6
CONTINUOUS
10
0.4347768503937008
20
1.0369798031496062
11
0.4351327952755906
21
1.0366238188976378
0
LINE
8
BLACK
6
CONTINUOUS
10
0.4351327952755906
20
1.0366238188976378
11
0.435488779527559
21
1.0369798031496062
0
LINE
8
BLACK
6
CONTINUOUS
10
0.435488779527559
20
1.0369798031496062
11
0.4358156299212598
21
1.037115157480315
0
LINE
8
BLACK
6
CONTINUOUS
10
0.4358156299212598
20
1.037115157480315
11
0.4360474803149606
21
1.0373824803149605
0
LINE
8
BLACK
6
CONTINUOUS
10
0.4360474803149606
20
1.0373824803149605
11
0.4379236614173228
21
1.038320590551181
0
LINE
8
BLACK
6
CONTINUOUS
10
0.4379236614173228
20
1.038320590551181
11
0.4384227952755905
21
1.038356062992126
0
LINE
8
BLACK
6
CONTINUOUS
10
0.4384227952755905
20
1.038356062992126
11
0.4388851968503937
21
1.0385475984251968
0
LINE
8
BLACK
6
CONTINUOUS
10
0.4388851968503937
20
1.0385475984251968
11
0.4426375984251968
21
1.0385475984251968
0
LINE
8
BLACK
6
CONTINUOUS
10
0.4426375984251968
20
1.0385475984251968
11
0.4430999606299212
21
1.038356062992126
0
LINE
8
BLACK
6
CONTINUOUS
10
0.4430999606299212
20
1.038356062992126
11
0.4435991338582677
21
1.038320590551181
0
LINE
8
BLACK
6
CONTINUOUS
10
0.4435991338582677
20
1.038320590551181
11
0.4454753149606299
21
1.0373825196850393
0
LINE
8
BLACK
6
CONTINUOUS
10
0.4454753149606299
20
1.0373825196850393
11
0.4457071259842519
21
1.037115157480315
0
LINE
8
BLACK
6
CONTINUOUS
10
0.4457071259842519
20
1.037115157480315
11
0.4460340157480315
21
1.0369798031496062
0
LINE
8
BLACK
6
CONTINUOUS
10
0.4460340157480315
20
1.0369798031496062
11
0.446972125984252
21
1.0360417322834645
0
LINE
8
BLACK
6
CONTINUOUS
10
0.446972125984252
20
1.0360417322834645
11
0.4471075196850394
21
1.0357147637795274
0
LINE
8
BLACK
6
CONTINUOUS
10
0.4471075196850394
20
1.0357147637795274
11
0.4473749212598425
21
1.0354829133858268
0
LINE
8
BLACK
6
CONTINUOUS
10
0.4473749212598425
20
1.0354829133858268
11
0.4483129921259842
21
1.0336067322834646
0
LINE
8
BLACK
6
CONTINUOUS
10
0.4483129921259842
20
1.0336067322834646
11
0.4483484251968504
21
1.0331075590551182
0
LINE
8
BLACK
6
CONTINUOUS
10
0.4483484251968504
20
1.0331075590551182
11
0.4485399606299212
21
1.0326452362204723
0
LINE
8
BLACK
6
CONTINUOUS
10
0.4485399606299212
20
1.0326452362204723
11
0.4485399606299212
21
1.0288928346456692
0
LINE
8
BLACK
6
CONTINUOUS
10
0.4485399606299212
20
1.0288928346456692
11
0.4483484251968504
21
1.0284304724409448
0
LINE
8
BLACK
6
CONTINUOUS
10
0.4483484251968504
20
1.0284304724409448
11
0.4483129921259842
21
1.0279313385826772
0
LINE
8
BLACK
6
CONTINUOUS
10
0.4483129921259842
20
1.0279313385826772
11
0.4473749212598425
21
1.0260551574803149
0
LINE
8
BLACK
6
CONTINUOUS
10
0.4473749212598425
20
1.0260551574803149
11
0.4471075590551181
21
1.0258232677165353
0
LINE
8
BLACK
6
CONTINUOUS
10
0.4471075590551181
20
1.0258232677165353
11
0.4469721653543307
21
1.0254963779527559
0
LINE
8
BLACK
6
CONTINUOUS
10
0.4469721653543307
20
1.0254963779527559
11
0.4460340551181102
21
1.0245582677165355
0
LINE
8
BLACK
6
CONTINUOUS
10
0.4460340551181102
20
1.0245582677165355
11
0.4457071259842519
21
1.0244228346456692
0
LINE
8
BLACK
6
CONTINUOUS
10
0.4457071259842519
20
1.0244228346456692
11
0.4454752755905512
21
1.0241555118110235
0
LINE
8
BLACK
6
CONTINUOUS
10
0.4454752755905512
20
1.0241555118110235
11
0.443599094488189
21
1.0232174409448818
0
LINE
8
BLACK
6
CONTINUOUS
10
0.443599094488189
20
1.0232174409448818
11
0.4430999212598425
21
1.0231819685039369
0
LINE
8
BLACK
6
CONTINUOUS
10
0.4430999212598425
20
1.0231819685039369
11
0.4426375984251968
21
1.0229904724409449
0
LINE
8
BLACK
6
CONTINUOUS
10
0.4426375984251968
20
1.0229904724409449
11
0.4388851968503937
21
1.0229904724409449
0
LINE
8
BLACK
6
CONTINUOUS
10
0.4388851968503937
20
1.0229904724409449
11
0.4384228346456693
21
1.0231819685039369
0
LINE
8
BLACK
6
CONTINUOUS
10
0.4384228346456693
20
1.0231819685039369
11
0.4379237007874016
21
1.0232174409448818
0
LINE
8
BLACK
6
CONTINUOUS
10
0.4379237007874016
20
1.0232174409448818
11
0.4360475196850394
21
1.0241555118110235
0
LINE
8
BLACK
6
CONTINUOUS
10
0.4360475196850394
20
1.0241555118110235
11
0.4358156299212598
21
1.0244228346456692
0
LINE
8
BLACK
6
CONTINUOUS
10
0.4358156299212598
20
1.0244228346456692
11
0.4354887401574803
21
1.0245582677165355
0
LINE
8
BLACK
6
CONTINUOUS
10
0.4354887401574803
20
1.0245582677165355
11
0.4351327952755906
21
1.0249141732283464
0
LINE
8
BLACK
6
CONTINUOUS
10
0.4351327952755906
20
1.0249141732283464
11
0.4347768897637795
21
1.0245582677165355
0
LINE
8
BLACK
6
CONTINUOUS
10
0.4347768897637795
20
1.0245582677165355
11
0.4344499606299213
21
1.0244228346456692
0
LINE
8
BLACK
6
CONTINUOUS
10
0.4344499606299213
20
1.0244228346456692
11
0.4342181102362205
21
1.0241555118110235
0
LINE
8
BLACK
6
CONTINUOUS
10
0.4342181102362205
20
1.0241555118110235
11
0.4323419291338583
21
1.0232174409448818
0
LINE
8
BLACK
6
CONTINUOUS
10
0.4323419291338583
20
1.0232174409448818
11
0.4318427559055118
21
1.0231819685039369
0
LINE
8
BLACK
6
CONTINUOUS
10
0.4318427559055118
20
1.0231819685039369
11
0.4313804330708662
21
1.0229904724409449
0
LINE
8
BLACK
6
CONTINUOUS
10
0.4313804330708662
20
1.0229904724409449
11
0.4304423622047244
21
1.0229904724409449
0
LINE
8
BLACK
6
CONTINUOUS
10
0.4304423622047244
20
1.0229904724409449
11
0.42998
21
1.0231819685039369
0
LINE
8
BLACK
6
CONTINUOUS
10
0.42998
20
1.0231819685039369
11
0.429480905511811
21
1.0232174409448818
0
LINE
8
BLACK
6
CONTINUOUS
10
0.429480905511811
20
1.0232174409448818
11
0.4276046456692913
21
1.0241555118110235
0
LINE
8
BLACK
6
CONTINUOUS
10
0.4276046456692913
20
1.0241555118110235
11
0.4273727559055118
21
1.0244228740157479
0
LINE
8
BLACK
6
CONTINUOUS
10
0.4273727559055118
20
1.0244228740157479
11
0.4270458267716535
21
1.0245583070866142
0
LINE
8
BLACK
6
CONTINUOUS
10
0.4270458267716535
20
1.0245583070866142
11
0.4261077559055118
21
1.0254964173228347
0
LINE
8
BLACK
6
CONTINUOUS
10
0.4261077559055118
20
1.0254964173228347
11
0.4259723622047244
21
1.0258232677165353
0
LINE
8
BLACK
6
CONTINUOUS
10
0.4259723622047244
20
1.0258232677165353
11
0.4257050393700788
21
1.0260551181102362
0
LINE
8
BLACK
6
CONTINUOUS
10
0.4257050393700788
20
1.0260551181102362
11
0.424766968503937
21
1.0279312992125984
0
LINE
8
BLACK
6
CONTINUOUS
10
0.424766968503937
20
1.0279312992125984
11
0.4247314566929134
21
1.028430433070866
0
LINE
8
BLACK
6
CONTINUOUS
10
0.4247314566929134
20
1.028430433070866
11
0.4245399606299213
21
1.0288928346456692
0
LINE
8
BLACK
6
CONTINUOUS
10
0.4245399606299213
20
1.0288928346456692
11
0.4245399606299213
21
1.0326452362204723
0
LINE
8
BLACK
6
CONTINUOUS
10
0.4245399606299213
20
1.0326452362204723
11
0.4247314566929134
21
1.0331075984251967
0
LINE
8
BLACK
6
CONTINUOUS
10
0.4247314566929134
20
1.0331075984251967
11
0.424766968503937
21
1.0336067716535433
0
LINE
8
BLACK
6
CONTINUOUS
10
0.424766968503937
20
1.0336067716535433
11
0.4257050393700788
21
1.0354829527559055
0
LINE
8
BLACK
6
CONTINUOUS
10
0.4257050393700788
20
1.0354829527559055
11
0.4259723622047244
21
1.0357148031496062
0
LINE
8
BLACK
6
CONTINUOUS
10
0.4259723622047244
20
1.0357148031496062
11
0.4261077952755906
21
1.0360416929133858
0
LINE
8
BLACK
6
CONTINUOUS
10
0.4261077952755906
20
1.0360416929133858
11
0.4270458661417323
21
1.0369797637795275
0
LINE
8
BLACK
6
CONTINUOUS
10
0.4270458661417323
20
1.0369797637795275
11
0.4273727559055118
21
1.037115157480315
0
LINE
8
BLACK
6
CONTINUOUS
10
0.4273727559055118
20
1.037115157480315
11
0.4276046456692913
21
1.0373825196850393
0
LINE
8
BLACK
6
CONTINUOUS
10
0.4276046456692913
20
1.0373825196850393
11
0.4294808661417323
21
1.0383206299212597
0
LINE
8
BLACK
6
CONTINUOUS
10
0.4294808661417323
20
1.0383206299212597
11
0.42998
21
1.038356062992126
0
LINE
8
BLACK
6
CONTINUOUS
10
0.42998
20
1.038356062992126
11
0.4304423622047244
21
1.0385475984251968
0
LINE
8
BLACK
6
CONTINUOUS
10
0.4304423622047244
20
1.0385475984251968
11
0.4313804330708662
21
1.0385475984251968
0
LINE
8
BLACK
6
CONTINUOUS
10
0.4313804330708662
20
1.0385475984251968
11
0.4318427952755906
21
1.038356062992126
0
LINE
8
BLACK
6
CONTINUOUS
10
0.4382825590551181
20
1.0336924803149605
11
0.437837874015748
21
1.0332478346456693
0
LINE
8
BLACK
6
CONTINUOUS
10
0.437837874015748
20
1.0332478346456693
11
0.4372828346456693
21
1.0321376771653543
0
LINE
8
BLACK
6
CONTINUOUS
10
0.4372828346456693
20
1.0321376771653543
11
0.4372828346456693
21
1.0294003543307086
0
LINE
8
BLACK
6
CONTINUOUS
10
0.4372828346456693
20
1.0294003543307086
11
0.4378379133858268
21
1.0282901574803149
0
LINE
8
BLACK
6
CONTINUOUS
10
0.4378379133858268
20
1.0282901574803149
11
0.4382825196850393
21
1.0278455511811024
0
LINE
8
BLACK
6
CONTINUOUS
10
0.4382825196850393
20
1.0278455511811024
11
0.4393927559055118
21
1.0272904724409448
0
LINE
8
BLACK
6
CONTINUOUS
10
0.4393927559055118
20
1.0272904724409448
11
0.4421300393700787
21
1.0272904724409448
0
LINE
8
BLACK
6
CONTINUOUS
10
0.4421300393700787
20
1.0272904724409448
11
0.4432402362204724
21
1.0278455511811024
0
LINE
8
BLACK
6
CONTINUOUS
10
0.4432402362204724
20
1.0278455511811024
11
0.443684842519685
21
1.0282901574803149
0
LINE
8
BLACK
6
CONTINUOUS
10
0.443684842519685
20
1.0282901574803149
11
0.4442399606299213
21
1.0294003543307086
0
LINE
8
BLACK
6
CONTINUOUS
10
0.4442399606299213
20
1.0294003543307086
11
0.4442399606299213
21
1.0321376771653543
0
LINE
8
BLACK
6
CONTINUOUS
10
0.4442399606299213
20
1.0321376771653543
11
0.4436848818897638
21
1.0332478346456693
0
LINE
8
BLACK
6
CONTINUOUS
10
0.4436848818897638
20
1.0332478346456693
11
0.4432401968503937
21
1.0336924803149605
0
LINE
8
BLACK
6
CONTINUOUS
10
0.4432401968503937
20
1.0336924803149605
11
0.4421300787401575
21
1.0342475984251969
0
LINE
8
BLACK
6
CONTINUOUS
10
0.4421300787401575
20
1.0342475984251969
11
0.4393927952755906
21
1.0342475984251969
0
LINE
8
BLACK
6
CONTINUOUS
10
0.4393927952755906
20
1.0342475984251969
11
0.4382825590551181
21
1.0336924803149605
0
LINE
8
BLACK
6
CONTINUOUS
10
0.4298396850393701
20
1.0336924803149605
11
0.429395
21
1.0332477952755905
0
LINE
8
BLACK
6
CONTINUOUS
10
0.429395
20
1.0332477952755905
11
0.4288399606299212
21
1.0321376771653543
0
LINE
8
BLACK
6
CONTINUOUS
10
0.4288399606299212
20
1.0321376771653543
11
0.4288399606299212
21
1.0294003543307086
0
LINE
8
BLACK
6
CONTINUOUS
10
0.4288399606299212
20
1.0294003543307086
11
0.4293950393700787
21
1.0282901968503937
0
LINE
8
BLACK
6
CONTINUOUS
10
0.4293950393700787
20
1.0282901968503937
11
0.4298396850393701
21
1.0278455511811024
0
LINE
8
BLACK
6
CONTINUOUS
10
0.4298396850393701
20
1.0278455511811024
11
0.4309113779527559
21
1.0273097244094489
0
LINE
8
BLACK
6
CONTINUOUS
10
0.4309113779527559
20
1.0273097244094489
11
0.4319830708661417
21
1.0278455511811024
0
LINE
8
BLACK
6
CONTINUOUS
10
0.4319830708661417
20
1.0278455511811024
11
0.432427716535433
21
1.0282901968503937
0
LINE
8
BLACK
6
CONTINUOUS
10
0.432427716535433
20
1.0282901968503937
11
0.4329828346456693
21
1.0294003937007874
0
LINE
8
BLACK
6
CONTINUOUS
10
0.4329828346456693
20
1.0294003937007874
11
0.4329828346456693
21
1.0321376377952756
0
LINE
8
BLACK
6
CONTINUOUS
10
0.4329828346456693
20
1.0321376377952756
11
0.4324277559055118
21
1.0332477952755905
0
LINE
8
BLACK
6
CONTINUOUS
10
0.4324277559055118
20
1.0332477952755905
11
0.431983031496063
21
1.0336924803149605
0
LINE
8
BLACK
6
CONTINUOUS
10
0.431983031496063
20
1.0336924803149605
11
0.4309113779527559
21
1.0342283070866141
0
LINE
8
BLACK
6
CONTINUOUS
10
0.4309113779527559
20
1.0342283070866141
11
0.4298396850393701
21
1.0336924803149605
0
LINE
8
BLACK
6
CONTINUOUS
10
0.5460340551181102
20
1.037917874015748
11
0.5469721653543307
21
1.0369797637795275
0
LINE
8
BLACK
6
CONTINUOUS
10
0.5469721653543307
20
1.0369797637795275
11
0.5471075590551181
21
1.0366528346456694
0
LINE
8
BLACK
6
CONTINUOUS
10
0.5471075590551181
20
1.0366528346456694
11
0.5473749212598426
21
1.0364209842519685
0
LINE
8
BLACK
6
CONTINUOUS
10
0.5473749212598426
20
1.0364209842519685
11
0.5483129921259843
21
1.0345448031496063
0
LINE
8
BLACK
6
CONTINUOUS
10
0.5483129921259843
20
1.0345448031496063
11
0.5483484251968503
21
1.0340456299212599
0
LINE
8
BLACK
6
CONTINUOUS
10
0.5483484251968503
20
1.0340456299212599
11
0.5485399606299213
21
1.0335833070866141
0
LINE
8
BLACK
6
CONTINUOUS
10
0.5485399606299213
20
1.0335833070866141
11
0.5485399606299213
21
1.0288928346456692
0
LINE
8
BLACK
6
CONTINUOUS
10
0.5485399606299213
20
1.0288928346456692
11
0.5483484251968503
21
1.0284304724409448
0
LINE
8
BLACK
6
CONTINUOUS
10
0.5483484251968503
20
1.0284304724409448
11
0.5483129921259843
21
1.0279313385826772
0
LINE
8
BLACK
6
CONTINUOUS
10
0.5483129921259843
20
1.0279313385826772
11
0.5473749212598426
21
1.0260551574803149
0
LINE
8
BLACK
6
CONTINUOUS
10
0.5473749212598426
20
1.0260551574803149
11
0.5471075590551181
21
1.0258232677165353
0
LINE
8
BLACK
6
CONTINUOUS
10
0.5471075590551181
20
1.0258232677165353
11
0.5469721653543307
21
1.0254963779527559
0
LINE
8
BLACK
6
CONTINUOUS
10
0.5469721653543307
20
1.0254963779527559
11
0.5460340551181102
21
1.0245582677165355
0
LINE
8
BLACK
6
CONTINUOUS
10
0.5460340551181102
20
1.0245582677165355
11
0.545707125984252
21
1.0244228346456692
0
LINE
8
BLACK
6
CONTINUOUS
10
0.545707125984252
20
1.0244228346456692
11
0.5454752755905512
21
1.0241555118110235
0
LINE
8
BLACK
6
CONTINUOUS
10
0.5454752755905512
20
1.0241555118110235
11
0.543599094488189
21
1.0232174409448818
0
LINE
8
BLACK
6
CONTINUOUS
10
0.543599094488189
20
1.0232174409448818
11
0.5430999212598425
21
1.0231819685039369
0
LINE
8
BLACK
6
CONTINUOUS
10
0.5430999212598425
20
1.0231819685039369
11
0.5426375984251969
21
1.0229904724409449
0
LINE
8
BLACK
6
CONTINUOUS
10
0.5426375984251969
20
1.0229904724409449
11
0.537947125984252
21
1.0229904724409449
0
LINE
8
BLACK
6
CONTINUOUS
10
0.537947125984252
20
1.0229904724409449
11
0.5374847637795276
21
1.0231819685039369
0
LINE
8
BLACK
6
CONTINUOUS
10
0.5374847637795276
20
1.0231819685039369
11
0.5369856692913386
21
1.0232174409448818
0
LINE
8
BLACK
6
CONTINUOUS
10
0.5369856692913386
20
1.0232174409448818
11
0.5351094094488189
21
1.0241555118110235
0
LINE
8
BLACK
6
CONTINUOUS
10
0.5351094094488189
20
1.0241555118110235
11
0.5348775196850394
21
1.0244228740157479
0
LINE
8
BLACK
6
CONTINUOUS
10
0.5348775196850394
20
1.0244228740157479
11
0.534550590551181
21
1.0245583070866142
0
LINE
8
BLACK
6
CONTINUOUS
10
0.534550590551181
20
1.0245583070866142
11
0.5336125196850393
21
1.0254964173228347
0
LINE
8
BLACK
6
CONTINUOUS
10
0.5336125196850393
20
1.0254964173228347
11
0.533477125984252
21
1.0258232677165353
0
LINE
8
BLACK
6
CONTINUOUS
10
0.533477125984252
20
1.0258232677165353
11
0.5332098031496063
21
1.0260551181102362
0
LINE
8
BLACK
6
CONTINUOUS
10
0.5332098031496063
20
1.0260551181102362
11
0.5322717322834646
21
1.0279312992125984
0
LINE
8
BLACK
6
CONTINUOUS
10
0.5322717322834646
20
1.0279312992125984
11
0.5322362204724409
21
1.028430433070866
0
LINE
8
BLACK
6
CONTINUOUS
10
0.5322362204724409
20
1.028430433070866
11
0.5320447244094488
21
1.0288928346456692
0
LINE
8
BLACK
6
CONTINUOUS
10
0.5320447244094488
20
1.0288928346456692
11
0.5320447244094488
21
1.0335833070866141
0
LINE
8
BLACK
6
CONTINUOUS
10
0.5320447244094488
20
1.0335833070866141
11
0.5321531496062992
21
1.0338450787401574
0
LINE
8
BLACK
6
CONTINUOUS
10
0.5321531496062992
20
1.0338450787401574
11
0.5288399606299212
21
1.0335137401574803
0
LINE
8
BLACK
6
CONTINUOUS
10
0.5288399606299212
20
1.0335137401574803
11
0.5288399606299212
21
1.0260785433070867
0
LINE
8
BLACK
6
CONTINUOUS
10
0.5288399606299212
20
1.0260785433070867
11
0.5282102362204725
21
1.0245582677165355
0
LINE
8
BLACK
6
CONTINUOUS
10
0.5282102362204725
20
1.0245582677165355
11
0.5266899606299212
21
1.0239285433070866
0
LINE
8
BLACK
6
CONTINUOUS
10
0.5266899606299212
20
1.0239285433070866
11
0.5251696850393701
21
1.0245582677165355
0
LINE
8
BLACK
6
CONTINUOUS
10
0.5251696850393701
20
1.0245582677165355
11
0.5245399606299213
21
1.0260785433070867
0
LINE
8
BLACK
6
CONTINUOUS
10
0.5245399606299213
20
1.0260785433070867
11
0.5245399606299213
21
1.0354594881889763
0
LINE
8
BLACK
6
CONTINUOUS
10
0.5245399606299213
20
1.0354594881889763
11
0.5248168503937007
21
1.036128031496063
0
LINE
8
BLACK
6
CONTINUOUS
10
0.5248168503937007
20
1.036128031496063
11
0.5250259448818898
21
1.0368209448818897
0
LINE
8
BLACK
6
CONTINUOUS
10
0.5250259448818898
20
1.0368209448818897
11
0.5251261417322834
21
1.03687468503937
0
LINE
8
BLACK
6
CONTINUOUS
10
0.5251261417322834
20
1.03687468503937
11
0.5251696850393701
21
1.0369797637795275
0
LINE
8
BLACK
6
CONTINUOUS
10
0.5251696850393701
20
1.0369797637795275
11
0.5258382283464567
21
1.0372566929133857
0
LINE
8
BLACK
6
CONTINUOUS
10
0.5258382283464567
20
1.0372566929133857
11
0.5264760236220473
21
1.0375988188976377
0
LINE
8
BLACK
6
CONTINUOUS
10
0.5264760236220473
20
1.0375988188976377
11
0.535856968503937
21
1.0385369291338582
0
LINE
8
BLACK
6
CONTINUOUS
10
0.535856968503937
20
1.0385369291338582
11
0.5359657874015747
21
1.0385040551181102
0
LINE
8
BLACK
6
CONTINUOUS
10
0.5359657874015747
20
1.0385040551181102
11
0.5360708661417323
21
1.0385475984251968
0
LINE
8
BLACK
6
CONTINUOUS
10
0.5360708661417323
20
1.0385475984251968
11
0.5367394488188977
21
1.0382706299212598
0
LINE
8
BLACK
6
CONTINUOUS
10
0.5367394488188977
20
1.0382706299212598
11
0.5374323622047243
21
1.0380616141732284
0
LINE
8
BLACK
6
CONTINUOUS
10
0.5374323622047243
20
1.0380616141732284
11
0.5374861023622047
21
1.0379613779527559
0
LINE
8
BLACK
6
CONTINUOUS
10
0.5374861023622047
20
1.0379613779527559
11
0.5375911417322835
21
1.0379179133858267
0
LINE
8
BLACK
6
CONTINUOUS
10
0.5375911417322835
20
1.0379179133858267
11
0.5378680708661417
21
1.0372493307086614
0
LINE
8
BLACK
6
CONTINUOUS
10
0.5378680708661417
20
1.0372493307086614
11
0.5382102362204725
21
1.0366115354330709
0
LINE
8
BLACK
6
CONTINUOUS
10
0.5382102362204725
20
1.0366115354330709
11
0.5381773622047245
21
1.0365026771653543
0
LINE
8
BLACK
6
CONTINUOUS
10
0.5381773622047245
20
1.0365026771653543
11
0.538220905511811
21
1.0363976377952755
0
LINE
8
BLACK
6
CONTINUOUS
10
0.538220905511811
20
1.0363976377952755
11
0.5379438582677165
21
1.0357288188976377
0
LINE
8
BLACK
6
CONTINUOUS
10
0.5379438582677165
20
1.0357288188976377
11
0.5377348818897638
21
1.0350361417322835
0
LINE
8
BLACK
6
CONTINUOUS
10
0.5377348818897638
20
1.0350361417322835
11
0.5376347244094488
21
1.034982401574803
0
LINE
8
BLACK
6
CONTINUOUS
10
0.5376347244094488
20
1.034982401574803
11
0.5375912204724409
21
1.0348773622047245
0
LINE
8
BLACK
6
CONTINUOUS
10
0.5375912204724409
20
1.0348773622047245
11
0.5368998031496063
21
1.034185905511811
0
LINE
8
BLACK
6
CONTINUOUS
10
0.5368998031496063
20
1.034185905511811
11
0.5363447244094488
21
1.033075748031496
0
LINE
8
BLACK
6
CONTINUOUS
10
0.5363447244094488
20
1.033075748031496
11
0.5363447244094488
21
1.0294003543307086
0
LINE
8
BLACK
6
CONTINUOUS
10
0.5363447244094488
20
1.0294003543307086
11
0.5368998031496063
21
1.0282901968503937
0
LINE
8
BLACK
6
CONTINUOUS
10
0.5368998031496063
20
1.0282901968503937
11
0.5373444488188976
21
1.0278455511811024
0
LINE
8
BLACK
6
CONTINUOUS
10
0.5373444488188976
20
1.0278455511811024
11
0.5384546850393701
21
1.0272904724409448
0
LINE
8
BLACK
6
CONTINUOUS
10
0.5384546850393701
20
1.0272904724409448
11
0.5421300393700788
21
1.0272904724409448
0
LINE
8
BLACK
6
CONTINUOUS
10
0.5421300393700788
20
1.0272904724409448
11
0.5432402362204725
21
1.0278455511811024
0
LINE
8
BLACK
6
CONTINUOUS
10
0.5432402362204725
20
1.0278455511811024
11
0.5436848425196851
21
1.0282901574803149
0
LINE
8
BLACK
6
CONTINUOUS
10
0.5436848425196851
20
1.0282901574803149
11
0.5442399606299212
21
1.0294003543307086
0
LINE
8
BLACK
6
CONTINUOUS
10
0.5442399606299212
20
1.0294003543307086
11
0.5442399606299212
21
1.033075748031496
0
LINE
8
BLACK
6
CONTINUOUS
10
0.5442399606299212
20
1.033075748031496
11
0.5436848425196851
21
1.0341859448818898
0
LINE
8
BLACK
6
CONTINUOUS
10
0.5436848425196851
20
1.0341859448818898
11
0.5429935039370078
21
1.0348773228346457
0
LINE
8
BLACK
6
CONTINUOUS
10
0.5429935039370078
20
1.0348773228346457
11
0.5423637795275591
21
1.0363975984251967
0
LINE
8
BLACK
6
CONTINUOUS
10
0.5423637795275591
20
1.0363975984251967
11
0.5429935039370078
21
1.037917874015748
0
LINE
8
BLACK
6
CONTINUOUS
10
0.5429935039370078
20
1.037917874015748
11
0.5445137795275591
21
1.0385475984251968
0
LINE
8
BLACK
6
CONTINUOUS
10
0.5445137795275591
20
1.0385475984251968
11
0.5460340551181102
21
1.037917874015748
0
LINE
8
BLACK
6
CONTINUOUS
10
0.6430999606299213
20
1.038356062992126
11
0.6435991338582677
21
1.038320590551181
0
LINE
8
BLACK
6
CONTINUOUS
10
0.6435991338582677
20
1.038320590551181
11
0.6454753149606299
21
1.0373825196850393
0
LINE
8
BLACK
6
CONTINUOUS
10
0.6454753149606299
20
1.0373825196850393
11
0.645707125984252
21
1.037115157480315
0
LINE
8
BLACK
6
CONTINUOUS
10
0.645707125984252
20
1.037115157480315
11
0.6460340157480314
21
1.0369798031496062
0
LINE
8
BLACK
6
CONTINUOUS
10
0.6460340157480314
20
1.0369798031496062
11
0.6469721259842519
21
1.0360417322834645
0
LINE
8
BLACK
6
CONTINUOUS
10
0.6469721259842519
20
1.0360417322834645
11
0.6471075196850393
21
1.0357147637795274
0
LINE
8
BLACK
6
CONTINUOUS
10
0.6471075196850393
20
1.0357147637795274
11
0.6473749212598425
21
1.0354829133858268
0
LINE
8
BLACK
6
CONTINUOUS
10
0.6473749212598425
20
1.0354829133858268
11
0.6483129921259843
21
1.0336067322834646
0
LINE
8
BLACK
6
CONTINUOUS
10
0.6483129921259843
20
1.0336067322834646
11
0.6483484251968504
21
1.0331075590551182
0
LINE
8
BLACK
6
CONTINUOUS
10
0.6483484251968504
20
1.0331075590551182
11
0.6485399606299213
21
1.0326452362204723
0
LINE
8
BLACK
6
CONTINUOUS
10
0.6485399606299213
20
1.0326452362204723
11
0.6485399606299213
21
1.0288928346456692
0
LINE
8
BLACK
6
CONTINUOUS
10
0.6485399606299213
20
1.0288928346456692
11
0.6483484251968504
21
1.0284304724409448
0
LINE
8
BLACK
6
CONTINUOUS
10
0.6483484251968504
20
1.0284304724409448
11
0.6483129921259843
21
1.0279313385826772
0
LINE
8
BLACK
6
CONTINUOUS
10
0.6483129921259843
20
1.0279313385826772
11
0.6473749212598425
21
1.0260551574803149
0
LINE
8
BLACK
6
CONTINUOUS
10
0.6473749212598425
20
1.0260551574803149
11
0.6471075590551181
21
1.0258232677165353
0
LINE
8
BLACK
6
CONTINUOUS
10
0.6471075590551181
20
1.0258232677165353
11
0.6469721653543307
21
1.0254963779527559
0
LINE
8
BLACK
6
CONTINUOUS
10
0.6469721653543307
20
1.0254963779527559
11
0.6460340551181102
21
1.0245582677165355
0
LINE
8
BLACK
6
CONTINUOUS
10
0.6460340551181102
20
1.0245582677165355
11
0.645707125984252
21
1.0244228346456692
0
LINE
8
BLACK
6
CONTINUOUS
10
0.645707125984252
20
1.0244228346456692
11
0.6454752755905512
21
1.0241555118110235
0
LINE
8
BLACK
6
CONTINUOUS
10
0.6454752755905512
20
1.0241555118110235
11
0.643599094488189
21
1.0232174409448818
0
LINE
8
BLACK
6
CONTINUOUS
10
0.643599094488189
20
1.0232174409448818
11
0.6430999212598425
21
1.0231819685039369
0
LINE
8
BLACK
6
CONTINUOUS
10
0.6430999212598425
20
1.0231819685039369
11
0.6426375984251969
21
1.0229904724409449
0
LINE
8
BLACK
6
CONTINUOUS
10
0.6426375984251969
20
1.0229904724409449
11
0.637947125984252
21
1.0229904724409449
0
LINE
8
BLACK
6
CONTINUOUS
10
0.637947125984252
20
1.0229904724409449
11
0.6374847637795276
21
1.0231819685039369
0
LINE
8
BLACK
6
CONTINUOUS
10
0.6374847637795276
20
1.0231819685039369
11
0.6369856692913386
21
1.0232174409448818
0
LINE
8
BLACK
6
CONTINUOUS
10
0.6369856692913386
20
1.0232174409448818
11
0.6351094094488189
21
1.0241555118110235
0
LINE
8
BLACK
6
CONTINUOUS
10
0.6351094094488189
20
1.0241555118110235
11
0.6348775196850394
21
1.0244228740157479
0
LINE
8
BLACK
6
CONTINUOUS
10
0.6348775196850394
20
1.0244228740157479
11
0.6345505905511811
21
1.0245583070866142
0
LINE
8
BLACK
6
CONTINUOUS
10
0.6345505905511811
20
1.0245583070866142
11
0.6336125196850394
21
1.0254964173228347
0
LINE
8
BLACK
6
CONTINUOUS
10
0.6336125196850394
20
1.0254964173228347
11
0.633477125984252
21
1.0258232677165353
0
LINE
8
BLACK
6
CONTINUOUS
10
0.633477125984252
20
1.0258232677165353
11
0.6332098031496063
21
1.0260551181102362
0
LINE
8
BLACK
6
CONTINUOUS
10
0.6332098031496063
20
1.0260551181102362
11
0.6322717322834646
21
1.0279312992125984
0
LINE
8
BLACK
6
CONTINUOUS
10
0.6322717322834646
20
1.0279312992125984
11
0.6322362204724409
21
1.028430433070866
0
LINE
8
BLACK
6
CONTINUOUS
10
0.6322362204724409
20
1.028430433070866
11
0.6320447244094488
21
1.0288928346456692
0
LINE
8
BLACK
6
CONTINUOUS
10
0.6320447244094488
20
1.0288928346456692
11
0.6320447244094488
21
1.0326452362204723
0
LINE
8
BLACK
6
CONTINUOUS
10
0.6320447244094488
20
1.0326452362204723
11
0.6322362204724409
21
1.0331075984251967
0
LINE
8
BLACK
6
CONTINUOUS
10
0.6322362204724409
20
1.0331075984251967
11
0.6322614960629921
21
1.0334628740157481
0
LINE
8
BLACK
6
CONTINUOUS
10
0.6322614960629921
20
1.0334628740157481
11
0.6299358661417322
21
1.0319124803149606
0
LINE
8
BLACK
6
CONTINUOUS
10
0.6299358661417322
20
1.0319124803149606
11
0.6293950787401574
21
1.0313716929133858
0
LINE
8
BLACK
6
CONTINUOUS
10
0.6293950787401574
20
1.0313716929133858
11
0.6288399606299212
21
1.0302614566929134
0
LINE
8
BLACK
6
CONTINUOUS
10
0.6288399606299212
20
1.0302614566929134
11
0.6288399606299212
21
1.027016653543307
0
LINE
8
BLACK
6
CONTINUOUS
10
0.6288399606299212
20
1.027016653543307
11
0.6282102362204725
21
1.0254963779527559
0
LINE
8
BLACK
6
CONTINUOUS
10
0.6282102362204725
20
1.0254963779527559
11
0.6266899606299212
21
1.0248666535433071
0
LINE
8
BLACK
6
CONTINUOUS
10
0.6266899606299212
20
1.0248666535433071
11
0.6251696850393701
21
1.0254963779527559
0
LINE
8
BLACK
6
CONTINUOUS
10
0.6251696850393701
20
1.0254963779527559
11
0.6245399606299212
21
1.027016653543307
0
LINE
8
BLACK
6
CONTINUOUS
10
0.6245399606299212
20
1.027016653543307
11
0.6245399606299212
21
1.0307690157480314
0
LINE
8
BLACK
6
CONTINUOUS
10
0.6245399606299212
20
1.0307690157480314
11
0.6247314566929134
21
1.0312313385826772
0
LINE
8
BLACK
6
CONTINUOUS
10
0.6247314566929134
20
1.0312313385826772
11
0.6247669291338582
21
1.0317305118110236
0
LINE
8
BLACK
6
CONTINUOUS
10
0.6247669291338582
20
1.0317305118110236
11
0.6257050393700787
21
1.0336067322834646
0
LINE
8
BLACK
6
CONTINUOUS
10
0.6257050393700787
20
1.0336067322834646
11
0.6259723622047244
21
1.0338385826771654
0
LINE
8
BLACK
6
CONTINUOUS
10
0.6259723622047244
20
1.0338385826771654
11
0.6261077952755906
21
1.0341655118110236
0
LINE
8
BLACK
6
CONTINUOUS
10
0.6261077952755906
20
1.0341655118110236
11
0.6270458661417323
21
1.0351035826771653
0
LINE
8
BLACK
6
CONTINUOUS
10
0.6270458661417323
20
1.0351035826771653
11
0.6272503543307086
21
1.0351882677165354
0
LINE
8
BLACK
6
CONTINUOUS
10
0.6272503543307086
20
1.0351882677165354
11
0.6273735433070866
21
1.0353722047244094
0
LINE
8
BLACK
6
CONTINUOUS
10
0.6273735433070866
20
1.0353722047244094
11
0.6301878346456693
21
1.0372484251968503
0
LINE
8
BLACK
6
CONTINUOUS
10
0.6301878346456693
20
1.0372484251968503
11
0.6305568503937008
21
1.0373214173228347
0
LINE
8
BLACK
6
CONTINUOUS
10
0.6305568503937008
20
1.0373214173228347
11
0.6308589763779527
21
1.0375452755905512
0
LINE
8
BLACK
6
CONTINUOUS
10
0.6308589763779527
20
1.0375452755905512
11
0.6346113779527559
21
1.0384833858267717
0
LINE
8
BLACK
6
CONTINUOUS
10
0.6346113779527559
20
1.0384833858267717
11
0.6348809448818897
21
1.0384432677165354
0
LINE
8
BLACK
6
CONTINUOUS
10
0.6348809448818897
20
1.0384432677165354
11
0.6351328346456693
21
1.0385475984251968
0
LINE
8
BLACK
6
CONTINUOUS
10
0.6351328346456693
20
1.0385475984251968
11
0.6426375984251969
21
1.0385475984251968
0
LINE
8
BLACK
6
CONTINUOUS
10
0.6426375984251969
20
1.0385475984251968
11
0.6430999606299213
21
1.038356062992126
0
LINE
8
BLACK
6
CONTINUOUS
10
0.6373444488188976
20
1.0336924803149605
11
0.6368997637795275
21
1.0332477952755905
0
LINE
8
BLACK
6
CONTINUOUS
10
0.6368997637795275
20
1.0332477952755905
11
0.6363447244094488
21
1.0321376771653543
0
LINE
8
BLACK
6
CONTINUOUS
10
0.6363447244094488
20
1.0321376771653543
11
0.6363447244094488
21
1.0294003543307086
0
LINE
8
BLACK
6
CONTINUOUS
10
0.6363447244094488
20
1.0294003543307086
11
0.6368998031496063
21
1.0282901968503937
0
LINE
8
BLACK
6
CONTINUOUS
10
0.6368998031496063
20
1.0282901968503937
11
0.6373444488188976
21
1.0278455511811024
0
LINE
8
BLACK
6
CONTINUOUS
10
0.6373444488188976
20
1.0278455511811024
11
0.6384546850393701
21
1.0272904724409448
0
LINE
8
BLACK
6
CONTINUOUS
10
0.6384546850393701
20
1.0272904724409448
11
0.6421300393700787
21
1.0272904724409448
0
LINE
8
BLACK
6
CONTINUOUS
10
0.6421300393700787
20
1.0272904724409448
11
0.6432402362204724
21
1.0278455511811024
0
LINE
8
BLACK
6
CONTINUOUS
10
0.6432402362204724
20
1.0278455511811024
11
0.6436848425196851
21
1.0282901574803149
0
LINE
8
BLACK
6
CONTINUOUS
10
0.6436848425196851
20
1.0282901574803149
11
0.6442399606299213
21
1.0294003543307086
0
LINE
8
BLACK
6
CONTINUOUS
10
0.6442399606299213
20
1.0294003543307086
11
0.6442399606299213
21
1.0321376771653543
0
LINE
8
BLACK
6
CONTINUOUS
10
0.6442399606299213
20
1.0321376771653543
11
0.6436848818897638
21
1.0332478346456693
0
LINE
8
BLACK
6
CONTINUOUS
10
0.6436848818897638
20
1.0332478346456693
11
0.6432401968503937
21
1.0336924803149605
0
LINE
8
BLACK
6
CONTINUOUS
10
0.6432401968503937
20
1.0336924803149605
11
0.6421300787401575
21
1.0342475984251969
0
LINE
8
BLACK
6
CONTINUOUS
10
0.6421300787401575
20
1.0342475984251969
11
0.6384546850393701
21
1.0342475984251969
0
LINE
8
BLACK
6
CONTINUOUS
10
0.6384546850393701
20
1.0342475984251969
11
0.6373444488188976
21
1.0336924803149605
0
LINE
8
BLACK
6
CONTINUOUS
10
0.7460340551181103
20
1.0388559842519685
11
0.7469721653543306
21
1.037917874015748
0
LINE
8
BLACK
6
CONTINUOUS
10
0.7469721653543306
20
1.037917874015748
11
0.7471075590551181
21
1.0375909448818896
0
LINE
8
BLACK
6
CONTINUOUS
10
0.7471075590551181
20
1.0375909448818896
11
0.7473749212598425
21
1.037359094488189
0
LINE
8
BLACK
6
CONTINUOUS
10
0.7473749212598425
20
1.037359094488189
11
0.7483129921259842
21
1.0354829133858268
0
LINE
8
BLACK
6
CONTINUOUS
10
0.7483129921259842
20
1.0354829133858268
11
0.7483484251968504
21
1.0349837401574802
0
LINE
8
BLACK
6
CONTINUOUS
10
0.7483484251968504
20
1.0349837401574802
11
0.7485399606299212
21
1.0345214173228345
0
LINE
8
BLACK
6
CONTINUOUS
10
0.7485399606299212
20
1.0345214173228345
11
0.7485399606299212
21
1.0288928346456692
0
LINE
8
BLACK
6
CONTINUOUS
10
0.7485399606299212
20
1.0288928346456692
11
0.7483484251968504
21
1.0284304724409448
0
LINE
8
BLACK
6
CONTINUOUS
10
0.7483484251968504
20
1.0284304724409448
11
0.7483129921259842
21
1.0279313385826772
0
LINE
8
BLACK
6
CONTINUOUS
10
0.7483129921259842
20
1.0279313385826772
11
0.7473749212598425
21
1.0260551574803149
0
LINE
8
BLACK
6
CONTINUOUS
10
0.7473749212598425
20
1.0260551574803149
11
0.7471075590551181
21
1.0258232677165353
0
LINE
8
BLACK
6
CONTINUOUS
10
0.7471075590551181
20
1.0258232677165353
11
0.7469721653543306
21
1.0254963779527559
0
LINE
8
BLACK
6
CONTINUOUS
10
0.7469721653543306
20
1.0254963779527559
11
0.7460340551181103
21
1.0245582677165355
0
LINE
8
BLACK
6
CONTINUOUS
10
0.7460340551181103
20
1.0245582677165355
11
0.7457071259842519
21
1.0244228346456692
0
LINE
8
BLACK
6
CONTINUOUS
10
0.7457071259842519
20
1.0244228346456692
11
0.7454752755905512
21
1.0241555118110235
0
LINE
8
BLACK
6
CONTINUOUS
10
0.7454752755905512
20
1.0241555118110235
11
0.7435990944881889
21
1.0232174409448818
0
LINE
8
BLACK
6
CONTINUOUS
10
0.7435990944881889
20
1.0232174409448818
11
0.7430999212598425
21
1.0231819685039369
0
LINE
8
BLACK
6
CONTINUOUS
10
0.7430999212598425
20
1.0231819685039369
11
0.7426375984251968
21
1.0229904724409449
0
LINE
8
BLACK
6
CONTINUOUS
10
0.7426375984251968
20
1.0229904724409449
11
0.7379471259842519
21
1.0229904724409449
0
LINE
8
BLACK
6
CONTINUOUS
10
0.7379471259842519
20
1.0229904724409449
11
0.7374847637795275
21
1.0231819685039369
0
LINE
8
BLACK
6
CONTINUOUS
10
0.7374847637795275
20
1.0231819685039369
11
0.7369856692913386
21
1.0232174409448818
0
LINE
8
BLACK
6
CONTINUOUS
10
0.7369856692913386
20
1.0232174409448818
11
0.7351094094488189
21
1.0241555118110235
0
LINE
8
BLACK
6
CONTINUOUS
10
0.7351094094488189
20
1.0241555118110235
11
0.7348775196850393
21
1.0244228740157479
0
LINE
8
BLACK
6
CONTINUOUS
10
0.7348775196850393
20
1.0244228740157479
11
0.7345505905511811
21
1.0245583070866142
0
LINE
8
BLACK
6
CONTINUOUS
10
0.7345505905511811
20
1.0245583070866142
11
0.7336125196850394
21
1.0254964173228347
0
LINE
8
BLACK
6
CONTINUOUS
10
0.7336125196850394
20
1.0254964173228347
11
0.733477125984252
21
1.0258232677165353
0
LINE
8
BLACK
6
CONTINUOUS
10
0.733477125984252
20
1.0258232677165353
11
0.7332098031496063
21
1.0260551181102362
0
LINE
8
BLACK
6
CONTINUOUS
10
0.7332098031496063
20
1.0260551181102362
11
0.7325373228346457
21
1.0274000393700786
0
LINE
8
BLACK
6
CONTINUOUS
10
0.7325373228346457
20
1.0274000393700786
11
0.7281057480314961
21
1.0235224409448818
0
LINE
8
BLACK
6
CONTINUOUS
10
0.7281057480314961
20
1.0235224409448818
11
0.7273890551181103
21
1.0232800393700787
0
LINE
8
BLACK
6
CONTINUOUS
10
0.7273890551181103
20
1.0232800393700787
11
0.7266899606299212
21
1.0229904724409449
0
LINE
8
BLACK
6
CONTINUOUS
10
0.7266899606299212
20
1.0229904724409449
11
0.7266193307086614
21
1.0230197244094488
0
LINE
8
BLACK
6
CONTINUOUS
10
0.7266193307086614
20
1.0230197244094488
11
0.7265469291338582
21
1.0229952362204724
0
LINE
8
BLACK
6
CONTINUOUS
10
0.7265469291338582
20
1.0229952362204724
11
0.7258686220472441
21
1.0233306692913386
0
LINE
8
BLACK
6
CONTINUOUS
10
0.7258686220472441
20
1.0233306692913386
11
0.7251696850393701
21
1.0236201968503937
0
LINE
8
BLACK
6
CONTINUOUS
10
0.7251696850393701
20
1.0236201968503937
11
0.7251404330708662
21
1.0236907874015748
0
LINE
8
BLACK
6
CONTINUOUS
10
0.7251404330708662
20
1.0236907874015748
11
0.7250719291338582
21
1.02372468503937
0
LINE
8
BLACK
6
CONTINUOUS
10
0.7250719291338582
20
1.02372468503937
11
0.7248295275590551
21
1.0244413385826772
0
LINE
8
BLACK
6
CONTINUOUS
10
0.7248295275590551
20
1.0244413385826772
11
0.7245399606299212
21
1.0251404724409447
0
LINE
8
BLACK
6
CONTINUOUS
10
0.7245399606299212
20
1.0251404724409447
11
0.7245399606299212
21
1.0373357086614172
0
LINE
8
BLACK
6
CONTINUOUS
10
0.7245399606299212
20
1.0373357086614172
11
0.7251696850393701
21
1.0388559842519685
0
LINE
8
BLACK
6
CONTINUOUS
10
0.7251696850393701
20
1.0388559842519685
11
0.7266899606299212
21
1.0394857086614173
0
LINE
8
BLACK
6
CONTINUOUS
10
0.7266899606299212
20
1.0394857086614173
11
0.7282102362204724
21
1.0388559842519685
0
LINE
8
BLACK
6
CONTINUOUS
10
0.7282102362204724
20
1.0388559842519685
11
0.7288399606299213
21
1.0373357086614172
0
LINE
8
BLACK
6
CONTINUOUS
10
0.7288399606299213
20
1.0373357086614172
11
0.7288399606299213
21
1.0298785433070865
0
LINE
8
BLACK
6
CONTINUOUS
10
0.7288399606299213
20
1.0298785433070865
11
0.732778937007874
21
1.0333251574803148
0
LINE
8
BLACK
6
CONTINUOUS
10
0.732778937007874
20
1.0333251574803148
11
0.7334955905511811
21
1.0335675196850393
0
LINE
8
BLACK
6
CONTINUOUS
10
0.7334955905511811
20
1.0335675196850393
11
0.7341947244094488
21
1.0338571259842519
0
LINE
8
BLACK
6
CONTINUOUS
10
0.7341947244094488
20
1.0338571259842519
11
0.7342653149606299
21
1.0338278346456693
0
LINE
8
BLACK
6
CONTINUOUS
10
0.7342653149606299
20
1.0338278346456693
11
0.7343377559055118
21
1.0338523622047244
0
LINE
8
BLACK
6
CONTINUOUS
10
0.7343377559055118
20
1.0338523622047244
11
0.7350160236220472
21
1.0335168897637794
0
LINE
8
BLACK
6
CONTINUOUS
10
0.7350160236220472
20
1.0335168897637794
11
0.735715
21
1.0332274015748031
0
LINE
8
BLACK
6
CONTINUOUS
10
0.735715
20
1.0332274015748031
11
0.7357442125984252
21
1.0331567716535432
0
LINE
8
BLACK
6
CONTINUOUS
10
0.7357442125984252
20
1.0331567716535432
11
0.7358127559055118
21
1.0331229133858268
0
LINE
8
BLACK
6
CONTINUOUS
10
0.7358127559055118
20
1.0331229133858268
11
0.7360551181102362
21
1.0324062204724409
0
LINE
8
BLACK
6
CONTINUOUS
10
0.7360551181102362
20
1.0324062204724409
11
0.7363447244094488
21
1.0317071259842518
0
LINE
8
BLACK
6
CONTINUOUS
10
0.7363447244094488
20
1.0317071259842518
11
0.7363447244094488
21
1.0294003543307086
0
LINE
8
BLACK
6
CONTINUOUS
10
0.7363447244094488
20
1.0294003543307086
11
0.7368998031496062
21
1.0282901968503937
0
LINE
8
BLACK
6
CONTINUOUS
10
0.7368998031496062
20
1.0282901968503937
11
0.7373444488188976
21
1.0278455511811024
0
LINE
8
BLACK
6
CONTINUOUS
10
0.7373444488188976
20
1.0278455511811024
11
0.7384546850393701
21
1.0272904724409448
0
LINE
8
BLACK
6
CONTINUOUS
10
0.7384546850393701
20
1.0272904724409448
11
0.7421300393700787
21
1.0272904724409448
0
LINE
8
BLACK
6
CONTINUOUS
10
0.7421300393700787
20
1.0272904724409448
11
0.7432402362204724
21
1.0278455511811024
0
LINE
8
BLACK
6
CONTINUOUS
10
0.7432402362204724
20
1.0278455511811024
11
0.743684842519685
21
1.0282901574803149
0
LINE
8
BLACK
6
CONTINUOUS
10
0.743684842519685
20
1.0282901574803149
11
0.7442399606299213
21
1.0294003543307086
0
LINE
8
BLACK
6
CONTINUOUS
10
0.7442399606299213
20
1.0294003543307086
11
0.7442399606299213
21
1.0340138582677165
0
LINE
8
BLACK
6
CONTINUOUS
10
0.7442399606299213
20
1.0340138582677165
11
0.743684842519685
21
1.0351240551181102
0
LINE
8
BLACK
6
CONTINUOUS
10
0.743684842519685
20
1.0351240551181102
11
0.7429935039370078
21
1.0358154330708662
0
LINE
8
BLACK
6
CONTINUOUS
10
0.7429935039370078
20
1.0358154330708662
11
0.7423637795275591
21
1.0373357086614172
0
LINE
8
BLACK
6
CONTINUOUS
10
0.7423637795275591
20
1.0373357086614172
11
0.7429935039370078
21
1.0388559842519685
0
LINE
8
BLACK
6
CONTINUOUS
10
0.7429935039370078
20
1.0388559842519685
11
0.744513779527559
21
1.0394857086614173
0
LINE
8
BLACK
6
CONTINUOUS
10
0.744513779527559
20
1.0394857086614173
11
0.7460340551181103
21
1.0388559842519685
0
LINE
8
BLACK
6
CONTINUOUS
10
0.8479102362204725
20
1.037917874015748
11
0.8485399606299212
21
1.0363975984251967
0
LINE
8
BLACK
6
CONTINUOUS
10
0.8485399606299212
20
1.0363975984251967
11
0.8485399606299212
21
1.0251404724409447
0
LINE
8
BLACK
6
CONTINUOUS
10
0.8485399606299212
20
1.0251404724409447
11
0.8479102362204725
21
1.0236201968503937
0
LINE
8
BLACK
6
CONTINUOUS
10
0.8479102362204725
20
1.0236201968503937
11
0.8463899606299212
21
1.0229904724409449
0
LINE
8
BLACK
6
CONTINUOUS
10
0.8463899606299212
20
1.0229904724409449
11
0.8448696850393701
21
1.0236201968503937
0
LINE
8
BLACK
6
CONTINUOUS
10
0.8448696850393701
20
1.0236201968503937
11
0.8442399606299212
21
1.0251404724409447
0
LINE
8
BLACK
6
CONTINUOUS
10
0.8442399606299212
20
1.0251404724409447
11
0.8442399606299212
21
1.0286190157480315
0
LINE
8
BLACK
6
CONTINUOUS
10
0.8442399606299212
20
1.0286190157480315
11
0.8266899606299213
21
1.0286190157480315
0
LINE
8
BLACK
6
CONTINUOUS
10
0.8266899606299213
20
1.0286190157480315
11
0.8264853937007873
21
1.0287037007874016
0
LINE
8
BLACK
6
CONTINUOUS
10
0.8264853937007873
20
1.0287037007874016
11
0.8262683070866141
21
1.0286607874015747
0
LINE
8
BLACK
6
CONTINUOUS
10
0.8262683070866141
20
1.0286607874015747
11
0.8257481496062992
21
1.0290090944881889
0
LINE
8
BLACK
6
CONTINUOUS
10
0.8257481496062992
20
1.0290090944881889
11
0.82516968503937
21
1.0292487401574804
0
LINE
8
BLACK
6
CONTINUOUS
10
0.82516968503937
20
1.0292487401574804
11
0.8250849606299212
21
1.0294532283464566
0
LINE
8
BLACK
6
CONTINUOUS
10
0.8250849606299212
20
1.0294532283464566
11
0.824901062992126
21
1.0295764173228346
0
LINE
8
BLACK
6
CONTINUOUS
10
0.824901062992126
20
1.0295764173228346
11
0.8247795669291338
21
1.0301905118110235
0
LINE
8
BLACK
6
CONTINUOUS
10
0.8247795669291338
20
1.0301905118110235
11
0.8245399606299212
21
1.0307690157480314
0
LINE
8
BLACK
6
CONTINUOUS
10
0.8245399606299212
20
1.0307690157480314
11
0.8246246456692913
21
1.0309735433070866
0
LINE
8
BLACK
6
CONTINUOUS
10
0.8246246456692913
20
1.0309735433070866
11
0.8245817322834645
21
1.0311906692913386
0
LINE
8
BLACK
6
CONTINUOUS
10
0.8245817322834645
20
1.0311906692913386
11
0.8249300393700787
21
1.0317107874015747
0
LINE
8
BLACK
6
CONTINUOUS
10
0.8249300393700787
20
1.0317107874015747
11
0.82516968503937
21
1.0322892913385826
0
LINE
8
BLACK
6
CONTINUOUS
10
0.82516968503937
20
1.0322892913385826
11
0.8253741732283464
21
1.0323739763779527
0
LINE
8
BLACK
6
CONTINUOUS
10
0.8253741732283464
20
1.0323739763779527
11
0.8254973622047244
21
1.0325579133858267
0
LINE
8
BLACK
6
CONTINUOUS
10
0.8254973622047244
20
1.0325579133858267
11
0.8281345275590551
21
1.034316062992126
0
LINE
8
BLACK
6
CONTINUOUS
10
0.8281345275590551
20
1.034316062992126
11
0.8296134251968503
21
1.0357949606299213
0
LINE
8
BLACK
6
CONTINUOUS
10
0.8296134251968503
20
1.0357949606299213
11
0.8303955118110236
21
1.0373591338582677
0
LINE
8
BLACK
6
CONTINUOUS
10
0.8303955118110236
20
1.0373591338582677
11
0.8316386614173228
21
1.0384372440944882
0
LINE
8
BLACK
6
CONTINUOUS
10
0.8316386614173228
20
1.0384372440944882
11
0.8332800787401574
21
1.038320590551181
0
LINE
8
BLACK
6
CONTINUOUS
10
0.8332800787401574
20
1.038320590551181
11
0.8343582283464567
21
1.0370774803149605
0
LINE
8
BLACK
6
CONTINUOUS
10
0.8343582283464567
20
1.0370774803149605
11
0.8342415354330709
21
1.035436062992126
0
LINE
8
BLACK
6
CONTINUOUS
10
0.8342415354330709
20
1.035436062992126
11
0.8333034251968504
21
1.0335598818897638
0
LINE
8
BLACK
6
CONTINUOUS
10
0.8333034251968504
20
1.0335598818897638
11
0.8330361023622047
21
1.0333280314960629
0
LINE
8
BLACK
6
CONTINUOUS
10
0.8330361023622047
20
1.0333280314960629
11
0.8329007086614173
21
1.0330011417322835
0
LINE
8
BLACK
6
CONTINUOUS
10
0.8329007086614173
20
1.0330011417322835
11
0.8328185826771654
21
1.0329190157480315
0
LINE
8
BLACK
6
CONTINUOUS
10
0.8328185826771654
20
1.0329190157480315
11
0.8442399606299212
21
1.0329190157480315
0
LINE
8
BLACK
6
CONTINUOUS
10
0.8442399606299212
20
1.0329190157480315
11
0.8442399606299212
21
1.0363975984251967
0
LINE
8
BLACK
6
CONTINUOUS
10
0.8442399606299212
20
1.0363975984251967
11
0.8448696850393701
21
1.037917874015748
0
LINE
8
BLACK
6
CONTINUOUS
10
0.8448696850393701
20
1.037917874015748
11
0.8463899606299212
21
1.0385475984251968
0
LINE
8
BLACK
6
CONTINUOUS
10
0.8463899606299212
20
1.0385475984251968
11
0.8479102362204725
21
1.037917874015748
0
LINE
8
BLACK
6
CONTINUOUS
10
0.4754102362204724
20
1.0360416929133858
11
0.4760399606299213
21
1.0345214173228345
0
LINE
8
BLACK
6
CONTINUOUS
10
0.4760399606299213
20
1.0345214173228345
11
0.4754102362204724
21
1.0330011417322835
0
LINE
8
BLACK
6
CONTINUOUS
10
0.4754102362204724
20
1.0330011417322835
11
0.4738899606299212
21
1.0323714173228347
0
LINE
8
BLACK
6
CONTINUOUS
10
0.4738899606299212
20
1.0323714173228347
11
0.4703336220472441
21
1.0323714173228347
0
LINE
8
BLACK
6
CONTINUOUS
10
0.4703336220472441
20
1.0323714173228347
11
0.4751799606299212
21
1.0287366535433071
0
LINE
8
BLACK
6
CONTINUOUS
10
0.4751799606299212
20
1.0287366535433071
11
0.4760183464566929
21
1.0273207086614173
0
LINE
8
BLACK
6
CONTINUOUS
10
0.4760183464566929
20
1.0273207086614173
11
0.4756099606299212
21
1.0257266535433072
0
LINE
8
BLACK
6
CONTINUOUS
10
0.4756099606299212
20
1.0257266535433072
11
0.4741940157480315
21
1.0248882677165354
0
LINE
8
BLACK
6
CONTINUOUS
10
0.4741940157480315
20
1.0248882677165354
11
0.4725999606299213
21
1.025296653543307
0
LINE
8
BLACK
6
CONTINUOUS
10
0.4725999606299213
20
1.025296653543307
11
0.4665869291338582
21
1.0298064173228347
0
LINE
8
BLACK
6
CONTINUOUS
10
0.4665869291338582
20
1.0298064173228347
11
0.4622768897637795
21
1.0254963779527559
0
LINE
8
BLACK
6
CONTINUOUS
10
0.4622768897637795
20
1.0254963779527559
11
0.4607566141732283
21
1.0248666535433071
0
LINE
8
BLACK
6
CONTINUOUS
10
0.4607566141732283
20
1.0248666535433071
11
0.4592363385826772
21
1.0254963779527559
0
LINE
8
BLACK
6
CONTINUOUS
10
0.4592363385826772
20
1.0254963779527559
11
0.4586066141732283
21
1.027016653543307
0
LINE
8
BLACK
6
CONTINUOUS
10
0.4586066141732283
20
1.027016653543307
11
0.4592363385826772
21
1.0285369291338582
0
LINE
8
BLACK
6
CONTINUOUS
10
0.4592363385826772
20
1.0285369291338582
11
0.4630708267716535
21
1.0323714173228347
0
LINE
8
BLACK
6
CONTINUOUS
10
0.4630708267716535
20
1.0323714173228347
11
0.4541899606299212
21
1.0323714173228347
0
LINE
8
BLACK
6
CONTINUOUS
10
0.4541899606299212
20
1.0323714173228347
11
0.4526696850393701
21
1.0330011417322835
0
LINE
8
BLACK
6
CONTINUOUS
10
0.4526696850393701
20
1.0330011417322835
11
0.4520399606299212
21
1.0345214173228345
0
LINE
8
BLACK
6
CONTINUOUS
10
0.4520399606299212
20
1.0345214173228345
11
0.4526696850393701
21
1.0360416929133858
0
LINE
8
BLACK
6
CONTINUOUS
10
0.4526696850393701
20
1.0360416929133858
11
0.4541899606299212
21
1.0366714173228346
0
LINE
8
BLACK
6
CONTINUOUS
10
0.4541899606299212
20
1.0366714173228346
11
0.4738899606299212
21
1.0366714173228346
0
LINE
8
BLACK
6
CONTINUOUS
10
0.4738899606299212
20
1.0366714173228346
11
0.4754102362204724
21
1.0360416929133858
0
LINE
8
BLACK
6
CONTINUOUS
10
0.5754102362204724
20
1.0360416929133858
11
0.5760399606299212
21
1.0345214173228345
0
LINE
8
BLACK
6
CONTINUOUS
10
0.5760399606299212
20
1.0345214173228345
11
0.5754102362204724
21
1.0330011417322835
0
LINE
8
BLACK
6
CONTINUOUS
10
0.5754102362204724
20
1.0330011417322835
11
0.5738899606299213
21
1.0323714173228347
0
LINE
8
BLACK
6
CONTINUOUS
10
0.5738899606299213
20
1.0323714173228347
11
0.570333622047244
21
1.0323714173228347
0
LINE
8
BLACK
6
CONTINUOUS
10
0.570333622047244
20
1.0323714173228347
11
0.5751799606299213
21
1.0287366535433071
0
LINE
8
BLACK
6
CONTINUOUS
10
0.5751799606299213
20
1.0287366535433071
11
0.5760183464566929
21
1.0273207086614173
0
LINE
8
BLACK
6
CONTINUOUS
10
0.5760183464566929
20
1.0273207086614173
11
0.5756099606299212
21
1.0257266535433072
0
LINE
8
BLACK
6
CONTINUOUS
10
0.5756099606299212
20
1.0257266535433072
11
0.5741940157480315
21
1.0248882677165354
0
LINE
8
BLACK
6
CONTINUOUS
10
0.5741940157480315
20
1.0248882677165354
11
0.5725999606299212
21
1.025296653543307
0
LINE
8
BLACK
6
CONTINUOUS
10
0.5725999606299212
20
1.025296653543307
11
0.5665869291338582
21
1.0298064173228347
0
LINE
8
BLACK
6
CONTINUOUS
10
0.5665869291338582
20
1.0298064173228347
11
0.5622768897637795
21
1.0254963779527559
0
LINE
8
BLACK
6
CONTINUOUS
10
0.5622768897637795
20
1.0254963779527559
11
0.5607566141732283
21
1.0248666535433071
0
LINE
8
BLACK
6
CONTINUOUS
10
0.5607566141732283
20
1.0248666535433071
11
0.5592363385826772
21
1.0254963779527559
0
LINE
8
BLACK
6
CONTINUOUS
10
0.5592363385826772
20
1.0254963779527559
11
0.5586066141732283
21
1.027016653543307
0
LINE
8
BLACK
6
CONTINUOUS
10
0.5586066141732283
20
1.027016653543307
11
0.5592363385826772
21
1.0285369291338582
0
LINE
8
BLACK
6
CONTINUOUS
10
0.5592363385826772
20
1.0285369291338582
11
0.5630708267716535
21
1.0323714173228347
0
LINE
8
BLACK
6
CONTINUOUS
10
0.5630708267716535
20
1.0323714173228347
11
0.5541899606299212
21
1.0323714173228347
0
LINE
8
BLACK
6
CONTINUOUS
10
0.5541899606299212
20
1.0323714173228347
11
0.5526696850393701
21
1.0330011417322835
0
LINE
8
BLACK
6
CONTINUOUS
10
0.5526696850393701
20
1.0330011417322835
11
0.5520399606299212
21
1.0345214173228345
0
LINE
8
BLACK
6
CONTINUOUS
10
0.5520399606299212
20
1.0345214173228345
11
0.5526696850393701
21
1.0360416929133858
0
LINE
8
BLACK
6
CONTINUOUS
10
0.5526696850393701
20
1.0360416929133858
11
0.5541899606299212
21
1.0366714173228346
0
LINE
8
BLACK
6
CONTINUOUS
10
0.5541899606299212
20
1.0366714173228346
11
0.5738899606299213
21
1.0366714173228346
0
LINE
8
BLACK
6
CONTINUOUS
10
0.5738899606299213
20
1.0366714173228346
11
0.5754102362204724
21
1.0360416929133858
0
LINE
8
BLACK
6
CONTINUOUS
10
0.6754102362204725
20
1.0360416929133858
11
0.6760399606299212
21
1.0345214173228345
0
LINE
8
BLACK
6
CONTINUOUS
10
0.6760399606299212
20
1.0345214173228345
11
0.6754102362204725
21
1.0330011417322835
0
LINE
8
BLACK
6
CONTINUOUS
10
0.6754102362204725
20
1.0330011417322835
11
0.6738899606299212
21
1.0323714173228347
0
LINE
8
BLACK
6
CONTINUOUS
10
0.6738899606299212
20
1.0323714173228347
11
0.6703336220472441
21
1.0323714173228347
0
LINE
8
BLACK
6
CONTINUOUS
10
0.6703336220472441
20
1.0323714173228347
11
0.6751799606299212
21
1.0287366535433071
0
LINE
8
BLACK
6
CONTINUOUS
10
0.6751799606299212
20
1.0287366535433071
11
0.6760183464566929
21
1.0273207086614173
0
LINE
8
BLACK
6
CONTINUOUS
10
0.6760183464566929
20
1.0273207086614173
11
0.6756099606299213
21
1.0257266535433072
0
LINE
8
BLACK
6
CONTINUOUS
10
0.6756099606299213
20
1.0257266535433072
11
0.6741940157480315
21
1.0248882677165354
0
LINE
8
BLACK
6
CONTINUOUS
10
0.6741940157480315
20
1.0248882677165354
11
0.6725999606299212
21
1.025296653543307
0
LINE
8
BLACK
6
CONTINUOUS
10
0.6725999606299212
20
1.025296653543307
11
0.6665869291338583
21
1.0298064173228347
0
LINE
8
BLACK
6
CONTINUOUS
10
0.6665869291338583
20
1.0298064173228347
11
0.6622768897637795
21
1.0254963779527559
0
LINE
8
BLACK
6
CONTINUOUS
10
0.6622768897637795
20
1.0254963779527559
11
0.6607566141732283
21
1.0248666535433071
0
LINE
8
BLACK
6
CONTINUOUS
10
0.6607566141732283
20
1.0248666535433071
11
0.6592363385826772
21
1.0254963779527559
0
LINE
8
BLACK
6
CONTINUOUS
10
0.6592363385826772
20
1.0254963779527559
11
0.6586066141732283
21
1.027016653543307
0
LINE
8
BLACK
6
CONTINUOUS
10
0.6586066141732283
20
1.027016653543307
11
0.6592363385826772
21
1.0285369291338582
0
LINE
8
BLACK
6
CONTINUOUS
10
0.6592363385826772
20
1.0285369291338582
11
0.6630708267716535
21
1.0323714173228347
0
LINE
8
BLACK
6
CONTINUOUS
10
0.6630708267716535
20
1.0323714173228347
11
0.6541899606299213
21
1.0323714173228347
0
LINE
8
BLACK
6
CONTINUOUS
10
0.6541899606299213
20
1.0323714173228347
11
0.6526696850393701
21
1.0330011417322835
0
LINE
8
BLACK
6
CONTINUOUS
10
0.6526696850393701
20
1.0330011417322835
11
0.6520399606299212
21
1.0345214173228345
0
LINE
8
BLACK
6
CONTINUOUS
10
0.6520399606299212
20
1.0345214173228345
11
0.6526696850393701
21
1.0360416929133858
0
LINE
8
BLACK
6
CONTINUOUS
10
0.6526696850393701
20
1.0360416929133858
11
0.6541899606299213
21
1.0366714173228346
0
LINE
8
BLACK
6
CONTINUOUS
10
0.6541899606299213
20
1.0366714173228346
11
0.6738899606299212
21
1.0366714173228346
0
LINE
8
BLACK
6
CONTINUOUS
10
0.6738899606299212
20
1.0366714173228346
11
0.6754102362204725
21
1.0360416929133858
0
LINE
8
BLACK
6
CONTINUOUS
10
0.7754102362204724
20
1.0360416929133858
11
0.7760399606299212
21
1.0345214173228345
0
LINE
8
BLACK
6
CONTINUOUS
10
0.7760399606299212
20
1.0345214173228345
11
0.7754102362204724
21
1.0330011417322835
0
LINE
8
BLACK
6
CONTINUOUS
10
0.7754102362204724
20
1.0330011417322835
11
0.7738899606299212
21
1.0323714173228347
0
LINE
8
BLACK
6
CONTINUOUS
10
0.7738899606299212
20
1.0323714173228347
11
0.7703336220472441
21
1.0323714173228347
0
LINE
8
BLACK
6
CONTINUOUS
10
0.7703336220472441
20
1.0323714173228347
11
0.7751799606299212
21
1.0287366535433071
0
LINE
8
BLACK
6
CONTINUOUS
10
0.7751799606299212
20
1.0287366535433071
11
0.7760183464566929
21
1.0273207086614173
0
LINE
8
BLACK
6
CONTINUOUS
10
0.7760183464566929
20
1.0273207086614173
11
0.7756099606299213
21
1.0257266535433072
0
LINE
8
BLACK
6
CONTINUOUS
10
0.7756099606299213
20
1.0257266535433072
11
0.7741940157480315
21
1.0248882677165354
0
LINE
8
BLACK
6
CONTINUOUS
10
0.7741940157480315
20
1.0248882677165354
11
0.7725999606299212
21
1.025296653543307
0
LINE
8
BLACK
6
CONTINUOUS
10
0.7725999606299212
20
1.025296653543307
11
0.7665869291338583
21
1.0298064173228347
0
LINE
8
BLACK
6
CONTINUOUS
10
0.7665869291338583
20
1.0298064173228347
11
0.7622768897637795
21
1.0254963779527559
0
LINE
8
BLACK
6
CONTINUOUS
10
0.7622768897637795
20
1.0254963779527559
11
0.7607566141732284
21
1.0248666535433071
0
LINE
8
BLACK
6
CONTINUOUS
10
0.7607566141732284
20
1.0248666535433071
11
0.7592363385826771
21
1.0254963779527559
0
LINE
8
BLACK
6
CONTINUOUS
10
0.7592363385826771
20
1.0254963779527559
11
0.7586066141732283
21
1.027016653543307
0
LINE
8
BLACK
6
CONTINUOUS
10
0.7586066141732283
20
1.027016653543307
11
0.7592363385826771
21
1.0285369291338582
0
LINE
8
BLACK
6
CONTINUOUS
10
0.7592363385826771
20
1.0285369291338582
11
0.7630708267716535
21
1.0323714173228347
0
LINE
8
BLACK
6
CONTINUOUS
10
0.7630708267716535
20
1.0323714173228347
11
0.7541899606299213
21
1.0323714173228347
0
LINE
8
BLACK
6
CONTINUOUS
10
0.7541899606299213
20
1.0323714173228347
11
0.75266968503937
21
1.0330011417322835
0
LINE
8
BLACK
6
CONTINUOUS
10
0.75266968503937
20
1.0330011417322835
11
0.7520399606299213
21
1.0345214173228345
0
LINE
8
BLACK
6
CONTINUOUS
10
0.7520399606299213
20
1.0345214173228345
11
0.75266968503937
21
1.0360416929133858
0
LINE
8
BLACK
6
CONTINUOUS
10
0.75266968503937
20
1.0360416929133858
11
0.7541899606299213
21
1.0366714173228346
0
LINE
8
BLACK
6
CONTINUOUS
10
0.7541899606299213
20
1.0366714173228346
11
0.7738899606299212
21
1.0366714173228346
0
LINE
8
BLACK
6
CONTINUOUS
10
0.7738899606299212
20
1.0366714173228346
11
0.7754102362204724
21
1.0360416929133858
0
LINE
8
BLACK
6
CONTINUOUS
10
0.8754102362204724
20
1.0360416929133858
11
0.8760399606299213
21
1.0345214173228345
0
LINE
8
BLACK
6
CONTINUOUS
10
0.8760399606299213
20
1.0345214173228345
11
0.8754102362204724
21
1.0330011417322835
0
LINE
8
BLACK
6
CONTINUOUS
10
0.8754102362204724
20
1.0330011417322835
11
0.8738899606299212
21
1.0323714173228347
0
LINE
8
BLACK
6
CONTINUOUS
10
0.8738899606299212
20
1.0323714173228347
11
0.8703336220472441
21
1.0323714173228347
0
LINE
8
BLACK
6
CONTINUOUS
10
0.8703336220472441
20
1.0323714173228347
11
0.8751799606299212
21
1.0287366535433071
0
LINE
8
BLACK
6
CONTINUOUS
10
0.8751799606299212
20
1.0287366535433071
11
0.8760183464566929
21
1.0273207086614173
0
LINE
8
BLACK
6
CONTINUOUS
10
0.8760183464566929
20
1.0273207086614173
11
0.8756099606299212
21
1.0257266535433072
0
LINE
8
BLACK
6
CONTINUOUS
10
0.8756099606299212
20
1.0257266535433072
11
0.8741940157480315
21
1.0248882677165354
0
LINE
8
BLACK
6
CONTINUOUS
10
0.8741940157480315
20
1.0248882677165354
11
0.8725999606299213
21
1.025296653543307
0
LINE
8
BLACK
6
CONTINUOUS
10
0.8725999606299213
20
1.025296653543307
11
0.8665869291338583
21
1.0298064173228347
0
LINE
8
BLACK
6
CONTINUOUS
10
0.8665869291338583
20
1.0298064173228347
11
0.8622768897637795
21
1.0254963779527559
0
LINE
8
BLACK
6
CONTINUOUS
10
0.8622768897637795
20
1.0254963779527559
11
0.8607566141732284
21
1.0248666535433071
0
LINE
8
BLACK
6
CONTINUOUS
10
0.8607566141732284
20
1.0248666535433071
11
0.8592363385826771
21
1.0254963779527559
0
LINE
8
BLACK
6
CONTINUOUS
10
0.8592363385826771
20
1.0254963779527559
11
0.8586066141732284
21
1.027016653543307
0
LINE
8
BLACK
6
CONTINUOUS
10
0.8586066141732284
20
1.027016653543307
11
0.8592363385826771
21
1.0285369291338582
0
LINE
8
BLACK
6
CONTINUOUS
10
0.8592363385826771
20
1.0285369291338582
11
0.8630708267716535
21
1.0323714173228347
0
LINE
8
BLACK
6
CONTINUOUS
10
0.8630708267716535
20
1.0323714173228347
11
0.8541899606299213
21
1.0323714173228347
0
LINE
8
BLACK
6
CONTINUOUS
10
0.8541899606299213
20
1.0323714173228347
11
0.85266968503937
21
1.0330011417322835
0
LINE
8
BLACK
6
CONTINUOUS
10
0.85266968503937
20
1.0330011417322835
11
0.8520399606299213
21
1.0345214173228345
0
LINE
8
BLACK
6
CONTINUOUS
10
0.8520399606299213
20
1.0345214173228345
11
0.85266968503937
21
1.0360416929133858
0
LINE
8
BLACK
6
CONTINUOUS
10
0.85266968503937
20
1.0360416929133858
11
0.8541899606299213
21
1.0366714173228346
0
LINE
8
BLACK
6
CONTINUOUS
10
0.8541899606299213
20
1.0366714173228346
11
0.8738899606299212
21
1.0366714173228346
0
LINE
8
BLACK
6
CONTINUOUS
10
0.8738899606299212
20
1.0366714173228346
11
0.8754102362204724
21
1.0360416929133858
0
LINE
8
BLACK
6
CONTINUOUS
10
0.9754102362204724
20
1.0360416929133858
11
0.9760399606299213
21
1.0345214173228345
0
LINE
8
BLACK
6
CONTINUOUS
10
0.9760399606299213
20
1.0345214173228345
11
0.9754102362204724
21
1.0330011417322835
0
LINE
8
BLACK
6
CONTINUOUS
10
0.9754102362204724
20
1.0330011417322835
11
0.9738899606299213
21
1.0323714173228347
0
LINE
8
BLACK
6
CONTINUOUS
10
0.9738899606299213
20
1.0323714173228347
11
0.970333622047244
21
1.0323714173228347
0
LINE
8
BLACK
6
CONTINUOUS
10
0.970333622047244
20
1.0323714173228347
11
0.9751799606299212
21
1.0287366535433071
0
LINE
8
BLACK
6
CONTINUOUS
10
0.9751799606299212
20
1.0287366535433071
11
0.9760183464566929
21
1.0273207086614173
0
LINE
8
BLACK
6
CONTINUOUS
10
0.9760183464566929
20
1.0273207086614173
11
0.9756099606299212
21
1.0257266535433072
0
LINE
8
BLACK
6
CONTINUOUS
10
0.9756099606299212
20
1.0257266535433072
11
0.9741940157480314
21
1.0248882677165354
0
LINE
8
BLACK
6
CONTINUOUS
10
0.9741940157480314
20
1.0248882677165354
11
0.9725999606299213
21
1.025296653543307
0
LINE
8
BLACK
6
CONTINUOUS
10
0.9725999606299213
20
1.025296653543307
11
0.9665869291338582
21
1.0298064173228347
0
LINE
8
BLACK
6
CONTINUOUS
10
0.9665869291338582
20
1.0298064173228347
11
0.9622768897637795
21
1.0254963779527559
0
LINE
8
BLACK
6
CONTINUOUS
10
0.9622768897637795
20
1.0254963779527559
11
0.9607566141732283
21
1.0248666535433071
0
LINE
8
BLACK
6
CONTINUOUS
10
0.9607566141732283
20
1.0248666535433071
11
0.9592363385826771
21
1.0254963779527559
0
LINE
8
BLACK
6
CONTINUOUS
10
0.9592363385826771
20
1.0254963779527559
11
0.9586066141732283
21
1.027016653543307
0
LINE
8
BLACK
6
CONTINUOUS
10
0.9586066141732283
20
1.027016653543307
11
0.9592363385826771
21
1.0285369291338582
0
LINE
8
BLACK
6
CONTINUOUS
10
0.9592363385826771
20
1.0285369291338582
11
0.9630708267716536
21
1.0323714173228347
0
LINE
8
BLACK
6
CONTINUOUS
10
0.9630708267716536
20
1.0323714173228347
11
0.9541899606299212
21
1.0323714173228347
0
LINE
8
BLACK
6
CONTINUOUS
10
0.9541899606299212
20
1.0323714173228347
11
0.9526696850393701
21
1.0330011417322835
0
LINE
8
BLACK
6
CONTINUOUS
10
0.9526696850393701
20
1.0330011417322835
11
0.9520399606299212
21
1.0345214173228345
0
LINE
8
BLACK
6
CONTINUOUS
10
0.9520399606299212
20
1.0345214173228345
11
0.9526696850393701
21
1.0360416929133858
0
LINE
8
BLACK
6
CONTINUOUS
10
0.9526696850393701
20
1.0360416929133858
11
0.9541899606299212
21
1.0366714173228346
0
LINE
8
BLACK
6
CONTINUOUS
10
0.9541899606299212
20
1.0366714173228346
11
0.9738899606299213
21
1.0366714173228346
0
LINE
8
BLACK
6
CONTINUOUS
10
0.9738899606299213
20
1.0366714173228346
11
0.9754102362204724
21
1.0360416929133858
0
LINE
8
BLACK
6
CONTINUOUS
10
1.0754102362204725
20
1.0360416929133858
11
1.0760399606299211
21
1.0345214173228345
0
LINE
8
BLACK
6
CONTINUOUS
10
1.0760399606299211
20
1.0345214173228345
11
1.0754102362204725
21
1.0330011417322835
0
LINE
8
BLACK
6
CONTINUOUS
10
1.0754102362204725
20
1.0330011417322835
11
1.0738899606299213
21
1.0323714173228347
0
LINE
8
BLACK
6
CONTINUOUS
10
1.0738899606299213
20
1.0323714173228347
11
1.0703336220472441
21
1.0323714173228347
0
LINE
8
BLACK
6
CONTINUOUS
10
1.0703336220472441
20
1.0323714173228347
11
1.0751799606299213
21
1.0287366535433071
0
LINE
8
BLACK
6
CONTINUOUS
10
1.0751799606299213
20
1.0287366535433071
11
1.0760183464566928
21
1.0273207086614173
0
LINE
8
BLACK
6
CONTINUOUS
10
1.0760183464566928
20
1.0273207086614173
11
1.0756099606299212
21
1.0257266535433072
0
LINE
8
BLACK
6
CONTINUOUS
10
1.0756099606299212
20
1.0257266535433072
11
1.0741940157480314
21
1.0248882677165354
0
LINE
8
BLACK
6
CONTINUOUS
10
1.0741940157480314
20
1.0248882677165354
11
1.0725999606299212
21
1.025296653543307
0
LINE
8
BLACK
6
CONTINUOUS
10
1.0725999606299212
20
1.025296653543307
11
1.0665869291338583
21
1.0298064173228347
0
LINE
8
BLACK
6
CONTINUOUS
10
1.0665869291338583
20
1.0298064173228347
11
1.0622768897637795
21
1.0254963779527559
0
LINE
8
BLACK
6
CONTINUOUS
10
1.0622768897637795
20
1.0254963779527559
11
1.0607566141732283
21
1.0248666535433071
0
LINE
8
BLACK
6
CONTINUOUS
10
1.0607566141732283
20
1.0248666535433071
11
1.0592363385826771
21
1.0254963779527559
0
LINE
8
BLACK
6
CONTINUOUS
10
1.0592363385826771
20
1.0254963779527559
11
1.0586066141732284
21
1.027016653543307
0
LINE
8
BLACK
6
CONTINUOUS
10
1.0586066141732284
20
1.027016653543307
11
1.0592363385826771
21
1.0285369291338582
0
LINE
8
BLACK
6
CONTINUOUS
10
1.0592363385826771
20
1.0285369291338582
11
1.0630708267716535
21
1.0323714173228347
0
LINE
8
BLACK
6
CONTINUOUS
10
1.0630708267716535
20
1.0323714173228347
11
1.0541899606299212
21
1.0323714173228347
0
LINE
8
BLACK
6
CONTINUOUS
10
1.0541899606299212
20
1.0323714173228347
11
1.05266968503937
21
1.0330011417322835
0
LINE
8
BLACK
6
CONTINUOUS
10
1.05266968503937
20
1.0330011417322835
11
1.0520399606299213
21
1.0345214173228345
0
LINE
8
BLACK
6
CONTINUOUS
10
1.0520399606299213
20
1.0345214173228345
11
1.05266968503937
21
1.0360416929133858
0
LINE
8
BLACK
6
CONTINUOUS
10
1.05266968503937
20
1.0360416929133858
11
1.0541899606299212
21
1.0366714173228346
0
LINE
8
BLACK
6
CONTINUOUS
10
1.0541899606299212
20
1.0366714173228346
11
1.0738899606299213
21
1.0366714173228346
0
LINE
8
BLACK
6
CONTINUOUS
10
1.0738899606299213
20
1.0366714173228346
11
1.0754102362204725
21
1.0360416929133858
0
LINE
8
BLACK
6
CONTINUOUS
10
1.1754102362204724
20
1.0360416929133858
11
1.1760399606299212
21
1.0345214173228345
0
LINE
8
BLACK
6
CONTINUOUS
10
1.1760399606299212
20
1.0345214173228345
11
1.1754102362204724
21
1.0330011417322835
0
LINE
8
BLACK
6
CONTINUOUS
10
1.1754102362204724
20
1.0330011417322835
11
1.1738899606299211
21
1.0323714173228347
0
LINE
8
BLACK
6
CONTINUOUS
10
1.1738899606299211
20
1.0323714173228347
11
1.170333622047244
21
1.0323714173228347
0
LINE
8
BLACK
6
CONTINUOUS
10
1.170333622047244
20
1.0323714173228347
11
1.1751799606299211
21
1.0287366535433071
0
LINE
8
BLACK
6
CONTINUOUS
10
1.1751799606299211
20
1.0287366535433071
11
1.1760183464566929
21
1.0273207086614173
0
LINE
8
BLACK
6
CONTINUOUS
10
1.1760183464566929
20
1.0273207086614173
11
1.1756099606299213
21
1.0257266535433072
0
LINE
8
BLACK
6
CONTINUOUS
10
1.1756099606299213
20
1.0257266535433072
11
1.1741940157480315
21
1.0248882677165354
0
LINE
8
BLACK
6
CONTINUOUS
10
1.1741940157480315
20
1.0248882677165354
11
1.1725999606299213
21
1.025296653543307
0
LINE
8
BLACK
6
CONTINUOUS
10
1.1725999606299213
20
1.025296653543307
11
1.1665869291338582
21
1.0298064173228347
0
LINE
8
BLACK
6
CONTINUOUS
10
1.1665869291338582
20
1.0298064173228347
11
1.1622768897637794
21
1.0254963779527559
0
LINE
8
BLACK
6
CONTINUOUS
10
1.1622768897637794
20
1.0254963779527559
11
1.1607566141732284
21
1.0248666535433071
0
LINE
8
BLACK
6
CONTINUOUS
10
1.1607566141732284
20
1.0248666535433071
11
1.1592363385826772
21
1.0254963779527559
0
LINE
8
BLACK
6
CONTINUOUS
10
1.1592363385826772
20
1.0254963779527559
11
1.1586066141732283
21
1.027016653543307
0
LINE
8
BLACK
6
CONTINUOUS
10
1.1586066141732283
20
1.027016653543307
11
1.1592363385826772
21
1.0285369291338582
0
LINE
8
BLACK
6
CONTINUOUS
10
1.1592363385826772
20
1.0285369291338582
11
1.1630708267716534
21
1.0323714173228347
0
LINE
8
BLACK
6
CONTINUOUS
10
1.1630708267716534
20
1.0323714173228347
11
1.1541899606299213
21
1.0323714173228347
0
LINE
8
BLACK
6
CONTINUOUS
10
1.1541899606299213
20
1.0323714173228347
11
1.1526696850393701
21
1.0330011417322835
0
LINE
8
BLACK
6
CONTINUOUS
10
1.1526696850393701
20
1.0330011417322835
11
1.1520399606299212
21
1.0345214173228345
0
LINE
8
BLACK
6
CONTINUOUS
10
1.1520399606299212
20
1.0345214173228345
11
1.1526696850393701
21
1.0360416929133858
0
LINE
8
BLACK
6
CONTINUOUS
10
1.1526696850393701
20
1.0360416929133858
11
1.1541899606299213
21
1.0366714173228346
0
LINE
8
BLACK
6
CONTINUOUS
10
1.1541899606299213
20
1.0366714173228346
11
1.1738899606299211
21
1.0366714173228346
0
LINE
8
BLACK
6
CONTINUOUS
10
1.1738899606299211
20
1.0366714173228346
11
1.1754102362204724
21
1.0360416929133858
0
LINE
8
BLACK
6
CONTINUOUS
10
1.0282102362204724
20
1.0482369291338582
11
1.0288399606299212
21
1.046716653543307
0
LINE
8
BLACK
6
CONTINUOUS
10
1.0288399606299212
20
1.046716653543307
11
1.0288399606299212
21
1.0368438188976379
0
LINE
8
BLACK
6
CONTINUOUS
10
1.0288399606299212
20
1.0368438188976379
11
1.045543031496063
21
1.0440023228346456
0
LINE
8
BLACK
6
CONTINUOUS
10
1.045543031496063
20
1.0440023228346456
11
1.0471884251968504
21
1.0440224015748032
0
LINE
8
BLACK
6
CONTINUOUS
10
1.0471884251968504
20
1.0440224015748032
11
1.0483661023622046
21
1.0428731102362205
0
LINE
8
BLACK
6
CONTINUOUS
10
1.0483661023622046
20
1.0428731102362205
11
1.0483861811023623
21
1.0412276771653544
0
LINE
8
BLACK
6
CONTINUOUS
10
1.0483861811023623
20
1.0412276771653544
11
1.0472368897637796
21
1.0400499999999999
0
LINE
8
BLACK
6
CONTINUOUS
10
1.0472368897637796
20
1.0400499999999999
11
1.0275368897637795
21
1.0316071653543306
0
LINE
8
BLACK
6
CONTINUOUS
10
1.0275368897637795
20
1.0316071653543306
11
1.0270966929133858
21
1.0316017716535433
0
LINE
8
BLACK
6
CONTINUOUS
10
1.0270966929133858
20
1.0316017716535433
11
1.0266899606299211
21
1.0314333070866142
0
LINE
8
BLACK
6
CONTINUOUS
10
1.0266899606299211
20
1.0314333070866142
11
1.0263064566929134
21
1.031592125984252
0
LINE
8
BLACK
6
CONTINUOUS
10
1.0263064566929134
20
1.031592125984252
11
1.0258914566929134
21
1.0315870866141732
0
LINE
8
BLACK
6
CONTINUOUS
10
1.0258914566929134
20
1.0315870866141732
11
1.0255763779527558
21
1.0318945275590552
0
LINE
8
BLACK
6
CONTINUOUS
10
1.0255763779527558
20
1.0318945275590552
11
1.0251696850393701
21
1.032063031496063
0
LINE
8
BLACK
6
CONTINUOUS
10
1.0251696850393701
20
1.032063031496063
11
1.0250108267716536
21
1.032446496062992
0
LINE
8
BLACK
6
CONTINUOUS
10
1.0250108267716536
20
1.032446496062992
11
1.0247138188976377
21
1.0327363779527559
0
LINE
8
BLACK
6
CONTINUOUS
10
1.0247138188976377
20
1.0327363779527559
11
1.0247084251968503
21
1.0331765354330709
0
LINE
8
BLACK
6
CONTINUOUS
10
1.0247084251968503
20
1.0331765354330709
11
1.0245399606299213
21
1.0335833070866141
0
LINE
8
BLACK
6
CONTINUOUS
10
1.0245399606299213
20
1.0335833070866141
11
1.0245399606299213
21
1.046716653543307
0
LINE
8
BLACK
6
CONTINUOUS
10
1.0245399606299213
20
1.046716653543307
11
1.0251696850393701
21
1.0482369291338582
0
LINE
8
BLACK
6
CONTINUOUS
10
1.0251696850393701
20
1.0482369291338582
11
1.0266899606299211
21
1.0488666535433071
0
LINE
8
BLACK
6
CONTINUOUS
10
1.0266899606299211
20
1.0488666535433071
11
1.0282102362204724
21
1.0482369291338582
0
LINE
8
BLACK
6
CONTINUOUS
10
0.9355951968503937
20
1.0477370078740158
11
0.9360943700787402
21
1.0477015354330708
0
LINE
8
BLACK
6
CONTINUOUS
10
0.9360943700787402
20
1.0477015354330708
11
0.9379705511811023
21
1.046763464566929
0
LINE
8
BLACK
6
CONTINUOUS
10
0.9379705511811023
20
1.046763464566929
11
0.9382023622047244
21
1.0464961023622048
0
LINE
8
BLACK
6
CONTINUOUS
10
0.9382023622047244
20
1.0464961023622048
11
0.9385292519685039
21
1.046360748031496
0
LINE
8
BLACK
6
CONTINUOUS
10
0.9385292519685039
20
1.046360748031496
11
0.9394673622047244
21
1.0454226771653543
0
LINE
8
BLACK
6
CONTINUOUS
10
0.9394673622047244
20
1.0454226771653543
11
0.9396027559055118
21
1.0450957086614172
0
LINE
8
BLACK
6
CONTINUOUS
10
0.9396027559055118
20
1.0450957086614172
11
0.939870157480315
21
1.0448638582677165
0
LINE
8
BLACK
6
CONTINUOUS
10
0.939870157480315
20
1.0448638582677165
11
0.9408082283464567
21
1.0429876771653543
0
LINE
8
BLACK
6
CONTINUOUS
10
0.9408082283464567
20
1.0429876771653543
11
0.9408436614173228
21
1.0424885039370078
0
LINE
8
BLACK
6
CONTINUOUS
10
0.9408436614173228
20
1.0424885039370078
11
0.9410351968503937
21
1.0420261811023621
0
LINE
8
BLACK
6
CONTINUOUS
10
0.9410351968503937
20
1.0420261811023621
11
0.9410351968503937
21
1.0382737795275589
0
LINE
8
BLACK
6
CONTINUOUS
10
0.9410351968503937
20
1.0382737795275589
11
0.9408436614173228
21
1.0378114173228346
0
LINE
8
BLACK
6
CONTINUOUS
10
0.9408436614173228
20
1.0378114173228346
11
0.9408184251968503
21
1.0374560629921259
0
LINE
8
BLACK
6
CONTINUOUS
10
0.9408184251968503
20
1.0374560629921259
11
0.9431440944881889
21
1.0390065354330709
0
LINE
8
BLACK
6
CONTINUOUS
10
0.9431440944881889
20
1.0390065354330709
11
0.943684842519685
21
1.0395472834645669
0
LINE
8
BLACK
6
CONTINUOUS
10
0.943684842519685
20
1.0395472834645669
11
0.9442399606299212
21
1.0406574803149606
0
LINE
8
BLACK
6
CONTINUOUS
10
0.9442399606299212
20
1.0406574803149606
11
0.9442399606299212
21
1.0439023622047243
0
LINE
8
BLACK
6
CONTINUOUS
10
0.9442399606299212
20
1.0439023622047243
11
0.9448696850393701
21
1.0454226377952756
0
LINE
8
BLACK
6
CONTINUOUS
10
0.9448696850393701
20
1.0454226377952756
11
0.9463899606299212
21
1.0460523622047244
0
LINE
8
BLACK
6
CONTINUOUS
10
0.9463899606299212
20
1.0460523622047244
11
0.9479102362204724
21
1.0454226377952756
0
LINE
8
BLACK
6
CONTINUOUS
10
0.9479102362204724
20
1.0454226377952756
11
0.9485399606299212
21
1.0439023622047243
0
LINE
8
BLACK
6
CONTINUOUS
10
0.9485399606299212
20
1.0439023622047243
11
0.9485399606299212
21
1.0401499606299212
0
LINE
8
BLACK
6
CONTINUOUS
10
0.9485399606299212
20
1.0401499606299212
11
0.9483484251968504
21
1.0396875984251968
0
LINE
8
BLACK
6
CONTINUOUS
10
0.9483484251968504
20
1.0396875984251968
11
0.9483129921259842
21
1.0391884645669291
0
LINE
8
BLACK
6
CONTINUOUS
10
0.9483129921259842
20
1.0391884645669291
11
0.9473749212598425
21
1.0373122834645669
0
LINE
8
BLACK
6
CONTINUOUS
10
0.9473749212598425
20
1.0373122834645669
11
0.9471075590551181
21
1.0370803937007873
0
LINE
8
BLACK
6
CONTINUOUS
10
0.9471075590551181
20
1.0370803937007873
11
0.9469721653543307
21
1.0367535039370079
0
LINE
8
BLACK
6
CONTINUOUS
10
0.9469721653543307
20
1.0367535039370079
11
0.9460340551181102
21
1.0358153937007875
0
LINE
8
BLACK
6
CONTINUOUS
10
0.9460340551181102
20
1.0358153937007875
11
0.9458295275590551
21
1.0357306692913386
0
LINE
8
BLACK
6
CONTINUOUS
10
0.9458295275590551
20
1.0357306692913386
11
0.9457063779527559
21
1.0355467716535434
0
LINE
8
BLACK
6
CONTINUOUS
10
0.9457063779527559
20
1.0355467716535434
11
0.9428920866141732
21
1.0336705905511812
0
LINE
8
BLACK
6
CONTINUOUS
10
0.9428920866141732
20
1.0336705905511812
11
0.9425231496062992
21
1.0335975984251968
0
LINE
8
BLACK
6
CONTINUOUS
10
0.9425231496062992
20
1.0335975984251968
11
0.942220905511811
21
1.0333736614173228
0
LINE
8
BLACK
6
CONTINUOUS
10
0.942220905511811
20
1.0333736614173228
11
0.9384685826771654
21
1.0324355905511811
0
LINE
8
BLACK
6
CONTINUOUS
10
0.9384685826771654
20
1.0324355905511811
11
0.938198937007874
21
1.0324757086614174
0
LINE
8
BLACK
6
CONTINUOUS
10
0.938198937007874
20
1.0324757086614174
11
0.9379471259842519
21
1.0323714173228347
0
LINE
8
BLACK
6
CONTINUOUS
10
0.9379471259842519
20
1.0323714173228347
11
0.9304423622047244
21
1.0323714173228347
0
LINE
8
BLACK
6
CONTINUOUS
10
0.9304423622047244
20
1.0323714173228347
11
0.92998
21
1.0325629133858267
0
LINE
8
BLACK
6
CONTINUOUS
10
0.92998
20
1.0325629133858267
11
0.929480905511811
21
1.0325983858267715
0
LINE
8
BLACK
6
CONTINUOUS
10
0.929480905511811
20
1.0325983858267715
11
0.9276046456692913
21
1.0335364566929133
0
LINE
8
BLACK
6
CONTINUOUS
10
0.9276046456692913
20
1.0335364566929133
11
0.9273727559055118
21
1.0338038188976377
0
LINE
8
BLACK
6
CONTINUOUS
10
0.9273727559055118
20
1.0338038188976377
11
0.9270458267716535
21
1.033939251968504
0
LINE
8
BLACK
6
CONTINUOUS
10
0.9270458267716535
20
1.033939251968504
11
0.9261077559055118
21
1.0348773622047245
0
LINE
8
BLACK
6
CONTINUOUS
10
0.9261077559055118
20
1.0348773622047245
11
0.9259723622047243
21
1.0352042125984251
0
LINE
8
BLACK
6
CONTINUOUS
10
0.9259723622047243
20
1.0352042125984251
11
0.9257050393700788
21
1.035436062992126
0
LINE
8
BLACK
6
CONTINUOUS
10
0.9257050393700788
20
1.035436062992126
11
0.924766968503937
21
1.0373122440944882
0
LINE
8
BLACK
6
CONTINUOUS
10
0.924766968503937
20
1.0373122440944882
11
0.9247314566929133
21
1.0378113779527558
0
LINE
8
BLACK
6
CONTINUOUS
10
0.9247314566929133
20
1.0378113779527558
11
0.9245399606299213
21
1.0382737795275589
0
LINE
8
BLACK
6
CONTINUOUS
10
0.9245399606299213
20
1.0382737795275589
11
0.9245399606299213
21
1.0420261811023621
0
LINE
8
BLACK
6
CONTINUOUS
10
0.9245399606299213
20
1.0420261811023621
11
0.9247314566929133
21
1.0424885433070865
0
LINE
8
BLACK
6
CONTINUOUS
10
0.9247314566929133
20
1.0424885433070865
11
0.924766968503937
21
1.0429877165354331
0
LINE
8
BLACK
6
CONTINUOUS
10
0.924766968503937
20
1.0429877165354331
11
0.9257050393700788
21
1.0448638976377953
0
LINE
8
BLACK
6
CONTINUOUS
10
0.9257050393700788
20
1.0448638976377953
11
0.9259723622047243
21
1.045095748031496
0
LINE
8
BLACK
6
CONTINUOUS
10
0.9259723622047243
20
1.045095748031496
11
0.9261077952755905
21
1.0454226377952756
0
LINE
8
BLACK
6
CONTINUOUS
10
0.9261077952755905
20
1.0454226377952756
11
0.9270458661417322
21
1.0463607086614173
0
LINE
8
BLACK
6
CONTINUOUS
10
0.9270458661417322
20
1.0463607086614173
11
0.9273727559055118
21
1.0464961023622048
0
LINE
8
BLACK
6
CONTINUOUS
10
0.9273727559055118
20
1.0464961023622048
11
0.9276046456692913
21
1.046763464566929
0
LINE
8
BLACK
6
CONTINUOUS
10
0.9276046456692913
20
1.046763464566929
11
0.9294808661417323
21
1.0477015748031495
0
LINE
8
BLACK
6
CONTINUOUS
10
0.9294808661417323
20
1.0477015748031495
11
0.92998
21
1.0477370078740158
0
LINE
8
BLACK
6
CONTINUOUS
10
0.92998
20
1.0477370078740158
11
0.9304423622047244
21
1.0479285433070866
0
LINE
8
BLACK
6
CONTINUOUS
10
0.9304423622047244
20
1.0479285433070866
11
0.9351328346456693
21
1.0479285433070866
0
LINE
8
BLACK
6
CONTINUOUS
10
0.9351328346456693
20
1.0479285433070866
11
0.9355951968503937
21
1.0477370078740158
0
LINE
8
BLACK
6
CONTINUOUS
10
0.9298396850393701
20
1.0430734251968503
11
0.929395
21
1.0426287401574803
0
LINE
8
BLACK
6
CONTINUOUS
10
0.929395
20
1.0426287401574803
11
0.9288399606299212
21
1.0415186220472441
0
LINE
8
BLACK
6
CONTINUOUS
10
0.9288399606299212
20
1.0415186220472441
11
0.9288399606299212
21
1.0387812992125984
0
LINE
8
BLACK
6
CONTINUOUS
10
0.9288399606299212
20
1.0387812992125984
11
0.9293950393700787
21
1.0376711417322835
0
LINE
8
BLACK
6
CONTINUOUS
10
0.9293950393700787
20
1.0376711417322835
11
0.9298396850393701
21
1.037226496062992
0
LINE
8
BLACK
6
CONTINUOUS
10
0.9298396850393701
20
1.037226496062992
11
0.9309499212598425
21
1.0366714173228346
0
LINE
8
BLACK
6
CONTINUOUS
10
0.9309499212598425
20
1.0366714173228346
11
0.9346252755905512
21
1.0366714173228346
0
LINE
8
BLACK
6
CONTINUOUS
10
0.9346252755905512
20
1.0366714173228346
11
0.9357354724409449
21
1.037226496062992
0
LINE
8
BLACK
6
CONTINUOUS
10
0.9357354724409449
20
1.037226496062992
11
0.9361800787401574
21
1.0376711023622047
0
LINE
8
BLACK
6
CONTINUOUS
10
0.9361800787401574
20
1.0376711023622047
11
0.9367351968503936
21
1.0387812992125984
0
LINE
8
BLACK
6
CONTINUOUS
10
0.9367351968503936
20
1.0387812992125984
11
0.9367351968503936
21
1.0415186220472441
0
LINE
8
BLACK
6
CONTINUOUS
10
0.9367351968503936
20
1.0415186220472441
11
0.9361801181102362
21
1.0426287795275591
0
LINE
8
BLACK
6
CONTINUOUS
10
0.9361801181102362
20
1.0426287795275591
11
0.9357354330708662
21
1.0430734251968503
0
LINE
8
BLACK
6
CONTINUOUS
10
0.9357354330708662
20
1.0430734251968503
11
0.9346253149606299
21
1.0436285433070867
0
LINE
8
BLACK
6
CONTINUOUS
10
0.9346253149606299
20
1.0436285433070867
11
0.9309499212598425
21
1.0436285433070867
0
LINE
8
BLACK
6
CONTINUOUS
10
0.9309499212598425
20
1.0436285433070867
11
0.9298396850393701
21
1.0430734251968503
0
LINE
8
BLACK
6
CONTINUOUS
10
1.1460340551181103
20
1.0472988188976378
11
1.1469721653543308
21
1.0463607086614173
0
LINE
8
BLACK
6
CONTINUOUS
10
1.1469721653543308
20
1.0463607086614173
11
1.1471075590551181
21
1.0460337795275589
0
LINE
8
BLACK
6
CONTINUOUS
10
1.1471075590551181
20
1.0460337795275589
11
1.1473749212598425
21
1.0458019291338583
0
LINE
8
BLACK
6
CONTINUOUS
10
1.1473749212598425
20
1.0458019291338583
11
1.1483129921259843
21
1.0439257480314961
0
LINE
8
BLACK
6
CONTINUOUS
10
1.1483129921259843
20
1.0439257480314961
11
1.1483484251968503
21
1.0434265748031495
0
LINE
8
BLACK
6
CONTINUOUS
10
1.1483484251968503
20
1.0434265748031495
11
1.1485399606299211
21
1.0429642519685038
0
LINE
8
BLACK
6
CONTINUOUS
10
1.1485399606299211
20
1.0429642519685038
11
1.1485399606299211
21
1.0382737795275589
0
LINE
8
BLACK
6
CONTINUOUS
10
1.1485399606299211
20
1.0382737795275589
11
1.1483484251968503
21
1.0378114173228346
0
LINE
8
BLACK
6
CONTINUOUS
10
1.1483484251968503
20
1.0378114173228346
11
1.1483129921259843
21
1.0373122834645669
0
LINE
8
BLACK
6
CONTINUOUS
10
1.1483129921259843
20
1.0373122834645669
11
1.1473749212598425
21
1.0354361023622047
0
LINE
8
BLACK
6
CONTINUOUS
10
1.1473749212598425
20
1.0354361023622047
11
1.1471075590551181
21
1.0352042125984251
0
LINE
8
BLACK
6
CONTINUOUS
10
1.1471075590551181
20
1.0352042125984251
11
1.1469721653543308
21
1.0348773228346457
0
LINE
8
BLACK
6
CONTINUOUS
10
1.1469721653543308
20
1.0348773228346457
11
1.1460340551181103
21
1.0339392125984253
0
LINE
8
BLACK
6
CONTINUOUS
10
1.1460340551181103
20
1.0339392125984253
11
1.145707125984252
21
1.033803779527559
0
LINE
8
BLACK
6
CONTINUOUS
10
1.145707125984252
20
1.033803779527559
11
1.1454752755905511
21
1.0335364566929133
0
LINE
8
BLACK
6
CONTINUOUS
10
1.1454752755905511
20
1.0335364566929133
11
1.1435990944881889
21
1.0325983858267715
0
LINE
8
BLACK
6
CONTINUOUS
10
1.1435990944881889
20
1.0325983858267715
11
1.1430999212598425
21
1.0325629133858267
0
LINE
8
BLACK
6
CONTINUOUS
10
1.1430999212598425
20
1.0325629133858267
11
1.1426375984251969
21
1.0323714173228347
0
LINE
8
BLACK
6
CONTINUOUS
10
1.1426375984251969
20
1.0323714173228347
11
1.137947125984252
21
1.0323714173228347
0
LINE
8
BLACK
6
CONTINUOUS
10
1.137947125984252
20
1.0323714173228347
11
1.1374847637795276
21
1.0325629133858267
0
LINE
8
BLACK
6
CONTINUOUS
10
1.1374847637795276
20
1.0325629133858267
11
1.1369856692913385
21
1.0325983858267715
0
LINE
8
BLACK
6
CONTINUOUS
10
1.1369856692913385
20
1.0325983858267715
11
1.1351094094488188
21
1.0335364566929133
0
LINE
8
BLACK
6
CONTINUOUS
10
1.1351094094488188
20
1.0335364566929133
11
1.1348775196850394
21
1.0338038188976377
0
LINE
8
BLACK
6
CONTINUOUS
10
1.1348775196850394
20
1.0338038188976377
11
1.134550590551181
21
1.033939251968504
0
LINE
8
BLACK
6
CONTINUOUS
10
1.134550590551181
20
1.033939251968504
11
1.1336125196850393
21
1.0348773622047245
0
LINE
8
BLACK
6
CONTINUOUS
10
1.1336125196850393
20
1.0348773622047245
11
1.133477125984252
21
1.0352042125984251
0
LINE
8
BLACK
6
CONTINUOUS
10
1.133477125984252
20
1.0352042125984251
11
1.1332098031496063
21
1.035436062992126
0
LINE
8
BLACK
6
CONTINUOUS
10
1.1332098031496063
20
1.035436062992126
11
1.1322717322834646
21
1.0373122440944882
0
LINE
8
BLACK
6
CONTINUOUS
10
1.1322717322834646
20
1.0373122440944882
11
1.132236220472441
21
1.0378113779527558
0
LINE
8
BLACK
6
CONTINUOUS
10
1.132236220472441
20
1.0378113779527558
11
1.1320447244094487
21
1.0382737795275589
0
LINE
8
BLACK
6
CONTINUOUS
10
1.1320447244094487
20
1.0382737795275589
11
1.1320447244094487
21
1.0429642519685038
0
LINE
8
BLACK
6
CONTINUOUS
10
1.1320447244094487
20
1.0429642519685038
11
1.1321531496062991
21
1.0432260236220472
0
LINE
8
BLACK
6
CONTINUOUS
10
1.1321531496062991
20
1.0432260236220472
11
1.1288399606299213
21
1.0428946850393701
0
LINE
8
BLACK
6
CONTINUOUS
10
1.1288399606299213
20
1.0428946850393701
11
1.1288399606299213
21
1.0354594881889763
0
LINE
8
BLACK
6
CONTINUOUS
10
1.1288399606299213
20
1.0354594881889763
11
1.1282102362204725
21
1.0339392125984253
0
LINE
8
BLACK
6
CONTINUOUS
10
1.1282102362204725
20
1.0339392125984253
11
1.1266899606299212
21
1.0333094881889764
0
LINE
8
BLACK
6
CONTINUOUS
10
1.1266899606299212
20
1.0333094881889764
11
1.12516968503937
21
1.0339392125984253
0
LINE
8
BLACK
6
CONTINUOUS
10
1.12516968503937
20
1.0339392125984253
11
1.1245399606299213
21
1.0354594881889763
0
LINE
8
BLACK
6
CONTINUOUS
10
1.1245399606299213
20
1.0354594881889763
11
1.1245399606299213
21
1.044840433070866
0
LINE
8
BLACK
6
CONTINUOUS
10
1.1245399606299213
20
1.044840433070866
11
1.1248168503937008
21
1.0455089763779528
0
LINE
8
BLACK
6
CONTINUOUS
10
1.1248168503937008
20
1.0455089763779528
11
1.1250259448818898
21
1.0462018897637795
0
LINE
8
BLACK
6
CONTINUOUS
10
1.1250259448818898
20
1.0462018897637795
11
1.1251261417322835
21
1.0462556299212598
0
LINE
8
BLACK
6
CONTINUOUS
10
1.1251261417322835
20
1.0462556299212598
11
1.12516968503937
21
1.0463607086614173
0
LINE
8
BLACK
6
CONTINUOUS
10
1.12516968503937
20
1.0463607086614173
11
1.1258382283464567
21
1.0466376377952755
0
LINE
8
BLACK
6
CONTINUOUS
10
1.1258382283464567
20
1.0466376377952755
11
1.1264760236220472
21
1.0469797637795275
0
LINE
8
BLACK
6
CONTINUOUS
10
1.1264760236220472
20
1.0469797637795275
11
1.135856968503937
21
1.047917874015748
0
LINE
8
BLACK
6
CONTINUOUS
10
1.135856968503937
20
1.047917874015748
11
1.1359657874015747
21
1.047885
0
LINE
8
BLACK
6
CONTINUOUS
10
1.1359657874015747
20
1.047885
11
1.1360708661417322
21
1.0479285433070866
0
LINE
8
BLACK
6
CONTINUOUS
10
1.1360708661417322
20
1.0479285433070866
11
1.1367394488188975
21
1.0476515748031496
0
LINE
8
BLACK
6
CONTINUOUS
10
1.1367394488188975
20
1.0476515748031496
11
1.1374323622047244
21
1.0474425590551182
0
LINE
8
BLACK
6
CONTINUOUS
10
1.1374323622047244
20
1.0474425590551182
11
1.1374861023622047
21
1.0473423228346457
0
LINE
8
BLACK
6
CONTINUOUS
10
1.1374861023622047
20
1.0473423228346457
11
1.1375911417322835
21
1.0472988582677165
0
LINE
8
BLACK
6
CONTINUOUS
10
1.1375911417322835
20
1.0472988582677165
11
1.1378680708661417
21
1.0466302755905512
0
LINE
8
BLACK
6
CONTINUOUS
10
1.1378680708661417
20
1.0466302755905512
11
1.1382102362204725
21
1.0459924803149605
0
LINE
8
BLACK
6
CONTINUOUS
10
1.1382102362204725
20
1.0459924803149605
11
1.1381773622047244
21
1.0458836220472441
0
LINE
8
BLACK
6
CONTINUOUS
10
1.1381773622047244
20
1.0458836220472441
11
1.1382209055118111
21
1.0457785826771653
0
LINE
8
BLACK
6
CONTINUOUS
10
1.1382209055118111
20
1.0457785826771653
11
1.1379438582677166
21
1.0451097637795275
0
LINE
8
BLACK
6
CONTINUOUS
10
1.1379438582677166
20
1.0451097637795275
11
1.1377348818897637
21
1.0444170866141731
0
LINE
8
BLACK
6
CONTINUOUS
10
1.1377348818897637
20
1.0444170866141731
11
1.1376347244094487
21
1.0443633464566928
0
LINE
8
BLACK
6
CONTINUOUS
10
1.1376347244094487
20
1.0443633464566928
11
1.137591220472441
21
1.044258307086614
0
LINE
8
BLACK
6
CONTINUOUS
10
1.137591220472441
20
1.044258307086614
11
1.1368998031496063
21
1.0435668503937008
0
LINE
8
BLACK
6
CONTINUOUS
10
1.1368998031496063
20
1.0435668503937008
11
1.1363447244094489
21
1.0424566929133858
0
LINE
8
BLACK
6
CONTINUOUS
10
1.1363447244094489
20
1.0424566929133858
11
1.1363447244094489
21
1.0387812992125984
0
LINE
8
BLACK
6
CONTINUOUS
10
1.1363447244094489
20
1.0387812992125984
11
1.1368998031496063
21
1.0376711417322835
0
LINE
8
BLACK
6
CONTINUOUS
10
1.1368998031496063
20
1.0376711417322835
11
1.1373444488188975
21
1.037226496062992
0
LINE
8
BLACK
6
CONTINUOUS
10
1.1373444488188975
20
1.037226496062992
11
1.13845468503937
21
1.0366714173228346
0
LINE
8
BLACK
6
CONTINUOUS
10
1.13845468503937
20
1.0366714173228346
11
1.1421300393700786
21
1.0366714173228346
0
LINE
8
BLACK
6
CONTINUOUS
10
1.1421300393700786
20
1.0366714173228346
11
1.1432402362204723
21
1.037226496062992
0
LINE
8
BLACK
6
CONTINUOUS
10
1.1432402362204723
20
1.037226496062992
11
1.1436848425196851
21
1.0376711023622047
0
LINE
8
BLACK
6
CONTINUOUS
10
1.1436848425196851
20
1.0376711023622047
11
1.1442399606299212
21
1.0387812992125984
0
LINE
8
BLACK
6
CONTINUOUS
10
1.1442399606299212
20
1.0387812992125984
11
1.1442399606299212
21
1.0424566929133858
0
LINE
8
BLACK
6
CONTINUOUS
10
1.1442399606299212
20
1.0424566929133858
11
1.1436848425196851
21
1.0435668897637795
0
LINE
8
BLACK
6
CONTINUOUS
10
1.1436848425196851
20
1.0435668897637795
11
1.1429935039370078
21
1.0442582677165355
0
LINE
8
BLACK
6
CONTINUOUS
10
1.1429935039370078
20
1.0442582677165355
11
1.142363779527559
21
1.0457785433070865
0
LINE
8
BLACK
6
CONTINUOUS
10
1.142363779527559
20
1.0457785433070865
11
1.1429935039370078
21
1.0472988188976378
0
LINE
8
BLACK
6
CONTINUOUS
10
1.1429935039370078
20
1.0472988188976378
11
1.1445137795275591
21
1.0479285433070866
0
LINE
8
BLACK
6
CONTINUOUS
10
1.1445137795275591
20
1.0479285433070866
11
1.1460340551181103
21
1.0472988188976378
0
LINE
8
BLACK
6
CONTINUOUS
10
0.4666370472440945
20
1.0562670866141732
11
0.4669066535433071
21
1.0563072047244095
0
LINE
8
BLACK
6
CONTINUOUS
10
0.4669066535433071
20
1.0563072047244095
11
0.4706590551181102
21
1.0553691338582676
0
LINE
8
BLACK
6
CONTINUOUS
10
0.4706590551181102
20
1.0553691338582676
11
0.4708553937007874
21
1.0552236220472442
0
LINE
8
BLACK
6
CONTINUOUS
10
0.4708553937007874
20
1.0552236220472442
11
0.471099094488189
21
1.0552063385826771
0
LINE
8
BLACK
6
CONTINUOUS
10
0.471099094488189
20
1.0552063385826771
11
0.4729752755905512
21
1.0542682677165354
0
LINE
8
BLACK
6
CONTINUOUS
10
0.4729752755905512
20
1.0542682677165354
11
0.473207125984252
21
1.0540009055118109
0
LINE
8
BLACK
6
CONTINUOUS
10
0.473207125984252
20
1.0540009055118109
11
0.4735340551181103
21
1.0538655118110236
0
LINE
8
BLACK
6
CONTINUOUS
10
0.4735340551181103
20
1.0538655118110236
11
0.4744721653543307
21
1.0529274015748031
0
LINE
8
BLACK
6
CONTINUOUS
10
0.4744721653543307
20
1.0529274015748031
11
0.4746075590551181
21
1.0526004724409448
0
LINE
8
BLACK
6
CONTINUOUS
10
0.4746075590551181
20
1.0526004724409448
11
0.4748749212598425
21
1.0523686220472441
0
LINE
8
BLACK
6
CONTINUOUS
10
0.4748749212598425
20
1.0523686220472441
11
0.4758129921259843
21
1.0504924409448819
0
LINE
8
BLACK
6
CONTINUOUS
10
0.4758129921259843
20
1.0504924409448819
11
0.4758484251968504
21
1.0499932677165353
0
LINE
8
BLACK
6
CONTINUOUS
10
0.4758484251968504
20
1.0499932677165353
11
0.4760399606299213
21
1.0495309448818897
0
LINE
8
BLACK
6
CONTINUOUS
10
0.4760399606299213
20
1.0495309448818897
11
0.4760399606299213
21
1.0476547637795275
0
LINE
8
BLACK
6
CONTINUOUS
10
0.4760399606299213
20
1.0476547637795275
11
0.4758484251968504
21
1.0471924015748031
0
LINE
8
BLACK
6
CONTINUOUS
10
0.4758484251968504
20
1.0471924015748031
11
0.4758129921259843
21
1.0466933070866142
0
LINE
8
BLACK
6
CONTINUOUS
10
0.4758129921259843
20
1.0466933070866142
11
0.4748749212598425
21
1.0448170472440945
0
LINE
8
BLACK
6
CONTINUOUS
10
0.4748749212598425
20
1.0448170472440945
11
0.4746075196850393
21
1.0445851574803149
0
LINE
8
BLACK
6
CONTINUOUS
10
0.4746075196850393
20
1.0445851574803149
11
0.474472125984252
21
1.0442582283464568
0
LINE
8
BLACK
6
CONTINUOUS
10
0.474472125984252
20
1.0442582283464568
11
0.4735340157480315
21
1.043320157480315
0
LINE
8
BLACK
6
CONTINUOUS
10
0.4735340157480315
20
1.043320157480315
11
0.473207125984252
21
1.0431847637795275
0
LINE
8
BLACK
6
CONTINUOUS
10
0.473207125984252
20
1.0431847637795275
11
0.4729753149606299
21
1.0429174409448818
0
LINE
8
BLACK
6
CONTINUOUS
10
0.4729753149606299
20
1.0429174409448818
11
0.4710991338582677
21
1.0419793700787401
0
LINE
8
BLACK
6
CONTINUOUS
10
0.4710991338582677
20
1.0419793700787401
11
0.4708553937007874
21
1.0419620078740157
0
LINE
8
BLACK
6
CONTINUOUS
10
0.4708553937007874
20
1.0419620078740157
11
0.4706590157480315
21
1.0418165354330708
0
LINE
8
BLACK
6
CONTINUOUS
10
0.4706590157480315
20
1.0418165354330708
11
0.4669066141732283
21
1.0408784645669291
0
LINE
8
BLACK
6
CONTINUOUS
10
0.4669066141732283
20
1.0408784645669291
11
0.466636968503937
21
1.0409185826771654
0
LINE
8
BLACK
6
CONTINUOUS
10
0.466636968503937
20
1.0409185826771654
11
0.4663851968503937
21
1.0408142913385827
0
LINE
8
BLACK
6
CONTINUOUS
10
0.4663851968503937
20
1.0408142913385827
11
0.4616947244094488
21
1.0408142913385827
0
LINE
8
BLACK
6
CONTINUOUS
10
0.4616947244094488
20
1.0408142913385827
11
0.461442874015748
21
1.0409185826771654
0
LINE
8
BLACK
6
CONTINUOUS
10
0.461442874015748
20
1.0409185826771654
11
0.4611732677165354
21
1.0408784645669291
0
LINE
8
BLACK
6
CONTINUOUS
10
0.4611732677165354
20
1.0408784645669291
11
0.457420905511811
21
1.0418165354330708
0
LINE
8
BLACK
6
CONTINUOUS
10
0.457420905511811
20
1.0418165354330708
11
0.4572245275590551
21
1.0419620078740157
0
LINE
8
BLACK
6
CONTINUOUS
10
0.4572245275590551
20
1.0419620078740157
11
0.4569808661417323
21
1.0419793307086613
0
LINE
8
BLACK
6
CONTINUOUS
10
0.4569808661417323
20
1.0419793307086613
11
0.4551046456692913
21
1.0429174409448818
0
LINE
8
BLACK
6
CONTINUOUS
10
0.4551046456692913
20
1.0429174409448818
11
0.4548727559055118
21
1.0431847637795275
0
LINE
8
BLACK
6
CONTINUOUS
10
0.4548727559055118
20
1.0431847637795275
11
0.4545458661417323
21
1.0433201968503936
0
LINE
8
BLACK
6
CONTINUOUS
10
0.4545458661417323
20
1.0433201968503936
11
0.4536077952755905
21
1.0442582677165355
0
LINE
8
BLACK
6
CONTINUOUS
10
0.4536077952755905
20
1.0442582677165355
11
0.4534723622047244
21
1.0445851574803149
0
LINE
8
BLACK
6
CONTINUOUS
10
0.4534723622047244
20
1.0445851574803149
11
0.4532050393700787
21
1.0448170472440945
0
LINE
8
BLACK
6
CONTINUOUS
10
0.4532050393700787
20
1.0448170472440945
11
0.4522669291338582
21
1.0466932677165355
0
LINE
8
BLACK
6
CONTINUOUS
10
0.4522669291338582
20
1.0466932677165355
11
0.4522314566929134
21
1.0471924015748031
0
LINE
8
BLACK
6
CONTINUOUS
10
0.4522314566929134
20
1.0471924015748031
11
0.4520399606299212
21
1.0476547637795275
0
LINE
8
BLACK
6
CONTINUOUS
10
0.4520399606299212
20
1.0476547637795275
11
0.4520399606299212
21
1.0495309448818897
0
LINE
8
BLACK
6
CONTINUOUS
10
0.4520399606299212
20
1.0495309448818897
11
0.4522314566929134
21
1.0499933070866141
0
LINE
8
BLACK
6
CONTINUOUS
10
0.4522314566929134
20
1.0499933070866141
11
0.452266968503937
21
1.0504924803149607
0
LINE
8
BLACK
6
CONTINUOUS
10
0.452266968503937
20
1.0504924803149607
11
0.4532050393700787
21
1.0523686614173229
0
LINE
8
BLACK
6
CONTINUOUS
10
0.4532050393700787
20
1.0523686614173229
11
0.4534723622047244
21
1.0526004724409448
0
LINE
8
BLACK
6
CONTINUOUS
10
0.4534723622047244
20
1.0526004724409448
11
0.4536077559055118
21
1.0529273622047244
0
LINE
8
BLACK
6
CONTINUOUS
10
0.4536077559055118
20
1.0529273622047244
11
0.4545458267716536
21
1.0538654724409449
0
LINE
8
BLACK
6
CONTINUOUS
10
0.4545458267716536
20
1.0538654724409449
11
0.4548727559055118
21
1.0540008661417322
0
LINE
8
BLACK
6
CONTINUOUS
10
0.4548727559055118
20
1.0540008661417322
11
0.4551046456692913
21
1.0542682677165354
0
LINE
8
BLACK
6
CONTINUOUS
10
0.4551046456692913
20
1.0542682677165354
11
0.456980905511811
21
1.0552063385826771
0
LINE
8
BLACK
6
CONTINUOUS
10
0.456980905511811
20
1.0552063385826771
11
0.4572246062992126
21
1.0552236220472442
0
LINE
8
BLACK
6
CONTINUOUS
10
0.4572246062992126
20
1.0552236220472442
11
0.457420905511811
21
1.0553690944881891
0
LINE
8
BLACK
6
CONTINUOUS
10
0.457420905511811
20
1.0553690944881891
11
0.4611732283464567
21
1.0563072047244095
0
LINE
8
BLACK
6
CONTINUOUS
10
0.4611732283464567
20
1.0563072047244095
11
0.4614428346456693
21
1.0562670866141732
0
LINE
8
BLACK
6
CONTINUOUS
10
0.4614428346456693
20
1.0562670866141732
11
0.4616947244094488
21
1.0563714173228347
0
LINE
8
BLACK
6
CONTINUOUS
10
0.4616947244094488
20
1.0563714173228347
11
0.4663851968503937
21
1.0563714173228347
0
LINE
8
BLACK
6
CONTINUOUS
10
0.4663851968503937
20
1.0563714173228347
11
0.4666370472440945
21
1.0562670866141732
0
LINE
8
BLACK
6
CONTINUOUS
10
0.4586928346456693
20
1.0512547637795275
11
0.4573396850393701
21
1.0505781889763779
0
LINE
8
BLACK
6
CONTINUOUS
10
0.4573396850393701
20
1.0505781889763779
11
0.4568950393700787
21
1.0501335433070866
0
LINE
8
BLACK
6
CONTINUOUS
10
0.4568950393700787
20
1.0501335433070866
11
0.4563399606299213
21
1.0490233858267717
0
LINE
8
BLACK
6
CONTINUOUS
10
0.4563399606299213
20
1.0490233858267717
11
0.4563399606299213
21
1.0481623228346457
0
LINE
8
BLACK
6
CONTINUOUS
10
0.4563399606299213
20
1.0481623228346457
11
0.4568950787401574
21
1.0470520866141733
0
LINE
8
BLACK
6
CONTINUOUS
10
0.4568950787401574
20
1.0470520866141733
11
0.4573396850393701
21
1.0466074803149605
0
LINE
8
BLACK
6
CONTINUOUS
10
0.4573396850393701
20
1.0466074803149605
11
0.4586926771653543
21
1.0459309448818896
0
LINE
8
BLACK
6
CONTINUOUS
10
0.4586926771653543
20
1.0459309448818896
11
0.4619594488188976
21
1.0451142913385827
0
LINE
8
BLACK
6
CONTINUOUS
10
0.4619594488188976
20
1.0451142913385827
11
0.4661204724409448
21
1.0451142913385827
0
LINE
8
BLACK
6
CONTINUOUS
10
0.4661204724409448
20
1.0451142913385827
11
0.4693872834645669
21
1.0459309842519684
0
LINE
8
BLACK
6
CONTINUOUS
10
0.4693872834645669
20
1.0459309842519684
11
0.4707401968503937
21
1.0466074409448818
0
LINE
8
BLACK
6
CONTINUOUS
10
0.4707401968503937
20
1.0466074409448818
11
0.471184842519685
21
1.0470520866141733
0
LINE
8
BLACK
6
CONTINUOUS
10
0.471184842519685
20
1.0470520866141733
11
0.4717399606299212
21
1.048162283464567
0
LINE
8
BLACK
6
CONTINUOUS
10
0.4717399606299212
20
1.048162283464567
11
0.4717399606299212
21
1.0490233858267717
0
LINE
8
BLACK
6
CONTINUOUS
10
0.4717399606299212
20
1.0490233858267717
11
0.471184842519685
21
1.0501335826771654
0
LINE
8
BLACK
6
CONTINUOUS
10
0.471184842519685
20
1.0501335826771654
11
0.4707402362204725
21
1.0505781889763779
0
LINE
8
BLACK
6
CONTINUOUS
10
0.4707402362204725
20
1.0505781889763779
11
0.4693870866141732
21
1.0512547637795275
0
LINE
8
BLACK
6
CONTINUOUS
10
0.4693870866141732
20
1.0512547637795275
11
0.4661205905511811
21
1.0520714173228347
0
LINE
8
BLACK
6
CONTINUOUS
10
0.4661205905511811
20
1.0520714173228347
11
0.4619594881889764
21
1.0520714173228347
0
LINE
8
BLACK
6
CONTINUOUS
10
0.4619594881889764
20
1.0520714173228347
11
0.4586928346456693
21
1.0512547637795275
0
LINE
8
BLACK
6
CONTINUOUS
10
0.5666370472440945
20
1.0562670866141732
11
0.566906653543307
21
1.0563072047244095
0
LINE
8
BLACK
6
CONTINUOUS
10
0.566906653543307
20
1.0563072047244095
11
0.5706590551181102
21
1.0553691338582676
0
LINE
8
BLACK
6
CONTINUOUS
10
0.5706590551181102
20
1.0553691338582676
11
0.5708553937007874
21
1.0552236220472442
0
LINE
8
BLACK
6
CONTINUOUS
10
0.5708553937007874
20
1.0552236220472442
11
0.571099094488189
21
1.0552063385826771
0
LINE
8
BLACK
6
CONTINUOUS
10
0.571099094488189
20
1.0552063385826771
11
0.5729752755905512
21
1.0542682677165354
0
LINE
8
BLACK
6
CONTINUOUS
10
0.5729752755905512
20
1.0542682677165354
11
0.5732071259842519
21
1.0540009055118109
0
LINE
8
BLACK
6
CONTINUOUS
10
0.5732071259842519
20
1.0540009055118109
11
0.5735340551181102
21
1.0538655118110236
0
LINE
8
BLACK
6
CONTINUOUS
10
0.5735340551181102
20
1.0538655118110236
11
0.5744721653543307
21
1.0529274015748031
0
LINE
8
BLACK
6
CONTINUOUS
10
0.5744721653543307
20
1.0529274015748031
11
0.5746075590551181
21
1.0526004724409448
0
LINE
8
BLACK
6
CONTINUOUS
10
0.5746075590551181
20
1.0526004724409448
11
0.5748749212598425
21
1.0523686220472441
0
LINE
8
BLACK
6
CONTINUOUS
10
0.5748749212598425
20
1.0523686220472441
11
0.5758129921259842
21
1.0504924409448819
0
LINE
8
BLACK
6
CONTINUOUS
10
0.5758129921259842
20
1.0504924409448819
11
0.5758484251968504
21
1.0499932677165353
0
LINE
8
BLACK
6
CONTINUOUS
10
0.5758484251968504
20
1.0499932677165353
11
0.5760399606299212
21
1.0495309448818897
0
LINE
8
BLACK
6
CONTINUOUS
10
0.5760399606299212
20
1.0495309448818897
11
0.5760399606299212
21
1.0476547637795275
0
LINE
8
BLACK
6
CONTINUOUS
10
0.5760399606299212
20
1.0476547637795275
11
0.5758484251968504
21
1.0471924015748031
0
LINE
8
BLACK
6
CONTINUOUS
10
0.5758484251968504
20
1.0471924015748031
11
0.5758129921259842
21
1.0466933070866142
0
LINE
8
BLACK
6
CONTINUOUS
10
0.5758129921259842
20
1.0466933070866142
11
0.5748749212598425
21
1.0448170472440945
0
LINE
8
BLACK
6
CONTINUOUS
10
0.5748749212598425
20
1.0448170472440945
11
0.5746075196850393
21
1.0445851574803149
0
LINE
8
BLACK
6
CONTINUOUS
10
0.5746075196850393
20
1.0445851574803149
11
0.5744721259842519
21
1.0442582283464568
0
LINE
8
BLACK
6
CONTINUOUS
10
0.5744721259842519
20
1.0442582283464568
11
0.5735340157480315
21
1.043320157480315
0
LINE
8
BLACK
6
CONTINUOUS
10
0.5735340157480315
20
1.043320157480315
11
0.5732071259842519
21
1.0431847637795275
0
LINE
8
BLACK
6
CONTINUOUS
10
0.5732071259842519
20
1.0431847637795275
11
0.5729753149606299
21
1.0429174409448818
0
LINE
8
BLACK
6
CONTINUOUS
10
0.5729753149606299
20
1.0429174409448818
11
0.5710991338582677
21
1.0419793700787401
0
LINE
8
BLACK
6
CONTINUOUS
10
0.5710991338582677
20
1.0419793700787401
11
0.5708553937007874
21
1.0419620078740157
0
LINE
8
BLACK
6
CONTINUOUS
10
0.5708553937007874
20
1.0419620078740157
11
0.5706590157480315
21
1.0418165354330708
0
LINE
8
BLACK
6
CONTINUOUS
10
0.5706590157480315
20
1.0418165354330708
11
0.5669066141732283
21
1.0408784645669291
0
LINE
8
BLACK
6
CONTINUOUS
10
0.5669066141732283
20
1.0408784645669291
11
0.566636968503937
21
1.0409185826771654
0
LINE
8
BLACK
6
CONTINUOUS
10
0.566636968503937
20
1.0409185826771654
11
0.5663851968503937
21
1.0408142913385827
0
LINE
8
BLACK
6
CONTINUOUS
10
0.5663851968503937
20
1.0408142913385827
11
0.5616947244094488
21
1.0408142913385827
0
LINE
8
BLACK
6
CONTINUOUS
10
0.5616947244094488
20
1.0408142913385827
11
0.561442874015748
21
1.0409185826771654
0
LINE
8
BLACK
6
CONTINUOUS
10
0.561442874015748
20
1.0409185826771654
11
0.5611732677165354
21
1.0408784645669291
0
LINE
8
BLACK
6
CONTINUOUS
10
0.5611732677165354
20
1.0408784645669291
11
0.557420905511811
21
1.0418165354330708
0
LINE
8
BLACK
6
CONTINUOUS
10
0.557420905511811
20
1.0418165354330708
11
0.5572245275590552
21
1.0419620078740157
0
LINE
8
BLACK
6
CONTINUOUS
10
0.5572245275590552
20
1.0419620078740157
11
0.5569808661417323
21
1.0419793307086613
0
LINE
8
BLACK
6
CONTINUOUS
10
0.5569808661417323
20
1.0419793307086613
11
0.5551046456692913
21
1.0429174409448818
0
LINE
8
BLACK
6
CONTINUOUS
10
0.5551046456692913
20
1.0429174409448818
11
0.5548727559055118
21
1.0431847637795275
0
LINE
8
BLACK
6
CONTINUOUS
10
0.5548727559055118
20
1.0431847637795275
11
0.5545458661417323
21
1.0433201968503936
0
LINE
8
BLACK
6
CONTINUOUS
10
0.5545458661417323
20
1.0433201968503936
11
0.5536077952755906
21
1.0442582677165355
0
LINE
8
BLACK
6
CONTINUOUS
10
0.5536077952755906
20
1.0442582677165355
11
0.5534723622047244
21
1.0445851574803149
0
LINE
8
BLACK
6
CONTINUOUS
10
0.5534723622047244
20
1.0445851574803149
11
0.5532050393700787
21
1.0448170472440945
0
LINE
8
BLACK
6
CONTINUOUS
10
0.5532050393700787
20
1.0448170472440945
11
0.5522669291338582
21
1.0466932677165355
0
LINE
8
BLACK
6
CONTINUOUS
10
0.5522669291338582
20
1.0466932677165355
11
0.5522314566929134
21
1.0471924015748031
0
LINE
8
BLACK
6
CONTINUOUS
10
0.5522314566929134
20
1.0471924015748031
11
0.5520399606299212
21
1.0476547637795275
0
LINE
8
BLACK
6
CONTINUOUS
10
0.5520399606299212
20
1.0476547637795275
11
0.5520399606299212
21
1.0495309448818897
0
LINE
8
BLACK
6
CONTINUOUS
10
0.5520399606299212
20
1.0495309448818897
11
0.5522314566929134
21
1.0499933070866141
0
LINE
8
BLACK
6
CONTINUOUS
10
0.5522314566929134
20
1.0499933070866141
11
0.552266968503937
21
1.0504924803149607
0
LINE
8
BLACK
6
CONTINUOUS
10
0.552266968503937
20
1.0504924803149607
11
0.5532050393700787
21
1.0523686614173229
0
LINE
8
BLACK
6
CONTINUOUS
10
0.5532050393700787
20
1.0523686614173229
11
0.5534723622047244
21
1.0526004724409448
0
LINE
8
BLACK
6
CONTINUOUS
10
0.5534723622047244
20
1.0526004724409448
11
0.5536077559055118
21
1.0529273622047244
0
LINE
8
BLACK
6
CONTINUOUS
10
0.5536077559055118
20
1.0529273622047244
11
0.5545458267716535
21
1.0538654724409449
0
LINE
8
BLACK
6
CONTINUOUS
10
0.5545458267716535
20
1.0538654724409449
11
0.5548727559055118
21
1.0540008661417322
0
LINE
8
BLACK
6
CONTINUOUS
10
0.5548727559055118
20
1.0540008661417322
11
0.5551046456692913
21
1.0542682677165354
0
LINE
8
BLACK
6
CONTINUOUS
10
0.5551046456692913
20
1.0542682677165354
11
0.556980905511811
21
1.0552063385826771
0
LINE
8
BLACK
6
CONTINUOUS
10
0.556980905511811
20
1.0552063385826771
11
0.5572246062992126
21
1.0552236220472442
0
LINE
8
BLACK
6
CONTINUOUS
10
0.5572246062992126
20
1.0552236220472442
11
0.557420905511811
21
1.0553690944881891
0
LINE
8
BLACK
6
CONTINUOUS
10
0.557420905511811
20
1.0553690944881891
11
0.5611732283464567
21
1.0563072047244095
0
LINE
8
BLACK
6
CONTINUOUS
10
0.5611732283464567
20
1.0563072047244095
11
0.5614428346456692
21
1.0562670866141732
0
LINE
8
BLACK
6
CONTINUOUS
10
0.5614428346456692
20
1.0562670866141732
11
0.5616947244094488
21
1.0563714173228347
0
LINE
8
BLACK
6
CONTINUOUS
10
0.5616947244094488
20
1.0563714173228347
11
0.5663851968503937
21
1.0563714173228347
0
LINE
8
BLACK
6
CONTINUOUS
10
0.5663851968503937
20
1.0563714173228347
11
0.5666370472440945
21
1.0562670866141732
0
LINE
8
BLACK
6
CONTINUOUS
10
0.5586928346456693
20
1.0512547637795275
11
0.55733968503937
21
1.0505781889763779
0
LINE
8
BLACK
6
CONTINUOUS
10
0.55733968503937
20
1.0505781889763779
11
0.5568950393700788
21
1.0501335433070866
0
LINE
8
BLACK
6
CONTINUOUS
10
0.5568950393700788
20
1.0501335433070866
11
0.5563399606299212
21
1.0490233858267717
0
LINE
8
BLACK
6
CONTINUOUS
10
0.5563399606299212
20
1.0490233858267717
11
0.5563399606299212
21
1.0481623228346457
0
LINE
8
BLACK
6
CONTINUOUS
10
0.5563399606299212
20
1.0481623228346457
11
0.5568950787401574
21
1.0470520866141733
0
LINE
8
BLACK
6
CONTINUOUS
10
0.5568950787401574
20
1.0470520866141733
11
0.55733968503937
21
1.0466074803149605
0
LINE
8
BLACK
6
CONTINUOUS
10
0.55733968503937
20
1.0466074803149605
11
0.5586926771653543
21
1.0459309448818896
0
LINE
8
BLACK
6
CONTINUOUS
10
0.5586926771653543
20
1.0459309448818896
11
0.5619594488188976
21
1.0451142913385827
0
LINE
8
BLACK
6
CONTINUOUS
10
0.5619594488188976
20
1.0451142913385827
11
0.5661204724409449
21
1.0451142913385827
0
LINE
8
BLACK
6
CONTINUOUS
10
0.5661204724409449
20
1.0451142913385827
11
0.5693872834645669
21
1.0459309842519684
0
LINE
8
BLACK
6
CONTINUOUS
10
0.5693872834645669
20
1.0459309842519684
11
0.5707401968503937
21
1.0466074409448818
0
LINE
8
BLACK
6
CONTINUOUS
10
0.5707401968503937
20
1.0466074409448818
11
0.571184842519685
21
1.0470520866141733
0
LINE
8
BLACK
6
CONTINUOUS
10
0.571184842519685
20
1.0470520866141733
11
0.5717399606299213
21
1.048162283464567
0
LINE
8
BLACK
6
CONTINUOUS
10
0.5717399606299213
20
1.048162283464567
11
0.5717399606299213
21
1.0490233858267717
0
LINE
8
BLACK
6
CONTINUOUS
10
0.5717399606299213
20
1.0490233858267717
11
0.571184842519685
21
1.0501335826771654
0
LINE
8
BLACK
6
CONTINUOUS
10
0.571184842519685
20
1.0501335826771654
11
0.5707402362204724
21
1.0505781889763779
0
LINE
8
BLACK
6
CONTINUOUS
10
0.5707402362204724
20
1.0505781889763779
11
0.5693870866141733
21
1.0512547637795275
0
LINE
8
BLACK
6
CONTINUOUS
10
0.5693870866141733
20
1.0512547637795275
11
0.5661205905511811
21
1.0520714173228347
0
LINE
8
BLACK
6
CONTINUOUS
10
0.5661205905511811
20
1.0520714173228347
11
0.5619594881889763
21
1.0520714173228347
0
LINE
8
BLACK
6
CONTINUOUS
10
0.5619594881889763
20
1.0520714173228347
11
0.5586928346456693
21
1.0512547637795275
0
LINE
8
BLACK
6
CONTINUOUS
10
0.6666370472440944
20
1.0562670866141732
11
0.666906653543307
21
1.0563072047244095
0
LINE
8
BLACK
6
CONTINUOUS
10
0.666906653543307
20
1.0563072047244095
11
0.6706590551181102
21
1.0553691338582676
0
LINE
8
BLACK
6
CONTINUOUS
10
0.6706590551181102
20
1.0553691338582676
11
0.6708553937007874
21
1.0552236220472442
0
LINE
8
BLACK
6
CONTINUOUS
10
0.6708553937007874
20
1.0552236220472442
11
0.6710990944881889
21
1.0552063385826771
0
LINE
8
BLACK
6
CONTINUOUS
10
0.6710990944881889
20
1.0552063385826771
11
0.6729752755905511
21
1.0542682677165354
0
LINE
8
BLACK
6
CONTINUOUS
10
0.6729752755905511
20
1.0542682677165354
11
0.6732071259842519
21
1.0540009055118109
0
LINE
8
BLACK
6
CONTINUOUS
10
0.6732071259842519
20
1.0540009055118109
11
0.6735340551181103
21
1.0538655118110236
0
LINE
8
BLACK
6
CONTINUOUS
10
0.6735340551181103
20
1.0538655118110236
11
0.6744721653543307
21
1.0529274015748031
0
LINE
8
BLACK
6
CONTINUOUS
10
0.6744721653543307
20
1.0529274015748031
11
0.674607559055118
21
1.0526004724409448
0
LINE
8
BLACK
6
CONTINUOUS
10
0.674607559055118
20
1.0526004724409448
11
0.6748749212598425
21
1.0523686220472441
0
LINE
8
BLACK
6
CONTINUOUS
10
0.6748749212598425
20
1.0523686220472441
11
0.6758129921259842
21
1.0504924409448819
0
LINE
8
BLACK
6
CONTINUOUS
10
0.6758129921259842
20
1.0504924409448819
11
0.6758484251968504
21
1.0499932677165353
0
LINE
8
BLACK
6
CONTINUOUS
10
0.6758484251968504
20
1.0499932677165353
11
0.6760399606299212
21
1.0495309448818897
0
LINE
8
BLACK
6
CONTINUOUS
10
0.6760399606299212
20
1.0495309448818897
11
0.6760399606299212
21
1.0476547637795275
0
LINE
8
BLACK
6
CONTINUOUS
10
0.6760399606299212
20
1.0476547637795275
11
0.6758484251968504
21
1.0471924015748031
0
LINE
8
BLACK
6
CONTINUOUS
10
0.6758484251968504
20
1.0471924015748031
11
0.6758129921259842
21
1.0466933070866142
0
LINE
8
BLACK
6
CONTINUOUS
10
0.6758129921259842
20
1.0466933070866142
11
0.6748749212598425
21
1.0448170472440945
0
LINE
8
BLACK
6
CONTINUOUS
10
0.6748749212598425
20
1.0448170472440945
11
0.6746075196850394
21
1.0445851574803149
0
LINE
8
BLACK
6
CONTINUOUS
10
0.6746075196850394
20
1.0445851574803149
11
0.674472125984252
21
1.0442582283464568
0
LINE
8
BLACK
6
CONTINUOUS
10
0.674472125984252
20
1.0442582283464568
11
0.6735340157480315
21
1.043320157480315
0
LINE
8
BLACK
6
CONTINUOUS
10
0.6735340157480315
20
1.043320157480315
11
0.6732071259842519
21
1.0431847637795275
0
LINE
8
BLACK
6
CONTINUOUS
10
0.6732071259842519
20
1.0431847637795275
11
0.6729753149606299
21
1.0429174409448818
0
LINE
8
BLACK
6
CONTINUOUS
10
0.6729753149606299
20
1.0429174409448818
11
0.6710991338582677
21
1.0419793700787401
0
LINE
8
BLACK
6
CONTINUOUS
10
0.6710991338582677
20
1.0419793700787401
11
0.6708553937007874
21
1.0419620078740157
0
LINE
8
BLACK
6
CONTINUOUS
10
0.6708553937007874
20
1.0419620078740157
11
0.6706590157480314
21
1.0418165354330708
0
LINE
8
BLACK
6
CONTINUOUS
10
0.6706590157480314
20
1.0418165354330708
11
0.6669066141732284
21
1.0408784645669291
0
LINE
8
BLACK
6
CONTINUOUS
10
0.6669066141732284
20
1.0408784645669291
11
0.6666369685039369
21
1.0409185826771654
0
LINE
8
BLACK
6
CONTINUOUS
10
0.6666369685039369
20
1.0409185826771654
11
0.6663851968503937
21
1.0408142913385827
0
LINE
8
BLACK
6
CONTINUOUS
10
0.6663851968503937
20
1.0408142913385827
11
0.6616947244094488
21
1.0408142913385827
0
LINE
8
BLACK
6
CONTINUOUS
10
0.6616947244094488
20
1.0408142913385827
11
0.661442874015748
21
1.0409185826771654
0
LINE
8
BLACK
6
CONTINUOUS
10
0.661442874015748
20
1.0409185826771654
11
0.6611732677165354
21
1.0408784645669291
0
LINE
8
BLACK
6
CONTINUOUS
10
0.6611732677165354
20
1.0408784645669291
11
0.657420905511811
21
1.0418165354330708
0
LINE
8
BLACK
6
CONTINUOUS
10
0.657420905511811
20
1.0418165354330708
11
0.6572245275590551
21
1.0419620078740157
0
LINE
8
BLACK
6
CONTINUOUS
10
0.6572245275590551
20
1.0419620078740157
11
0.6569808661417322
21
1.0419793307086613
0
LINE
8
BLACK
6
CONTINUOUS
10
0.6569808661417322
20
1.0419793307086613
11
0.6551046456692913
21
1.0429174409448818
0
LINE
8
BLACK
6
CONTINUOUS
10
0.6551046456692913
20
1.0429174409448818
11
0.6548727559055117
21
1.0431847637795275
0
LINE
8
BLACK
6
CONTINUOUS
10
0.6548727559055117
20
1.0431847637795275
11
0.6545458661417323
21
1.0433201968503936
0
LINE
8
BLACK
6
CONTINUOUS
10
0.6545458661417323
20
1.0433201968503936
11
0.6536077952755905
21
1.0442582677165355
0
LINE
8
BLACK
6
CONTINUOUS
10
0.6536077952755905
20
1.0442582677165355
11
0.6534723622047244
21
1.0445851574803149
0
LINE
8
BLACK
6
CONTINUOUS
10
0.6534723622047244
20
1.0445851574803149
11
0.6532050393700787
21
1.0448170472440945
0
LINE
8
BLACK
6
CONTINUOUS
10
0.6532050393700787
20
1.0448170472440945
11
0.6522669291338582
21
1.0466932677165355
0
LINE
8
BLACK
6
CONTINUOUS
10
0.6522669291338582
20
1.0466932677165355
11
0.6522314566929134
21
1.0471924015748031
0
LINE
8
BLACK
6
CONTINUOUS
10
0.6522314566929134
20
1.0471924015748031
11
0.6520399606299212
21
1.0476547637795275
0
LINE
8
BLACK
6
CONTINUOUS
10
0.6520399606299212
20
1.0476547637795275
11
0.6520399606299212
21
1.0495309448818897
0
LINE
8
BLACK
6
CONTINUOUS
10
0.6520399606299212
20
1.0495309448818897
11
0.6522314566929134
21
1.0499933070866141
0
LINE
8
BLACK
6
CONTINUOUS
10
0.6522314566929134
20
1.0499933070866141
11
0.652266968503937
21
1.0504924803149607
0
LINE
8
BLACK
6
CONTINUOUS
10
0.652266968503937
20
1.0504924803149607
11
0.6532050393700787
21
1.0523686614173229
0
LINE
8
BLACK
6
CONTINUOUS
10
0.6532050393700787
20
1.0523686614173229
11
0.6534723622047244
21
1.0526004724409448
0
LINE
8
BLACK
6
CONTINUOUS
10
0.6534723622047244
20
1.0526004724409448
11
0.6536077559055118
21
1.0529273622047244
0
LINE
8
BLACK
6
CONTINUOUS
10
0.6536077559055118
20
1.0529273622047244
11
0.6545458267716535
21
1.0538654724409449
0
LINE
8
BLACK
6
CONTINUOUS
10
0.6545458267716535
20
1.0538654724409449
11
0.6548727559055117
21
1.0540008661417322
0
LINE
8
BLACK
6
CONTINUOUS
10
0.6548727559055117
20
1.0540008661417322
11
0.6551046456692913
21
1.0542682677165354
0
LINE
8
BLACK
6
CONTINUOUS
10
0.6551046456692913
20
1.0542682677165354
11
0.656980905511811
21
1.0552063385826771
0
LINE
8
BLACK
6
CONTINUOUS
10
0.656980905511811
20
1.0552063385826771
11
0.6572246062992125
21
1.0552236220472442
0
LINE
8
BLACK
6
CONTINUOUS
10
0.6572246062992125
20
1.0552236220472442
11
0.657420905511811
21
1.0553690944881891
0
LINE
8
BLACK
6
CONTINUOUS
10
0.657420905511811
20
1.0553690944881891
11
0.6611732283464566
21
1.0563072047244095
0
LINE
8
BLACK
6
CONTINUOUS
10
0.6611732283464566
20
1.0563072047244095
11
0.6614428346456693
21
1.0562670866141732
0
LINE
8
BLACK
6
CONTINUOUS
10
0.6614428346456693
20
1.0562670866141732
11
0.6616947244094488
21
1.0563714173228347
0
LINE
8
BLACK
6
CONTINUOUS
10
0.6616947244094488
20
1.0563714173228347
11
0.6663851968503937
21
1.0563714173228347
0
LINE
8
BLACK
6
CONTINUOUS
10
0.6663851968503937
20
1.0563714173228347
11
0.6666370472440944
21
1.0562670866141732
0
LINE
8
BLACK
6
CONTINUOUS
10
0.6586928346456693
20
1.0512547637795275
11
0.65733968503937
21
1.0505781889763779
0
LINE
8
BLACK
6
CONTINUOUS
10
0.65733968503937
20
1.0505781889763779
11
0.6568950393700788
21
1.0501335433070866
0
LINE
8
BLACK
6
CONTINUOUS
10
0.6568950393700788
20
1.0501335433070866
11
0.6563399606299213
21
1.0490233858267717
0
LINE
8
BLACK
6
CONTINUOUS
10
0.6563399606299213
20
1.0490233858267717
11
0.6563399606299213
21
1.0481623228346457
0
LINE
8
BLACK
6
CONTINUOUS
10
0.6563399606299213
20
1.0481623228346457
11
0.6568950787401575
21
1.0470520866141733
0
LINE
8
BLACK
6
CONTINUOUS
10
0.6568950787401575
20
1.0470520866141733
11
0.65733968503937
21
1.0466074803149605
0
LINE
8
BLACK
6
CONTINUOUS
10
0.65733968503937
20
1.0466074803149605
11
0.6586926771653543
21
1.0459309448818896
0
LINE
8
BLACK
6
CONTINUOUS
10
0.6586926771653543
20
1.0459309448818896
11
0.6619594488188977
21
1.0451142913385827
0
LINE
8
BLACK
6
CONTINUOUS
10
0.6619594488188977
20
1.0451142913385827
11
0.6661204724409449
21
1.0451142913385827
0
LINE
8
BLACK
6
CONTINUOUS
10
0.6661204724409449
20
1.0451142913385827
11
0.6693872834645669
21
1.0459309842519684
0
LINE
8
BLACK
6
CONTINUOUS
10
0.6693872834645669
20
1.0459309842519684
11
0.6707401968503937
21
1.0466074409448818
0
LINE
8
BLACK
6
CONTINUOUS
10
0.6707401968503937
20
1.0466074409448818
11
0.671184842519685
21
1.0470520866141733
0
LINE
8
BLACK
6
CONTINUOUS
10
0.671184842519685
20
1.0470520866141733
11
0.6717399606299213
21
1.048162283464567
0
LINE
8
BLACK
6
CONTINUOUS
10
0.6717399606299213
20
1.048162283464567
11
0.6717399606299213
21
1.0490233858267717
0
LINE
8
BLACK
6
CONTINUOUS
10
0.6717399606299213
20
1.0490233858267717
11
0.671184842519685
21
1.0501335826771654
0
LINE
8
BLACK
6
CONTINUOUS
10
0.671184842519685
20
1.0501335826771654
11
0.6707402362204724
21
1.0505781889763779
0
LINE
8
BLACK
6
CONTINUOUS
10
0.6707402362204724
20
1.0505781889763779
11
0.6693870866141732
21
1.0512547637795275
0
LINE
8
BLACK
6
CONTINUOUS
10
0.6693870866141732
20
1.0512547637795275
11
0.6661205905511811
21
1.0520714173228347
0
LINE
8
BLACK
6
CONTINUOUS
10
0.6661205905511811
20
1.0520714173228347
11
0.6619594881889763
21
1.0520714173228347
0
LINE
8
BLACK
6
CONTINUOUS
10
0.6619594881889763
20
1.0520714173228347
11
0.6586928346456693
21
1.0512547637795275
0
LINE
8
BLACK
6
CONTINUOUS
10
0.7666370472440944
20
1.0562670866141732
11
0.7669066535433071
21
1.0563072047244095
0
LINE
8
BLACK
6
CONTINUOUS
10
0.7669066535433071
20
1.0563072047244095
11
0.7706590551181102
21
1.0553691338582676
0
LINE
8
BLACK
6
CONTINUOUS
10
0.7706590551181102
20
1.0553691338582676
11
0.7708553937007874
21
1.0552236220472442
0
LINE
8
BLACK
6
CONTINUOUS
10
0.7708553937007874
20
1.0552236220472442
11
0.7710990944881889
21
1.0552063385826771
0
LINE
8
BLACK
6
CONTINUOUS
10
0.7710990944881889
20
1.0552063385826771
11
0.7729752755905511
21
1.0542682677165354
0
LINE
8
BLACK
6
CONTINUOUS
10
0.7729752755905511
20
1.0542682677165354
11
0.7732071259842519
21
1.0540009055118109
0
LINE
8
BLACK
6
CONTINUOUS
10
0.7732071259842519
20
1.0540009055118109
11
0.7735340551181102
21
1.0538655118110236
0
LINE
8
BLACK
6
CONTINUOUS
10
0.7735340551181102
20
1.0538655118110236
11
0.7744721653543307
21
1.0529274015748031
0
LINE
8
BLACK
6
CONTINUOUS
10
0.7744721653543307
20
1.0529274015748031
11
0.7746075590551181
21
1.0526004724409448
0
LINE
8
BLACK
6
CONTINUOUS
10
0.7746075590551181
20
1.0526004724409448
11
0.7748749212598425
21
1.0523686220472441
0
LINE
8
BLACK
6
CONTINUOUS
10
0.7748749212598425
20
1.0523686220472441
11
0.7758129921259842
21
1.0504924409448819
0
LINE
8
BLACK
6
CONTINUOUS
10
0.7758129921259842
20
1.0504924409448819
11
0.7758484251968504
21
1.0499932677165353
0
LINE
8
BLACK
6
CONTINUOUS
10
0.7758484251968504
20
1.0499932677165353
11
0.7760399606299212
21
1.0495309448818897
0
LINE
8
BLACK
6
CONTINUOUS
10
0.7760399606299212
20
1.0495309448818897
11
0.7760399606299212
21
1.0476547637795275
0
LINE
8
BLACK
6
CONTINUOUS
10
0.7760399606299212
20
1.0476547637795275
11
0.7758484251968504
21
1.0471924015748031
0
LINE
8
BLACK
6
CONTINUOUS
10
0.7758484251968504
20
1.0471924015748031
11
0.7758129921259842
21
1.0466933070866142
0
LINE
8
BLACK
6
CONTINUOUS
10
0.7758129921259842
20
1.0466933070866142
11
0.7748749212598425
21
1.0448170472440945
0
LINE
8
BLACK
6
CONTINUOUS
10
0.7748749212598425
20
1.0448170472440945
11
0.7746075196850394
21
1.0445851574803149
0
LINE
8
BLACK
6
CONTINUOUS
10
0.7746075196850394
20
1.0445851574803149
11
0.774472125984252
21
1.0442582283464568
0
LINE
8
BLACK
6
CONTINUOUS
10
0.774472125984252
20
1.0442582283464568
11
0.7735340157480315
21
1.043320157480315
0
LINE
8
BLACK
6
CONTINUOUS
10
0.7735340157480315
20
1.043320157480315
11
0.7732071259842519
21
1.0431847637795275
0
LINE
8
BLACK
6
CONTINUOUS
10
0.7732071259842519
20
1.0431847637795275
11
0.7729753149606299
21
1.0429174409448818
0
LINE
8
BLACK
6
CONTINUOUS
10
0.7729753149606299
20
1.0429174409448818
11
0.7710991338582677
21
1.0419793700787401
0
LINE
8
BLACK
6
CONTINUOUS
10
0.7710991338582677
20
1.0419793700787401
11
0.7708553937007874
21
1.0419620078740157
0
LINE
8
BLACK
6
CONTINUOUS
10
0.7708553937007874
20
1.0419620078740157
11
0.7706590157480315
21
1.0418165354330708
0
LINE
8
BLACK
6
CONTINUOUS
10
0.7706590157480315
20
1.0418165354330708
11
0.7669066141732284
21
1.0408784645669291
0
LINE
8
BLACK
6
CONTINUOUS
10
0.7669066141732284
20
1.0408784645669291
11
0.766636968503937
21
1.0409185826771654
0
LINE
8
BLACK
6
CONTINUOUS
10
0.766636968503937
20
1.0409185826771654
11
0.7663851968503936
21
1.0408142913385827
0
LINE
8
BLACK
6
CONTINUOUS
10
0.7663851968503936
20
1.0408142913385827
11
0.7616947244094489
21
1.0408142913385827
0
LINE
8
BLACK
6
CONTINUOUS
10
0.7616947244094489
20
1.0408142913385827
11
0.7614428740157481
21
1.0409185826771654
0
LINE
8
BLACK
6
CONTINUOUS
10
0.7614428740157481
20
1.0409185826771654
11
0.7611732677165354
21
1.0408784645669291
0
LINE
8
BLACK
6
CONTINUOUS
10
0.7611732677165354
20
1.0408784645669291
11
0.757420905511811
21
1.0418165354330708
0
LINE
8
BLACK
6
CONTINUOUS
10
0.757420905511811
20
1.0418165354330708
11
0.7572245275590551
21
1.0419620078740157
0
LINE
8
BLACK
6
CONTINUOUS
10
0.7572245275590551
20
1.0419620078740157
11
0.7569808661417322
21
1.0419793307086613
0
LINE
8
BLACK
6
CONTINUOUS
10
0.7569808661417322
20
1.0419793307086613
11
0.7551046456692914
21
1.0429174409448818
0
LINE
8
BLACK
6
CONTINUOUS
10
0.7551046456692914
20
1.0429174409448818
11
0.7548727559055118
21
1.0431847637795275
0
LINE
8
BLACK
6
CONTINUOUS
10
0.7548727559055118
20
1.0431847637795275
11
0.7545458661417322
21
1.0433201968503936
0
LINE
8
BLACK
6
CONTINUOUS
10
0.7545458661417322
20
1.0433201968503936
11
0.7536077952755905
21
1.0442582677165355
0
LINE
8
BLACK
6
CONTINUOUS
10
0.7536077952755905
20
1.0442582677165355
11
0.7534723622047244
21
1.0445851574803149
0
LINE
8
BLACK
6
CONTINUOUS
10
0.7534723622047244
20
1.0445851574803149
11
0.7532050393700788
21
1.0448170472440945
0
LINE
8
BLACK
6
CONTINUOUS
10
0.7532050393700788
20
1.0448170472440945
11
0.7522669291338583
21
1.0466932677165355
0
LINE
8
BLACK
6
CONTINUOUS
10
0.7522669291338583
20
1.0466932677165355
11
0.7522314566929134
21
1.0471924015748031
0
LINE
8
BLACK
6
CONTINUOUS
10
0.7522314566929134
20
1.0471924015748031
11
0.7520399606299213
21
1.0476547637795275
0
LINE
8
BLACK
6
CONTINUOUS
10
0.7520399606299213
20
1.0476547637795275
11
0.7520399606299213
21
1.0495309448818897
0
LINE
8
BLACK
6
CONTINUOUS
10
0.7520399606299213
20
1.0495309448818897
11
0.7522314566929134
21
1.0499933070866141
0
LINE
8
BLACK
6
CONTINUOUS
10
0.7522314566929134
20
1.0499933070866141
11
0.752266968503937
21
1.0504924803149607
0
LINE
8
BLACK
6
CONTINUOUS
10
0.752266968503937
20
1.0504924803149607
11
0.7532050393700788
21
1.0523686614173229
0
LINE
8
BLACK
6
CONTINUOUS
10
0.7532050393700788
20
1.0523686614173229
11
0.7534723622047244
21
1.0526004724409448
0
LINE
8
BLACK
6
CONTINUOUS
10
0.7534723622047244
20
1.0526004724409448
11
0.7536077559055118
21
1.0529273622047244
0
LINE
8
BLACK
6
CONTINUOUS
10
0.7536077559055118
20
1.0529273622047244
11
0.7545458267716535
21
1.0538654724409449
0
LINE
8
BLACK
6
CONTINUOUS
10
0.7545458267716535
20
1.0538654724409449
11
0.7548727559055118
21
1.0540008661417322
0
LINE
8
BLACK
6
CONTINUOUS
10
0.7548727559055118
20
1.0540008661417322
11
0.7551046456692914
21
1.0542682677165354
0
LINE
8
BLACK
6
CONTINUOUS
10
0.7551046456692914
20
1.0542682677165354
11
0.756980905511811
21
1.0552063385826771
0
LINE
8
BLACK
6
CONTINUOUS
10
0.756980905511811
20
1.0552063385826771
11
0.7572246062992126
21
1.0552236220472442
0
LINE
8
BLACK
6
CONTINUOUS
10
0.7572246062992126
20
1.0552236220472442
11
0.757420905511811
21
1.0553690944881891
0
LINE
8
BLACK
6
CONTINUOUS
10
0.757420905511811
20
1.0553690944881891
11
0.7611732283464566
21
1.0563072047244095
0
LINE
8
BLACK
6
CONTINUOUS
10
0.7611732283464566
20
1.0563072047244095
11
0.7614428346456693
21
1.0562670866141732
0
LINE
8
BLACK
6
CONTINUOUS
10
0.7614428346456693
20
1.0562670866141732
11
0.7616947244094489
21
1.0563714173228347
0
LINE
8
BLACK
6
CONTINUOUS
10
0.7616947244094489
20
1.0563714173228347
11
0.7663851968503936
21
1.0563714173228347
0
LINE
8
BLACK
6
CONTINUOUS
10
0.7663851968503936
20
1.0563714173228347
11
0.7666370472440944
21
1.0562670866141732
0
LINE
8
BLACK
6
CONTINUOUS
10
0.7586928346456693
20
1.0512547637795275
11
0.7573396850393701
21
1.0505781889763779
0
LINE
8
BLACK
6
CONTINUOUS
10
0.7573396850393701
20
1.0505781889763779
11
0.7568950393700787
21
1.0501335433070866
0
LINE
8
BLACK
6
CONTINUOUS
10
0.7568950393700787
20
1.0501335433070866
11
0.7563399606299213
21
1.0490233858267717
0
LINE
8
BLACK
6
CONTINUOUS
10
0.7563399606299213
20
1.0490233858267717
11
0.7563399606299213
21
1.0481623228346457
0
LINE
8
BLACK
6
CONTINUOUS
10
0.7563399606299213
20
1.0481623228346457
11
0.7568950787401575
21
1.0470520866141733
0
LINE
8
BLACK
6
CONTINUOUS
10
0.7568950787401575
20
1.0470520866141733
11
0.7573396850393701
21
1.0466074803149605
0
LINE
8
BLACK
6
CONTINUOUS
10
0.7573396850393701
20
1.0466074803149605
11
0.7586926771653543
21
1.0459309448818896
0
LINE
8
BLACK
6
CONTINUOUS
10
0.7586926771653543
20
1.0459309448818896
11
0.7619594488188977
21
1.0451142913385827
0
LINE
8
BLACK
6
CONTINUOUS
10
0.7619594488188977
20
1.0451142913385827
11
0.7661204724409448
21
1.0451142913385827
0
LINE
8
BLACK
6
CONTINUOUS
10
0.7661204724409448
20
1.0451142913385827
11
0.7693872834645669
21
1.0459309842519684
0
LINE
8
BLACK
6
CONTINUOUS
10
0.7693872834645669
20
1.0459309842519684
11
0.7707401968503936
21
1.0466074409448818
0
LINE
8
BLACK
6
CONTINUOUS
10
0.7707401968503936
20
1.0466074409448818
11
0.771184842519685
21
1.0470520866141733
0
LINE
8
BLACK
6
CONTINUOUS
10
0.771184842519685
20
1.0470520866141733
11
0.7717399606299212
21
1.048162283464567
0
LINE
8
BLACK
6
CONTINUOUS
10
0.7717399606299212
20
1.048162283464567
11
0.7717399606299212
21
1.0490233858267717
0
LINE
8
BLACK
6
CONTINUOUS
10
0.7717399606299212
20
1.0490233858267717
11
0.771184842519685
21
1.0501335826771654
0
LINE
8
BLACK
6
CONTINUOUS
10
0.771184842519685
20
1.0501335826771654
11
0.7707402362204724
21
1.0505781889763779
0
LINE
8
BLACK
6
CONTINUOUS
10
0.7707402362204724
20
1.0505781889763779
11
0.7693870866141732
21
1.0512547637795275
0
LINE
8
BLACK
6
CONTINUOUS
10
0.7693870866141732
20
1.0512547637795275
11
0.7661205905511811
21
1.0520714173228347
0
LINE
8
BLACK
6
CONTINUOUS
10
0.7661205905511811
20
1.0520714173228347
11
0.7619594881889764
21
1.0520714173228347
0
LINE
8
BLACK
6
CONTINUOUS
10
0.7619594881889764
20
1.0520714173228347
11
0.7586928346456693
21
1.0512547637795275
0
LINE
8
BLACK
6
CONTINUOUS
10
0.8666370472440945
20
1.0562670866141732
11
0.8669066535433071
21
1.0563072047244095
0
LINE
8
BLACK
6
CONTINUOUS
10
0.8669066535433071
20
1.0563072047244095
11
0.8706590551181103
21
1.0553691338582676
0
LINE
8
BLACK
6
CONTINUOUS
10
0.8706590551181103
20
1.0553691338582676
11
0.8708553937007874
21
1.0552236220472442
0
LINE
8
BLACK
6
CONTINUOUS
10
0.8708553937007874
20
1.0552236220472442
11
0.871099094488189
21
1.0552063385826771
0
LINE
8
BLACK
6
CONTINUOUS
10
0.871099094488189
20
1.0552063385826771
11
0.8729752755905512
21
1.0542682677165354
0
LINE
8
BLACK
6
CONTINUOUS
10
0.8729752755905512
20
1.0542682677165354
11
0.873207125984252
21
1.0540009055118109
0
LINE
8
BLACK
6
CONTINUOUS
10
0.873207125984252
20
1.0540009055118109
11
0.8735340551181102
21
1.0538655118110236
0
LINE
8
BLACK
6
CONTINUOUS
10
0.8735340551181102
20
1.0538655118110236
11
0.8744721653543307
21
1.0529274015748031
0
LINE
8
BLACK
6
CONTINUOUS
10
0.8744721653543307
20
1.0529274015748031
11
0.8746075590551181
21
1.0526004724409448
0
LINE
8
BLACK
6
CONTINUOUS
10
0.8746075590551181
20
1.0526004724409448
11
0.8748749212598425
21
1.0523686220472441
0
LINE
8
BLACK
6
CONTINUOUS
10
0.8748749212598425
20
1.0523686220472441
11
0.8758129921259842
21
1.0504924409448819
0
LINE
8
BLACK
6
CONTINUOUS
10
0.8758129921259842
20
1.0504924409448819
11
0.8758484251968504
21
1.0499932677165353
0
LINE
8
BLACK
6
CONTINUOUS
10
0.8758484251968504
20
1.0499932677165353
11
0.8760399606299213
21
1.0495309448818897
0
LINE
8
BLACK
6
CONTINUOUS
10
0.8760399606299213
20
1.0495309448818897
11
0.8760399606299213
21
1.0476547637795275
0
LINE
8
BLACK
6
CONTINUOUS
10
0.8760399606299213
20
1.0476547637795275
11
0.8758484251968504
21
1.0471924015748031
0
LINE
8
BLACK
6
CONTINUOUS
10
0.8758484251968504
20
1.0471924015748031
11
0.8758129921259842
21
1.0466933070866142
0
LINE
8
BLACK
6
CONTINUOUS
10
0.8758129921259842
20
1.0466933070866142
11
0.8748749212598425
21
1.0448170472440945
0
LINE
8
BLACK
6
CONTINUOUS
10
0.8748749212598425
20
1.0448170472440945
11
0.8746075196850394
21
1.0445851574803149
0
LINE
8
BLACK
6
CONTINUOUS
10
0.8746075196850394
20
1.0445851574803149
11
0.8744721259842519
21
1.0442582283464568
0
LINE
8
BLACK
6
CONTINUOUS
10
0.8744721259842519
20
1.0442582283464568
11
0.8735340157480315
21
1.043320157480315
0
LINE
8
BLACK
6
CONTINUOUS
10
0.8735340157480315
20
1.043320157480315
11
0.873207125984252
21
1.0431847637795275
0
LINE
8
BLACK
6
CONTINUOUS
10
0.873207125984252
20
1.0431847637795275
11
0.8729753149606299
21
1.0429174409448818
0
LINE
8
BLACK
6
CONTINUOUS
10
0.8729753149606299
20
1.0429174409448818
11
0.8710991338582676
21
1.0419793700787401
0
LINE
8
BLACK
6
CONTINUOUS
10
0.8710991338582676
20
1.0419793700787401
11
0.8708553937007874
21
1.0419620078740157
0
LINE
8
BLACK
6
CONTINUOUS
10
0.8708553937007874
20
1.0419620078740157
11
0.8706590157480315
21
1.0418165354330708
0
LINE
8
BLACK
6
CONTINUOUS
10
0.8706590157480315
20
1.0418165354330708
11
0.8669066141732283
21
1.0408784645669291
0
LINE
8
BLACK
6
CONTINUOUS
10
0.8669066141732283
20
1.0408784645669291
11
0.866636968503937
21
1.0409185826771654
0
LINE
8
BLACK
6
CONTINUOUS
10
0.866636968503937
20
1.0409185826771654
11
0.8663851968503937
21
1.0408142913385827
0
LINE
8
BLACK
6
CONTINUOUS
10
0.8663851968503937
20
1.0408142913385827
11
0.8616947244094488
21
1.0408142913385827
0
LINE
8
BLACK
6
CONTINUOUS
10
0.8616947244094488
20
1.0408142913385827
11
0.861442874015748
21
1.0409185826771654
0
LINE
8
BLACK
6
CONTINUOUS
10
0.861442874015748
20
1.0409185826771654
11
0.8611732677165355
21
1.0408784645669291
0
LINE
8
BLACK
6
CONTINUOUS
10
0.8611732677165355
20
1.0408784645669291
11
0.857420905511811
21
1.0418165354330708
0
LINE
8
BLACK
6
CONTINUOUS
10
0.857420905511811
20
1.0418165354330708
11
0.8572245275590551
21
1.0419620078740157
0
LINE
8
BLACK
6
CONTINUOUS
10
0.8572245275590551
20
1.0419620078740157
11
0.8569808661417323
21
1.0419793307086613
0
LINE
8
BLACK
6
CONTINUOUS
10
0.8569808661417323
20
1.0419793307086613
11
0.8551046456692913
21
1.0429174409448818
0
LINE
8
BLACK
6
CONTINUOUS
10
0.8551046456692913
20
1.0429174409448818
11
0.8548727559055118
21
1.0431847637795275
0
LINE
8
BLACK
6
CONTINUOUS
10
0.8548727559055118
20
1.0431847637795275
11
0.8545458661417322
21
1.0433201968503936
0
LINE
8
BLACK
6
CONTINUOUS
10
0.8545458661417322
20
1.0433201968503936
11
0.8536077952755905
21
1.0442582677165355
0
LINE
8
BLACK
6
CONTINUOUS
10
0.8536077952755905
20
1.0442582677165355
11
0.8534723622047244
21
1.0445851574803149
0
LINE
8
BLACK
6
CONTINUOUS
10
0.8534723622047244
20
1.0445851574803149
11
0.8532050393700787
21
1.0448170472440945
0
LINE
8
BLACK
6
CONTINUOUS
10
0.8532050393700787
20
1.0448170472440945
11
0.8522669291338583
21
1.0466932677165355
0
LINE
8
BLACK
6
CONTINUOUS
10
0.8522669291338583
20
1.0466932677165355
11
0.8522314566929133
21
1.0471924015748031
0
LINE
8
BLACK
6
CONTINUOUS
10
0.8522314566929133
20
1.0471924015748031
11
0.8520399606299213
21
1.0476547637795275
0
LINE
8
BLACK
6
CONTINUOUS
10
0.8520399606299213
20
1.0476547637795275
11
0.8520399606299213
21
1.0495309448818897
0
LINE
8
BLACK
6
CONTINUOUS
10
0.8520399606299213
20
1.0495309448818897
11
0.8522314566929133
21
1.0499933070866141
0
LINE
8
BLACK
6
CONTINUOUS
10
0.8522314566929133
20
1.0499933070866141
11
0.852266968503937
21
1.0504924803149607
0
LINE
8
BLACK
6
CONTINUOUS
10
0.852266968503937
20
1.0504924803149607
11
0.8532050393700787
21
1.0523686614173229
0
LINE
8
BLACK
6
CONTINUOUS
10
0.8532050393700787
20
1.0523686614173229
11
0.8534723622047244
21
1.0526004724409448
0
LINE
8
BLACK
6
CONTINUOUS
10
0.8534723622047244
20
1.0526004724409448
11
0.8536077559055117
21
1.0529273622047244
0
LINE
8
BLACK
6
CONTINUOUS
10
0.8536077559055117
20
1.0529273622047244
11
0.8545458267716535
21
1.0538654724409449
0
LINE
8
BLACK
6
CONTINUOUS
10
0.8545458267716535
20
1.0538654724409449
11
0.8548727559055118
21
1.0540008661417322
0
LINE
8
BLACK
6
CONTINUOUS
10
0.8548727559055118
20
1.0540008661417322
11
0.8551046456692913
21
1.0542682677165354
0
LINE
8
BLACK
6
CONTINUOUS
10
0.8551046456692913
20
1.0542682677165354
11
0.8569809055118111
21
1.0552063385826771
0
LINE
8
BLACK
6
CONTINUOUS
10
0.8569809055118111
20
1.0552063385826771
11
0.8572246062992126
21
1.0552236220472442
0
LINE
8
BLACK
6
CONTINUOUS
10
0.8572246062992126
20
1.0552236220472442
11
0.857420905511811
21
1.0553690944881891
0
LINE
8
BLACK
6
CONTINUOUS
10
0.857420905511811
20
1.0553690944881891
11
0.8611732283464567
21
1.0563072047244095
0
LINE
8
BLACK
6
CONTINUOUS
10
0.8611732283464567
20
1.0563072047244095
11
0.8614428346456693
21
1.0562670866141732
0
LINE
8
BLACK
6
CONTINUOUS
10
0.8614428346456693
20
1.0562670866141732
11
0.8616947244094488
21
1.0563714173228347
0
LINE
8
BLACK
6
CONTINUOUS
10
0.8616947244094488
20
1.0563714173228347
11
0.8663851968503937
21
1.0563714173228347
0
LINE
8
BLACK
6
CONTINUOUS
10
0.8663851968503937
20
1.0563714173228347
11
0.8666370472440945
21
1.0562670866141732
0
LINE
8
BLACK
6
CONTINUOUS
10
0.8586928346456693
20
1.0512547637795275
11
0.8573396850393701
21
1.0505781889763779
0
LINE
8
BLACK
6
CONTINUOUS
10
0.8573396850393701
20
1.0505781889763779
11
0.8568950393700787
21
1.0501335433070866
0
LINE
8
BLACK
6
CONTINUOUS
10
0.8568950393700787
20
1.0501335433070866
11
0.8563399606299212
21
1.0490233858267717
0
LINE
8
BLACK
6
CONTINUOUS
10
0.8563399606299212
20
1.0490233858267717
11
0.8563399606299212
21
1.0481623228346457
0
LINE
8
BLACK
6
CONTINUOUS
10
0.8563399606299212
20
1.0481623228346457
11
0.8568950787401575
21
1.0470520866141733
0
LINE
8
BLACK
6
CONTINUOUS
10
0.8568950787401575
20
1.0470520866141733
11
0.8573396850393701
21
1.0466074803149605
0
LINE
8
BLACK
6
CONTINUOUS
10
0.8573396850393701
20
1.0466074803149605
11
0.8586926771653544
21
1.0459309448818896
0
LINE
8
BLACK
6
CONTINUOUS
10
0.8586926771653544
20
1.0459309448818896
11
0.8619594488188976
21
1.0451142913385827
0
LINE
8
BLACK
6
CONTINUOUS
10
0.8619594488188976
20
1.0451142913385827
11
0.8661204724409448
21
1.0451142913385827
0
LINE
8
BLACK
6
CONTINUOUS
10
0.8661204724409448
20
1.0451142913385827
11
0.869387283464567
21
1.0459309842519684
0
LINE
8
BLACK
6
CONTINUOUS
10
0.869387283464567
20
1.0459309842519684
11
0.8707401968503937
21
1.0466074409448818
0
LINE
8
BLACK
6
CONTINUOUS
10
0.8707401968503937
20
1.0466074409448818
11
0.871184842519685
21
1.0470520866141733
0
LINE
8
BLACK
6
CONTINUOUS
10
0.871184842519685
20
1.0470520866141733
11
0.8717399606299212
21
1.048162283464567
0
LINE
8
BLACK
6
CONTINUOUS
10
0.8717399606299212
20
1.048162283464567
11
0.8717399606299212
21
1.0490233858267717
0
LINE
8
BLACK
6
CONTINUOUS
10
0.8717399606299212
20
1.0490233858267717
11
0.871184842519685
21
1.0501335826771654
0
LINE
8
BLACK
6
CONTINUOUS
10
0.871184842519685
20
1.0501335826771654
11
0.8707402362204725
21
1.0505781889763779
0
LINE
8
BLACK
6
CONTINUOUS
10
0.8707402362204725
20
1.0505781889763779
11
0.8693870866141732
21
1.0512547637795275
0
LINE
8
BLACK
6
CONTINUOUS
10
0.8693870866141732
20
1.0512547637795275
11
0.8661205905511811
21
1.0520714173228347
0
LINE
8
BLACK
6
CONTINUOUS
10
0.8661205905511811
20
1.0520714173228347
11
0.8619594881889764
21
1.0520714173228347
0
LINE
8
BLACK
6
CONTINUOUS
10
0.8619594881889764
20
1.0520714173228347
11
0.8586928346456693
21
1.0512547637795275
0
LINE
8
BLACK
6
CONTINUOUS
10
0.9666370472440945
20
1.0562670866141732
11
0.9669066535433071
21
1.0563072047244095
0
LINE
8
BLACK
6
CONTINUOUS
10
0.9669066535433071
20
1.0563072047244095
11
0.9706590551181102
21
1.0553691338582676
0
LINE
8
BLACK
6
CONTINUOUS
10
0.9706590551181102
20
1.0553691338582676
11
0.9708553937007873
21
1.0552236220472442
0
LINE
8
BLACK
6
CONTINUOUS
10
0.9708553937007873
20
1.0552236220472442
11
0.971099094488189
21
1.0552063385826771
0
LINE
8
BLACK
6
CONTINUOUS
10
0.971099094488189
20
1.0552063385826771
11
0.9729752755905512
21
1.0542682677165354
0
LINE
8
BLACK
6
CONTINUOUS
10
0.9729752755905512
20
1.0542682677165354
11
0.973207125984252
21
1.0540009055118109
0
LINE
8
BLACK
6
CONTINUOUS
10
0.973207125984252
20
1.0540009055118109
11
0.9735340551181102
21
1.0538655118110236
0
LINE
8
BLACK
6
CONTINUOUS
10
0.9735340551181102
20
1.0538655118110236
11
0.9744721653543307
21
1.0529274015748031
0
LINE
8
BLACK
6
CONTINUOUS
10
0.9744721653543307
20
1.0529274015748031
11
0.9746075590551181
21
1.0526004724409448
0
LINE
8
BLACK
6
CONTINUOUS
10
0.9746075590551181
20
1.0526004724409448
11
0.9748749212598425
21
1.0523686220472441
0
LINE
8
BLACK
6
CONTINUOUS
10
0.9748749212598425
20
1.0523686220472441
11
0.9758129921259843
21
1.0504924409448819
0
LINE
8
BLACK
6
CONTINUOUS
10
0.9758129921259843
20
1.0504924409448819
11
0.9758484251968503
21
1.0499932677165353
0
LINE
8
BLACK
6
CONTINUOUS
10
0.9758484251968503
20
1.0499932677165353
11
0.9760399606299213
21
1.0495309448818897
0
LINE
8
BLACK
6
CONTINUOUS
10
0.9760399606299213
20
1.0495309448818897
11
0.9760399606299213
21
1.0476547637795275
0
LINE
8
BLACK
6
CONTINUOUS
10
0.9760399606299213
20
1.0476547637795275
11
0.9758484251968503
21
1.0471924015748031
0
LINE
8
BLACK
6
CONTINUOUS
10
0.9758484251968503
20
1.0471924015748031
11
0.9758129921259843
21
1.0466933070866142
0
LINE
8
BLACK
6
CONTINUOUS
10
0.9758129921259843
20
1.0466933070866142
11
0.9748749212598425
21
1.0448170472440945
0
LINE
8
BLACK
6
CONTINUOUS
10
0.9748749212598425
20
1.0448170472440945
11
0.9746075196850393
21
1.0445851574803149
0
LINE
8
BLACK
6
CONTINUOUS
10
0.9746075196850393
20
1.0445851574803149
11
0.9744721259842519
21
1.0442582283464568
0
LINE
8
BLACK
6
CONTINUOUS
10
0.9744721259842519
20
1.0442582283464568
11
0.9735340157480314
21
1.043320157480315
0
LINE
8
BLACK
6
CONTINUOUS
10
0.9735340157480314
20
1.043320157480315
11
0.973207125984252
21
1.0431847637795275
0
LINE
8
BLACK
6
CONTINUOUS
10
0.973207125984252
20
1.0431847637795275
11
0.9729753149606299
21
1.0429174409448818
0
LINE
8
BLACK
6
CONTINUOUS
10
0.9729753149606299
20
1.0429174409448818
11
0.9710991338582677
21
1.0419793700787401
0
LINE
8
BLACK
6
CONTINUOUS
10
0.9710991338582677
20
1.0419793700787401
11
0.9708553937007873
21
1.0419620078740157
0
LINE
8
BLACK
6
CONTINUOUS
10
0.9708553937007873
20
1.0419620078740157
11
0.9706590157480315
21
1.0418165354330708
0
LINE
8
BLACK
6
CONTINUOUS
10
0.9706590157480315
20
1.0418165354330708
11
0.9669066141732283
21
1.0408784645669291
0
LINE
8
BLACK
6
CONTINUOUS
10
0.9669066141732283
20
1.0408784645669291
11
0.966636968503937
21
1.0409185826771654
0
LINE
8
BLACK
6
CONTINUOUS
10
0.966636968503937
20
1.0409185826771654
11
0.9663851968503937
21
1.0408142913385827
0
LINE
8
BLACK
6
CONTINUOUS
10
0.9663851968503937
20
1.0408142913385827
11
0.9616947244094488
21
1.0408142913385827
0
LINE
8
BLACK
6
CONTINUOUS
10
0.9616947244094488
20
1.0408142913385827
11
0.961442874015748
21
1.0409185826771654
0
LINE
8
BLACK
6
CONTINUOUS
10
0.961442874015748
20
1.0409185826771654
11
0.9611732677165354
21
1.0408784645669291
0
LINE
8
BLACK
6
CONTINUOUS
10
0.9611732677165354
20
1.0408784645669291
11
0.957420905511811
21
1.0418165354330708
0
LINE
8
BLACK
6
CONTINUOUS
10
0.957420905511811
20
1.0418165354330708
11
0.9572245275590551
21
1.0419620078740157
0
LINE
8
BLACK
6
CONTINUOUS
10
0.9572245275590551
20
1.0419620078740157
11
0.9569808661417323
21
1.0419793307086613
0
LINE
8
BLACK
6
CONTINUOUS
10
0.9569808661417323
20
1.0419793307086613
11
0.9551046456692913
21
1.0429174409448818
0
LINE
8
BLACK
6
CONTINUOUS
10
0.9551046456692913
20
1.0429174409448818
11
0.9548727559055118
21
1.0431847637795275
0
LINE
8
BLACK
6
CONTINUOUS
10
0.9548727559055118
20
1.0431847637795275
11
0.9545458661417323
21
1.0433201968503936
0
LINE
8
BLACK
6
CONTINUOUS
10
0.9545458661417323
20
1.0433201968503936
11
0.9536077952755905
21
1.0442582677165355
0
LINE
8
BLACK
6
CONTINUOUS
10
0.9536077952755905
20
1.0442582677165355
11
0.9534723622047244
21
1.0445851574803149
0
LINE
8
BLACK
6
CONTINUOUS
10
0.9534723622047244
20
1.0445851574803149
11
0.9532050393700787
21
1.0448170472440945
0
LINE
8
BLACK
6
CONTINUOUS
10
0.9532050393700787
20
1.0448170472440945
11
0.9522669291338582
21
1.0466932677165355
0
LINE
8
BLACK
6
CONTINUOUS
10
0.9522669291338582
20
1.0466932677165355
11
0.9522314566929133
21
1.0471924015748031
0
LINE
8
BLACK
6
CONTINUOUS
10
0.9522314566929133
20
1.0471924015748031
11
0.9520399606299212
21
1.0476547637795275
0
LINE
8
BLACK
6
CONTINUOUS
10
0.9520399606299212
20
1.0476547637795275
11
0.9520399606299212
21
1.0495309448818897
0
LINE
8
BLACK
6
CONTINUOUS
10
0.9520399606299212
20
1.0495309448818897
11
0.9522314566929133
21
1.0499933070866141
0
LINE
8
BLACK
6
CONTINUOUS
10
0.9522314566929133
20
1.0499933070866141
11
0.952266968503937
21
1.0504924803149607
0
LINE
8
BLACK
6
CONTINUOUS
10
0.952266968503937
20
1.0504924803149607
11
0.9532050393700787
21
1.0523686614173229
0
LINE
8
BLACK
6
CONTINUOUS
10
0.9532050393700787
20
1.0523686614173229
11
0.9534723622047244
21
1.0526004724409448
0
LINE
8
BLACK
6
CONTINUOUS
10
0.9534723622047244
20
1.0526004724409448
11
0.9536077559055118
21
1.0529273622047244
0
LINE
8
BLACK
6
CONTINUOUS
10
0.9536077559055118
20
1.0529273622047244
11
0.9545458267716536
21
1.0538654724409449
0
LINE
8
BLACK
6
CONTINUOUS
10
0.9545458267716536
20
1.0538654724409449
11
0.9548727559055118
21
1.0540008661417322
0
LINE
8
BLACK
6
CONTINUOUS
10
0.9548727559055118
20
1.0540008661417322
11
0.9551046456692913
21
1.0542682677165354
0
LINE
8
BLACK
6
CONTINUOUS
10
0.9551046456692913
20
1.0542682677165354
11
0.956980905511811
21
1.0552063385826771
0
LINE
8
BLACK
6
CONTINUOUS
10
0.956980905511811
20
1.0552063385826771
11
0.9572246062992126
21
1.0552236220472442
0
LINE
8
BLACK
6
CONTINUOUS
10
0.9572246062992126
20
1.0552236220472442
11
0.957420905511811
21
1.0553690944881891
0
LINE
8
BLACK
6
CONTINUOUS
10
0.957420905511811
20
1.0553690944881891
11
0.9611732283464567
21
1.0563072047244095
0
LINE
8
BLACK
6
CONTINUOUS
10
0.9611732283464567
20
1.0563072047244095
11
0.9614428346456693
21
1.0562670866141732
0
LINE
8
BLACK
6
CONTINUOUS
10
0.9614428346456693
20
1.0562670866141732
11
0.9616947244094488
21
1.0563714173228347
0
LINE
8
BLACK
6
CONTINUOUS
10
0.9616947244094488
20
1.0563714173228347
11
0.9663851968503937
21
1.0563714173228347
0
LINE
8
BLACK
6
CONTINUOUS
10
0.9663851968503937
20
1.0563714173228347
11
0.9666370472440945
21
1.0562670866141732
0
LINE
8
BLACK
6
CONTINUOUS
10
0.9586928346456692
20
1.0512547637795275
11
0.9573396850393701
21
1.0505781889763779
0
LINE
8
BLACK
6
CONTINUOUS
10
0.9573396850393701
20
1.0505781889763779
11
0.9568950393700787
21
1.0501335433070866
0
LINE
8
BLACK
6
CONTINUOUS
10
0.9568950393700787
20
1.0501335433070866
11
0.9563399606299212
21
1.0490233858267717
0
LINE
8
BLACK
6
CONTINUOUS
10
0.9563399606299212
20
1.0490233858267717
11
0.9563399606299212
21
1.0481623228346457
0
LINE
8
BLACK
6
CONTINUOUS
10
0.9563399606299212
20
1.0481623228346457
11
0.9568950787401574
21
1.0470520866141733
0
LINE
8
BLACK
6
CONTINUOUS
10
0.9568950787401574
20
1.0470520866141733
11
0.9573396850393701
21
1.0466074803149605
0
LINE
8
BLACK
6
CONTINUOUS
10
0.9573396850393701
20
1.0466074803149605
11
0.9586926771653543
21
1.0459309448818896
0
LINE
8
BLACK
6
CONTINUOUS
10
0.9586926771653543
20
1.0459309448818896
11
0.9619594488188976
21
1.0451142913385827
0
LINE
8
BLACK
6
CONTINUOUS
10
0.9619594488188976
20
1.0451142913385827
11
0.9661204724409449
21
1.0451142913385827
0
LINE
8
BLACK
6
CONTINUOUS
10
0.9661204724409449
20
1.0451142913385827
11
0.9693872834645669
21
1.0459309842519684
0
LINE
8
BLACK
6
CONTINUOUS
10
0.9693872834645669
20
1.0459309842519684
11
0.9707401968503937
21
1.0466074409448818
0
LINE
8
BLACK
6
CONTINUOUS
10
0.9707401968503937
20
1.0466074409448818
11
0.9711848425196851
21
1.0470520866141733
0
LINE
8
BLACK
6
CONTINUOUS
10
0.9711848425196851
20
1.0470520866141733
11
0.9717399606299212
21
1.048162283464567
0
LINE
8
BLACK
6
CONTINUOUS
10
0.9717399606299212
20
1.048162283464567
11
0.9717399606299212
21
1.0490233858267717
0
LINE
8
BLACK
6
CONTINUOUS
10
0.9717399606299212
20
1.0490233858267717
11
0.9711848425196851
21
1.0501335826771654
0
LINE
8
BLACK
6
CONTINUOUS
10
0.9711848425196851
20
1.0501335826771654
11
0.9707402362204725
21
1.0505781889763779
0
LINE
8
BLACK
6
CONTINUOUS
10
0.9707402362204725
20
1.0505781889763779
11
0.9693870866141732
21
1.0512547637795275
0
LINE
8
BLACK
6
CONTINUOUS
10
0.9693870866141732
20
1.0512547637795275
11
0.966120590551181
21
1.0520714173228347
0
LINE
8
BLACK
6
CONTINUOUS
10
0.966120590551181
20
1.0520714173228347
11
0.9619594881889764
21
1.0520714173228347
0
LINE
8
BLACK
6
CONTINUOUS
10
0.9619594881889764
20
1.0520714173228347
11
0.9586928346456692
21
1.0512547637795275
0
LINE
8
BLACK
6
CONTINUOUS
10
1.0666370472440945
20
1.0562670866141732
11
1.0669066535433072
21
1.0563072047244095
0
LINE
8
BLACK
6
CONTINUOUS
10
1.0669066535433072
20
1.0563072047244095
11
1.0706590551181101
21
1.0553691338582676
0
LINE
8
BLACK
6
CONTINUOUS
10
1.0706590551181101
20
1.0553691338582676
11
1.0708553937007874
21
1.0552236220472442
0
LINE
8
BLACK
6
CONTINUOUS
10
1.0708553937007874
20
1.0552236220472442
11
1.0710990944881889
21
1.0552063385826771
0
LINE
8
BLACK
6
CONTINUOUS
10
1.0710990944881889
20
1.0552063385826771
11
1.0729752755905511
21
1.0542682677165354
0
LINE
8
BLACK
6
CONTINUOUS
10
1.0729752755905511
20
1.0542682677165354
11
1.0732071259842519
21
1.0540009055118109
0
LINE
8
BLACK
6
CONTINUOUS
10
1.0732071259842519
20
1.0540009055118109
11
1.0735340551181103
21
1.0538655118110236
0
LINE
8
BLACK
6
CONTINUOUS
10
1.0735340551181103
20
1.0538655118110236
11
1.0744721653543308
21
1.0529274015748031
0
LINE
8
BLACK
6
CONTINUOUS
10
1.0744721653543308
20
1.0529274015748031
11
1.0746075590551181
21
1.0526004724409448
0
LINE
8
BLACK
6
CONTINUOUS
10
1.0746075590551181
20
1.0526004724409448
11
1.0748749212598425
21
1.0523686220472441
0
LINE
8
BLACK
6
CONTINUOUS
10
1.0748749212598425
20
1.0523686220472441
11
1.0758129921259842
21
1.0504924409448819
0
LINE
8
BLACK
6
CONTINUOUS
10
1.0758129921259842
20
1.0504924409448819
11
1.0758484251968503
21
1.0499932677165353
0
LINE
8
BLACK
6
CONTINUOUS
10
1.0758484251968503
20
1.0499932677165353
11
1.0760399606299211
21
1.0495309448818897
0
LINE
8
BLACK
6
CONTINUOUS
10
1.0760399606299211
20
1.0495309448818897
11
1.0760399606299211
21
1.0476547637795275
0
LINE
8
BLACK
6
CONTINUOUS
10
1.0760399606299211
20
1.0476547637795275
11
1.0758484251968503
21
1.0471924015748031
0
LINE
8
BLACK
6
CONTINUOUS
10
1.0758484251968503
20
1.0471924015748031
11
1.0758129921259842
21
1.0466933070866142
0
LINE
8
BLACK
6
CONTINUOUS
10
1.0758129921259842
20
1.0466933070866142
11
1.0748749212598425
21
1.0448170472440945
0
LINE
8
BLACK
6
CONTINUOUS
10
1.0748749212598425
20
1.0448170472440945
11
1.0746075196850393
21
1.0445851574803149
0
LINE
8
BLACK
6
CONTINUOUS
10
1.0746075196850393
20
1.0445851574803149
11
1.074472125984252
21
1.0442582283464568
0
LINE
8
BLACK
6
CONTINUOUS
10
1.074472125984252
20
1.0442582283464568
11
1.0735340157480315
21
1.043320157480315
0
LINE
8
BLACK
6
CONTINUOUS
10
1.0735340157480315
20
1.043320157480315
11
1.0732071259842519
21
1.0431847637795275
0
LINE
8
BLACK
6
CONTINUOUS
10
1.0732071259842519
20
1.0431847637795275
11
1.0729753149606298
21
1.0429174409448818
0
LINE
8
BLACK
6
CONTINUOUS
10
1.0729753149606298
20
1.0429174409448818
11
1.0710991338582676
21
1.0419793700787401
0
LINE
8
BLACK
6
CONTINUOUS
10
1.0710991338582676
20
1.0419793700787401
11
1.0708553937007874
21
1.0419620078740157
0
LINE
8
BLACK
6
CONTINUOUS
10
1.0708553937007874
20
1.0419620078740157
11
1.0706590157480316
21
1.0418165354330708
0
LINE
8
BLACK
6
CONTINUOUS
10
1.0706590157480316
20
1.0418165354330708
11
1.0669066141732284
21
1.0408784645669291
0
LINE
8
BLACK
6
CONTINUOUS
10
1.0669066141732284
20
1.0408784645669291
11
1.066636968503937
21
1.0409185826771654
0
LINE
8
BLACK
6
CONTINUOUS
10
1.066636968503937
20
1.0409185826771654
11
1.0663851968503937
21
1.0408142913385827
0
LINE
8
BLACK
6
CONTINUOUS
10
1.0663851968503937
20
1.0408142913385827
11
1.0616947244094488
21
1.0408142913385827
0
LINE
8
BLACK
6
CONTINUOUS
10
1.0616947244094488
20
1.0408142913385827
11
1.061442874015748
21
1.0409185826771654
0
LINE
8
BLACK
6
CONTINUOUS
10
1.061442874015748
20
1.0409185826771654
11
1.0611732677165353
21
1.0408784645669291
0
LINE
8
BLACK
6
CONTINUOUS
10
1.0611732677165353
20
1.0408784645669291
11
1.0574209055118109
21
1.0418165354330708
0
LINE
8
BLACK
6
CONTINUOUS
10
1.0574209055118109
20
1.0418165354330708
11
1.057224527559055
21
1.0419620078740157
0
LINE
8
BLACK
6
CONTINUOUS
10
1.057224527559055
20
1.0419620078740157
11
1.0569808661417324
21
1.0419793307086613
0
LINE
8
BLACK
6
CONTINUOUS
10
1.0569808661417324
20
1.0419793307086613
11
1.0551046456692914
21
1.0429174409448818
0
LINE
8
BLACK
6
CONTINUOUS
10
1.0551046456692914
20
1.0429174409448818
11
1.0548727559055118
21
1.0431847637795275
0
LINE
8
BLACK
6
CONTINUOUS
10
1.0548727559055118
20
1.0431847637795275
11
1.0545458661417322
21
1.0433201968503936
0
LINE
8
BLACK
6
CONTINUOUS
10
1.0545458661417322
20
1.0433201968503936
11
1.0536077952755905
21
1.0442582677165355
0
LINE
8
BLACK
6
CONTINUOUS
10
1.0536077952755905
20
1.0442582677165355
11
1.0534723622047244
21
1.0445851574803149
0
LINE
8
BLACK
6
CONTINUOUS
10
1.0534723622047244
20
1.0445851574803149
11
1.0532050393700787
21
1.0448170472440945
0
LINE
8
BLACK
6
CONTINUOUS
10
1.0532050393700787
20
1.0448170472440945
11
1.0522669291338582
21
1.0466932677165355
0
LINE
8
BLACK
6
CONTINUOUS
10
1.0522669291338582
20
1.0466932677165355
11
1.0522314566929134
21
1.0471924015748031
0
LINE
8
BLACK
6
CONTINUOUS
10
1.0522314566929134
20
1.0471924015748031
11
1.0520399606299213
21
1.0476547637795275
0
LINE
8
BLACK
6
CONTINUOUS
10
1.0520399606299213
20
1.0476547637795275
11
1.0520399606299213
21
1.0495309448818897
0
LINE
8
BLACK
6
CONTINUOUS
10
1.0520399606299213
20
1.0495309448818897
11
1.0522314566929134
21
1.0499933070866141
0
LINE
8
BLACK
6
CONTINUOUS
10
1.0522314566929134
20
1.0499933070866141
11
1.052266968503937
21
1.0504924803149607
0
LINE
8
BLACK
6
CONTINUOUS
10
1.052266968503937
20
1.0504924803149607
11
1.0532050393700787
21
1.0523686614173229
0
LINE
8
BLACK
6
CONTINUOUS
10
1.0532050393700787
20
1.0523686614173229
11
1.0534723622047244
21
1.0526004724409448
0
LINE
8
BLACK
6
CONTINUOUS
10
1.0534723622047244
20
1.0526004724409448
11
1.0536077559055117
21
1.0529273622047244
0
LINE
8
BLACK
6
CONTINUOUS
10
1.0536077559055117
20
1.0529273622047244
11
1.0545458267716534
21
1.0538654724409449
0
LINE
8
BLACK
6
CONTINUOUS
10
1.0545458267716534
20
1.0538654724409449
11
1.0548727559055118
21
1.0540008661417322
0
LINE
8
BLACK
6
CONTINUOUS
10
1.0548727559055118
20
1.0540008661417322
11
1.0551046456692914
21
1.0542682677165354
0
LINE
8
BLACK
6
CONTINUOUS
10
1.0551046456692914
20
1.0542682677165354
11
1.0569809055118109
21
1.0552063385826771
0
LINE
8
BLACK
6
CONTINUOUS
10
1.0569809055118109
20
1.0552063385826771
11
1.0572246062992126
21
1.0552236220472442
0
LINE
8
BLACK
6
CONTINUOUS
10
1.0572246062992126
20
1.0552236220472442
11
1.0574209055118109
21
1.0553690944881891
0
LINE
8
BLACK
6
CONTINUOUS
10
1.0574209055118109
20
1.0553690944881891
11
1.0611732283464568
21
1.0563072047244095
0
LINE
8
BLACK
6
CONTINUOUS
10
1.0611732283464568
20
1.0563072047244095
11
1.0614428346456692
21
1.0562670866141732
0
LINE
8
BLACK
6
CONTINUOUS
10
1.0614428346456692
20
1.0562670866141732
11
1.0616947244094488
21
1.0563714173228347
0
LINE
8
BLACK
6
CONTINUOUS
10
1.0616947244094488
20
1.0563714173228347
11
1.0663851968503937
21
1.0563714173228347
0
LINE
8
BLACK
6
CONTINUOUS
10
1.0663851968503937
20
1.0563714173228347
11
1.0666370472440945
21
1.0562670866141732
0
LINE
8
BLACK
6
CONTINUOUS
10
1.0586928346456692
20
1.0512547637795275
11
1.0573396850393701
21
1.0505781889763779
0
LINE
8
BLACK
6
CONTINUOUS
10
1.0573396850393701
20
1.0505781889763779
11
1.0568950393700787
21
1.0501335433070866
0
LINE
8
BLACK
6
CONTINUOUS
10
1.0568950393700787
20
1.0501335433070866
11
1.0563399606299213
21
1.0490233858267717
0
LINE
8
BLACK
6
CONTINUOUS
10
1.0563399606299213
20
1.0490233858267717
11
1.0563399606299213
21
1.0481623228346457
0
LINE
8
BLACK
6
CONTINUOUS
10
1.0563399606299213
20
1.0481623228346457
11
1.0568950787401574
21
1.0470520866141733
0
LINE
8
BLACK
6
CONTINUOUS
10
1.0568950787401574
20
1.0470520866141733
11
1.0573396850393701
21
1.0466074803149605
0
LINE
8
BLACK
6
CONTINUOUS
10
1.0573396850393701
20
1.0466074803149605
11
1.0586926771653542
21
1.0459309448818896
0
LINE
8
BLACK
6
CONTINUOUS
10
1.0586926771653542
20
1.0459309448818896
11
1.0619594488188977
21
1.0451142913385827
0
LINE
8
BLACK
6
CONTINUOUS
10
1.0619594488188977
20
1.0451142913385827
11
1.0661204724409448
21
1.0451142913385827
0
LINE
8
BLACK
6
CONTINUOUS
10
1.0661204724409448
20
1.0451142913385827
11
1.0693872834645668
21
1.0459309842519684
0
LINE
8
BLACK
6
CONTINUOUS
10
1.0693872834645668
20
1.0459309842519684
11
1.0707401968503936
21
1.0466074409448818
0
LINE
8
BLACK
6
CONTINUOUS
10
1.0707401968503936
20
1.0466074409448818
11
1.071184842519685
21
1.0470520866141733
0
LINE
8
BLACK
6
CONTINUOUS
10
1.071184842519685
20
1.0470520866141733
11
1.0717399606299212
21
1.048162283464567
0
LINE
8
BLACK
6
CONTINUOUS
10
1.0717399606299212
20
1.048162283464567
11
1.0717399606299212
21
1.0490233858267717
0
LINE
8
BLACK
6
CONTINUOUS
10
1.0717399606299212
20
1.0490233858267717
11
1.071184842519685
21
1.0501335826771654
0
LINE
8
BLACK
6
CONTINUOUS
10
1.071184842519685
20
1.0501335826771654
11
1.0707402362204723
21
1.0505781889763779
0
LINE
8
BLACK
6
CONTINUOUS
10
1.0707402362204723
20
1.0505781889763779
11
1.0693870866141733
21
1.0512547637795275
0
LINE
8
BLACK
6
CONTINUOUS
10
1.0693870866141733
20
1.0512547637795275
11
1.066120590551181
21
1.0520714173228347
0
LINE
8
BLACK
6
CONTINUOUS
10
1.066120590551181
20
1.0520714173228347
11
1.0619594881889765
21
1.0520714173228347
0
LINE
8
BLACK
6
CONTINUOUS
10
1.0619594881889765
20
1.0520714173228347
11
1.0586928346456692
21
1.0512547637795275
0
LINE
8
BLACK
6
CONTINUOUS
10
1.1666370472440946
20
1.0562670866141732
11
1.166906653543307
21
1.0563072047244095
0
LINE
8
BLACK
6
CONTINUOUS
10
1.166906653543307
20
1.0563072047244095
11
1.1706590551181102
21
1.0553691338582676
0
LINE
8
BLACK
6
CONTINUOUS
10
1.1706590551181102
20
1.0553691338582676
11
1.1708553937007873
21
1.0552236220472442
0
LINE
8
BLACK
6
CONTINUOUS
10
1.1708553937007873
20
1.0552236220472442
11
1.1710990944881889
21
1.0552063385826771
0
LINE
8
BLACK
6
CONTINUOUS
10
1.1710990944881889
20
1.0552063385826771
11
1.1729752755905511
21
1.0542682677165354
0
LINE
8
BLACK
6
CONTINUOUS
10
1.1729752755905511
20
1.0542682677165354
11
1.173207125984252
21
1.0540009055118109
0
LINE
8
BLACK
6
CONTINUOUS
10
1.173207125984252
20
1.0540009055118109
11
1.1735340551181102
21
1.0538655118110236
0
LINE
8
BLACK
6
CONTINUOUS
10
1.1735340551181102
20
1.0538655118110236
11
1.1744721653543306
21
1.0529274015748031
0
LINE
8
BLACK
6
CONTINUOUS
10
1.1744721653543306
20
1.0529274015748031
11
1.1746075590551182
21
1.0526004724409448
0
LINE
8
BLACK
6
CONTINUOUS
10
1.1746075590551182
20
1.0526004724409448
11
1.1748749212598424
21
1.0523686220472441
0
LINE
8
BLACK
6
CONTINUOUS
10
1.1748749212598424
20
1.0523686220472441
11
1.1758129921259843
21
1.0504924409448819
0
LINE
8
BLACK
6
CONTINUOUS
10
1.1758129921259843
20
1.0504924409448819
11
1.1758484251968504
21
1.0499932677165353
0
LINE
8
BLACK
6
CONTINUOUS
10
1.1758484251968504
20
1.0499932677165353
11
1.1760399606299212
21
1.0495309448818897
0
LINE
8
BLACK
6
CONTINUOUS
10
1.1760399606299212
20
1.0495309448818897
11
1.1760399606299212
21
1.0476547637795275
0
LINE
8
BLACK
6
CONTINUOUS
10
1.1760399606299212
20
1.0476547637795275
11
1.1758484251968504
21
1.0471924015748031
0
LINE
8
BLACK
6
CONTINUOUS
10
1.1758484251968504
20
1.0471924015748031
11
1.1758129921259843
21
1.0466933070866142
0
LINE
8
BLACK
6
CONTINUOUS
10
1.1758129921259843
20
1.0466933070866142
11
1.1748749212598424
21
1.0448170472440945
0
LINE
8
BLACK
6
CONTINUOUS
10
1.1748749212598424
20
1.0448170472440945
11
1.1746075196850394
21
1.0445851574803149
0
LINE
8
BLACK
6
CONTINUOUS
10
1.1746075196850394
20
1.0445851574803149
11
1.1744721259842519
21
1.0442582283464568
0
LINE
8
BLACK
6
CONTINUOUS
10
1.1744721259842519
20
1.0442582283464568
11
1.1735340157480314
21
1.043320157480315
0
LINE
8
BLACK
6
CONTINUOUS
10
1.1735340157480314
20
1.043320157480315
11
1.173207125984252
21
1.0431847637795275
0
LINE
8
BLACK
6
CONTINUOUS
10
1.173207125984252
20
1.0431847637795275
11
1.1729753149606299
21
1.0429174409448818
0
LINE
8
BLACK
6
CONTINUOUS
10
1.1729753149606299
20
1.0429174409448818
11
1.1710991338582677
21
1.0419793700787401
0
LINE
8
BLACK
6
CONTINUOUS
10
1.1710991338582677
20
1.0419793700787401
11
1.1708553937007873
21
1.0419620078740157
0
LINE
8
BLACK
6
CONTINUOUS
10
1.1708553937007873
20
1.0419620078740157
11
1.1706590157480314
21
1.0418165354330708
0
LINE
8
BLACK
6
CONTINUOUS
10
1.1706590157480314
20
1.0418165354330708
11
1.1669066141732283
21
1.0408784645669291
0
LINE
8
BLACK
6
CONTINUOUS
10
1.1669066141732283
20
1.0408784645669291
11
1.1666369685039371
21
1.0409185826771654
0
LINE
8
BLACK
6
CONTINUOUS
10
1.1666369685039371
20
1.0409185826771654
11
1.1663851968503938
21
1.0408142913385827
0
LINE
8
BLACK
6
CONTINUOUS
10
1.1663851968503938
20
1.0408142913385827
11
1.1616947244094489
21
1.0408142913385827
0
LINE
8
BLACK
6
CONTINUOUS
10
1.1616947244094489
20
1.0408142913385827
11
1.1614428740157481
21
1.0409185826771654
0
LINE
8
BLACK
6
CONTINUOUS
10
1.1614428740157481
20
1.0409185826771654
11
1.1611732677165354
21
1.0408784645669291
0
LINE
8
BLACK
6
CONTINUOUS
10
1.1611732677165354
20
1.0408784645669291
11
1.157420905511811
21
1.0418165354330708
0
LINE
8
BLACK
6
CONTINUOUS
10
1.157420905511811
20
1.0418165354330708
11
1.1572245275590551
21
1.0419620078740157
0
LINE
8
BLACK
6
CONTINUOUS
10
1.1572245275590551
20
1.0419620078740157
11
1.1569808661417322
21
1.0419793307086613
0
LINE
8
BLACK
6
CONTINUOUS
10
1.1569808661417322
20
1.0419793307086613
11
1.1551046456692913
21
1.0429174409448818
0
LINE
8
BLACK
6
CONTINUOUS
10
1.1551046456692913
20
1.0429174409448818
11
1.1548727559055119
21
1.0431847637795275
0
LINE
8
BLACK
6
CONTINUOUS
10
1.1548727559055119
20
1.0431847637795275
11
1.1545458661417323
21
1.0433201968503936
0
LINE
8
BLACK
6
CONTINUOUS
10
1.1545458661417323
20
1.0433201968503936
11
1.1536077952755905
21
1.0442582677165355
0
LINE
8
BLACK
6
CONTINUOUS
10
1.1536077952755905
20
1.0442582677165355
11
1.1534723622047245
21
1.0445851574803149
0
LINE
8
BLACK
6
CONTINUOUS
10
1.1534723622047245
20
1.0445851574803149
11
1.1532050393700788
21
1.0448170472440945
0
LINE
8
BLACK
6
CONTINUOUS
10
1.1532050393700788
20
1.0448170472440945
11
1.1522669291338583
21
1.0466932677165355
0
LINE
8
BLACK
6
CONTINUOUS
10
1.1522669291338583
20
1.0466932677165355
11
1.1522314566929133
21
1.0471924015748031
0
LINE
8
BLACK
6
CONTINUOUS
10
1.1522314566929133
20
1.0471924015748031
11
1.1520399606299212
21
1.0476547637795275
0
LINE
8
BLACK
6
CONTINUOUS
10
1.1520399606299212
20
1.0476547637795275
11
1.1520399606299212
21
1.0495309448818897
0
LINE
8
BLACK
6
CONTINUOUS
10
1.1520399606299212
20
1.0495309448818897
11
1.1522314566929133
21
1.0499933070866141
0
LINE
8
BLACK
6
CONTINUOUS
10
1.1522314566929133
20
1.0499933070866141
11
1.1522669685039371
21
1.0504924803149607
0
LINE
8
BLACK
6
CONTINUOUS
10
1.1522669685039371
20
1.0504924803149607
11
1.1532050393700788
21
1.0523686614173229
0
LINE
8
BLACK
6
CONTINUOUS
10
1.1532050393700788
20
1.0523686614173229
11
1.1534723622047245
21
1.0526004724409448
0
LINE
8
BLACK
6
CONTINUOUS
10
1.1534723622047245
20
1.0526004724409448
11
1.1536077559055118
21
1.0529273622047244
0
LINE
8
BLACK
6
CONTINUOUS
10
1.1536077559055118
20
1.0529273622047244
11
1.1545458267716535
21
1.0538654724409449
0
LINE
8
BLACK
6
CONTINUOUS
10
1.1545458267716535
20
1.0538654724409449
11
1.1548727559055119
21
1.0540008661417322
0
LINE
8
BLACK
6
CONTINUOUS
10
1.1548727559055119
20
1.0540008661417322
11
1.1551046456692913
21
1.0542682677165354
0
LINE
8
BLACK
6
CONTINUOUS
10
1.1551046456692913
20
1.0542682677165354
11
1.156980905511811
21
1.0552063385826771
0
LINE
8
BLACK
6
CONTINUOUS
10
1.156980905511811
20
1.0552063385826771
11
1.1572246062992126
21
1.0552236220472442
0
LINE
8
BLACK
6
CONTINUOUS
10
1.1572246062992126
20
1.0552236220472442
11
1.157420905511811
21
1.0553690944881891
0
LINE
8
BLACK
6
CONTINUOUS
10
1.157420905511811
20
1.0553690944881891
11
1.1611732283464566
21
1.0563072047244095
0
LINE
8
BLACK
6
CONTINUOUS
10
1.1611732283464566
20
1.0563072047244095
11
1.1614428346456693
21
1.0562670866141732
0
LINE
8
BLACK
6
CONTINUOUS
10
1.1614428346456693
20
1.0562670866141732
11
1.1616947244094489
21
1.0563714173228347
0
LINE
8
BLACK
6
CONTINUOUS
10
1.1616947244094489
20
1.0563714173228347
11
1.1663851968503938
21
1.0563714173228347
0
LINE
8
BLACK
6
CONTINUOUS
10
1.1663851968503938
20
1.0563714173228347
11
1.1666370472440946
21
1.0562670866141732
0
LINE
8
BLACK
6
CONTINUOUS
10
1.1586928346456693
20
1.0512547637795275
11
1.15733968503937
21
1.0505781889763779
0
LINE
8
BLACK
6
CONTINUOUS
10
1.15733968503937
20
1.0505781889763779
11
1.1568950393700788
21
1.0501335433070866
0
LINE
8
BLACK
6
CONTINUOUS
10
1.1568950393700788
20
1.0501335433070866
11
1.1563399606299212
21
1.0490233858267717
0
LINE
8
BLACK
6
CONTINUOUS
10
1.1563399606299212
20
1.0490233858267717
11
1.1563399606299212
21
1.0481623228346457
0
LINE
8
BLACK
6
CONTINUOUS
10
1.1563399606299212
20
1.0481623228346457
11
1.1568950787401575
21
1.0470520866141733
0
LINE
8
BLACK
6
CONTINUOUS
10
1.1568950787401575
20
1.0470520866141733
11
1.15733968503937
21
1.0466074803149605
0
LINE
8
BLACK
6
CONTINUOUS
10
1.15733968503937
20
1.0466074803149605
11
1.1586926771653543
21
1.0459309448818896
0
LINE
8
BLACK
6
CONTINUOUS
10
1.1586926771653543
20
1.0459309448818896
11
1.1619594488188976
21
1.0451142913385827
0
LINE
8
BLACK
6
CONTINUOUS
10
1.1619594488188976
20
1.0451142913385827
11
1.1661204724409449
21
1.0451142913385827
0
LINE
8
BLACK
6
CONTINUOUS
10
1.1661204724409449
20
1.0451142913385827
11
1.1693872834645669
21
1.0459309842519684
0
LINE
8
BLACK
6
CONTINUOUS
10
1.1693872834645669
20
1.0459309842519684
11
1.1707401968503937
21
1.0466074409448818
0
LINE
8
BLACK
6
CONTINUOUS
10
1.1707401968503937
20
1.0466074409448818
11
1.1711848425196849
21
1.0470520866141733
0
LINE
8
BLACK
6
CONTINUOUS
10
1.1711848425196849
20
1.0470520866141733
11
1.1717399606299213
21
1.048162283464567
0
LINE
8
BLACK
6
CONTINUOUS
10
1.1717399606299213
20
1.048162283464567
11
1.1717399606299213
21
1.0490233858267717
0
LINE
8
BLACK
6
CONTINUOUS
10
1.1717399606299213
20
1.0490233858267717
11
1.1711848425196849
21
1.0501335826771654
0
LINE
8
BLACK
6
CONTINUOUS
10
1.1711848425196849
20
1.0501335826771654
11
1.1707402362204724
21
1.0505781889763779
0
LINE
8
BLACK
6
CONTINUOUS
10
1.1707402362204724
20
1.0505781889763779
11
1.1693870866141731
21
1.0512547637795275
0
LINE
8
BLACK
6
CONTINUOUS
10
1.1693870866141731
20
1.0512547637795275
11
1.1661205905511811
21
1.0520714173228347
0
LINE
8
BLACK
6
CONTINUOUS
10
1.1661205905511811
20
1.0520714173228347
11
1.1619594881889763
21
1.0520714173228347
0
LINE
8
BLACK
6
CONTINUOUS
10
1.1619594881889763
20
1.0520714173228347
11
1.1586928346456693
21
1.0512547637795275
0
LINE
8
BLACK
6
CONTINUOUS
10
0.4479102362204724
20
1.0566797637795275
11
0.4485399606299212
21
1.0551594881889763
0
LINE
8
BLACK
6
CONTINUOUS
10
0.4485399606299212
20
1.0551594881889763
11
0.4485399606299212
21
1.0439023622047243
0
LINE
8
BLACK
6
CONTINUOUS
10
0.4485399606299212
20
1.0439023622047243
11
0.4479102362204724
21
1.0423820866141733
0
LINE
8
BLACK
6
CONTINUOUS
10
0.4479102362204724
20
1.0423820866141733
11
0.4463899606299213
21
1.0417523622047244
0
LINE
8
BLACK
6
CONTINUOUS
10
0.4463899606299213
20
1.0417523622047244
11
0.4448696850393701
21
1.0423820866141733
0
LINE
8
BLACK
6
CONTINUOUS
10
0.4448696850393701
20
1.0423820866141733
11
0.4442399606299213
21
1.0439023622047243
0
LINE
8
BLACK
6
CONTINUOUS
10
0.4442399606299213
20
1.0439023622047243
11
0.4442399606299213
21
1.0473809055118111
0
LINE
8
BLACK
6
CONTINUOUS
10
0.4442399606299213
20
1.0473809055118111
11
0.4266899606299213
21
1.0473809055118111
0
LINE
8
BLACK
6
CONTINUOUS
10
0.4266899606299213
20
1.0473809055118111
11
0.4264853937007874
21
1.0474655905511812
0
LINE
8
BLACK
6
CONTINUOUS
10
0.4264853937007874
20
1.0474655905511812
11
0.4262683070866142
21
1.0474226771653543
0
LINE
8
BLACK
6
CONTINUOUS
10
0.4262683070866142
20
1.0474226771653543
11
0.4257481496062992
21
1.0477709842519685
0
LINE
8
BLACK
6
CONTINUOUS
10
0.4257481496062992
20
1.0477709842519685
11
0.4251696850393701
21
1.0480106299212599
0
LINE
8
BLACK
6
CONTINUOUS
10
0.4251696850393701
20
1.0480106299212599
11
0.4250849606299212
21
1.0482151181102362
0
LINE
8
BLACK
6
CONTINUOUS
10
0.4250849606299212
20
1.0482151181102362
11
0.424901062992126
21
1.0483383070866141
0
LINE
8
BLACK
6
CONTINUOUS
10
0.424901062992126
20
1.0483383070866141
11
0.4247795669291338
21
1.0489524015748031
0
LINE
8
BLACK
6
CONTINUOUS
10
0.4247795669291338
20
1.0489524015748031
11
0.4245399606299213
21
1.0495309055118109
0
LINE
8
BLACK
6
CONTINUOUS
10
0.4245399606299213
20
1.0495309055118109
11
0.4246246456692913
21
1.0497354330708661
0
LINE
8
BLACK
6
CONTINUOUS
10
0.4246246456692913
20
1.0497354330708661
11
0.4245817322834646
21
1.0499525590551182
0
LINE
8
BLACK
6
CONTINUOUS
10
0.4245817322834646
20
1.0499525590551182
11
0.4249300393700787
21
1.0504726771653543
0
LINE
8
BLACK
6
CONTINUOUS
10
0.4249300393700787
20
1.0504726771653543
11
0.4251696850393701
21
1.0510511811023622
0
LINE
8
BLACK
6
CONTINUOUS
10
0.4251696850393701
20
1.0510511811023622
11
0.4253741732283464
21
1.0511358661417323
0
LINE
8
BLACK
6
CONTINUOUS
10
0.4253741732283464
20
1.0511358661417323
11
0.4254973622047244
21
1.0513198031496063
0
LINE
8
BLACK
6
CONTINUOUS
10
0.4254973622047244
20
1.0513198031496063
11
0.4281345275590551
21
1.0530779527559055
0
LINE
8
BLACK
6
CONTINUOUS
10
0.4281345275590551
20
1.0530779527559055
11
0.4296134251968504
21
1.0545568503937008
0
LINE
8
BLACK
6
CONTINUOUS
10
0.4296134251968504
20
1.0545568503937008
11
0.4303955118110236
21
1.0561210236220473
0
LINE
8
BLACK
6
CONTINUOUS
10
0.4303955118110236
20
1.0561210236220473
11
0.4316386614173228
21
1.0571991338582678
0
LINE
8
BLACK
6
CONTINUOUS
10
0.4316386614173228
20
1.0571991338582678
11
0.4332800787401574
21
1.0570824803149605
0
LINE
8
BLACK
6
CONTINUOUS
10
0.4332800787401574
20
1.0570824803149605
11
0.4343582283464567
21
1.0558393700787401
0
LINE
8
BLACK
6
CONTINUOUS
10
0.4343582283464567
20
1.0558393700787401
11
0.4342415354330709
21
1.0541979527559056
0
LINE
8
BLACK
6
CONTINUOUS
10
0.4342415354330709
20
1.0541979527559056
11
0.4333034251968504
21
1.0523217716535433
0
LINE
8
BLACK
6
CONTINUOUS
10
0.4333034251968504
20
1.0523217716535433
11
0.4330361023622047
21
1.0520899212598425
0
LINE
8
BLACK
6
CONTINUOUS
10
0.4330361023622047
20
1.0520899212598425
11
0.4329007086614173
21
1.0517630314960629
0
LINE
8
BLACK
6
CONTINUOUS
10
0.4329007086614173
20
1.0517630314960629
11
0.4328185826771653
21
1.051680905511811
0
LINE
8
BLACK
6
CONTINUOUS
10
0.4328185826771653
20
1.051680905511811
11
0.4442399606299213
21
1.051680905511811
0
LINE
8
BLACK
6
CONTINUOUS
10
0.4442399606299213
20
1.051680905511811
11
0.4442399606299213
21
1.0551594881889763
0
LINE
8
BLACK
6
CONTINUOUS
10
0.4442399606299213
20
1.0551594881889763
11
0.4448696850393701
21
1.0566797637795275
0
LINE
8
BLACK
6
CONTINUOUS
10
0.4448696850393701
20
1.0566797637795275
11
0.4463899606299213
21
1.0573094881889764
0
LINE
8
BLACK
6
CONTINUOUS
10
0.4463899606299213
20
1.0573094881889764
11
0.4479102362204724
21
1.0566797637795275
0
LINE
8
BLACK
6
CONTINUOUS
10
0.5479102362204724
20
1.0566797637795275
11
0.5485399606299213
21
1.0551594881889763
0
LINE
8
BLACK
6
CONTINUOUS
10
0.5485399606299213
20
1.0551594881889763
11
0.5485399606299213
21
1.0439023622047243
0
LINE
8
BLACK
6
CONTINUOUS
10
0.5485399606299213
20
1.0439023622047243
11
0.5479102362204724
21
1.0423820866141733
0
LINE
8
BLACK
6
CONTINUOUS
10
0.5479102362204724
20
1.0423820866141733
11
0.5463899606299213
21
1.0417523622047244
0
LINE
8
BLACK
6
CONTINUOUS
10
0.5463899606299213
20
1.0417523622047244
11
0.5448696850393701
21
1.0423820866141733
0
LINE
8
BLACK
6
CONTINUOUS
10
0.5448696850393701
20
1.0423820866141733
11
0.5442399606299212
21
1.0439023622047243
0
LINE
8
BLACK
6
CONTINUOUS
10
0.5442399606299212
20
1.0439023622047243
11
0.5442399606299212
21
1.0473809055118111
0
LINE
8
BLACK
6
CONTINUOUS
10
0.5442399606299212
20
1.0473809055118111
11
0.5266899606299212
21
1.0473809055118111
0
LINE
8
BLACK
6
CONTINUOUS
10
0.5266899606299212
20
1.0473809055118111
11
0.5264853937007874
21
1.0474655905511812
0
LINE
8
BLACK
6
CONTINUOUS
10
0.5264853937007874
20
1.0474655905511812
11
0.5262683070866142
21
1.0474226771653543
0
LINE
8
BLACK
6
CONTINUOUS
10
0.5262683070866142
20
1.0474226771653543
11
0.5257481496062992
21
1.0477709842519685
0
LINE
8
BLACK
6
CONTINUOUS
10
0.5257481496062992
20
1.0477709842519685
11
0.5251696850393701
21
1.0480106299212599
0
LINE
8
BLACK
6
CONTINUOUS
10
0.5251696850393701
20
1.0480106299212599
11
0.5250849606299213
21
1.0482151181102362
0
LINE
8
BLACK
6
CONTINUOUS
10
0.5250849606299213
20
1.0482151181102362
11
0.524901062992126
21
1.0483383070866141
0
LINE
8
BLACK
6
CONTINUOUS
10
0.524901062992126
20
1.0483383070866141
11
0.5247795669291339
21
1.0489524015748031
0
LINE
8
BLACK
6
CONTINUOUS
10
0.5247795669291339
20
1.0489524015748031
11
0.5245399606299213
21
1.0495309055118109
0
LINE
8
BLACK
6
CONTINUOUS
10
0.5245399606299213
20
1.0495309055118109
11
0.5246246456692913
21
1.0497354330708661
0
LINE
8
BLACK
6
CONTINUOUS
10
0.5246246456692913
20
1.0497354330708661
11
0.5245817322834646
21
1.0499525590551182
0
LINE
8
BLACK
6
CONTINUOUS
10
0.5245817322834646
20
1.0499525590551182
11
0.5249300393700788
21
1.0504726771653543
0
LINE
8
BLACK
6
CONTINUOUS
10
0.5249300393700788
20
1.0504726771653543
11
0.5251696850393701
21
1.0510511811023622
0
LINE
8
BLACK
6
CONTINUOUS
10
0.5251696850393701
20
1.0510511811023622
11
0.5253741732283465
21
1.0511358661417323
0
LINE
8
BLACK
6
CONTINUOUS
10
0.5253741732283465
20
1.0511358661417323
11
0.5254973622047244
21
1.0513198031496063
0
LINE
8
BLACK
6
CONTINUOUS
10
0.5254973622047244
20
1.0513198031496063
11
0.5281345275590551
21
1.0530779527559055
0
LINE
8
BLACK
6
CONTINUOUS
10
0.5281345275590551
20
1.0530779527559055
11
0.5296134251968504
21
1.0545568503937008
0
LINE
8
BLACK
6
CONTINUOUS
10
0.5296134251968504
20
1.0545568503937008
11
0.5303955118110236
21
1.0561210236220473
0
LINE
8
BLACK
6
CONTINUOUS
10
0.5303955118110236
20
1.0561210236220473
11
0.5316386614173229
21
1.0571991338582678
0
LINE
8
BLACK
6
CONTINUOUS
10
0.5316386614173229
20
1.0571991338582678
11
0.5332800787401575
21
1.0570824803149605
0
LINE
8
BLACK
6
CONTINUOUS
10
0.5332800787401575
20
1.0570824803149605
11
0.5343582283464566
21
1.0558393700787401
0
LINE
8
BLACK
6
CONTINUOUS
10
0.5343582283464566
20
1.0558393700787401
11
0.5342415354330708
21
1.0541979527559056
0
LINE
8
BLACK
6
CONTINUOUS
10
0.5342415354330708
20
1.0541979527559056
11
0.5333034251968504
21
1.0523217716535433
0
LINE
8
BLACK
6
CONTINUOUS
10
0.5333034251968504
20
1.0523217716535433
11
0.5330361023622047
21
1.0520899212598425
0
LINE
8
BLACK
6
CONTINUOUS
10
0.5330361023622047
20
1.0520899212598425
11
0.5329007086614174
21
1.0517630314960629
0
LINE
8
BLACK
6
CONTINUOUS
10
0.5329007086614174
20
1.0517630314960629
11
0.5328185826771653
21
1.051680905511811
0
LINE
8
BLACK
6
CONTINUOUS
10
0.5328185826771653
20
1.051680905511811
11
0.5442399606299212
21
1.051680905511811
0
LINE
8
BLACK
6
CONTINUOUS
10
0.5442399606299212
20
1.051680905511811
11
0.5442399606299212
21
1.0551594881889763
0
LINE
8
BLACK
6
CONTINUOUS
10
0.5442399606299212
20
1.0551594881889763
11
0.5448696850393701
21
1.0566797637795275
0
LINE
8
BLACK
6
CONTINUOUS
10
0.5448696850393701
20
1.0566797637795275
11
0.5463899606299213
21
1.0573094881889764
0
LINE
8
BLACK
6
CONTINUOUS
10
0.5463899606299213
20
1.0573094881889764
11
0.5479102362204724
21
1.0566797637795275
0
LINE
8
BLACK
6
CONTINUOUS
10
0.6479102362204724
20
1.0566797637795275
11
0.6485399606299213
21
1.0551594881889763
0
LINE
8
BLACK
6
CONTINUOUS
10
0.6485399606299213
20
1.0551594881889763
11
0.6485399606299213
21
1.0439023622047243
0
LINE
8
BLACK
6
CONTINUOUS
10
0.6485399606299213
20
1.0439023622047243
11
0.6479102362204724
21
1.0423820866141733
0
LINE
8
BLACK
6
CONTINUOUS
10
0.6479102362204724
20
1.0423820866141733
11
0.6463899606299213
21
1.0417523622047244
0
LINE
8
BLACK
6
CONTINUOUS
10
0.6463899606299213
20
1.0417523622047244
11
0.64486968503937
21
1.0423820866141733
0
LINE
8
BLACK
6
CONTINUOUS
10
0.64486968503937
20
1.0423820866141733
11
0.6442399606299213
21
1.0439023622047243
0
LINE
8
BLACK
6
CONTINUOUS
10
0.6442399606299213
20
1.0439023622047243
11
0.6442399606299213
21
1.0473809055118111
0
LINE
8
BLACK
6
CONTINUOUS
10
0.6442399606299213
20
1.0473809055118111
11
0.6266899606299212
21
1.0473809055118111
0
LINE
8
BLACK
6
CONTINUOUS
10
0.6266899606299212
20
1.0473809055118111
11
0.6264853937007874
21
1.0474655905511812
0
LINE
8
BLACK
6
CONTINUOUS
10
0.6264853937007874
20
1.0474655905511812
11
0.6262683070866142
21
1.0474226771653543
0
LINE
8
BLACK
6
CONTINUOUS
10
0.6262683070866142
20
1.0474226771653543
11
0.6257481496062992
21
1.0477709842519685
0
LINE
8
BLACK
6
CONTINUOUS
10
0.6257481496062992
20
1.0477709842519685
11
0.6251696850393701
21
1.0480106299212599
0
LINE
8
BLACK
6
CONTINUOUS
10
0.6251696850393701
20
1.0480106299212599
11
0.6250849606299212
21
1.0482151181102362
0
LINE
8
BLACK
6
CONTINUOUS
10
0.6250849606299212
20
1.0482151181102362
11
0.624901062992126
21
1.0483383070866141
0
LINE
8
BLACK
6
CONTINUOUS
10
0.624901062992126
20
1.0483383070866141
11
0.6247795669291338
21
1.0489524015748031
0
LINE
8
BLACK
6
CONTINUOUS
10
0.6247795669291338
20
1.0489524015748031
11
0.6245399606299212
21
1.0495309055118109
0
LINE
8
BLACK
6
CONTINUOUS
10
0.6245399606299212
20
1.0495309055118109
11
0.6246246456692913
21
1.0497354330708661
0
LINE
8
BLACK
6
CONTINUOUS
10
0.6246246456692913
20
1.0497354330708661
11
0.6245817322834646
21
1.0499525590551182
0
LINE
8
BLACK
6
CONTINUOUS
10
0.6245817322834646
20
1.0499525590551182
11
0.6249300393700787
21
1.0504726771653543
0
LINE
8
BLACK
6
CONTINUOUS
10
0.6249300393700787
20
1.0504726771653543
11
0.6251696850393701
21
1.0510511811023622
0
LINE
8
BLACK
6
CONTINUOUS
10
0.6251696850393701
20
1.0510511811023622
11
0.6253741732283464
21
1.0511358661417323
0
LINE
8
BLACK
6
CONTINUOUS
10
0.6253741732283464
20
1.0511358661417323
11
0.6254973622047244
21
1.0513198031496063
0
LINE
8
BLACK
6
CONTINUOUS
10
0.6254973622047244
20
1.0513198031496063
11
0.6281345275590551
21
1.0530779527559055
0
LINE
8
BLACK
6
CONTINUOUS
10
0.6281345275590551
20
1.0530779527559055
11
0.6296134251968504
21
1.0545568503937008
0
LINE
8
BLACK
6
CONTINUOUS
10
0.6296134251968504
20
1.0545568503937008
11
0.6303955118110236
21
1.0561210236220473
0
LINE
8
BLACK
6
CONTINUOUS
10
0.6303955118110236
20
1.0561210236220473
11
0.6316386614173228
21
1.0571991338582678
0
LINE
8
BLACK
6
CONTINUOUS
10
0.6316386614173228
20
1.0571991338582678
11
0.6332800787401575
21
1.0570824803149605
0
LINE
8
BLACK
6
CONTINUOUS
10
0.6332800787401575
20
1.0570824803149605
11
0.6343582283464567
21
1.0558393700787401
0
LINE
8
BLACK
6
CONTINUOUS
10
0.6343582283464567
20
1.0558393700787401
11
0.6342415354330708
21
1.0541979527559056
0
LINE
8
BLACK
6
CONTINUOUS
10
0.6342415354330708
20
1.0541979527559056
11
0.6333034251968503
21
1.0523217716535433
0
LINE
8
BLACK
6
CONTINUOUS
10
0.6333034251968503
20
1.0523217716535433
11
0.6330361023622048
21
1.0520899212598425
0
LINE
8
BLACK
6
CONTINUOUS
10
0.6330361023622048
20
1.0520899212598425
11
0.6329007086614173
21
1.0517630314960629
0
LINE
8
BLACK
6
CONTINUOUS
10
0.6329007086614173
20
1.0517630314960629
11
0.6328185826771653
21
1.051680905511811
0
LINE
8
BLACK
6
CONTINUOUS
10
0.6328185826771653
20
1.051680905511811
11
0.6442399606299213
21
1.051680905511811
0
LINE
8
BLACK
6
CONTINUOUS
10
0.6442399606299213
20
1.051680905511811
11
0.6442399606299213
21
1.0551594881889763
0
LINE
8
BLACK
6
CONTINUOUS
10
0.6442399606299213
20
1.0551594881889763
11
0.64486968503937
21
1.0566797637795275
0
LINE
8
BLACK
6
CONTINUOUS
10
0.64486968503937
20
1.0566797637795275
11
0.6463899606299213
21
1.0573094881889764
0
LINE
8
BLACK
6
CONTINUOUS
10
0.6463899606299213
20
1.0573094881889764
11
0.6479102362204724
21
1.0566797637795275
0
LINE
8
BLACK
6
CONTINUOUS
10
0.7479102362204724
20
1.0566797637795275
11
0.7485399606299212
21
1.0551594881889763
0
LINE
8
BLACK
6
CONTINUOUS
10
0.7485399606299212
20
1.0551594881889763
11
0.7485399606299212
21
1.0439023622047243
0
LINE
8
BLACK
6
CONTINUOUS
10
0.7485399606299212
20
1.0439023622047243
11
0.7479102362204724
21
1.0423820866141733
0
LINE
8
BLACK
6
CONTINUOUS
10
0.7479102362204724
20
1.0423820866141733
11
0.7463899606299212
21
1.0417523622047244
0
LINE
8
BLACK
6
CONTINUOUS
10
0.7463899606299212
20
1.0417523622047244
11
0.74486968503937
21
1.0423820866141733
0
LINE
8
BLACK
6
CONTINUOUS
10
0.74486968503937
20
1.0423820866141733
11
0.7442399606299213
21
1.0439023622047243
0
LINE
8
BLACK
6
CONTINUOUS
10
0.7442399606299213
20
1.0439023622047243
11
0.7442399606299213
21
1.0473809055118111
0
LINE
8
BLACK
6
CONTINUOUS
10
0.7442399606299213
20
1.0473809055118111
11
0.7266899606299212
21
1.0473809055118111
0
LINE
8
BLACK
6
CONTINUOUS
10
0.7266899606299212
20
1.0473809055118111
11
0.7264853937007874
21
1.0474655905511812
0
LINE
8
BLACK
6
CONTINUOUS
10
0.7264853937007874
20
1.0474655905511812
11
0.7262683070866142
21
1.0474226771653543
0
LINE
8
BLACK
6
CONTINUOUS
10
0.7262683070866142
20
1.0474226771653543
11
0.7257481496062992
21
1.0477709842519685
0
LINE
8
BLACK
6
CONTINUOUS
10
0.7257481496062992
20
1.0477709842519685
11
0.7251696850393701
21
1.0480106299212599
0
LINE
8
BLACK
6
CONTINUOUS
10
0.7251696850393701
20
1.0480106299212599
11
0.7250849606299212
21
1.0482151181102362
0
LINE
8
BLACK
6
CONTINUOUS
10
0.7250849606299212
20
1.0482151181102362
11
0.724901062992126
21
1.0483383070866141
0
LINE
8
BLACK
6
CONTINUOUS
10
0.724901062992126
20
1.0483383070866141
11
0.7247795669291338
21
1.0489524015748031
0
LINE
8
BLACK
6
CONTINUOUS
10
0.7247795669291338
20
1.0489524015748031
11
0.7245399606299212
21
1.0495309055118109
0
LINE
8
BLACK
6
CONTINUOUS
10
0.7245399606299212
20
1.0495309055118109
11
0.7246246456692913
21
1.0497354330708661
0
LINE
8
BLACK
6
CONTINUOUS
10
0.7246246456692913
20
1.0497354330708661
11
0.7245817322834646
21
1.0499525590551182
0
LINE
8
BLACK
6
CONTINUOUS
10
0.7245817322834646
20
1.0499525590551182
11
0.7249300393700787
21
1.0504726771653543
0
LINE
8
BLACK
6
CONTINUOUS
10
0.7249300393700787
20
1.0504726771653543
11
0.7251696850393701
21
1.0510511811023622
0
LINE
8
BLACK
6
CONTINUOUS
10
0.7251696850393701
20
1.0510511811023622
11
0.7253741732283464
21
1.0511358661417323
0
LINE
8
BLACK
6
CONTINUOUS
10
0.7253741732283464
20
1.0511358661417323
11
0.7254973622047244
21
1.0513198031496063
0
LINE
8
BLACK
6
CONTINUOUS
10
0.7254973622047244
20
1.0513198031496063
11
0.7281345275590551
21
1.0530779527559055
0
LINE
8
BLACK
6
CONTINUOUS
10
0.7281345275590551
20
1.0530779527559055
11
0.7296134251968504
21
1.0545568503937008
0
LINE
8
BLACK
6
CONTINUOUS
10
0.7296134251968504
20
1.0545568503937008
11
0.7303955118110236
21
1.0561210236220473
0
LINE
8
BLACK
6
CONTINUOUS
10
0.7303955118110236
20
1.0561210236220473
11
0.7316386614173228
21
1.0571991338582678
0
LINE
8
BLACK
6
CONTINUOUS
10
0.7316386614173228
20
1.0571991338582678
11
0.7332800787401574
21
1.0570824803149605
0
LINE
8
BLACK
6
CONTINUOUS
10
0.7332800787401574
20
1.0570824803149605
11
0.7343582283464567
21
1.0558393700787401
0
LINE
8
BLACK
6
CONTINUOUS
10
0.7343582283464567
20
1.0558393700787401
11
0.7342415354330708
21
1.0541979527559056
0
LINE
8
BLACK
6
CONTINUOUS
10
0.7342415354330708
20
1.0541979527559056
11
0.7333034251968503
21
1.0523217716535433
0
LINE
8
BLACK
6
CONTINUOUS
10
0.7333034251968503
20
1.0523217716535433
11
0.7330361023622047
21
1.0520899212598425
0
LINE
8
BLACK
6
CONTINUOUS
10
0.7330361023622047
20
1.0520899212598425
11
0.7329007086614173
21
1.0517630314960629
0
LINE
8
BLACK
6
CONTINUOUS
10
0.7329007086614173
20
1.0517630314960629
11
0.7328185826771654
21
1.051680905511811
0
LINE
8
BLACK
6
CONTINUOUS
10
0.7328185826771654
20
1.051680905511811
11
0.7442399606299213
21
1.051680905511811
0
LINE
8
BLACK
6
CONTINUOUS
10
0.7442399606299213
20
1.051680905511811
11
0.7442399606299213
21
1.0551594881889763
0
LINE
8
BLACK
6
CONTINUOUS
10
0.7442399606299213
20
1.0551594881889763
11
0.74486968503937
21
1.0566797637795275
0
LINE
8
BLACK
6
CONTINUOUS
10
0.74486968503937
20
1.0566797637795275
11
0.7463899606299212
21
1.0573094881889764
0
LINE
8
BLACK
6
CONTINUOUS
10
0.7463899606299212
20
1.0573094881889764
11
0.7479102362204724
21
1.0566797637795275
0
LINE
8
BLACK
6
CONTINUOUS
10
0.8479102362204725
20
1.0566797637795275
11
0.8485399606299212
21
1.0551594881889763
0
LINE
8
BLACK
6
CONTINUOUS
10
0.8485399606299212
20
1.0551594881889763
11
0.8485399606299212
21
1.0439023622047243
0
LINE
8
BLACK
6
CONTINUOUS
10
0.8485399606299212
20
1.0439023622047243
11
0.8479102362204725
21
1.0423820866141733
0
LINE
8
BLACK
6
CONTINUOUS
10
0.8479102362204725
20
1.0423820866141733
11
0.8463899606299212
21
1.0417523622047244
0
LINE
8
BLACK
6
CONTINUOUS
10
0.8463899606299212
20
1.0417523622047244
11
0.8448696850393701
21
1.0423820866141733
0
LINE
8
BLACK
6
CONTINUOUS
10
0.8448696850393701
20
1.0423820866141733
11
0.8442399606299212
21
1.0439023622047243
0
LINE
8
BLACK
6
CONTINUOUS
10
0.8442399606299212
20
1.0439023622047243
11
0.8442399606299212
21
1.0473809055118111
0
LINE
8
BLACK
6
CONTINUOUS
10
0.8442399606299212
20
1.0473809055118111
11
0.8266899606299213
21
1.0473809055118111
0
LINE
8
BLACK
6
CONTINUOUS
10
0.8266899606299213
20
1.0473809055118111
11
0.8264853937007873
21
1.0474655905511812
0
LINE
8
BLACK
6
CONTINUOUS
10
0.8264853937007873
20
1.0474655905511812
11
0.8262683070866141
21
1.0474226771653543
0
LINE
8
BLACK
6
CONTINUOUS
10
0.8262683070866141
20
1.0474226771653543
11
0.8257481496062992
21
1.0477709842519685
0
LINE
8
BLACK
6
CONTINUOUS
10
0.8257481496062992
20
1.0477709842519685
11
0.82516968503937
21
1.0480106299212599
0
LINE
8
BLACK
6
CONTINUOUS
10
0.82516968503937
20
1.0480106299212599
11
0.8250849606299212
21
1.0482151181102362
0
LINE
8
BLACK
6
CONTINUOUS
10
0.8250849606299212
20
1.0482151181102362
11
0.824901062992126
21
1.0483383070866141
0
LINE
8
BLACK
6
CONTINUOUS
10
0.824901062992126
20
1.0483383070866141
11
0.8247795669291338
21
1.0489524015748031
0
LINE
8
BLACK
6
CONTINUOUS
10
0.8247795669291338
20
1.0489524015748031
11
0.8245399606299212
21
1.0495309055118109
0
LINE
8
BLACK
6
CONTINUOUS
10
0.8245399606299212
20
1.0495309055118109
11
0.8246246456692913
21
1.0497354330708661
0
LINE
8
BLACK
6
CONTINUOUS
10
0.8246246456692913
20
1.0497354330708661
11
0.8245817322834645
21
1.0499525590551182
0
LINE
8
BLACK
6
CONTINUOUS
10
0.8245817322834645
20
1.0499525590551182
11
0.8249300393700787
21
1.0504726771653543
0
LINE
8
BLACK
6
CONTINUOUS
10
0.8249300393700787
20
1.0504726771653543
11
0.82516968503937
21
1.0510511811023622
0
LINE
8
BLACK
6
CONTINUOUS
10
0.82516968503937
20
1.0510511811023622
11
0.8253741732283464
21
1.0511358661417323
0
LINE
8
BLACK
6
CONTINUOUS
10
0.8253741732283464
20
1.0511358661417323
11
0.8254973622047244
21
1.0513198031496063
0
LINE
8
BLACK
6
CONTINUOUS
10
0.8254973622047244
20
1.0513198031496063
11
0.8281345275590551
21
1.0530779527559055
0
LINE
8
BLACK
6
CONTINUOUS
10
0.8281345275590551
20
1.0530779527559055
11
0.8296134251968503
21
1.0545568503937008
0
LINE
8
BLACK
6
CONTINUOUS
10
0.8296134251968503
20
1.0545568503937008
11
0.8303955118110236
21
1.0561210236220473
0
LINE
8
BLACK
6
CONTINUOUS
10
0.8303955118110236
20
1.0561210236220473
11
0.8316386614173228
21
1.0571991338582678
0
LINE
8
BLACK
6
CONTINUOUS
10
0.8316386614173228
20
1.0571991338582678
11
0.8332800787401574
21
1.0570824803149605
0
LINE
8
BLACK
6
CONTINUOUS
10
0.8332800787401574
20
1.0570824803149605
11
0.8343582283464567
21
1.0558393700787401
0
LINE
8
BLACK
6
CONTINUOUS
10
0.8343582283464567
20
1.0558393700787401
11
0.8342415354330709
21
1.0541979527559056
0
LINE
8
BLACK
6
CONTINUOUS
10
0.8342415354330709
20
1.0541979527559056
11
0.8333034251968504
21
1.0523217716535433
0
LINE
8
BLACK
6
CONTINUOUS
10
0.8333034251968504
20
1.0523217716535433
11
0.8330361023622047
21
1.0520899212598425
0
LINE
8
BLACK
6
CONTINUOUS
10
0.8330361023622047
20
1.0520899212598425
11
0.8329007086614173
21
1.0517630314960629
0
LINE
8
BLACK
6
CONTINUOUS
10
0.8329007086614173
20
1.0517630314960629
11
0.8328185826771654
21
1.051680905511811
0
LINE
8
BLACK
6
CONTINUOUS
10
0.8328185826771654
20
1.051680905511811
11
0.8442399606299212
21
1.051680905511811
0
LINE
8
BLACK
6
CONTINUOUS
10
0.8442399606299212
20
1.051680905511811
11
0.8442399606299212
21
1.0551594881889763
0
LINE
8
BLACK
6
CONTINUOUS
10
0.8442399606299212
20
1.0551594881889763
11
0.8448696850393701
21
1.0566797637795275
0
LINE
8
BLACK
6
CONTINUOUS
10
0.8448696850393701
20
1.0566797637795275
11
0.8463899606299212
21
1.0573094881889764
0
LINE
8
BLACK
6
CONTINUOUS
10
0.8463899606299212
20
1.0573094881889764
11
0.8479102362204725
21
1.0566797637795275
0
LINE
8
BLACK
6
CONTINUOUS
10
0.9479102362204724
20
1.0660607086614173
11
0.9485399606299212
21
1.0645404330708661
0
LINE
8
BLACK
6
CONTINUOUS
10
0.9485399606299212
20
1.0645404330708661
11
0.9479102362204724
21
1.0630201574803149
0
LINE
8
BLACK
6
CONTINUOUS
10
0.9479102362204724
20
1.0630201574803149
11
0.9463899606299212
21
1.0623904330708662
0
LINE
8
BLACK
6
CONTINUOUS
10
0.9463899606299212
20
1.0623904330708662
11
0.9391590157480315
21
1.0623904330708662
0
LINE
8
BLACK
6
CONTINUOUS
10
0.9391590157480315
20
1.0623904330708662
11
0.9391590157480315
21
1.0609693307086614
0
LINE
8
BLACK
6
CONTINUOUS
10
0.9391590157480315
20
1.0609693307086614
11
0.9476229133858267
21
1.0550446456692912
0
LINE
8
BLACK
6
CONTINUOUS
10
0.9476229133858267
20
1.0550446456692912
11
0.9485072440944882
21
1.0536569291338582
0
LINE
8
BLACK
6
CONTINUOUS
10
0.9485072440944882
20
1.0536569291338582
11
0.9481512992125984
21
1.0520503543307087
0
LINE
8
BLACK
6
CONTINUOUS
10
0.9481512992125984
20
1.0520503543307087
11
0.9467636220472441
21
1.0511660236220473
0
LINE
8
BLACK
6
CONTINUOUS
10
0.9467636220472441
20
1.0511660236220473
11
0.9451570078740157
21
1.051521968503937
0
LINE
8
BLACK
6
CONTINUOUS
10
0.9451570078740157
20
1.051521968503937
11
0.9388598818897638
21
1.0559299212598425
0
LINE
8
BLACK
6
CONTINUOUS
10
0.9388598818897638
20
1.0559299212598425
11
0.9379938976377953
21
1.0541979527559056
0
LINE
8
BLACK
6
CONTINUOUS
10
0.9379938976377953
20
1.0541979527559056
11
0.9377265748031496
21
1.0539661023622047
0
LINE
8
BLACK
6
CONTINUOUS
10
0.9377265748031496
20
1.0539661023622047
11
0.9375911811023622
21
1.0536392125984251
0
LINE
8
BLACK
6
CONTINUOUS
10
0.9375911811023622
20
1.0536392125984251
11
0.9366531102362204
21
1.0527011417322834
0
LINE
8
BLACK
6
CONTINUOUS
10
0.9366531102362204
20
1.0527011417322834
11
0.9363261811023622
21
1.0525657086614173
0
LINE
8
BLACK
6
CONTINUOUS
10
0.9363261811023622
20
1.0525657086614173
11
0.9360943307086614
21
1.0522983858267716
0
LINE
8
BLACK
6
CONTINUOUS
10
0.9360943307086614
20
1.0522983858267716
11
0.9342181102362205
21
1.0513602755905511
0
LINE
8
BLACK
6
CONTINUOUS
10
0.9342181102362205
20
1.0513602755905511
11
0.933718937007874
21
1.0513248031496063
0
LINE
8
BLACK
6
CONTINUOUS
10
0.933718937007874
20
1.0513248031496063
11
0.9332566141732284
21
1.0511333070866142
0
LINE
8
BLACK
6
CONTINUOUS
10
0.9332566141732284
20
1.0511333070866142
11
0.9304423622047244
21
1.0511333070866142
0
LINE
8
BLACK
6
CONTINUOUS
10
0.9304423622047244
20
1.0511333070866142
11
0.92998
21
1.0513248031496063
0
LINE
8
BLACK
6
CONTINUOUS
10
0.92998
20
1.0513248031496063
11
0.9294808661417323
21
1.0513602755905511
0
LINE
8
BLACK
6
CONTINUOUS
10
0.9294808661417323
20
1.0513602755905511
11
0.9276046456692913
21
1.0522983858267716
0
LINE
8
BLACK
6
CONTINUOUS
10
0.9276046456692913
20
1.0522983858267716
11
0.9273727559055118
21
1.0525657086614173
0
LINE
8
BLACK
6
CONTINUOUS
10
0.9273727559055118
20
1.0525657086614173
11
0.9270458661417322
21
1.0527011417322834
0
LINE
8
BLACK
6
CONTINUOUS
10
0.9270458661417322
20
1.0527011417322834
11
0.9261077952755905
21
1.0536392125984251
0
LINE
8
BLACK
6
CONTINUOUS
10
0.9261077952755905
20
1.0536392125984251
11
0.9259723622047243
21
1.0539660629921259
0
LINE
8
BLACK
6
CONTINUOUS
10
0.9259723622047243
20
1.0539660629921259
11
0.9257050393700788
21
1.0541979527559056
0
LINE
8
BLACK
6
CONTINUOUS
10
0.9257050393700788
20
1.0541979527559056
11
0.924766968503937
21
1.0560741338582678
0
LINE
8
BLACK
6
CONTINUOUS
10
0.924766968503937
20
1.0560741338582678
11
0.9247314566929133
21
1.0565732677165354
0
LINE
8
BLACK
6
CONTINUOUS
10
0.9247314566929133
20
1.0565732677165354
11
0.9245399606299213
21
1.0570356692913385
0
LINE
8
BLACK
6
CONTINUOUS
10
0.9245399606299213
20
1.0570356692913385
11
0.9245399606299213
21
1.0645404330708661
0
LINE
8
BLACK
6
CONTINUOUS
10
0.9245399606299213
20
1.0645404330708661
11
0.92516968503937
21
1.0660607086614173
0
LINE
8
BLACK
6
CONTINUOUS
10
0.92516968503937
20
1.0660607086614173
11
0.9266899606299213
21
1.0666904330708662
0
LINE
8
BLACK
6
CONTINUOUS
10
0.9266899606299213
20
1.0666904330708662
11
0.9463899606299212
21
1.0666904330708662
0
LINE
8
BLACK
6
CONTINUOUS
10
0.9463899606299212
20
1.0666904330708662
11
0.9479102362204724
21
1.0660607086614173
0
LINE
8
BLACK
6
CONTINUOUS
10
0.9288399606299212
20
1.057543188976378
11
0.929395
21
1.0564330708661418
0
LINE
8
BLACK
6
CONTINUOUS
10
0.929395
20
1.0564330708661418
11
0.9298396850393701
21
1.0559884251968503
0
LINE
8
BLACK
6
CONTINUOUS
10
0.9298396850393701
20
1.0559884251968503
11
0.9309499212598425
21
1.0554333070866142
0
LINE
8
BLACK
6
CONTINUOUS
10
0.9309499212598425
20
1.0554333070866142
11
0.9327490551181102
21
1.0554333070866142
0
LINE
8
BLACK
6
CONTINUOUS
10
0.9327490551181102
20
1.0554333070866142
11
0.9338592913385827
21
1.0559884251968503
0
LINE
8
BLACK
6
CONTINUOUS
10
0.9338592913385827
20
1.0559884251968503
11
0.9343038976377952
21
1.056433031496063
0
LINE
8
BLACK
6
CONTINUOUS
10
0.9343038976377952
20
1.056433031496063
11
0.9348590157480314
21
1.0575432283464568
0
LINE
8
BLACK
6
CONTINUOUS
10
0.9348590157480314
20
1.0575432283464568
11
0.9348590157480314
21
1.0623904330708662
0
LINE
8
BLACK
6
CONTINUOUS
10
0.9348590157480314
20
1.0623904330708662
11
0.9288399606299212
21
1.0623904330708662
0
LINE
8
BLACK
6
CONTINUOUS
10
0.9288399606299212
20
1.0623904330708662
11
0.9288399606299212
21
1.057543188976378
0
LINE
8
BLACK
6
CONTINUOUS
10
1.0479102362204724
20
1.0660607086614173
11
1.0485399606299213
21
1.0645404330708661
0
LINE
8
BLACK
6
CONTINUOUS
10
1.0485399606299213
20
1.0645404330708661
11
1.0479102362204724
21
1.0630201574803149
0
LINE
8
BLACK
6
CONTINUOUS
10
1.0479102362204724
20
1.0630201574803149
11
1.0463899606299212
21
1.0623904330708662
0
LINE
8
BLACK
6
CONTINUOUS
10
1.0463899606299212
20
1.0623904330708662
11
1.0391590157480315
21
1.0623904330708662
0
LINE
8
BLACK
6
CONTINUOUS
10
1.0391590157480315
20
1.0623904330708662
11
1.0391590157480315
21
1.0609693307086614
0
LINE
8
BLACK
6
CONTINUOUS
10
1.0391590157480315
20
1.0609693307086614
11
1.0476229133858268
21
1.0550446456692912
0
LINE
8
BLACK
6
CONTINUOUS
10
1.0476229133858268
20
1.0550446456692912
11
1.0485072440944883
21
1.0536569291338582
0
LINE
8
BLACK
6
CONTINUOUS
10
1.0485072440944883
20
1.0536569291338582
11
1.0481512992125983
21
1.0520503543307087
0
LINE
8
BLACK
6
CONTINUOUS
10
1.0481512992125983
20
1.0520503543307087
11
1.046763622047244
21
1.0511660236220473
0
LINE
8
BLACK
6
CONTINUOUS
10
1.046763622047244
20
1.0511660236220473
11
1.0451570078740158
21
1.051521968503937
0
LINE
8
BLACK
6
CONTINUOUS
10
1.0451570078740158
20
1.051521968503937
11
1.0388598818897639
21
1.0559299212598425
0
LINE
8
BLACK
6
CONTINUOUS
10
1.0388598818897639
20
1.0559299212598425
11
1.0379938976377951
21
1.0541979527559056
0
LINE
8
BLACK
6
CONTINUOUS
10
1.0379938976377951
20
1.0541979527559056
11
1.0377265748031497
21
1.0539661023622047
0
LINE
8
BLACK
6
CONTINUOUS
10
1.0377265748031497
20
1.0539661023622047
11
1.0375911811023621
21
1.0536392125984251
0
LINE
8
BLACK
6
CONTINUOUS
10
1.0375911811023621
20
1.0536392125984251
11
1.0366531102362204
21
1.0527011417322834
0
LINE
8
BLACK
6
CONTINUOUS
10
1.0366531102362204
20
1.0527011417322834
11
1.0363261811023621
21
1.0525657086614173
0
LINE
8
BLACK
6
CONTINUOUS
10
1.0363261811023621
20
1.0525657086614173
11
1.0360943307086614
21
1.0522983858267716
0
LINE
8
BLACK
6
CONTINUOUS
10
1.0360943307086614
20
1.0522983858267716
11
1.0342181102362205
21
1.0513602755905511
0
LINE
8
BLACK
6
CONTINUOUS
10
1.0342181102362205
20
1.0513602755905511
11
1.0337189370078741
21
1.0513248031496063
0
LINE
8
BLACK
6
CONTINUOUS
10
1.0337189370078741
20
1.0513248031496063
11
1.0332566141732282
21
1.0511333070866142
0
LINE
8
BLACK
6
CONTINUOUS
10
1.0332566141732282
20
1.0511333070866142
11
1.0304423622047243
21
1.0511333070866142
0
LINE
8
BLACK
6
CONTINUOUS
10
1.0304423622047243
20
1.0511333070866142
11
1.0299799999999999
21
1.0513248031496063
0
LINE
8
BLACK
6
CONTINUOUS
10
1.0299799999999999
20
1.0513248031496063
11
1.0294808661417323
21
1.0513602755905511
0
LINE
8
BLACK
6
CONTINUOUS
10
1.0294808661417323
20
1.0513602755905511
11
1.0276046456692913
21
1.0522983858267716
0
LINE
8
BLACK
6
CONTINUOUS
10
1.0276046456692913
20
1.0522983858267716
11
1.0273727559055117
21
1.0525657086614173
0
LINE
8
BLACK
6
CONTINUOUS
10
1.0273727559055117
20
1.0525657086614173
11
1.0270458661417323
21
1.0527011417322834
0
LINE
8
BLACK
6
CONTINUOUS
10
1.0270458661417323
20
1.0527011417322834
11
1.0261077952755906
21
1.0536392125984251
0
LINE
8
BLACK
6
CONTINUOUS
10
1.0261077952755906
20
1.0536392125984251
11
1.0259723622047243
21
1.0539660629921259
0
LINE
8
BLACK
6
CONTINUOUS
10
1.0259723622047243
20
1.0539660629921259
11
1.0257050393700786
21
1.0541979527559056
0
LINE
8
BLACK
6
CONTINUOUS
10
1.0257050393700786
20
1.0541979527559056
11
1.0247669685039369
21
1.0560741338582678
0
LINE
8
BLACK
6
CONTINUOUS
10
1.0247669685039369
20
1.0560741338582678
11
1.0247314566929133
21
1.0565732677165354
0
LINE
8
BLACK
6
CONTINUOUS
10
1.0247314566929133
20
1.0565732677165354
11
1.0245399606299213
21
1.0570356692913385
0
LINE
8
BLACK
6
CONTINUOUS
10
1.0245399606299213
20
1.0570356692913385
11
1.0245399606299213
21
1.0645404330708661
0
LINE
8
BLACK
6
CONTINUOUS
10
1.0245399606299213
20
1.0645404330708661
11
1.0251696850393701
21
1.0660607086614173
0
LINE
8
BLACK
6
CONTINUOUS
10
1.0251696850393701
20
1.0660607086614173
11
1.0266899606299211
21
1.0666904330708662
0
LINE
8
BLACK
6
CONTINUOUS
10
1.0266899606299211
20
1.0666904330708662
11
1.0463899606299212
21
1.0666904330708662
0
LINE
8
BLACK
6
CONTINUOUS
10
1.0463899606299212
20
1.0666904330708662
11
1.0479102362204724
21
1.0660607086614173
0
LINE
8
BLACK
6
CONTINUOUS
10
1.0288399606299212
20
1.057543188976378
11
1.0293950000000001
21
1.0564330708661418
0
LINE
8
BLACK
6
CONTINUOUS
10
1.0293950000000001
20
1.0564330708661418
11
1.0298396850393701
21
1.0559884251968503
0
LINE
8
BLACK
6
CONTINUOUS
10
1.0298396850393701
20
1.0559884251968503
11
1.0309499212598425
21
1.0554333070866142
0
LINE
8
BLACK
6
CONTINUOUS
10
1.0309499212598425
20
1.0554333070866142
11
1.0327490551181102
21
1.0554333070866142
0
LINE
8
BLACK
6
CONTINUOUS
10
1.0327490551181102
20
1.0554333070866142
11
1.0338592913385827
21
1.0559884251968503
0
LINE
8
BLACK
6
CONTINUOUS
10
1.0338592913385827
20
1.0559884251968503
11
1.0343038976377952
21
1.056433031496063
0
LINE
8
BLACK
6
CONTINUOUS
10
1.0343038976377952
20
1.056433031496063
11
1.0348590157480315
21
1.0575432283464568
0
LINE
8
BLACK
6
CONTINUOUS
10
1.0348590157480315
20
1.0575432283464568
11
1.0348590157480315
21
1.0623904330708662
0
LINE
8
BLACK
6
CONTINUOUS
10
1.0348590157480315
20
1.0623904330708662
11
1.0288399606299212
21
1.0623904330708662
0
LINE
8
BLACK
6
CONTINUOUS
10
1.0288399606299212
20
1.0623904330708662
11
1.0288399606299212
21
1.057543188976378
0
LINE
8
BLACK
6
CONTINUOUS
10
1.1479102362204725
20
1.0660607086614173
11
1.1485399606299211
21
1.0645404330708661
0
LINE
8
BLACK
6
CONTINUOUS
10
1.1485399606299211
20
1.0645404330708661
11
1.1479102362204725
21
1.0630201574803149
0
LINE
8
BLACK
6
CONTINUOUS
10
1.1479102362204725
20
1.0630201574803149
11
1.1463899606299213
21
1.0623904330708662
0
LINE
8
BLACK
6
CONTINUOUS
10
1.1463899606299213
20
1.0623904330708662
11
1.1391590157480316
21
1.0623904330708662
0
LINE
8
BLACK
6
CONTINUOUS
10
1.1391590157480316
20
1.0623904330708662
11
1.1391590157480316
21
1.0609693307086614
0
LINE
8
BLACK
6
CONTINUOUS
10
1.1391590157480316
20
1.0609693307086614
11
1.1476229133858267
21
1.0550446456692912
0
LINE
8
BLACK
6
CONTINUOUS
10
1.1476229133858267
20
1.0550446456692912
11
1.1485072440944881
21
1.0536569291338582
0
LINE
8
BLACK
6
CONTINUOUS
10
1.1485072440944881
20
1.0536569291338582
11
1.1481512992125984
21
1.0520503543307087
0
LINE
8
BLACK
6
CONTINUOUS
10
1.1481512992125984
20
1.0520503543307087
11
1.1467636220472441
21
1.0511660236220473
0
LINE
8
BLACK
6
CONTINUOUS
10
1.1467636220472441
20
1.0511660236220473
11
1.1451570078740156
21
1.051521968503937
0
LINE
8
BLACK
6
CONTINUOUS
10
1.1451570078740156
20
1.051521968503937
11
1.1388598818897637
21
1.0559299212598425
0
LINE
8
BLACK
6
CONTINUOUS
10
1.1388598818897637
20
1.0559299212598425
11
1.1379938976377952
21
1.0541979527559056
0
LINE
8
BLACK
6
CONTINUOUS
10
1.1379938976377952
20
1.0541979527559056
11
1.1377265748031495
21
1.0539661023622047
0
LINE
8
BLACK
6
CONTINUOUS
10
1.1377265748031495
20
1.0539661023622047
11
1.1375911811023622
21
1.0536392125984251
0
LINE
8
BLACK
6
CONTINUOUS
10
1.1375911811023622
20
1.0536392125984251
11
1.1366531102362205
21
1.0527011417322834
0
LINE
8
BLACK
6
CONTINUOUS
10
1.1366531102362205
20
1.0527011417322834
11
1.1363261811023622
21
1.0525657086614173
0
LINE
8
BLACK
6
CONTINUOUS
10
1.1363261811023622
20
1.0525657086614173
11
1.1360943307086613
21
1.0522983858267716
0
LINE
8
BLACK
6
CONTINUOUS
10
1.1360943307086613
20
1.0522983858267716
11
1.1342181102362205
21
1.0513602755905511
0
LINE
8
BLACK
6
CONTINUOUS
10
1.1342181102362205
20
1.0513602755905511
11
1.133718937007874
21
1.0513248031496063
0
LINE
8
BLACK
6
CONTINUOUS
10
1.133718937007874
20
1.0513248031496063
11
1.1332566141732283
21
1.0511333070866142
0
LINE
8
BLACK
6
CONTINUOUS
10
1.1332566141732283
20
1.0511333070866142
11
1.1304423622047244
21
1.0511333070866142
0
LINE
8
BLACK
6
CONTINUOUS
10
1.1304423622047244
20
1.0511333070866142
11
1.12998
21
1.0513248031496063
0
LINE
8
BLACK
6
CONTINUOUS
10
1.12998
20
1.0513248031496063
11
1.1294808661417322
21
1.0513602755905511
0
LINE
8
BLACK
6
CONTINUOUS
10
1.1294808661417322
20
1.0513602755905511
11
1.1276046456692914
21
1.0522983858267716
0
LINE
8
BLACK
6
CONTINUOUS
10
1.1276046456692914
20
1.0522983858267716
11
1.1273727559055118
21
1.0525657086614173
0
LINE
8
BLACK
6
CONTINUOUS
10
1.1273727559055118
20
1.0525657086614173
11
1.1270458661417322
21
1.0527011417322834
0
LINE
8
BLACK
6
CONTINUOUS
10
1.1270458661417322
20
1.0527011417322834
11
1.1261077952755905
21
1.0536392125984251
0
LINE
8
BLACK
6
CONTINUOUS
10
1.1261077952755905
20
1.0536392125984251
11
1.1259723622047244
21
1.0539660629921259
0
LINE
8
BLACK
6
CONTINUOUS
10
1.1259723622047244
20
1.0539660629921259
11
1.1257050393700787
21
1.0541979527559056
0
LINE
8
BLACK
6
CONTINUOUS
10
1.1257050393700787
20
1.0541979527559056
11
1.124766968503937
21
1.0560741338582678
0
LINE
8
BLACK
6
CONTINUOUS
10
1.124766968503937
20
1.0560741338582678
11
1.1247314566929134
21
1.0565732677165354
0
LINE
8
BLACK
6
CONTINUOUS
10
1.1247314566929134
20
1.0565732677165354
11
1.1245399606299213
21
1.0570356692913385
0
LINE
8
BLACK
6
CONTINUOUS
10
1.1245399606299213
20
1.0570356692913385
11
1.1245399606299213
21
1.0645404330708661
0
LINE
8
BLACK
6
CONTINUOUS
10
1.1245399606299213
20
1.0645404330708661
11
1.12516968503937
21
1.0660607086614173
0
LINE
8
BLACK
6
CONTINUOUS
10
1.12516968503937
20
1.0660607086614173
11
1.1266899606299212
21
1.0666904330708662
0
LINE
8
BLACK
6
CONTINUOUS
10
1.1266899606299212
20
1.0666904330708662
11
1.1463899606299213
21
1.0666904330708662
0
LINE
8
BLACK
6
CONTINUOUS
10
1.1463899606299213
20
1.0666904330708662
11
1.1479102362204725
21
1.0660607086614173
0
LINE
8
BLACK
6
CONTINUOUS
10
1.1288399606299213
20
1.057543188976378
11
1.1293949999999999
21
1.0564330708661418
0
LINE
8
BLACK
6
CONTINUOUS
10
1.1293949999999999
20
1.0564330708661418
11
1.1298396850393702
21
1.0559884251968503
0
LINE
8
BLACK
6
CONTINUOUS
10
1.1298396850393702
20
1.0559884251968503
11
1.1309499212598424
21
1.0554333070866142
0
LINE
8
BLACK
6
CONTINUOUS
10
1.1309499212598424
20
1.0554333070866142
11
1.1327490551181103
21
1.0554333070866142
0
LINE
8
BLACK
6
CONTINUOUS
10
1.1327490551181103
20
1.0554333070866142
11
1.1338592913385825
21
1.0559884251968503
0
LINE
8
BLACK
6
CONTINUOUS
10
1.1338592913385825
20
1.0559884251968503
11
1.1343038976377953
21
1.056433031496063
0
LINE
8
BLACK
6
CONTINUOUS
10
1.1343038976377953
20
1.056433031496063
11
1.1348590157480314
21
1.0575432283464568
0
LINE
8
BLACK
6
CONTINUOUS
10
1.1348590157480314
20
1.0575432283464568
11
1.1348590157480314
21
1.0623904330708662
0
LINE
8
BLACK
6
CONTINUOUS
10
1.1348590157480314
20
1.0623904330708662
11
1.1288399606299213
21
1.0623904330708662
0
LINE
8
BLACK
6
CONTINUOUS
10
1.1288399606299213
20
1.0623904330708662
11
1.1288399606299213
21
1.057543188976378
0
LINE
8
BLACK
6
CONTINUOUS
10
0.4754102362204724
20
1.0745035826771654
11
0.4760399606299213
21
1.0729833070866142
0
LINE
8
BLACK
6
CONTINUOUS
10
0.4760399606299213
20
1.0729833070866142
11
0.4760399606299213
21
1.0617261811023622
0
LINE
8
BLACK
6
CONTINUOUS
10
0.4760399606299213
20
1.0617261811023622
11
0.4754102362204724
21
1.0602059055118109
0
LINE
8
BLACK
6
CONTINUOUS
10
0.4754102362204724
20
1.0602059055118109
11
0.4738899606299212
21
1.0595761811023623
0
LINE
8
BLACK
6
CONTINUOUS
10
0.4738899606299212
20
1.0595761811023623
11
0.47236968503937
21
1.0602059055118109
0
LINE
8
BLACK
6
CONTINUOUS
10
0.47236968503937
20
1.0602059055118109
11
0.4717399606299212
21
1.0617261811023622
0
LINE
8
BLACK
6
CONTINUOUS
10
0.4717399606299212
20
1.0617261811023622
11
0.4717399606299212
21
1.0652047244094487
0
LINE
8
BLACK
6
CONTINUOUS
10
0.4717399606299212
20
1.0652047244094487
11
0.4541899606299212
21
1.0652047244094487
0
LINE
8
BLACK
6
CONTINUOUS
10
0.4541899606299212
20
1.0652047244094487
11
0.4539853937007874
21
1.0652894094488188
0
LINE
8
BLACK
6
CONTINUOUS
10
0.4539853937007874
20
1.0652894094488188
11
0.4537683070866141
21
1.0652464960629922
0
LINE
8
BLACK
6
CONTINUOUS
10
0.4537683070866141
20
1.0652464960629922
11
0.4532481496062992
21
1.0655948031496063
0
LINE
8
BLACK
6
CONTINUOUS
10
0.4532481496062992
20
1.0655948031496063
11
0.4526696850393701
21
1.0658344488188976
0
LINE
8
BLACK
6
CONTINUOUS
10
0.4526696850393701
20
1.0658344488188976
11
0.4525849606299213
21
1.066038937007874
0
LINE
8
BLACK
6
CONTINUOUS
10
0.4525849606299213
20
1.066038937007874
11
0.452401062992126
21
1.066162125984252
0
LINE
8
BLACK
6
CONTINUOUS
10
0.452401062992126
20
1.066162125984252
11
0.4522795669291338
21
1.0667762204724409
0
LINE
8
BLACK
6
CONTINUOUS
10
0.4522795669291338
20
1.0667762204724409
11
0.4520399606299212
21
1.0673547244094488
0
LINE
8
BLACK
6
CONTINUOUS
10
0.4520399606299212
20
1.0673547244094488
11
0.4521246456692913
21
1.067559251968504
0
LINE
8
BLACK
6
CONTINUOUS
10
0.4521246456692913
20
1.067559251968504
11
0.4520817322834645
21
1.0677763779527558
0
LINE
8
BLACK
6
CONTINUOUS
10
0.4520817322834645
20
1.0677763779527558
11
0.4524300393700788
21
1.0682964960629922
0
LINE
8
BLACK
6
CONTINUOUS
10
0.4524300393700788
20
1.0682964960629922
11
0.4526696850393701
21
1.068875
0
LINE
8
BLACK
6
CONTINUOUS
10
0.4526696850393701
20
1.068875
11
0.4528741732283464
21
1.0689596850393701
0
LINE
8
BLACK
6
CONTINUOUS
10
0.4528741732283464
20
1.0689596850393701
11
0.4529973622047244
21
1.0691436220472441
0
LINE
8
BLACK
6
CONTINUOUS
10
0.4529973622047244
20
1.0691436220472441
11
0.4556345275590551
21
1.0709017716535434
0
LINE
8
BLACK
6
CONTINUOUS
10
0.4556345275590551
20
1.0709017716535434
11
0.4571134251968504
21
1.0723806692913385
0
LINE
8
BLACK
6
CONTINUOUS
10
0.4571134251968504
20
1.0723806692913385
11
0.4578955118110236
21
1.0739448425196849
0
LINE
8
BLACK
6
CONTINUOUS
10
0.4578955118110236
20
1.0739448425196849
11
0.4591386614173228
21
1.0750229527559054
0
LINE
8
BLACK
6
CONTINUOUS
10
0.4591386614173228
20
1.0750229527559054
11
0.4607800787401575
21
1.0749062992125984
0
LINE
8
BLACK
6
CONTINUOUS
10
0.4607800787401575
20
1.0749062992125984
11
0.4618582283464567
21
1.0736631889763779
0
LINE
8
BLACK
6
CONTINUOUS
10
0.4618582283464567
20
1.0736631889763779
11
0.4617415354330708
21
1.0720217716535432
0
LINE
8
BLACK
6
CONTINUOUS
10
0.4617415354330708
20
1.0720217716535432
11
0.4608034251968504
21
1.070145590551181
0
LINE
8
BLACK
6
CONTINUOUS
10
0.4608034251968504
20
1.070145590551181
11
0.4605361023622047
21
1.0699137401574803
0
LINE
8
BLACK
6
CONTINUOUS
10
0.4605361023622047
20
1.0699137401574803
11
0.4604007086614173
21
1.0695868503937007
0
LINE
8
BLACK
6
CONTINUOUS
10
0.4604007086614173
20
1.0695868503937007
11
0.4603185826771654
21
1.0695047244094489
0
LINE
8
BLACK
6
CONTINUOUS
10
0.4603185826771654
20
1.0695047244094489
11
0.4717399606299212
21
1.0695047244094489
0
LINE
8
BLACK
6
CONTINUOUS
10
0.4717399606299212
20
1.0695047244094489
11
0.4717399606299212
21
1.0729833070866142
0
LINE
8
BLACK
6
CONTINUOUS
10
0.4717399606299212
20
1.0729833070866142
11
0.47236968503937
21
1.0745035826771654
0
LINE
8
BLACK
6
CONTINUOUS
10
0.47236968503937
20
1.0745035826771654
11
0.4738899606299212
21
1.0751333070866143
0
LINE
8
BLACK
6
CONTINUOUS
10
0.4738899606299212
20
1.0751333070866143
11
0.4754102362204724
21
1.0745035826771654
0
LINE
8
BLACK
6
CONTINUOUS
10
0.5754102362204724
20
1.0745035826771654
11
0.5760399606299212
21
1.0729833070866142
0
LINE
8
BLACK
6
CONTINUOUS
10
0.5760399606299212
20
1.0729833070866142
11
0.5760399606299212
21
1.0617261811023622
0
LINE
8
BLACK
6
CONTINUOUS
10
0.5760399606299212
20
1.0617261811023622
11
0.5754102362204724
21
1.0602059055118109
0
LINE
8
BLACK
6
CONTINUOUS
10
0.5754102362204724
20
1.0602059055118109
11
0.5738899606299213
21
1.0595761811023623
0
LINE
8
BLACK
6
CONTINUOUS
10
0.5738899606299213
20
1.0595761811023623
11
0.57236968503937
21
1.0602059055118109
0
LINE
8
BLACK
6
CONTINUOUS
10
0.57236968503937
20
1.0602059055118109
11
0.5717399606299213
21
1.0617261811023622
0
LINE
8
BLACK
6
CONTINUOUS
10
0.5717399606299213
20
1.0617261811023622
11
0.5717399606299213
21
1.0652047244094487
0
LINE
8
BLACK
6
CONTINUOUS
10
0.5717399606299213
20
1.0652047244094487
11
0.5541899606299212
21
1.0652047244094487
0
LINE
8
BLACK
6
CONTINUOUS
10
0.5541899606299212
20
1.0652047244094487
11
0.5539853937007874
21
1.0652894094488188
0
LINE
8
BLACK
6
CONTINUOUS
10
0.5539853937007874
20
1.0652894094488188
11
0.5537683070866142
21
1.0652464960629922
0
LINE
8
BLACK
6
CONTINUOUS
10
0.5537683070866142
20
1.0652464960629922
11
0.5532481496062992
21
1.0655948031496063
0
LINE
8
BLACK
6
CONTINUOUS
10
0.5532481496062992
20
1.0655948031496063
11
0.5526696850393701
21
1.0658344488188976
0
LINE
8
BLACK
6
CONTINUOUS
10
0.5526696850393701
20
1.0658344488188976
11
0.5525849606299212
21
1.066038937007874
0
LINE
8
BLACK
6
CONTINUOUS
10
0.5525849606299212
20
1.066038937007874
11
0.552401062992126
21
1.066162125984252
0
LINE
8
BLACK
6
CONTINUOUS
10
0.552401062992126
20
1.066162125984252
11
0.5522795669291338
21
1.0667762204724409
0
LINE
8
BLACK
6
CONTINUOUS
10
0.5522795669291338
20
1.0667762204724409
11
0.5520399606299212
21
1.0673547244094488
0
LINE
8
BLACK
6
CONTINUOUS
10
0.5520399606299212
20
1.0673547244094488
11
0.5521246456692913
21
1.067559251968504
0
LINE
8
BLACK
6
CONTINUOUS
10
0.5521246456692913
20
1.067559251968504
11
0.5520817322834646
21
1.0677763779527558
0
LINE
8
BLACK
6
CONTINUOUS
10
0.5520817322834646
20
1.0677763779527558
11
0.5524300393700787
21
1.0682964960629922
0
LINE
8
BLACK
6
CONTINUOUS
10
0.5524300393700787
20
1.0682964960629922
11
0.5526696850393701
21
1.068875
0
LINE
8
BLACK
6
CONTINUOUS
10
0.5526696850393701
20
1.068875
11
0.5528741732283464
21
1.0689596850393701
0
LINE
8
BLACK
6
CONTINUOUS
10
0.5528741732283464
20
1.0689596850393701
11
0.5529973622047244
21
1.0691436220472441
0
LINE
8
BLACK
6
CONTINUOUS
10
0.5529973622047244
20
1.0691436220472441
11
0.5556345275590551
21
1.0709017716535434
0
LINE
8
BLACK
6
CONTINUOUS
10
0.5556345275590551
20
1.0709017716535434
11
0.5571134251968504
21
1.0723806692913385
0
LINE
8
BLACK
6
CONTINUOUS
10
0.5571134251968504
20
1.0723806692913385
11
0.5578955118110236
21
1.0739448425196849
0
LINE
8
BLACK
6
CONTINUOUS
10
0.5578955118110236
20
1.0739448425196849
11
0.5591386614173228
21
1.0750229527559054
0
LINE
8
BLACK
6
CONTINUOUS
10
0.5591386614173228
20
1.0750229527559054
11
0.5607800787401575
21
1.0749062992125984
0
LINE
8
BLACK
6
CONTINUOUS
10
0.5607800787401575
20
1.0749062992125984
11
0.5618582283464567
21
1.0736631889763779
0
LINE
8
BLACK
6
CONTINUOUS
10
0.5618582283464567
20
1.0736631889763779
11
0.5617415354330708
21
1.0720217716535432
0
LINE
8
BLACK
6
CONTINUOUS
10
0.5617415354330708
20
1.0720217716535432
11
0.5608034251968503
21
1.070145590551181
0
LINE
8
BLACK
6
CONTINUOUS
10
0.5608034251968503
20
1.070145590551181
11
0.5605361023622047
21
1.0699137401574803
0
LINE
8
BLACK
6
CONTINUOUS
10
0.5605361023622047
20
1.0699137401574803
11
0.5604007086614173
21
1.0695868503937007
0
LINE
8
BLACK
6
CONTINUOUS
10
0.5604007086614173
20
1.0695868503937007
11
0.5603185826771654
21
1.0695047244094489
0
LINE
8
BLACK
6
CONTINUOUS
10
0.5603185826771654
20
1.0695047244094489
11
0.5717399606299213
21
1.0695047244094489
0
LINE
8
BLACK
6
CONTINUOUS
10
0.5717399606299213
20
1.0695047244094489
11
0.5717399606299213
21
1.0729833070866142
0
LINE
8
BLACK
6
CONTINUOUS
10
0.5717399606299213
20
1.0729833070866142
11
0.57236968503937
21
1.0745035826771654
0
LINE
8
BLACK
6
CONTINUOUS
10
0.57236968503937
20
1.0745035826771654
11
0.5738899606299213
21
1.0751333070866143
0
LINE
8
BLACK
6
CONTINUOUS
10
0.5738899606299213
20
1.0751333070866143
11
0.5754102362204724
21
1.0745035826771654
0
LINE
8
BLACK
6
CONTINUOUS
10
0.6754102362204725
20
1.0745035826771654
11
0.6760399606299212
21
1.0729833070866142
0
LINE
8
BLACK
6
CONTINUOUS
10
0.6760399606299212
20
1.0729833070866142
11
0.6760399606299212
21
1.0617261811023622
0
LINE
8
BLACK
6
CONTINUOUS
10
0.6760399606299212
20
1.0617261811023622
11
0.6754102362204725
21
1.0602059055118109
0
LINE
8
BLACK
6
CONTINUOUS
10
0.6754102362204725
20
1.0602059055118109
11
0.6738899606299212
21
1.0595761811023623
0
LINE
8
BLACK
6
CONTINUOUS
10
0.6738899606299212
20
1.0595761811023623
11
0.6723696850393701
21
1.0602059055118109
0
LINE
8
BLACK
6
CONTINUOUS
10
0.6723696850393701
20
1.0602059055118109
11
0.6717399606299213
21
1.0617261811023622
0
LINE
8
BLACK
6
CONTINUOUS
10
0.6717399606299213
20
1.0617261811023622
11
0.6717399606299213
21
1.0652047244094487
0
LINE
8
BLACK
6
CONTINUOUS
10
0.6717399606299213
20
1.0652047244094487
11
0.6541899606299213
21
1.0652047244094487
0
LINE
8
BLACK
6
CONTINUOUS
10
0.6541899606299213
20
1.0652047244094487
11
0.6539853937007873
21
1.0652894094488188
0
LINE
8
BLACK
6
CONTINUOUS
10
0.6539853937007873
20
1.0652894094488188
11
0.6537683070866142
21
1.0652464960629922
0
LINE
8
BLACK
6
CONTINUOUS
10
0.6537683070866142
20
1.0652464960629922
11
0.6532481496062992
21
1.0655948031496063
0
LINE
8
BLACK
6
CONTINUOUS
10
0.6532481496062992
20
1.0655948031496063
11
0.6526696850393701
21
1.0658344488188976
0
LINE
8
BLACK
6
CONTINUOUS
10
0.6526696850393701
20
1.0658344488188976
11
0.6525849606299212
21
1.066038937007874
0
LINE
8
BLACK
6
CONTINUOUS
10
0.6525849606299212
20
1.066038937007874
11
0.652401062992126
21
1.066162125984252
0
LINE
8
BLACK
6
CONTINUOUS
10
0.652401062992126
20
1.066162125984252
11
0.6522795669291338
21
1.0667762204724409
0
LINE
8
BLACK
6
CONTINUOUS
10
0.6522795669291338
20
1.0667762204724409
11
0.6520399606299212
21
1.0673547244094488
0
LINE
8
BLACK
6
CONTINUOUS
10
0.6520399606299212
20
1.0673547244094488
11
0.6521246456692913
21
1.067559251968504
0
LINE
8
BLACK
6
CONTINUOUS
10
0.6521246456692913
20
1.067559251968504
11
0.6520817322834646
21
1.0677763779527558
0
LINE
8
BLACK
6
CONTINUOUS
10
0.6520817322834646
20
1.0677763779527558
11
0.6524300393700787
21
1.0682964960629922
0
LINE
8
BLACK
6
CONTINUOUS
10
0.6524300393700787
20
1.0682964960629922
11
0.6526696850393701
21
1.068875
0
LINE
8
BLACK
6
CONTINUOUS
10
0.6526696850393701
20
1.068875
11
0.6528741732283464
21
1.0689596850393701
0
LINE
8
BLACK
6
CONTINUOUS
10
0.6528741732283464
20
1.0689596850393701
11
0.6529973622047244
21
1.0691436220472441
0
LINE
8
BLACK
6
CONTINUOUS
10
0.6529973622047244
20
1.0691436220472441
11
0.6556345275590552
21
1.0709017716535434
0
LINE
8
BLACK
6
CONTINUOUS
10
0.6556345275590552
20
1.0709017716535434
11
0.6571134251968503
21
1.0723806692913385
0
LINE
8
BLACK
6
CONTINUOUS
10
0.6571134251968503
20
1.0723806692913385
11
0.6578955118110236
21
1.0739448425196849
0
LINE
8
BLACK
6
CONTINUOUS
10
0.6578955118110236
20
1.0739448425196849
11
0.6591386614173228
21
1.0750229527559054
0
LINE
8
BLACK
6
CONTINUOUS
10
0.6591386614173228
20
1.0750229527559054
11
0.6607800787401574
21
1.0749062992125984
0
LINE
8
BLACK
6
CONTINUOUS
10
0.6607800787401574
20
1.0749062992125984
11
0.6618582283464567
21
1.0736631889763779
0
LINE
8
BLACK
6
CONTINUOUS
10
0.6618582283464567
20
1.0736631889763779
11
0.6617415354330709
21
1.0720217716535432
0
LINE
8
BLACK
6
CONTINUOUS
10
0.6617415354330709
20
1.0720217716535432
11
0.6608034251968504
21
1.070145590551181
0
LINE
8
BLACK
6
CONTINUOUS
10
0.6608034251968504
20
1.070145590551181
11
0.6605361023622047
21
1.0699137401574803
0
LINE
8
BLACK
6
CONTINUOUS
10
0.6605361023622047
20
1.0699137401574803
11
0.6604007086614173
21
1.0695868503937007
0
LINE
8
BLACK
6
CONTINUOUS
10
0.6604007086614173
20
1.0695868503937007
11
0.6603185826771654
21
1.0695047244094489
0
LINE
8
BLACK
6
CONTINUOUS
10
0.6603185826771654
20
1.0695047244094489
11
0.6717399606299213
21
1.0695047244094489
0
LINE
8
BLACK
6
CONTINUOUS
10
0.6717399606299213
20
1.0695047244094489
11
0.6717399606299213
21
1.0729833070866142
0
LINE
8
BLACK
6
CONTINUOUS
10
0.6717399606299213
20
1.0729833070866142
11
0.6723696850393701
21
1.0745035826771654
0
LINE
8
BLACK
6
CONTINUOUS
10
0.6723696850393701
20
1.0745035826771654
11
0.6738899606299212
21
1.0751333070866143
0
LINE
8
BLACK
6
CONTINUOUS
10
0.6738899606299212
20
1.0751333070866143
11
0.6754102362204725
21
1.0745035826771654
0
LINE
8
BLACK
6
CONTINUOUS
10
0.7754102362204724
20
1.0745035826771654
11
0.7760399606299212
21
1.0729833070866142
0
LINE
8
BLACK
6
CONTINUOUS
10
0.7760399606299212
20
1.0729833070866142
11
0.7760399606299212
21
1.0617261811023622
0
LINE
8
BLACK
6
CONTINUOUS
10
0.7760399606299212
20
1.0617261811023622
11
0.7754102362204724
21
1.0602059055118109
0
LINE
8
BLACK
6
CONTINUOUS
10
0.7754102362204724
20
1.0602059055118109
11
0.7738899606299212
21
1.0595761811023623
0
LINE
8
BLACK
6
CONTINUOUS
10
0.7738899606299212
20
1.0595761811023623
11
0.7723696850393701
21
1.0602059055118109
0
LINE
8
BLACK
6
CONTINUOUS
10
0.7723696850393701
20
1.0602059055118109
11
0.7717399606299212
21
1.0617261811023622
0
LINE
8
BLACK
6
CONTINUOUS
10
0.7717399606299212
20
1.0617261811023622
11
0.7717399606299212
21
1.0652047244094487
0
LINE
8
BLACK
6
CONTINUOUS
10
0.7717399606299212
20
1.0652047244094487
11
0.7541899606299213
21
1.0652047244094487
0
LINE
8
BLACK
6
CONTINUOUS
10
0.7541899606299213
20
1.0652047244094487
11
0.7539853937007874
21
1.0652894094488188
0
LINE
8
BLACK
6
CONTINUOUS
10
0.7539853937007874
20
1.0652894094488188
11
0.7537683070866141
21
1.0652464960629922
0
LINE
8
BLACK
6
CONTINUOUS
10
0.7537683070866141
20
1.0652464960629922
11
0.7532481496062992
21
1.0655948031496063
0
LINE
8
BLACK
6
CONTINUOUS
10
0.7532481496062992
20
1.0655948031496063
11
0.75266968503937
21
1.0658344488188976
0
LINE
8
BLACK
6
CONTINUOUS
10
0.75266968503937
20
1.0658344488188976
11
0.7525849606299212
21
1.066038937007874
0
LINE
8
BLACK
6
CONTINUOUS
10
0.7525849606299212
20
1.066038937007874
11
0.7524010629921259
21
1.066162125984252
0
LINE
8
BLACK
6
CONTINUOUS
10
0.7524010629921259
20
1.066162125984252
11
0.7522795669291339
21
1.0667762204724409
0
LINE
8
BLACK
6
CONTINUOUS
10
0.7522795669291339
20
1.0667762204724409
11
0.7520399606299213
21
1.0673547244094488
0
LINE
8
BLACK
6
CONTINUOUS
10
0.7520399606299213
20
1.0673547244094488
11
0.7521246456692913
21
1.067559251968504
0
LINE
8
BLACK
6
CONTINUOUS
10
0.7521246456692913
20
1.067559251968504
11
0.7520817322834645
21
1.0677763779527558
0
LINE
8
BLACK
6
CONTINUOUS
10
0.7520817322834645
20
1.0677763779527558
11
0.7524300393700787
21
1.0682964960629922
0
LINE
8
BLACK
6
CONTINUOUS
10
0.7524300393700787
20
1.0682964960629922
11
0.75266968503937
21
1.068875
0
LINE
8
BLACK
6
CONTINUOUS
10
0.75266968503937
20
1.068875
11
0.7528741732283465
21
1.0689596850393701
0
LINE
8
BLACK
6
CONTINUOUS
10
0.7528741732283465
20
1.0689596850393701
11
0.7529973622047244
21
1.0691436220472441
0
LINE
8
BLACK
6
CONTINUOUS
10
0.7529973622047244
20
1.0691436220472441
11
0.7556345275590551
21
1.0709017716535434
0
LINE
8
BLACK
6
CONTINUOUS
10
0.7556345275590551
20
1.0709017716535434
11
0.7571134251968504
21
1.0723806692913385
0
LINE
8
BLACK
6
CONTINUOUS
10
0.7571134251968504
20
1.0723806692913385
11
0.7578955118110237
21
1.0739448425196849
0
LINE
8
BLACK
6
CONTINUOUS
10
0.7578955118110237
20
1.0739448425196849
11
0.7591386614173228
21
1.0750229527559054
0
LINE
8
BLACK
6
CONTINUOUS
10
0.7591386614173228
20
1.0750229527559054
11
0.7607800787401575
21
1.0749062992125984
0
LINE
8
BLACK
6
CONTINUOUS
10
0.7607800787401575
20
1.0749062992125984
11
0.7618582283464567
21
1.0736631889763779
0
LINE
8
BLACK
6
CONTINUOUS
10
0.7618582283464567
20
1.0736631889763779
11
0.7617415354330709
21
1.0720217716535432
0
LINE
8
BLACK
6
CONTINUOUS
10
0.7617415354330709
20
1.0720217716535432
11
0.7608034251968504
21
1.070145590551181
0
LINE
8
BLACK
6
CONTINUOUS
10
0.7608034251968504
20
1.070145590551181
11
0.7605361023622047
21
1.0699137401574803
0
LINE
8
BLACK
6
CONTINUOUS
10
0.7605361023622047
20
1.0699137401574803
11
0.7604007086614173
21
1.0695868503937007
0
LINE
8
BLACK
6
CONTINUOUS
10
0.7604007086614173
20
1.0695868503937007
11
0.7603185826771653
21
1.0695047244094489
0
LINE
8
BLACK
6
CONTINUOUS
10
0.7603185826771653
20
1.0695047244094489
11
0.7717399606299212
21
1.0695047244094489
0
LINE
8
BLACK
6
CONTINUOUS
10
0.7717399606299212
20
1.0695047244094489
11
0.7717399606299212
21
1.0729833070866142
0
LINE
8
BLACK
6
CONTINUOUS
10
0.7717399606299212
20
1.0729833070866142
11
0.7723696850393701
21
1.0745035826771654
0
LINE
8
BLACK
6
CONTINUOUS
10
0.7723696850393701
20
1.0745035826771654
11
0.7738899606299212
21
1.0751333070866143
0
LINE
8
BLACK
6
CONTINUOUS
10
0.7738899606299212
20
1.0751333070866143
11
0.7754102362204724
21
1.0745035826771654
0
LINE
8
BLACK
6
CONTINUOUS
10
0.8754102362204724
20
1.0745035826771654
11
0.8760399606299213
21
1.0729833070866142
0
LINE
8
BLACK
6
CONTINUOUS
10
0.8760399606299213
20
1.0729833070866142
11
0.8760399606299213
21
1.0617261811023622
0
LINE
8
BLACK
6
CONTINUOUS
10
0.8760399606299213
20
1.0617261811023622
11
0.8754102362204724
21
1.0602059055118109
0
LINE
8
BLACK
6
CONTINUOUS
10
0.8754102362204724
20
1.0602059055118109
11
0.8738899606299212
21
1.0595761811023623
0
LINE
8
BLACK
6
CONTINUOUS
10
0.8738899606299212
20
1.0595761811023623
11
0.8723696850393701
21
1.0602059055118109
0
LINE
8
BLACK
6
CONTINUOUS
10
0.8723696850393701
20
1.0602059055118109
11
0.8717399606299212
21
1.0617261811023622
0
LINE
8
BLACK
6
CONTINUOUS
10
0.8717399606299212
20
1.0617261811023622
11
0.8717399606299212
21
1.0652047244094487
0
LINE
8
BLACK
6
CONTINUOUS
10
0.8717399606299212
20
1.0652047244094487
11
0.8541899606299213
21
1.0652047244094487
0
LINE
8
BLACK
6
CONTINUOUS
10
0.8541899606299213
20
1.0652047244094487
11
0.8539853937007874
21
1.0652894094488188
0
LINE
8
BLACK
6
CONTINUOUS
10
0.8539853937007874
20
1.0652894094488188
11
0.8537683070866141
21
1.0652464960629922
0
LINE
8
BLACK
6
CONTINUOUS
10
0.8537683070866141
20
1.0652464960629922
11
0.8532481496062992
21
1.0655948031496063
0
LINE
8
BLACK
6
CONTINUOUS
10
0.8532481496062992
20
1.0655948031496063
11
0.85266968503937
21
1.0658344488188976
0
LINE
8
BLACK
6
CONTINUOUS
10
0.85266968503937
20
1.0658344488188976
11
0.8525849606299213
21
1.066038937007874
0
LINE
8
BLACK
6
CONTINUOUS
10
0.8525849606299213
20
1.066038937007874
11
0.8524010629921259
21
1.066162125984252
0
LINE
8
BLACK
6
CONTINUOUS
10
0.8524010629921259
20
1.066162125984252
11
0.8522795669291339
21
1.0667762204724409
0
LINE
8
BLACK
6
CONTINUOUS
10
0.8522795669291339
20
1.0667762204724409
11
0.8520399606299213
21
1.0673547244094488
0
LINE
8
BLACK
6
CONTINUOUS
10
0.8520399606299213
20
1.0673547244094488
11
0.8521246456692914
21
1.067559251968504
0
LINE
8
BLACK
6
CONTINUOUS
10
0.8521246456692914
20
1.067559251968504
11
0.8520817322834645
21
1.0677763779527558
0
LINE
8
BLACK
6
CONTINUOUS
10
0.8520817322834645
20
1.0677763779527558
11
0.8524300393700788
21
1.0682964960629922
0
LINE
8
BLACK
6
CONTINUOUS
10
0.8524300393700788
20
1.0682964960629922
11
0.85266968503937
21
1.068875
0
LINE
8
BLACK
6
CONTINUOUS
10
0.85266968503937
20
1.068875
11
0.8528741732283465
21
1.0689596850393701
0
LINE
8
BLACK
6
CONTINUOUS
10
0.8528741732283465
20
1.0689596850393701
11
0.8529973622047244
21
1.0691436220472441
0
LINE
8
BLACK
6
CONTINUOUS
10
0.8529973622047244
20
1.0691436220472441
11
0.8556345275590551
21
1.0709017716535434
0
LINE
8
BLACK
6
CONTINUOUS
10
0.8556345275590551
20
1.0709017716535434
11
0.8571134251968504
21
1.0723806692913385
0
LINE
8
BLACK
6
CONTINUOUS
10
0.8571134251968504
20
1.0723806692913385
11
0.8578955118110236
21
1.0739448425196849
0
LINE
8
BLACK
6
CONTINUOUS
10
0.8578955118110236
20
1.0739448425196849
11
0.8591386614173229
21
1.0750229527559054
0
LINE
8
BLACK
6
CONTINUOUS
10
0.8591386614173229
20
1.0750229527559054
11
0.8607800787401575
21
1.0749062992125984
0
LINE
8
BLACK
6
CONTINUOUS
10
0.8607800787401575
20
1.0749062992125984
11
0.8618582283464566
21
1.0736631889763779
0
LINE
8
BLACK
6
CONTINUOUS
10
0.8618582283464566
20
1.0736631889763779
11
0.8617415354330709
21
1.0720217716535432
0
LINE
8
BLACK
6
CONTINUOUS
10
0.8617415354330709
20
1.0720217716535432
11
0.8608034251968504
21
1.070145590551181
0
LINE
8
BLACK
6
CONTINUOUS
10
0.8608034251968504
20
1.070145590551181
11
0.8605361023622047
21
1.0699137401574803
0
LINE
8
BLACK
6
CONTINUOUS
10
0.8605361023622047
20
1.0699137401574803
11
0.8604007086614173
21
1.0695868503937007
0
LINE
8
BLACK
6
CONTINUOUS
10
0.8604007086614173
20
1.0695868503937007
11
0.8603185826771653
21
1.0695047244094489
0
LINE
8
BLACK
6
CONTINUOUS
10
0.8603185826771653
20
1.0695047244094489
11
0.8717399606299212
21
1.0695047244094489
0
LINE
8
BLACK
6
CONTINUOUS
10
0.8717399606299212
20
1.0695047244094489
11
0.8717399606299212
21
1.0729833070866142
0
LINE
8
BLACK
6
CONTINUOUS
10
0.8717399606299212
20
1.0729833070866142
11
0.8723696850393701
21
1.0745035826771654
0
LINE
8
BLACK
6
CONTINUOUS
10
0.8723696850393701
20
1.0745035826771654
11
0.8738899606299212
21
1.0751333070866143
0
LINE
8
BLACK
6
CONTINUOUS
10
0.8738899606299212
20
1.0751333070866143
11
0.8754102362204724
21
1.0745035826771654
0
LINE
8
BLACK
6
CONTINUOUS
10
0.9754102362204724
20
1.0745035826771654
11
0.9760399606299213
21
1.0729833070866142
0
LINE
8
BLACK
6
CONTINUOUS
10
0.9760399606299213
20
1.0729833070866142
11
0.9760399606299213
21
1.0617261811023622
0
LINE
8
BLACK
6
CONTINUOUS
10
0.9760399606299213
20
1.0617261811023622
11
0.9754102362204724
21
1.0602059055118109
0
LINE
8
BLACK
6
CONTINUOUS
10
0.9754102362204724
20
1.0602059055118109
11
0.9738899606299213
21
1.0595761811023623
0
LINE
8
BLACK
6
CONTINUOUS
10
0.9738899606299213
20
1.0595761811023623
11
0.97236968503937
21
1.0602059055118109
0
LINE
8
BLACK
6
CONTINUOUS
10
0.97236968503937
20
1.0602059055118109
11
0.9717399606299212
21
1.0617261811023622
0
LINE
8
BLACK
6
CONTINUOUS
10
0.9717399606299212
20
1.0617261811023622
11
0.9717399606299212
21
1.0652047244094487
0
LINE
8
BLACK
6
CONTINUOUS
10
0.9717399606299212
20
1.0652047244094487
11
0.9541899606299212
21
1.0652047244094487
0
LINE
8
BLACK
6
CONTINUOUS
10
0.9541899606299212
20
1.0652047244094487
11
0.9539853937007874
21
1.0652894094488188
0
LINE
8
BLACK
6
CONTINUOUS
10
0.9539853937007874
20
1.0652894094488188
11
0.9537683070866142
21
1.0652464960629922
0
LINE
8
BLACK
6
CONTINUOUS
10
0.9537683070866142
20
1.0652464960629922
11
0.9532481496062992
21
1.0655948031496063
0
LINE
8
BLACK
6
CONTINUOUS
10
0.9532481496062992
20
1.0655948031496063
11
0.9526696850393701
21
1.0658344488188976
0
LINE
8
BLACK
6
CONTINUOUS
10
0.9526696850393701
20
1.0658344488188976
11
0.9525849606299213
21
1.066038937007874
0
LINE
8
BLACK
6
CONTINUOUS
10
0.9525849606299213
20
1.066038937007874
11
0.952401062992126
21
1.066162125984252
0
LINE
8
BLACK
6
CONTINUOUS
10
0.952401062992126
20
1.066162125984252
11
0.9522795669291338
21
1.0667762204724409
0
LINE
8
BLACK
6
CONTINUOUS
10
0.9522795669291338
20
1.0667762204724409
11
0.9520399606299212
21
1.0673547244094488
0
LINE
8
BLACK
6
CONTINUOUS
10
0.9520399606299212
20
1.0673547244094488
11
0.9521246456692913
21
1.067559251968504
0
LINE
8
BLACK
6
CONTINUOUS
10
0.9521246456692913
20
1.067559251968504
11
0.9520817322834646
21
1.0677763779527558
0
LINE
8
BLACK
6
CONTINUOUS
10
0.9520817322834646
20
1.0677763779527558
11
0.9524300393700788
21
1.0682964960629922
0
LINE
8
BLACK
6
CONTINUOUS
10
0.9524300393700788
20
1.0682964960629922
11
0.9526696850393701
21
1.068875
0
LINE
8
BLACK
6
CONTINUOUS
10
0.9526696850393701
20
1.068875
11
0.9528741732283464
21
1.0689596850393701
0
LINE
8
BLACK
6
CONTINUOUS
10
0.9528741732283464
20
1.0689596850393701
11
0.9529973622047244
21
1.0691436220472441
0
LINE
8
BLACK
6
CONTINUOUS
10
0.9529973622047244
20
1.0691436220472441
11
0.9556345275590551
21
1.0709017716535434
0
LINE
8
BLACK
6
CONTINUOUS
10
0.9556345275590551
20
1.0709017716535434
11
0.9571134251968504
21
1.0723806692913385
0
LINE
8
BLACK
6
CONTINUOUS
10
0.9571134251968504
20
1.0723806692913385
11
0.9578955118110236
21
1.0739448425196849
0
LINE
8
BLACK
6
CONTINUOUS
10
0.9578955118110236
20
1.0739448425196849
11
0.9591386614173228
21
1.0750229527559054
0
LINE
8
BLACK
6
CONTINUOUS
10
0.9591386614173228
20
1.0750229527559054
11
0.9607800787401575
21
1.0749062992125984
0
LINE
8
BLACK
6
CONTINUOUS
10
0.9607800787401575
20
1.0749062992125984
11
0.9618582283464566
21
1.0736631889763779
0
LINE
8
BLACK
6
CONTINUOUS
10
0.9618582283464566
20
1.0736631889763779
11
0.9617415354330708
21
1.0720217716535432
0
LINE
8
BLACK
6
CONTINUOUS
10
0.9617415354330708
20
1.0720217716535432
11
0.9608034251968504
21
1.070145590551181
0
LINE
8
BLACK
6
CONTINUOUS
10
0.9608034251968504
20
1.070145590551181
11
0.9605361023622047
21
1.0699137401574803
0
LINE
8
BLACK
6
CONTINUOUS
10
0.9605361023622047
20
1.0699137401574803
11
0.9604007086614172
21
1.0695868503937007
0
LINE
8
BLACK
6
CONTINUOUS
10
0.9604007086614172
20
1.0695868503937007
11
0.9603185826771653
21
1.0695047244094489
0
LINE
8
BLACK
6
CONTINUOUS
10
0.9603185826771653
20
1.0695047244094489
11
0.9717399606299212
21
1.0695047244094489
0
LINE
8
BLACK
6
CONTINUOUS
10
0.9717399606299212
20
1.0695047244094489
11
0.9717399606299212
21
1.0729833070866142
0
LINE
8
BLACK
6
CONTINUOUS
10
0.9717399606299212
20
1.0729833070866142
11
0.97236968503937
21
1.0745035826771654
0
LINE
8
BLACK
6
CONTINUOUS
10
0.97236968503937
20
1.0745035826771654
11
0.9738899606299213
21
1.0751333070866143
0
LINE
8
BLACK
6
CONTINUOUS
10
0.9738899606299213
20
1.0751333070866143
11
0.9754102362204724
21
1.0745035826771654
0
LINE
8
BLACK
6
CONTINUOUS
10
1.0754102362204725
20
1.0745035826771654
11
1.0760399606299211
21
1.0729833070866142
0
LINE
8
BLACK
6
CONTINUOUS
10
1.0760399606299211
20
1.0729833070866142
11
1.0760399606299211
21
1.0617261811023622
0
LINE
8
BLACK
6
CONTINUOUS
10
1.0760399606299211
20
1.0617261811023622
11
1.0754102362204725
21
1.0602059055118109
0
LINE
8
BLACK
6
CONTINUOUS
10
1.0754102362204725
20
1.0602059055118109
11
1.0738899606299213
21
1.0595761811023623
0
LINE
8
BLACK
6
CONTINUOUS
10
1.0738899606299213
20
1.0595761811023623
11
1.07236968503937
21
1.0602059055118109
0
LINE
8
BLACK
6
CONTINUOUS
10
1.07236968503937
20
1.0602059055118109
11
1.0717399606299212
21
1.0617261811023622
0
LINE
8
BLACK
6
CONTINUOUS
10
1.0717399606299212
20
1.0617261811023622
11
1.0717399606299212
21
1.0652047244094487
0
LINE
8
BLACK
6
CONTINUOUS
10
1.0717399606299212
20
1.0652047244094487
11
1.0541899606299212
21
1.0652047244094487
0
LINE
8
BLACK
6
CONTINUOUS
10
1.0541899606299212
20
1.0652047244094487
11
1.0539853937007875
21
1.0652894094488188
0
LINE
8
BLACK
6
CONTINUOUS
10
1.0539853937007875
20
1.0652894094488188
11
1.0537683070866142
21
1.0652464960629922
0
LINE
8
BLACK
6
CONTINUOUS
10
1.0537683070866142
20
1.0652464960629922
11
1.0532481496062991
21
1.0655948031496063
0
LINE
8
BLACK
6
CONTINUOUS
10
1.0532481496062991
20
1.0655948031496063
11
1.05266968503937
21
1.0658344488188976
0
LINE
8
BLACK
6
CONTINUOUS
10
1.05266968503937
20
1.0658344488188976
11
1.0525849606299211
21
1.066038937007874
0
LINE
8
BLACK
6
CONTINUOUS
10
1.0525849606299211
20
1.066038937007874
11
1.0524010629921259
21
1.066162125984252
0
LINE
8
BLACK
6
CONTINUOUS
10
1.0524010629921259
20
1.066162125984252
11
1.0522795669291338
21
1.0667762204724409
0
LINE
8
BLACK
6
CONTINUOUS
10
1.0522795669291338
20
1.0667762204724409
11
1.0520399606299213
21
1.0673547244094488
0
LINE
8
BLACK
6
CONTINUOUS
10
1.0520399606299213
20
1.0673547244094488
11
1.0521246456692914
21
1.067559251968504
0
LINE
8
BLACK
6
CONTINUOUS
10
1.0521246456692914
20
1.067559251968504
11
1.0520817322834646
21
1.0677763779527558
0
LINE
8
BLACK
6
CONTINUOUS
10
1.0520817322834646
20
1.0677763779527558
11
1.0524300393700787
21
1.0682964960629922
0
LINE
8
BLACK
6
CONTINUOUS
10
1.0524300393700787
20
1.0682964960629922
11
1.05266968503937
21
1.068875
0
LINE
8
BLACK
6
CONTINUOUS
10
1.05266968503937
20
1.068875
11
1.0528741732283464
21
1.0689596850393701
0
LINE
8
BLACK
6
CONTINUOUS
10
1.0528741732283464
20
1.0689596850393701
11
1.0529973622047244
21
1.0691436220472441
0
LINE
8
BLACK
6
CONTINUOUS
10
1.0529973622047244
20
1.0691436220472441
11
1.0556345275590551
21
1.0709017716535434
0
LINE
8
BLACK
6
CONTINUOUS
10
1.0556345275590551
20
1.0709017716535434
11
1.0571134251968504
21
1.0723806692913385
0
LINE
8
BLACK
6
CONTINUOUS
10
1.0571134251968504
20
1.0723806692913385
11
1.0578955118110236
21
1.0739448425196849
0
LINE
8
BLACK
6
CONTINUOUS
10
1.0578955118110236
20
1.0739448425196849
11
1.0591386614173228
21
1.0750229527559054
0
LINE
8
BLACK
6
CONTINUOUS
10
1.0591386614173228
20
1.0750229527559054
11
1.0607800787401576
21
1.0749062992125984
0
LINE
8
BLACK
6
CONTINUOUS
10
1.0607800787401576
20
1.0749062992125984
11
1.0618582283464566
21
1.0736631889763779
0
LINE
8
BLACK
6
CONTINUOUS
10
1.0618582283464566
20
1.0736631889763779
11
1.0617415354330708
21
1.0720217716535432
0
LINE
8
BLACK
6
CONTINUOUS
10
1.0617415354330708
20
1.0720217716535432
11
1.0608034251968503
21
1.070145590551181
0
LINE
8
BLACK
6
CONTINUOUS
10
1.0608034251968503
20
1.070145590551181
11
1.0605361023622046
21
1.0699137401574803
0
LINE
8
BLACK
6
CONTINUOUS
10
1.0605361023622046
20
1.0699137401574803
11
1.0604007086614173
21
1.0695868503937007
0
LINE
8
BLACK
6
CONTINUOUS
10
1.0604007086614173
20
1.0695868503937007
11
1.0603185826771653
21
1.0695047244094489
0
LINE
8
BLACK
6
CONTINUOUS
10
1.0603185826771653
20
1.0695047244094489
11
1.0717399606299212
21
1.0695047244094489
0
LINE
8
BLACK
6
CONTINUOUS
10
1.0717399606299212
20
1.0695047244094489
11
1.0717399606299212
21
1.0729833070866142
0
LINE
8
BLACK
6
CONTINUOUS
10
1.0717399606299212
20
1.0729833070866142
11
1.07236968503937
21
1.0745035826771654
0
LINE
8
BLACK
6
CONTINUOUS
10
1.07236968503937
20
1.0745035826771654
11
1.0738899606299213
21
1.0751333070866143
0
LINE
8
BLACK
6
CONTINUOUS
10
1.0738899606299213
20
1.0751333070866143
11
1.0754102362204725
21
1.0745035826771654
0
LINE
8
BLACK
6
CONTINUOUS
10
1.1754102362204724
20
1.0745035826771654
11
1.1760399606299212
21
1.0729833070866142
0
LINE
8
BLACK
6
CONTINUOUS
10
1.1760399606299212
20
1.0729833070866142
11
1.1760399606299212
21
1.0617261811023622
0
LINE
8
BLACK
6
CONTINUOUS
10
1.1760399606299212
20
1.0617261811023622
11
1.1754102362204724
21
1.0602059055118109
0
LINE
8
BLACK
6
CONTINUOUS
10
1.1754102362204724
20
1.0602059055118109
11
1.1738899606299211
21
1.0595761811023623
0
LINE
8
BLACK
6
CONTINUOUS
10
1.1738899606299211
20
1.0595761811023623
11
1.1723696850393701
21
1.0602059055118109
0
LINE
8
BLACK
6
CONTINUOUS
10
1.1723696850393701
20
1.0602059055118109
11
1.1717399606299213
21
1.0617261811023622
0
LINE
8
BLACK
6
CONTINUOUS
10
1.1717399606299213
20
1.0617261811023622
11
1.1717399606299213
21
1.0652047244094487
0
LINE
8
BLACK
6
CONTINUOUS
10
1.1717399606299213
20
1.0652047244094487
11
1.1541899606299213
21
1.0652047244094487
0
LINE
8
BLACK
6
CONTINUOUS
10
1.1541899606299213
20
1.0652047244094487
11
1.1539853937007873
21
1.0652894094488188
0
LINE
8
BLACK
6
CONTINUOUS
10
1.1539853937007873
20
1.0652894094488188
11
1.153768307086614
21
1.0652464960629922
0
LINE
8
BLACK
6
CONTINUOUS
10
1.153768307086614
20
1.0652464960629922
11
1.1532481496062992
21
1.0655948031496063
0
LINE
8
BLACK
6
CONTINUOUS
10
1.1532481496062992
20
1.0655948031496063
11
1.1526696850393701
21
1.0658344488188976
0
LINE
8
BLACK
6
CONTINUOUS
10
1.1526696850393701
20
1.0658344488188976
11
1.1525849606299212
21
1.066038937007874
0
LINE
8
BLACK
6
CONTINUOUS
10
1.1525849606299212
20
1.066038937007874
11
1.152401062992126
21
1.066162125984252
0
LINE
8
BLACK
6
CONTINUOUS
10
1.152401062992126
20
1.066162125984252
11
1.1522795669291339
21
1.0667762204724409
0
LINE
8
BLACK
6
CONTINUOUS
10
1.1522795669291339
20
1.0667762204724409
11
1.1520399606299212
21
1.0673547244094488
0
LINE
8
BLACK
6
CONTINUOUS
10
1.1520399606299212
20
1.0673547244094488
11
1.1521246456692913
21
1.067559251968504
0
LINE
8
BLACK
6
CONTINUOUS
10
1.1521246456692913
20
1.067559251968504
11
1.1520817322834644
21
1.0677763779527558
0
LINE
8
BLACK
6
CONTINUOUS
10
1.1520817322834644
20
1.0677763779527558
11
1.1524300393700788
21
1.0682964960629922
0
LINE
8
BLACK
6
CONTINUOUS
10
1.1524300393700788
20
1.0682964960629922
11
1.1526696850393701
21
1.068875
0
LINE
8
BLACK
6
CONTINUOUS
10
1.1526696850393701
20
1.068875
11
1.1528741732283465
21
1.0689596850393701
0
LINE
8
BLACK
6
CONTINUOUS
10
1.1528741732283465
20
1.0689596850393701
11
1.1529973622047245
21
1.0691436220472441
0
LINE
8
BLACK
6
CONTINUOUS
10
1.1529973622047245
20
1.0691436220472441
11
1.1556345275590552
21
1.0709017716535434
0
LINE
8
BLACK
6
CONTINUOUS
10
1.1556345275590552
20
1.0709017716535434
11
1.1571134251968505
21
1.0723806692913385
0
LINE
8
BLACK
6
CONTINUOUS
10
1.1571134251968505
20
1.0723806692913385
11
1.1578955118110237
21
1.0739448425196849
0
LINE
8
BLACK
6
CONTINUOUS
10
1.1578955118110237
20
1.0739448425196849
11
1.1591386614173229
21
1.0750229527559054
0
LINE
8
BLACK
6
CONTINUOUS
10
1.1591386614173229
20
1.0750229527559054
11
1.1607800787401574
21
1.0749062992125984
0
LINE
8
BLACK
6
CONTINUOUS
10
1.1607800787401574
20
1.0749062992125984
11
1.1618582283464567
21
1.0736631889763779
0
LINE
8
BLACK
6
CONTINUOUS
10
1.1618582283464567
20
1.0736631889763779
11
1.1617415354330709
21
1.0720217716535432
0
LINE
8
BLACK
6
CONTINUOUS
10
1.1617415354330709
20
1.0720217716535432
11
1.1608034251968504
21
1.070145590551181
0
LINE
8
BLACK
6
CONTINUOUS
10
1.1608034251968504
20
1.070145590551181
11
1.1605361023622047
21
1.0699137401574803
0
LINE
8
BLACK
6
CONTINUOUS
10
1.1605361023622047
20
1.0699137401574803
11
1.1604007086614172
21
1.0695868503937007
0
LINE
8
BLACK
6
CONTINUOUS
10
1.1604007086614172
20
1.0695868503937007
11
1.1603185826771654
21
1.0695047244094489
0
LINE
8
BLACK
6
CONTINUOUS
10
1.1603185826771654
20
1.0695047244094489
11
1.1717399606299213
21
1.0695047244094489
0
LINE
8
BLACK
6
CONTINUOUS
10
1.1717399606299213
20
1.0695047244094489
11
1.1717399606299213
21
1.0729833070866142
0
LINE
8
BLACK
6
CONTINUOUS
10
1.1717399606299213
20
1.0729833070866142
11
1.1723696850393701
21
1.0745035826771654
0
LINE
8
BLACK
6
CONTINUOUS
10
1.1723696850393701
20
1.0745035826771654
11
1.1738899606299211
21
1.0751333070866143
0
LINE
8
BLACK
6
CONTINUOUS
10
1.1738899606299211
20
1.0751333070866143
11
1.1754102362204724
21
1.0745035826771654
0
LINE
8
BLACK
6
CONTINUOUS
10
0.4479102362204724
20
1.0754416535433071
11
0.4485399606299212
21
1.0739213779527559
0
LINE
8
BLACK
6
CONTINUOUS
10
0.4485399606299212
20
1.0739213779527559
11
0.4479102362204724
21
1.0724011023622047
0
LINE
8
BLACK
6
CONTINUOUS
10
0.4479102362204724
20
1.0724011023622047
11
0.4463899606299213
21
1.0717713779527558
0
LINE
8
BLACK
6
CONTINUOUS
10
0.4463899606299213
20
1.0717713779527558
11
0.4391590157480315
21
1.0717713779527558
0
LINE
8
BLACK
6
CONTINUOUS
10
0.4391590157480315
20
1.0717713779527558
11
0.4391590157480315
21
1.0703502755905512
0
LINE
8
BLACK
6
CONTINUOUS
10
0.4391590157480315
20
1.0703502755905512
11
0.4476229133858268
21
1.064425590551181
0
LINE
8
BLACK
6
CONTINUOUS
10
0.4476229133858268
20
1.064425590551181
11
0.4485072440944882
21
1.063037874015748
0
LINE
8
BLACK
6
CONTINUOUS
10
0.4485072440944882
20
1.063037874015748
11
0.4481512992125984
21
1.0614312992125985
0
LINE
8
BLACK
6
CONTINUOUS
10
0.4481512992125984
20
1.0614312992125985
11
0.4467636220472441
21
1.060546968503937
0
LINE
8
BLACK
6
CONTINUOUS
10
0.4467636220472441
20
1.060546968503937
11
0.4451570078740157
21
1.0609029133858268
0
LINE
8
BLACK
6
CONTINUOUS
10
0.4451570078740157
20
1.0609029133858268
11
0.4388598818897638
21
1.0653108661417323
0
LINE
8
BLACK
6
CONTINUOUS
10
0.4388598818897638
20
1.0653108661417323
11
0.4379938976377953
21
1.0635788976377953
0
LINE
8
BLACK
6
CONTINUOUS
10
0.4379938976377953
20
1.0635788976377953
11
0.4377265748031496
21
1.0633470472440945
0
LINE
8
BLACK
6
CONTINUOUS
10
0.4377265748031496
20
1.0633470472440945
11
0.4375911811023622
21
1.0630201574803149
0
LINE
8
BLACK
6
CONTINUOUS
10
0.4375911811023622
20
1.0630201574803149
11
0.4366531102362204
21
1.0620820866141731
0
LINE
8
BLACK
6
CONTINUOUS
10
0.4366531102362204
20
1.0620820866141731
11
0.4363261811023622
21
1.0619466535433071
0
LINE
8
BLACK
6
CONTINUOUS
10
0.4363261811023622
20
1.0619466535433071
11
0.4360943307086614
21
1.0616793307086614
0
LINE
8
BLACK
6
CONTINUOUS
10
0.4360943307086614
20
1.0616793307086614
11
0.4342181102362205
21
1.0607412204724409
0
LINE
8
BLACK
6
CONTINUOUS
10
0.4342181102362205
20
1.0607412204724409
11
0.433718937007874
21
1.0607057480314961
0
LINE
8
BLACK
6
CONTINUOUS
10
0.433718937007874
20
1.0607057480314961
11
0.4332566141732284
21
1.060514251968504
0
LINE
8
BLACK
6
CONTINUOUS
10
0.4332566141732284
20
1.060514251968504
11
0.4304423622047244
21
1.060514251968504
0
LINE
8
BLACK
6
CONTINUOUS
10
0.4304423622047244
20
1.060514251968504
11
0.42998
21
1.0607057480314961
0
LINE
8
BLACK
6
CONTINUOUS
10
0.42998
20
1.0607057480314961
11
0.4294808661417323
21
1.0607412204724409
0
LINE
8
BLACK
6
CONTINUOUS
10
0.4294808661417323
20
1.0607412204724409
11
0.4276046456692913
21
1.0616793307086614
0
LINE
8
BLACK
6
CONTINUOUS
10
0.4276046456692913
20
1.0616793307086614
11
0.4273727559055118
21
1.0619466535433071
0
LINE
8
BLACK
6
CONTINUOUS
10
0.4273727559055118
20
1.0619466535433071
11
0.4270458661417323
21
1.0620820866141731
0
LINE
8
BLACK
6
CONTINUOUS
10
0.4270458661417323
20
1.0620820866141731
11
0.4261077952755906
21
1.0630201574803149
0
LINE
8
BLACK
6
CONTINUOUS
10
0.4261077952755906
20
1.0630201574803149
11
0.4259723622047244
21
1.0633470078740157
0
LINE
8
BLACK
6
CONTINUOUS
10
0.4259723622047244
20
1.0633470078740157
11
0.4257050393700788
21
1.0635788976377953
0
LINE
8
BLACK
6
CONTINUOUS
10
0.4257050393700788
20
1.0635788976377953
11
0.424766968503937
21
1.0654550787401575
0
LINE
8
BLACK
6
CONTINUOUS
10
0.424766968503937
20
1.0654550787401575
11
0.4247314566929134
21
1.0659542125984252
0
LINE
8
BLACK
6
CONTINUOUS
10
0.4247314566929134
20
1.0659542125984252
11
0.4245399606299213
21
1.0664166141732283
0
LINE
8
BLACK
6
CONTINUOUS
10
0.4245399606299213
20
1.0664166141732283
11
0.4245399606299213
21
1.0739213779527559
0
LINE
8
BLACK
6
CONTINUOUS
10
0.4245399606299213
20
1.0739213779527559
11
0.4251696850393701
21
1.0754416535433071
0
LINE
8
BLACK
6
CONTINUOUS
10
0.4251696850393701
20
1.0754416535433071
11
0.4266899606299213
21
1.076071377952756
0
LINE
8
BLACK
6
CONTINUOUS
10
0.4266899606299213
20
1.076071377952756
11
0.4463899606299213
21
1.076071377952756
0
LINE
8
BLACK
6
CONTINUOUS
10
0.4463899606299213
20
1.076071377952756
11
0.4479102362204724
21
1.0754416535433071
0
LINE
8
BLACK
6
CONTINUOUS
10
0.4288399606299212
20
1.0669241338582678
11
0.429395
21
1.0658140157480314
0
LINE
8
BLACK
6
CONTINUOUS
10
0.429395
20
1.0658140157480314
11
0.4298396850393701
21
1.0653693700787401
0
LINE
8
BLACK
6
CONTINUOUS
10
0.4298396850393701
20
1.0653693700787401
11
0.4309499212598425
21
1.064814251968504
0
LINE
8
BLACK
6
CONTINUOUS
10
0.4309499212598425
20
1.064814251968504
11
0.4327490551181102
21
1.064814251968504
0
LINE
8
BLACK
6
CONTINUOUS
10
0.4327490551181102
20
1.064814251968504
11
0.4338592913385826
21
1.0653693700787401
0
LINE
8
BLACK
6
CONTINUOUS
10
0.4338592913385826
20
1.0653693700787401
11
0.4343038976377953
21
1.0658139763779528
0
LINE
8
BLACK
6
CONTINUOUS
10
0.4343038976377953
20
1.0658139763779528
11
0.4348590157480315
21
1.0669241732283465
0
LINE
8
BLACK
6
CONTINUOUS
10
0.4348590157480315
20
1.0669241732283465
11
0.4348590157480315
21
1.0717713779527558
0
LINE
8
BLACK
6
CONTINUOUS
10
0.4348590157480315
20
1.0717713779527558
11
0.4288399606299212
21
1.0717713779527558
0
LINE
8
BLACK
6
CONTINUOUS
10
0.4288399606299212
20
1.0717713779527558
11
0.4288399606299212
21
1.0669241338582678
0
LINE
8
BLACK
6
CONTINUOUS
10
0.5479102362204724
20
1.0754416535433071
11
0.5485399606299213
21
1.0739213779527559
0
LINE
8
BLACK
6
CONTINUOUS
10
0.5485399606299213
20
1.0739213779527559
11
0.5479102362204724
21
1.0724011023622047
0
LINE
8
BLACK
6
CONTINUOUS
10
0.5479102362204724
20
1.0724011023622047
11
0.5463899606299213
21
1.0717713779527558
0
LINE
8
BLACK
6
CONTINUOUS
10
0.5463899606299213
20
1.0717713779527558
11
0.5391590157480315
21
1.0717713779527558
0
LINE
8
BLACK
6
CONTINUOUS
10
0.5391590157480315
20
1.0717713779527558
11
0.5391590157480315
21
1.0703502755905512
0
LINE
8
BLACK
6
CONTINUOUS
10
0.5391590157480315
20
1.0703502755905512
11
0.5476229133858268
21
1.064425590551181
0
LINE
8
BLACK
6
CONTINUOUS
10
0.5476229133858268
20
1.064425590551181
11
0.5485072440944881
21
1.063037874015748
0
LINE
8
BLACK
6
CONTINUOUS
10
0.5485072440944881
20
1.063037874015748
11
0.5481512992125984
21
1.0614312992125985
0
LINE
8
BLACK
6
CONTINUOUS
10
0.5481512992125984
20
1.0614312992125985
11
0.546763622047244
21
1.060546968503937
0
LINE
8
BLACK
6
CONTINUOUS
10
0.546763622047244
20
1.060546968503937
11
0.5451570078740158
21
1.0609029133858268
0
LINE
8
BLACK
6
CONTINUOUS
10
0.5451570078740158
20
1.0609029133858268
11
0.5388598818897637
21
1.0653108661417323
0
LINE
8
BLACK
6
CONTINUOUS
10
0.5388598818897637
20
1.0653108661417323
11
0.5379938976377953
21
1.0635788976377953
0
LINE
8
BLACK
6
CONTINUOUS
10
0.5379938976377953
20
1.0635788976377953
11
0.5377265748031496
21
1.0633470472440945
0
LINE
8
BLACK
6
CONTINUOUS
10
0.5377265748031496
20
1.0633470472440945
11
0.5375911811023621
21
1.0630201574803149
0
LINE
8
BLACK
6
CONTINUOUS
10
0.5375911811023621
20
1.0630201574803149
11
0.5366531102362204
21
1.0620820866141731
0
LINE
8
BLACK
6
CONTINUOUS
10
0.5366531102362204
20
1.0620820866141731
11
0.5363261811023622
21
1.0619466535433071
0
LINE
8
BLACK
6
CONTINUOUS
10
0.5363261811023622
20
1.0619466535433071
11
0.5360943307086614
21
1.0616793307086614
0
LINE
8
BLACK
6
CONTINUOUS
10
0.5360943307086614
20
1.0616793307086614
11
0.5342181102362205
21
1.0607412204724409
0
LINE
8
BLACK
6
CONTINUOUS
10
0.5342181102362205
20
1.0607412204724409
11
0.533718937007874
21
1.0607057480314961
0
LINE
8
BLACK
6
CONTINUOUS
10
0.533718937007874
20
1.0607057480314961
11
0.5332566141732283
21
1.060514251968504
0
LINE
8
BLACK
6
CONTINUOUS
10
0.5332566141732283
20
1.060514251968504
11
0.5304423622047244
21
1.060514251968504
0
LINE
8
BLACK
6
CONTINUOUS
10
0.5304423622047244
20
1.060514251968504
11
0.52998
21
1.0607057480314961
0
LINE
8
BLACK
6
CONTINUOUS
10
0.52998
20
1.0607057480314961
11
0.5294808661417323
21
1.0607412204724409
0
LINE
8
BLACK
6
CONTINUOUS
10
0.5294808661417323
20
1.0607412204724409
11
0.5276046456692913
21
1.0616793307086614
0
LINE
8
BLACK
6
CONTINUOUS
10
0.5276046456692913
20
1.0616793307086614
11
0.5273727559055118
21
1.0619466535433071
0
LINE
8
BLACK
6
CONTINUOUS
10
0.5273727559055118
20
1.0619466535433071
11
0.5270458661417323
21
1.0620820866141731
0
LINE
8
BLACK
6
CONTINUOUS
10
0.5270458661417323
20
1.0620820866141731
11
0.5261077952755905
21
1.0630201574803149
0
LINE
8
BLACK
6
CONTINUOUS
10
0.5261077952755905
20
1.0630201574803149
11
0.5259723622047244
21
1.0633470078740157
0
LINE
8
BLACK
6
CONTINUOUS
10
0.5259723622047244
20
1.0633470078740157
11
0.5257050393700787
21
1.0635788976377953
0
LINE
8
BLACK
6
CONTINUOUS
10
0.5257050393700787
20
1.0635788976377953
11
0.524766968503937
21
1.0654550787401575
0
LINE
8
BLACK
6
CONTINUOUS
10
0.524766968503937
20
1.0654550787401575
11
0.5247314566929133
21
1.0659542125984252
0
LINE
8
BLACK
6
CONTINUOUS
10
0.5247314566929133
20
1.0659542125984252
11
0.5245399606299213
21
1.0664166141732283
0
LINE
8
BLACK
6
CONTINUOUS
10
0.5245399606299213
20
1.0664166141732283
11
0.5245399606299213
21
1.0739213779527559
0
LINE
8
BLACK
6
CONTINUOUS
10
0.5245399606299213
20
1.0739213779527559
11
0.5251696850393701
21
1.0754416535433071
0
LINE
8
BLACK
6
CONTINUOUS
10
0.5251696850393701
20
1.0754416535433071
11
0.5266899606299212
21
1.076071377952756
0
LINE
8
BLACK
6
CONTINUOUS
10
0.5266899606299212
20
1.076071377952756
11
0.5463899606299213
21
1.076071377952756
0
LINE
8
BLACK
6
CONTINUOUS
10
0.5463899606299213
20
1.076071377952756
11
0.5479102362204724
21
1.0754416535433071
0
LINE
8
BLACK
6
CONTINUOUS
10
0.5288399606299212
20
1.0669241338582678
11
0.5293949999999999
21
1.0658140157480314
0
LINE
8
BLACK
6
CONTINUOUS
10
0.5293949999999999
20
1.0658140157480314
11
0.5298396850393701
21
1.0653693700787401
0
LINE
8
BLACK
6
CONTINUOUS
10
0.5298396850393701
20
1.0653693700787401
11
0.5309499212598425
21
1.064814251968504
0
LINE
8
BLACK
6
CONTINUOUS
10
0.5309499212598425
20
1.064814251968504
11
0.5327490551181102
21
1.064814251968504
0
LINE
8
BLACK
6
CONTINUOUS
10
0.5327490551181102
20
1.064814251968504
11
0.5338592913385827
21
1.0653693700787401
0
LINE
8
BLACK
6
CONTINUOUS
10
0.5338592913385827
20
1.0653693700787401
11
0.5343038976377953
21
1.0658139763779528
0
LINE
8
BLACK
6
CONTINUOUS
10
0.5343038976377953
20
1.0658139763779528
11
0.5348590157480315
21
1.0669241732283465
0
LINE
8
BLACK
6
CONTINUOUS
10
0.5348590157480315
20
1.0669241732283465
11
0.5348590157480315
21
1.0717713779527558
0
LINE
8
BLACK
6
CONTINUOUS
10
0.5348590157480315
20
1.0717713779527558
11
0.5288399606299212
21
1.0717713779527558
0
LINE
8
BLACK
6
CONTINUOUS
10
0.5288399606299212
20
1.0717713779527558
11
0.5288399606299212
21
1.0669241338582678
0
LINE
8
BLACK
6
CONTINUOUS
10
0.6479102362204724
20
1.0754416535433071
11
0.6485399606299213
21
1.0739213779527559
0
LINE
8
BLACK
6
CONTINUOUS
10
0.6485399606299213
20
1.0739213779527559
11
0.6479102362204724
21
1.0724011023622047
0
LINE
8
BLACK
6
CONTINUOUS
10
0.6479102362204724
20
1.0724011023622047
11
0.6463899606299213
21
1.0717713779527558
0
LINE
8
BLACK
6
CONTINUOUS
10
0.6463899606299213
20
1.0717713779527558
11
0.6391590157480315
21
1.0717713779527558
0
LINE
8
BLACK
6
CONTINUOUS
10
0.6391590157480315
20
1.0717713779527558
11
0.6391590157480315
21
1.0703502755905512
0
LINE
8
BLACK
6
CONTINUOUS
10
0.6391590157480315
20
1.0703502755905512
11
0.6476229133858268
21
1.064425590551181
0
LINE
8
BLACK
6
CONTINUOUS
10
0.6476229133858268
20
1.064425590551181
11
0.6485072440944881
21
1.063037874015748
0
LINE
8
BLACK
6
CONTINUOUS
10
0.6485072440944881
20
1.063037874015748
11
0.6481512992125984
21
1.0614312992125985
0
LINE
8
BLACK
6
CONTINUOUS
10
0.6481512992125984
20
1.0614312992125985
11
0.646763622047244
21
1.060546968503937
0
LINE
8
BLACK
6
CONTINUOUS
10
0.646763622047244
20
1.060546968503937
11
0.6451570078740158
21
1.0609029133858268
0
LINE
8
BLACK
6
CONTINUOUS
10
0.6451570078740158
20
1.0609029133858268
11
0.6388598818897637
21
1.0653108661417323
0
LINE
8
BLACK
6
CONTINUOUS
10
0.6388598818897637
20
1.0653108661417323
11
0.6379938976377952
21
1.0635788976377953
0
LINE
8
BLACK
6
CONTINUOUS
10
0.6379938976377952
20
1.0635788976377953
11
0.6377265748031495
21
1.0633470472440945
0
LINE
8
BLACK
6
CONTINUOUS
10
0.6377265748031495
20
1.0633470472440945
11
0.6375911811023622
21
1.0630201574803149
0
LINE
8
BLACK
6
CONTINUOUS
10
0.6375911811023622
20
1.0630201574803149
11
0.6366531102362205
21
1.0620820866141731
0
LINE
8
BLACK
6
CONTINUOUS
10
0.6366531102362205
20
1.0620820866141731
11
0.6363261811023622
21
1.0619466535433071
0
LINE
8
BLACK
6
CONTINUOUS
10
0.6363261811023622
20
1.0619466535433071
11
0.6360943307086614
21
1.0616793307086614
0
LINE
8
BLACK
6
CONTINUOUS
10
0.6360943307086614
20
1.0616793307086614
11
0.6342181102362204
21
1.0607412204724409
0
LINE
8
BLACK
6
CONTINUOUS
10
0.6342181102362204
20
1.0607412204724409
11
0.633718937007874
21
1.0607057480314961
0
LINE
8
BLACK
6
CONTINUOUS
10
0.633718937007874
20
1.0607057480314961
11
0.6332566141732283
21
1.060514251968504
0
LINE
8
BLACK
6
CONTINUOUS
10
0.6332566141732283
20
1.060514251968504
11
0.6304423622047244
21
1.060514251968504
0
LINE
8
BLACK
6
CONTINUOUS
10
0.6304423622047244
20
1.060514251968504
11
0.62998
21
1.0607057480314961
0
LINE
8
BLACK
6
CONTINUOUS
10
0.62998
20
1.0607057480314961
11
0.6294808661417323
21
1.0607412204724409
0
LINE
8
BLACK
6
CONTINUOUS
10
0.6294808661417323
20
1.0607412204724409
11
0.6276046456692913
21
1.0616793307086614
0
LINE
8
BLACK
6
CONTINUOUS
10
0.6276046456692913
20
1.0616793307086614
11
0.6273727559055118
21
1.0619466535433071
0
LINE
8
BLACK
6
CONTINUOUS
10
0.6273727559055118
20
1.0619466535433071
11
0.6270458661417323
21
1.0620820866141731
0
LINE
8
BLACK
6
CONTINUOUS
10
0.6270458661417323
20
1.0620820866141731
11
0.6261077952755906
21
1.0630201574803149
0
LINE
8
BLACK
6
CONTINUOUS
10
0.6261077952755906
20
1.0630201574803149
11
0.6259723622047244
21
1.0633470078740157
0
LINE
8
BLACK
6
CONTINUOUS
10
0.6259723622047244
20
1.0633470078740157
11
0.6257050393700787
21
1.0635788976377953
0
LINE
8
BLACK
6
CONTINUOUS
10
0.6257050393700787
20
1.0635788976377953
11
0.624766968503937
21
1.0654550787401575
0
LINE
8
BLACK
6
CONTINUOUS
10
0.624766968503937
20
1.0654550787401575
11
0.6247314566929134
21
1.0659542125984252
0
LINE
8
BLACK
6
CONTINUOUS
10
0.6247314566929134
20
1.0659542125984252
11
0.6245399606299212
21
1.0664166141732283
0
LINE
8
BLACK
6
CONTINUOUS
10
0.6245399606299212
20
1.0664166141732283
11
0.6245399606299212
21
1.0739213779527559
0
LINE
8
BLACK
6
CONTINUOUS
10
0.6245399606299212
20
1.0739213779527559
11
0.6251696850393701
21
1.0754416535433071
0
LINE
8
BLACK
6
CONTINUOUS
10
0.6251696850393701
20
1.0754416535433071
11
0.6266899606299212
21
1.076071377952756
0
LINE
8
BLACK
6
CONTINUOUS
10
0.6266899606299212
20
1.076071377952756
11
0.6463899606299213
21
1.076071377952756
0
LINE
8
BLACK
6
CONTINUOUS
10
0.6463899606299213
20
1.076071377952756
11
0.6479102362204724
21
1.0754416535433071
0
LINE
8
BLACK
6
CONTINUOUS
10
0.6288399606299212
20
1.0669241338582678
11
0.629395
21
1.0658140157480314
0
LINE
8
BLACK
6
CONTINUOUS
10
0.629395
20
1.0658140157480314
11
0.62983968503937
21
1.0653693700787401
0
LINE
8
BLACK
6
CONTINUOUS
10
0.62983968503937
20
1.0653693700787401
11
0.6309499212598425
21
1.064814251968504
0
LINE
8
BLACK
6
CONTINUOUS
10
0.6309499212598425
20
1.064814251968504
11
0.6327490551181102
21
1.064814251968504
0
LINE
8
BLACK
6
CONTINUOUS
10
0.6327490551181102
20
1.064814251968504
11
0.6338592913385827
21
1.0653693700787401
0
LINE
8
BLACK
6
CONTINUOUS
10
0.6338592913385827
20
1.0653693700787401
11
0.6343038976377953
21
1.0658139763779528
0
LINE
8
BLACK
6
CONTINUOUS
10
0.6343038976377953
20
1.0658139763779528
11
0.6348590157480315
21
1.0669241732283465
0
LINE
8
BLACK
6
CONTINUOUS
10
0.6348590157480315
20
1.0669241732283465
11
0.6348590157480315
21
1.0717713779527558
0
LINE
8
BLACK
6
CONTINUOUS
10
0.6348590157480315
20
1.0717713779527558
11
0.6288399606299212
21
1.0717713779527558
0
LINE
8
BLACK
6
CONTINUOUS
10
0.6288399606299212
20
1.0717713779527558
11
0.6288399606299212
21
1.0669241338582678
0
LINE
8
BLACK
6
CONTINUOUS
10
0.7479102362204724
20
1.0754416535433071
11
0.7485399606299212
21
1.0739213779527559
0
LINE
8
BLACK
6
CONTINUOUS
10
0.7485399606299212
20
1.0739213779527559
11
0.7479102362204724
21
1.0724011023622047
0
LINE
8
BLACK
6
CONTINUOUS
10
0.7479102362204724
20
1.0724011023622047
11
0.7463899606299212
21
1.0717713779527558
0
LINE
8
BLACK
6
CONTINUOUS
10
0.7463899606299212
20
1.0717713779527558
11
0.7391590157480314
21
1.0717713779527558
0
LINE
8
BLACK
6
CONTINUOUS
10
0.7391590157480314
20
1.0717713779527558
11
0.7391590157480314
21
1.0703502755905512
0
LINE
8
BLACK
6
CONTINUOUS
10
0.7391590157480314
20
1.0703502755905512
11
0.7476229133858268
21
1.064425590551181
0
LINE
8
BLACK
6
CONTINUOUS
10
0.7476229133858268
20
1.064425590551181
11
0.7485072440944882
21
1.063037874015748
0
LINE
8
BLACK
6
CONTINUOUS
10
0.7485072440944882
20
1.063037874015748
11
0.7481512992125984
21
1.0614312992125985
0
LINE
8
BLACK
6
CONTINUOUS
10
0.7481512992125984
20
1.0614312992125985
11
0.7467636220472441
21
1.060546968503937
0
LINE
8
BLACK
6
CONTINUOUS
10
0.7467636220472441
20
1.060546968503937
11
0.7451570078740157
21
1.0609029133858268
0
LINE
8
BLACK
6
CONTINUOUS
10
0.7451570078740157
20
1.0609029133858268
11
0.7388598818897638
21
1.0653108661417323
0
LINE
8
BLACK
6
CONTINUOUS
10
0.7388598818897638
20
1.0653108661417323
11
0.7379938976377952
21
1.0635788976377953
0
LINE
8
BLACK
6
CONTINUOUS
10
0.7379938976377952
20
1.0635788976377953
11
0.7377265748031496
21
1.0633470472440945
0
LINE
8
BLACK
6
CONTINUOUS
10
0.7377265748031496
20
1.0633470472440945
11
0.7375911811023622
21
1.0630201574803149
0
LINE
8
BLACK
6
CONTINUOUS
10
0.7375911811023622
20
1.0630201574803149
11
0.7366531102362205
21
1.0620820866141731
0
LINE
8
BLACK
6
CONTINUOUS
10
0.7366531102362205
20
1.0620820866141731
11
0.7363261811023621
21
1.0619466535433071
0
LINE
8
BLACK
6
CONTINUOUS
10
0.7363261811023621
20
1.0619466535433071
11
0.7360943307086614
21
1.0616793307086614
0
LINE
8
BLACK
6
CONTINUOUS
10
0.7360943307086614
20
1.0616793307086614
11
0.7342181102362204
21
1.0607412204724409
0
LINE
8
BLACK
6
CONTINUOUS
10
0.7342181102362204
20
1.0607412204724409
11
0.7337189370078741
21
1.0607057480314961
0
LINE
8
BLACK
6
CONTINUOUS
10
0.7337189370078741
20
1.0607057480314961
11
0.7332566141732283
21
1.060514251968504
0
LINE
8
BLACK
6
CONTINUOUS
10
0.7332566141732283
20
1.060514251968504
11
0.7304423622047244
21
1.060514251968504
0
LINE
8
BLACK
6
CONTINUOUS
10
0.7304423622047244
20
1.060514251968504
11
0.72998
21
1.0607057480314961
0
LINE
8
BLACK
6
CONTINUOUS
10
0.72998
20
1.0607057480314961
11
0.7294808661417322
21
1.0607412204724409
0
LINE
8
BLACK
6
CONTINUOUS
10
0.7294808661417322
20
1.0607412204724409
11
0.7276046456692913
21
1.0616793307086614
0
LINE
8
BLACK
6
CONTINUOUS
10
0.7276046456692913
20
1.0616793307086614
11
0.7273727559055118
21
1.0619466535433071
0
LINE
8
BLACK
6
CONTINUOUS
10
0.7273727559055118
20
1.0619466535433071
11
0.7270458661417323
21
1.0620820866141731
0
LINE
8
BLACK
6
CONTINUOUS
10
0.7270458661417323
20
1.0620820866141731
11
0.7261077952755906
21
1.0630201574803149
0
LINE
8
BLACK
6
CONTINUOUS
10
0.7261077952755906
20
1.0630201574803149
11
0.7259723622047244
21
1.0633470078740157
0
LINE
8
BLACK
6
CONTINUOUS
10
0.7259723622047244
20
1.0633470078740157
11
0.7257050393700787
21
1.0635788976377953
0
LINE
8
BLACK
6
CONTINUOUS
10
0.7257050393700787
20
1.0635788976377953
11
0.724766968503937
21
1.0654550787401575
0
LINE
8
BLACK
6
CONTINUOUS
10
0.724766968503937
20
1.0654550787401575
11
0.7247314566929134
21
1.0659542125984252
0
LINE
8
BLACK
6
CONTINUOUS
10
0.7247314566929134
20
1.0659542125984252
11
0.7245399606299212
21
1.0664166141732283
0
LINE
8
BLACK
6
CONTINUOUS
10
0.7245399606299212
20
1.0664166141732283
11
0.7245399606299212
21
1.0739213779527559
0
LINE
8
BLACK
6
CONTINUOUS
10
0.7245399606299212
20
1.0739213779527559
11
0.7251696850393701
21
1.0754416535433071
0
LINE
8
BLACK
6
CONTINUOUS
10
0.7251696850393701
20
1.0754416535433071
11
0.7266899606299212
21
1.076071377952756
0
LINE
8
BLACK
6
CONTINUOUS
10
0.7266899606299212
20
1.076071377952756
11
0.7463899606299212
21
1.076071377952756
0
LINE
8
BLACK
6
CONTINUOUS
10
0.7463899606299212
20
1.076071377952756
11
0.7479102362204724
21
1.0754416535433071
0
LINE
8
BLACK
6
CONTINUOUS
10
0.7288399606299213
20
1.0669241338582678
11
0.729395
21
1.0658140157480314
0
LINE
8
BLACK
6
CONTINUOUS
10
0.729395
20
1.0658140157480314
11
0.72983968503937
21
1.0653693700787401
0
LINE
8
BLACK
6
CONTINUOUS
10
0.72983968503937
20
1.0653693700787401
11
0.7309499212598425
21
1.064814251968504
0
LINE
8
BLACK
6
CONTINUOUS
10
0.7309499212598425
20
1.064814251968504
11
0.7327490551181102
21
1.064814251968504
0
LINE
8
BLACK
6
CONTINUOUS
10
0.7327490551181102
20
1.064814251968504
11
0.7338592913385826
21
1.0653693700787401
0
LINE
8
BLACK
6
CONTINUOUS
10
0.7338592913385826
20
1.0653693700787401
11
0.7343038976377952
21
1.0658139763779528
0
LINE
8
BLACK
6
CONTINUOUS
10
0.7343038976377952
20
1.0658139763779528
11
0.7348590157480315
21
1.0669241732283465
0
LINE
8
BLACK
6
CONTINUOUS
10
0.7348590157480315
20
1.0669241732283465
11
0.7348590157480315
21
1.0717713779527558
0
LINE
8
BLACK
6
CONTINUOUS
10
0.7348590157480315
20
1.0717713779527558
11
0.7288399606299213
21
1.0717713779527558
0
LINE
8
BLACK
6
CONTINUOUS
10
0.7288399606299213
20
1.0717713779527558
11
0.7288399606299213
21
1.0669241338582678
0
LINE
8
BLACK
6
CONTINUOUS
10
0.8479102362204725
20
1.0754416535433071
11
0.8485399606299212
21
1.0739213779527559
0
LINE
8
BLACK
6
CONTINUOUS
10
0.8485399606299212
20
1.0739213779527559
11
0.8479102362204725
21
1.0724011023622047
0
LINE
8
BLACK
6
CONTINUOUS
10
0.8479102362204725
20
1.0724011023622047
11
0.8463899606299212
21
1.0717713779527558
0
LINE
8
BLACK
6
CONTINUOUS
10
0.8463899606299212
20
1.0717713779527558
11
0.8391590157480314
21
1.0717713779527558
0
LINE
8
BLACK
6
CONTINUOUS
10
0.8391590157480314
20
1.0717713779527558
11
0.8391590157480314
21
1.0703502755905512
0
LINE
8
BLACK
6
CONTINUOUS
10
0.8391590157480314
20
1.0703502755905512
11
0.8476229133858267
21
1.064425590551181
0
LINE
8
BLACK
6
CONTINUOUS
10
0.8476229133858267
20
1.064425590551181
11
0.8485072440944882
21
1.063037874015748
0
LINE
8
BLACK
6
CONTINUOUS
10
0.8485072440944882
20
1.063037874015748
11
0.8481512992125984
21
1.0614312992125985
0
LINE
8
BLACK
6
CONTINUOUS
10
0.8481512992125984
20
1.0614312992125985
11
0.8467636220472441
21
1.060546968503937
0
LINE
8
BLACK
6
CONTINUOUS
10
0.8467636220472441
20
1.060546968503937
11
0.8451570078740157
21
1.0609029133858268
0
LINE
8
BLACK
6
CONTINUOUS
10
0.8451570078740157
20
1.0609029133858268
11
0.8388598818897638
21
1.0653108661417323
0
LINE
8
BLACK
6
CONTINUOUS
10
0.8388598818897638
20
1.0653108661417323
11
0.8379938976377953
21
1.0635788976377953
0
LINE
8
BLACK
6
CONTINUOUS
10
0.8379938976377953
20
1.0635788976377953
11
0.8377265748031496
21
1.0633470472440945
0
LINE
8
BLACK
6
CONTINUOUS
10
0.8377265748031496
20
1.0633470472440945
11
0.8375911811023622
21
1.0630201574803149
0
LINE
8
BLACK
6
CONTINUOUS
10
0.8375911811023622
20
1.0630201574803149
11
0.8366531102362205
21
1.0620820866141731
0
LINE
8
BLACK
6
CONTINUOUS
10
0.8366531102362205
20
1.0620820866141731
11
0.8363261811023622
21
1.0619466535433071
0
LINE
8
BLACK
6
CONTINUOUS
10
0.8363261811023622
20
1.0619466535433071
11
0.8360943307086613
21
1.0616793307086614
0
LINE
8
BLACK
6
CONTINUOUS
10
0.8360943307086613
20
1.0616793307086614
11
0.8342181102362205
21
1.0607412204724409
0
LINE
8
BLACK
6
CONTINUOUS
10
0.8342181102362205
20
1.0607412204724409
11
0.833718937007874
21
1.0607057480314961
0
LINE
8
BLACK
6
CONTINUOUS
10
0.833718937007874
20
1.0607057480314961
11
0.8332566141732284
21
1.060514251968504
0
LINE
8
BLACK
6
CONTINUOUS
10
0.8332566141732284
20
1.060514251968504
11
0.8304423622047243
21
1.060514251968504
0
LINE
8
BLACK
6
CONTINUOUS
10
0.8304423622047243
20
1.060514251968504
11
0.8299799999999999
21
1.0607057480314961
0
LINE
8
BLACK
6
CONTINUOUS
10
0.8299799999999999
20
1.0607057480314961
11
0.8294808661417322
21
1.0607412204724409
0
LINE
8
BLACK
6
CONTINUOUS
10
0.8294808661417322
20
1.0607412204724409
11
0.8276046456692914
21
1.0616793307086614
0
LINE
8
BLACK
6
CONTINUOUS
10
0.8276046456692914
20
1.0616793307086614
11
0.8273727559055118
21
1.0619466535433071
0
LINE
8
BLACK
6
CONTINUOUS
10
0.8273727559055118
20
1.0619466535433071
11
0.8270458661417323
21
1.0620820866141731
0
LINE
8
BLACK
6
CONTINUOUS
10
0.8270458661417323
20
1.0620820866141731
11
0.8261077952755905
21
1.0630201574803149
0
LINE
8
BLACK
6
CONTINUOUS
10
0.8261077952755905
20
1.0630201574803149
11
0.8259723622047244
21
1.0633470078740157
0
LINE
8
BLACK
6
CONTINUOUS
10
0.8259723622047244
20
1.0633470078740157
11
0.8257050393700788
21
1.0635788976377953
0
LINE
8
BLACK
6
CONTINUOUS
10
0.8257050393700788
20
1.0635788976377953
11
0.8247669685039369
21
1.0654550787401575
0
LINE
8
BLACK
6
CONTINUOUS
10
0.8247669685039369
20
1.0654550787401575
11
0.8247314566929134
21
1.0659542125984252
0
LINE
8
BLACK
6
CONTINUOUS
10
0.8247314566929134
20
1.0659542125984252
11
0.8245399606299212
21
1.0664166141732283
0
LINE
8
BLACK
6
CONTINUOUS
10
0.8245399606299212
20
1.0664166141732283
11
0.8245399606299212
21
1.0739213779527559
0
LINE
8
BLACK
6
CONTINUOUS
10
0.8245399606299212
20
1.0739213779527559
11
0.82516968503937
21
1.0754416535433071
0
LINE
8
BLACK
6
CONTINUOUS
10
0.82516968503937
20
1.0754416535433071
11
0.8266899606299213
21
1.076071377952756
0
LINE
8
BLACK
6
CONTINUOUS
10
0.8266899606299213
20
1.076071377952756
11
0.8463899606299212
21
1.076071377952756
0
LINE
8
BLACK
6
CONTINUOUS
10
0.8463899606299212
20
1.076071377952756
11
0.8479102362204725
21
1.0754416535433071
0
LINE
8
BLACK
6
CONTINUOUS
10
0.8288399606299213
20
1.0669241338582678
11
0.829395
21
1.0658140157480314
0
LINE
8
BLACK
6
CONTINUOUS
10
0.829395
20
1.0658140157480314
11
0.8298396850393701
21
1.0653693700787401
0
LINE
8
BLACK
6
CONTINUOUS
10
0.8298396850393701
20
1.0653693700787401
11
0.8309499212598425
21
1.064814251968504
0
LINE
8
BLACK
6
CONTINUOUS
10
0.8309499212598425
20
1.064814251968504
11
0.8327490551181103
21
1.064814251968504
0
LINE
8
BLACK
6
CONTINUOUS
10
0.8327490551181103
20
1.064814251968504
11
0.8338592913385826
21
1.0653693700787401
0
LINE
8
BLACK
6
CONTINUOUS
10
0.8338592913385826
20
1.0653693700787401
11
0.8343038976377952
21
1.0658139763779528
0
LINE
8
BLACK
6
CONTINUOUS
10
0.8343038976377952
20
1.0658139763779528
11
0.8348590157480315
21
1.0669241732283465
0
LINE
8
BLACK
6
CONTINUOUS
10
0.8348590157480315
20
1.0669241732283465
11
0.8348590157480315
21
1.0717713779527558
0
LINE
8
BLACK
6
CONTINUOUS
10
0.8348590157480315
20
1.0717713779527558
11
0.8288399606299213
21
1.0717713779527558
0
LINE
8
BLACK
6
CONTINUOUS
10
0.8288399606299213
20
1.0717713779527558
11
0.8288399606299213
21
1.0669241338582678
0
LINE
8
BLACK
6
CONTINUOUS
10
0.4843332677165354
20
1.1204337401574802
11
0.4862617322834645
21
1.1180154724409448
0
LINE
8
BLACK
6
CONTINUOUS
10
0.4862617322834645
20
1.1180154724409448
11
0.48695
21
1.115
0
LINE
8
BLACK
6
CONTINUOUS
10
0.48695
20
1.115
11
0.4862617322834645
21
1.1119845275590552
0
LINE
8
BLACK
6
CONTINUOUS
10
0.4862617322834645
20
1.1119845275590552
11
0.4843332677165354
21
1.1095662598425196
0
LINE
8
BLACK
6
CONTINUOUS
10
0.4843332677165354
20
1.1095662598425196
11
0.48195
21
1.1084185433070866
0
LINE
8
BLACK
6
CONTINUOUS
10
0.48195
20
1.1084185433070866
11
0.48195
21
1.0700000000000001
0
LINE
8
BLACK
6
CONTINUOUS
10
0.48195
20
1.0700000000000001
11
0.4813788582677165
21
1.0686211417322835
0
LINE
8
BLACK
6
CONTINUOUS
10
0.4813788582677165
20
1.0686211417322835
11
0.48
21
1.0680499999999999
0
LINE
8
BLACK
6
CONTINUOUS
10
0.48
20
1.0680499999999999
11
0.4786211417322834
21
1.0686211417322835
0
LINE
8
BLACK
6
CONTINUOUS
10
0.4786211417322834
20
1.0686211417322835
11
0.47805
21
1.0700000000000001
0
LINE
8
BLACK
6
CONTINUOUS
10
0.47805
20
1.0700000000000001
11
0.47805
21
1.10805
0
LINE
8
BLACK
6
CONTINUOUS
10
0.47805
20
1.10805
11
0.42195
21
1.10805
0
LINE
8
BLACK
6
CONTINUOUS
10
0.42195
20
1.10805
11
0.42195
21
1.0700000000000001
0
LINE
8
BLACK
6
CONTINUOUS
10
0.42195
20
1.0700000000000001
11
0.4213788582677165
21
1.0686211417322835
0
LINE
8
BLACK
6
CONTINUOUS
10
0.4213788582677165
20
1.0686211417322835
11
0.42
21
1.0680499999999999
0
LINE
8
BLACK
6
CONTINUOUS
10
0.42
20
1.0680499999999999
11
0.4186211417322834
21
1.0686211417322835
0
LINE
8
BLACK
6
CONTINUOUS
10
0.4186211417322834
20
1.0686211417322835
11
0.41805
21
1.0700000000000001
0
LINE
8
BLACK
6
CONTINUOUS
10
0.41805
20
1.0700000000000001
11
0.41805
21
1.1099999999999999
0
LINE
8
BLACK
6
CONTINUOUS
10
0.41805
20
1.1099999999999999
11
0.4186211417322834
21
1.1113788582677164
0
LINE
8
BLACK
6
CONTINUOUS
10
0.4186211417322834
20
1.1113788582677164
11
0.42
21
1.11195
0
LINE
8
BLACK
6
CONTINUOUS
10
0.42
20
1.11195
11
0.4737657874015748
21
1.11195
0
LINE
8
BLACK
6
CONTINUOUS
10
0.4737657874015748
20
1.11195
11
0.4737382677165354
21
1.1119845275590552
0
LINE
8
BLACK
6
CONTINUOUS
10
0.4737382677165354
20
1.1119845275590552
11
0.47305
21
1.115
0
LINE
8
BLACK
6
CONTINUOUS
10
0.47305
20
1.115
11
0.4737382677165354
21
1.1180154724409448
0
LINE
8
BLACK
6
CONTINUOUS
10
0.4737382677165354
20
1.1180154724409448
11
0.4756667322834646
21
1.1204337401574802
0
LINE
8
BLACK
6
CONTINUOUS
10
0.4756667322834646
20
1.1204337401574802
11
0.4784534645669291
21
1.121775748031496
0
LINE
8
BLACK
6
CONTINUOUS
10
0.4784534645669291
20
1.121775748031496
11
0.4815465354330709
21
1.121775748031496
0
LINE
8
BLACK
6
CONTINUOUS
10
0.4815465354330709
20
1.121775748031496
11
0.4843332677165354
21
1.1204337401574802
0
LINE
8
BLACK
6
CONTINUOUS
10
0.4774055118110236
20
1.1131150000000001
11
0.4790089763779528
21
1.11195
0
LINE
8
BLACK
6
CONTINUOUS
10
0.4790089763779528
20
1.11195
11
0.4809910236220472
21
1.11195
0
LINE
8
BLACK
6
CONTINUOUS
10
0.4809910236220472
20
1.11195
11
0.4825944881889764
21
1.1131150000000001
0
LINE
8
BLACK
6
CONTINUOUS
10
0.4825944881889764
20
1.1131150000000001
11
0.483206968503937
21
1.115
0
LINE
8
BLACK
6
CONTINUOUS
10
0.483206968503937
20
1.115
11
0.4825944881889764
21
1.1168849999999999
0
LINE
8
BLACK
6
CONTINUOUS
10
0.4825944881889764
20
1.1168849999999999
11
0.4809910236220472
21
1.11805
0
LINE
8
BLACK
6
CONTINUOUS
10
0.4809910236220472
20
1.11805
11
0.4790089763779528
21
1.11805
0
LINE
8
BLACK
6
CONTINUOUS
10
0.4790089763779528
20
1.11805
11
0.4774055118110236
21
1.1168849999999999
0
LINE
8
BLACK
6
CONTINUOUS
10
0.4774055118110236
20
1.1168849999999999
11
0.476793031496063
21
1.115
0
LINE
8
BLACK
6
CONTINUOUS
10
0.476793031496063
20
1.115
11
0.4774055118110236
21
1.1131150000000001
0
LINE
8
BLACK
6
CONTINUOUS
10
0.5843332677165354
20
1.1204337401574802
11
0.5862617322834646
21
1.1180154724409448
0
LINE
8
BLACK
6
CONTINUOUS
10
0.5862617322834646
20
1.1180154724409448
11
0.58695
21
1.115
0
LINE
8
BLACK
6
CONTINUOUS
10
0.58695
20
1.115
11
0.5862617322834646
21
1.1119845275590552
0
LINE
8
BLACK
6
CONTINUOUS
10
0.5862617322834646
20
1.1119845275590552
11
0.5843332677165354
21
1.1095662598425196
0
LINE
8
BLACK
6
CONTINUOUS
10
0.5843332677165354
20
1.1095662598425196
11
0.58195
21
1.1084185433070866
0
LINE
8
BLACK
6
CONTINUOUS
10
0.58195
20
1.1084185433070866
11
0.58195
21
1.0700000000000001
0
LINE
8
BLACK
6
CONTINUOUS
10
0.58195
20
1.0700000000000001
11
0.5813788582677165
21
1.0686211417322835
0
LINE
8
BLACK
6
CONTINUOUS
10
0.5813788582677165
20
1.0686211417322835
11
0.58
21
1.0680499999999999
0
LINE
8
BLACK
6
CONTINUOUS
10
0.58
20
1.0680499999999999
11
0.5786211417322834
21
1.0686211417322835
0
LINE
8
BLACK
6
CONTINUOUS
10
0.5786211417322834
20
1.0686211417322835
11
0.57805
21
1.0700000000000001
0
LINE
8
BLACK
6
CONTINUOUS
10
0.57805
20
1.0700000000000001
11
0.57805
21
1.10805
0
LINE
8
BLACK
6
CONTINUOUS
10
0.57805
20
1.10805
11
0.52195
21
1.10805
0
LINE
8
BLACK
6
CONTINUOUS
10
0.52195
20
1.10805
11
0.52195
21
1.0700000000000001
0
LINE
8
BLACK
6
CONTINUOUS
10
0.52195
20
1.0700000000000001
11
0.5213788582677166
21
1.0686211417322835
0
LINE
8
BLACK
6
CONTINUOUS
10
0.5213788582677166
20
1.0686211417322835
11
0.52
21
1.0680499999999999
0
LINE
8
BLACK
6
CONTINUOUS
10
0.52
20
1.0680499999999999
11
0.5186211417322835
21
1.0686211417322835
0
LINE
8
BLACK
6
CONTINUOUS
10
0.5186211417322835
20
1.0686211417322835
11
0.51805
21
1.0700000000000001
0
LINE
8
BLACK
6
CONTINUOUS
10
0.51805
20
1.0700000000000001
11
0.51805
21
1.1099999999999999
0
LINE
8
BLACK
6
CONTINUOUS
10
0.51805
20
1.1099999999999999
11
0.5186211417322835
21
1.1113788582677164
0
LINE
8
BLACK
6
CONTINUOUS
10
0.5186211417322835
20
1.1113788582677164
11
0.52
21
1.11195
0
LINE
8
BLACK
6
CONTINUOUS
10
0.52
20
1.11195
11
0.5737657874015748
21
1.11195
0
LINE
8
BLACK
6
CONTINUOUS
10
0.5737657874015748
20
1.11195
11
0.5737382677165355
21
1.1119845275590552
0
LINE
8
BLACK
6
CONTINUOUS
10
0.5737382677165355
20
1.1119845275590552
11
0.5730499999999999
21
1.115
0
LINE
8
BLACK
6
CONTINUOUS
10
0.5730499999999999
20
1.115
11
0.5737382677165355
21
1.1180154724409448
0
LINE
8
BLACK
6
CONTINUOUS
10
0.5737382677165355
20
1.1180154724409448
11
0.5756667322834645
21
1.1204337401574802
0
LINE
8
BLACK
6
CONTINUOUS
10
0.5756667322834645
20
1.1204337401574802
11
0.5784534645669291
21
1.121775748031496
0
LINE
8
BLACK
6
CONTINUOUS
10
0.5784534645669291
20
1.121775748031496
11
0.5815465354330709
21
1.121775748031496
0
LINE
8
BLACK
6
CONTINUOUS
10
0.5815465354330709
20
1.121775748031496
11
0.5843332677165354
21
1.1204337401574802
0
LINE
8
BLACK
6
CONTINUOUS
10
0.5774055118110236
20
1.1131150000000001
11
0.5790089763779528
21
1.11195
0
LINE
8
BLACK
6
CONTINUOUS
10
0.5790089763779528
20
1.11195
11
0.5809910236220472
21
1.11195
0
LINE
8
BLACK
6
CONTINUOUS
10
0.5809910236220472
20
1.11195
11
0.5825944881889764
21
1.1131150000000001
0
LINE
8
BLACK
6
CONTINUOUS
10
0.5825944881889764
20
1.1131150000000001
11
0.5832069685039369
21
1.115
0
LINE
8
BLACK
6
CONTINUOUS
10
0.5832069685039369
20
1.115
11
0.5825944881889764
21
1.1168849999999999
0
LINE
8
BLACK
6
CONTINUOUS
10
0.5825944881889764
20
1.1168849999999999
11
0.5809910236220472
21
1.11805
0
LINE
8
BLACK
6
CONTINUOUS
10
0.5809910236220472
20
1.11805
11
0.5790089763779528
21
1.11805
0
LINE
8
BLACK
6
CONTINUOUS
10
0.5790089763779528
20
1.11805
11
0.5774055118110236
21
1.1168849999999999
0
LINE
8
BLACK
6
CONTINUOUS
10
0.5774055118110236
20
1.1168849999999999
11
0.576793031496063
21
1.115
0
LINE
8
BLACK
6
CONTINUOUS
10
0.576793031496063
20
1.115
11
0.5774055118110236
21
1.1131150000000001
0
LINE
8
BLACK
6
CONTINUOUS
10
0.6843332677165355
20
1.1204337401574802
11
0.6862617322834645
21
1.1180154724409448
0
LINE
8
BLACK
6
CONTINUOUS
10
0.6862617322834645
20
1.1180154724409448
11
0.6869499999999999
21
1.115
0
LINE
8
BLACK
6
CONTINUOUS
10
0.6869499999999999
20
1.115
11
0.6862617322834645
21
1.1119845275590552
0
LINE
8
BLACK
6
CONTINUOUS
10
0.6862617322834645
20
1.1119845275590552
11
0.6843332677165355
21
1.1095662598425196
0
LINE
8
BLACK
6
CONTINUOUS
10
0.6843332677165355
20
1.1095662598425196
11
0.6819499999999999
21
1.1084185433070866
0
LINE
8
BLACK
6
CONTINUOUS
10
0.6819499999999999
20
1.1084185433070866
11
0.6819499999999999
21
1.0700000000000001
0
LINE
8
BLACK
6
CONTINUOUS
10
0.6819499999999999
20
1.0700000000000001
11
0.6813788582677165
21
1.0686211417322835
0
LINE
8
BLACK
6
CONTINUOUS
10
0.6813788582677165
20
1.0686211417322835
11
0.6799999999999999
21
1.0680499999999999
0
LINE
8
BLACK
6
CONTINUOUS
10
0.6799999999999999
20
1.0680499999999999
11
0.6786211417322835
21
1.0686211417322835
0
LINE
8
BLACK
6
CONTINUOUS
10
0.6786211417322835
20
1.0686211417322835
11
0.6780499999999999
21
1.0700000000000001
0
LINE
8
BLACK
6
CONTINUOUS
10
0.6780499999999999
20
1.0700000000000001
11
0.6780499999999999
21
1.10805
0
LINE
8
BLACK
6
CONTINUOUS
10
0.6780499999999999
20
1.10805
11
0.62195
21
1.10805
0
LINE
8
BLACK
6
CONTINUOUS
10
0.62195
20
1.10805
11
0.62195
21
1.0700000000000001
0
LINE
8
BLACK
6
CONTINUOUS
10
0.62195
20
1.0700000000000001
11
0.6213788582677165
21
1.0686211417322835
0
LINE
8
BLACK
6
CONTINUOUS
10
0.6213788582677165
20
1.0686211417322835
11
0.62
21
1.0680499999999999
0
LINE
8
BLACK
6
CONTINUOUS
10
0.62
20
1.0680499999999999
11
0.6186211417322834
21
1.0686211417322835
0
LINE
8
BLACK
6
CONTINUOUS
10
0.6186211417322834
20
1.0686211417322835
11
0.61805
21
1.0700000000000001
0
LINE
8
BLACK
6
CONTINUOUS
10
0.61805
20
1.0700000000000001
11
0.61805
21
1.1099999999999999
0
LINE
8
BLACK
6
CONTINUOUS
10
0.61805
20
1.1099999999999999
11
0.6186211417322834
21
1.1113788582677164
0
LINE
8
BLACK
6
CONTINUOUS
10
0.6186211417322834
20
1.1113788582677164
11
0.62
21
1.11195
0
LINE
8
BLACK
6
CONTINUOUS
10
0.62
20
1.11195
11
0.6737657874015748
21
1.11195
0
LINE
8
BLACK
6
CONTINUOUS
10
0.6737657874015748
20
1.11195
11
0.6737382677165354
21
1.1119845275590552
0
LINE
8
BLACK
6
CONTINUOUS
10
0.6737382677165354
20
1.1119845275590552
11
0.67305
21
1.115
0
LINE
8
BLACK
6
CONTINUOUS
10
0.67305
20
1.115
11
0.6737382677165354
21
1.1180154724409448
0
LINE
8
BLACK
6
CONTINUOUS
10
0.6737382677165354
20
1.1180154724409448
11
0.6756667322834645
21
1.1204337401574802
0
LINE
8
BLACK
6
CONTINUOUS
10
0.6756667322834645
20
1.1204337401574802
11
0.6784534645669291
21
1.121775748031496
0
LINE
8
BLACK
6
CONTINUOUS
10
0.6784534645669291
20
1.121775748031496
11
0.6815465354330709
21
1.121775748031496
0
LINE
8
BLACK
6
CONTINUOUS
10
0.6815465354330709
20
1.121775748031496
11
0.6843332677165355
21
1.1204337401574802
0
LINE
8
BLACK
6
CONTINUOUS
10
0.6774055118110236
20
1.1131150000000001
11
0.6790089763779528
21
1.11195
0
LINE
8
BLACK
6
CONTINUOUS
10
0.6790089763779528
20
1.11195
11
0.6809910236220472
21
1.11195
0
LINE
8
BLACK
6
CONTINUOUS
10
0.6809910236220472
20
1.11195
11
0.6825944881889764
21
1.1131150000000001
0
LINE
8
BLACK
6
CONTINUOUS
10
0.6825944881889764
20
1.1131150000000001
11
0.683206968503937
21
1.115
0
LINE
8
BLACK
6
CONTINUOUS
10
0.683206968503937
20
1.115
11
0.6825944881889764
21
1.1168849999999999
0
LINE
8
BLACK
6
CONTINUOUS
10
0.6825944881889764
20
1.1168849999999999
11
0.6809910236220472
21
1.11805
0
LINE
8
BLACK
6
CONTINUOUS
10
0.6809910236220472
20
1.11805
11
0.6790089763779528
21
1.11805
0
LINE
8
BLACK
6
CONTINUOUS
10
0.6790089763779528
20
1.11805
11
0.6774055118110236
21
1.1168849999999999
0
LINE
8
BLACK
6
CONTINUOUS
10
0.6774055118110236
20
1.1168849999999999
11
0.676793031496063
21
1.115
0
LINE
8
BLACK
6
CONTINUOUS
10
0.676793031496063
20
1.115
11
0.6774055118110236
21
1.1131150000000001
0
LINE
8
BLACK
6
CONTINUOUS
10
0.7843332677165354
20
1.1204337401574802
11
0.7862617322834645
21
1.1180154724409448
0
LINE
8
BLACK
6
CONTINUOUS
10
0.7862617322834645
20
1.1180154724409448
11
0.7869499999999999
21
1.115
0
LINE
8
BLACK
6
CONTINUOUS
10
0.7869499999999999
20
1.115
11
0.7862617322834645
21
1.1119845275590552
0
LINE
8
BLACK
6
CONTINUOUS
10
0.7862617322834645
20
1.1119845275590552
11
0.7843332677165354
21
1.1095662598425196
0
LINE
8
BLACK
6
CONTINUOUS
10
0.7843332677165354
20
1.1095662598425196
11
0.78195
21
1.1084185433070866
0
LINE
8
BLACK
6
CONTINUOUS
10
0.78195
20
1.1084185433070866
11
0.78195
21
1.0700000000000001
0
LINE
8
BLACK
6
CONTINUOUS
10
0.78195
20
1.0700000000000001
11
0.7813788582677165
21
1.0686211417322835
0
LINE
8
BLACK
6
CONTINUOUS
10
0.7813788582677165
20
1.0686211417322835
11
0.78
21
1.0680499999999999
0
LINE
8
BLACK
6
CONTINUOUS
10
0.78
20
1.0680499999999999
11
0.7786211417322835
21
1.0686211417322835
0
LINE
8
BLACK
6
CONTINUOUS
10
0.7786211417322835
20
1.0686211417322835
11
0.77805
21
1.0700000000000001
0
LINE
8
BLACK
6
CONTINUOUS
10
0.77805
20
1.0700000000000001
11
0.77805
21
1.10805
0
LINE
8
BLACK
6
CONTINUOUS
10
0.77805
20
1.10805
11
0.72195
21
1.10805
0
LINE
8
BLACK
6
CONTINUOUS
10
0.72195
20
1.10805
11
0.72195
21
1.0700000000000001
0
LINE
8
BLACK
6
CONTINUOUS
10
0.72195
20
1.0700000000000001
11
0.7213788582677165
21
1.0686211417322835
0
LINE
8
BLACK
6
CONTINUOUS
10
0.7213788582677165
20
1.0686211417322835
11
0.72
21
1.0680499999999999
0
LINE
8
BLACK
6
CONTINUOUS
10
0.72
20
1.0680499999999999
11
0.7186211417322834
21
1.0686211417322835
0
LINE
8
BLACK
6
CONTINUOUS
10
0.7186211417322834
20
1.0686211417322835
11
0.71805
21
1.0700000000000001
0
LINE
8
BLACK
6
CONTINUOUS
10
0.71805
20
1.0700000000000001
11
0.71805
21
1.1099999999999999
0
LINE
8
BLACK
6
CONTINUOUS
10
0.71805
20
1.1099999999999999
11
0.7186211417322834
21
1.1113788582677164
0
LINE
8
BLACK
6
CONTINUOUS
10
0.7186211417322834
20
1.1113788582677164
11
0.72
21
1.11195
0
LINE
8
BLACK
6
CONTINUOUS
10
0.72
20
1.11195
11
0.7737657874015748
21
1.11195
0
LINE
8
BLACK
6
CONTINUOUS
10
0.7737657874015748
20
1.11195
11
0.7737382677165354
21
1.1119845275590552
0
LINE
8
BLACK
6
CONTINUOUS
10
0.7737382677165354
20
1.1119845275590552
11
0.77305
21
1.115
0
LINE
8
BLACK
6
CONTINUOUS
10
0.77305
20
1.115
11
0.7737382677165354
21
1.1180154724409448
0
LINE
8
BLACK
6
CONTINUOUS
10
0.7737382677165354
20
1.1180154724409448
11
0.7756667322834645
21
1.1204337401574802
0
LINE
8
BLACK
6
CONTINUOUS
10
0.7756667322834645
20
1.1204337401574802
11
0.7784534645669291
21
1.121775748031496
0
LINE
8
BLACK
6
CONTINUOUS
10
0.7784534645669291
20
1.121775748031496
11
0.7815465354330708
21
1.121775748031496
0
LINE
8
BLACK
6
CONTINUOUS
10
0.7815465354330708
20
1.121775748031496
11
0.7843332677165354
21
1.1204337401574802
0
LINE
8
BLACK
6
CONTINUOUS
10
0.7774055118110236
20
1.1131150000000001
11
0.7790089763779527
21
1.11195
0
LINE
8
BLACK
6
CONTINUOUS
10
0.7790089763779527
20
1.11195
11
0.7809910236220472
21
1.11195
0
LINE
8
BLACK
6
CONTINUOUS
10
0.7809910236220472
20
1.11195
11
0.7825944881889764
21
1.1131150000000001
0
LINE
8
BLACK
6
CONTINUOUS
10
0.7825944881889764
20
1.1131150000000001
11
0.783206968503937
21
1.115
0
LINE
8
BLACK
6
CONTINUOUS
10
0.783206968503937
20
1.115
11
0.7825944881889764
21
1.1168849999999999
0
LINE
8
BLACK
6
CONTINUOUS
10
0.7825944881889764
20
1.1168849999999999
11
0.7809910236220472
21
1.11805
0
LINE
8
BLACK
6
CONTINUOUS
10
0.7809910236220472
20
1.11805
11
0.7790089763779527
21
1.11805
0
LINE
8
BLACK
6
CONTINUOUS
10
0.7790089763779527
20
1.11805
11
0.7774055118110236
21
1.1168849999999999
0
LINE
8
BLACK
6
CONTINUOUS
10
0.7774055118110236
20
1.1168849999999999
11
0.7767930314960629
21
1.115
0
LINE
8
BLACK
6
CONTINUOUS
10
0.7767930314960629
20
1.115
11
0.7774055118110236
21
1.1131150000000001
0
LINE
8
BLACK
6
CONTINUOUS
10
0.8843332677165354
20
1.1204337401574802
11
0.8862617322834645
21
1.1180154724409448
0
LINE
8
BLACK
6
CONTINUOUS
10
0.8862617322834645
20
1.1180154724409448
11
0.88695
21
1.115
0
LINE
8
BLACK
6
CONTINUOUS
10
0.88695
20
1.115
11
0.8862617322834645
21
1.1119845275590552
0
LINE
8
BLACK
6
CONTINUOUS
10
0.8862617322834645
20
1.1119845275590552
11
0.8843332677165354
21
1.1095662598425196
0
LINE
8
BLACK
6
CONTINUOUS
10
0.8843332677165354
20
1.1095662598425196
11
0.88195
21
1.1084185433070866
0
LINE
8
BLACK
6
CONTINUOUS
10
0.88195
20
1.1084185433070866
11
0.88195
21
1.0700000000000001
0
LINE
8
BLACK
6
CONTINUOUS
10
0.88195
20
1.0700000000000001
11
0.8813788582677166
21
1.0686211417322835
0
LINE
8
BLACK
6
CONTINUOUS
10
0.8813788582677166
20
1.0686211417322835
11
0.88
21
1.0680499999999999
0
LINE
8
BLACK
6
CONTINUOUS
10
0.88
20
1.0680499999999999
11
0.8786211417322835
21
1.0686211417322835
0
LINE
8
BLACK
6
CONTINUOUS
10
0.8786211417322835
20
1.0686211417322835
11
0.87805
21
1.0700000000000001
0
LINE
8
BLACK
6
CONTINUOUS
10
0.87805
20
1.0700000000000001
11
0.87805
21
1.10805
0
LINE
8
BLACK
6
CONTINUOUS
10
0.87805
20
1.10805
11
0.82195
21
1.10805
0
LINE
8
BLACK
6
CONTINUOUS
10
0.82195
20
1.10805
11
0.82195
21
1.0700000000000001
0
LINE
8
BLACK
6
CONTINUOUS
10
0.82195
20
1.0700000000000001
11
0.8213788582677165
21
1.0686211417322835
0
LINE
8
BLACK
6
CONTINUOUS
10
0.8213788582677165
20
1.0686211417322835
11
0.82
21
1.0680499999999999
0
LINE
8
BLACK
6
CONTINUOUS
10
0.82
20
1.0680499999999999
11
0.8186211417322834
21
1.0686211417322835
0
LINE
8
BLACK
6
CONTINUOUS
10
0.8186211417322834
20
1.0686211417322835
11
0.8180499999999999
21
1.0700000000000001
0
LINE
8
BLACK
6
CONTINUOUS
10
0.8180499999999999
20
1.0700000000000001
11
0.8180499999999999
21
1.1099999999999999
0
LINE
8
BLACK
6
CONTINUOUS
10
0.8180499999999999
20
1.1099999999999999
11
0.8186211417322834
21
1.1113788582677164
0
LINE
8
BLACK
6
CONTINUOUS
10
0.8186211417322834
20
1.1113788582677164
11
0.82
21
1.11195
0
LINE
8
BLACK
6
CONTINUOUS
10
0.82
20
1.11195
11
0.8737657874015747
21
1.11195
0
LINE
8
BLACK
6
CONTINUOUS
10
0.8737657874015747
20
1.11195
11
0.8737382677165354
21
1.1119845275590552
0
LINE
8
BLACK
6
CONTINUOUS
10
0.8737382677165354
20
1.1119845275590552
11
0.87305
21
1.115
0
LINE
8
BLACK
6
CONTINUOUS
10
0.87305
20
1.115
11
0.8737382677165354
21
1.1180154724409448
0
LINE
8
BLACK
6
CONTINUOUS
10
0.8737382677165354
20
1.1180154724409448
11
0.8756667322834646
21
1.1204337401574802
0
LINE
8
BLACK
6
CONTINUOUS
10
0.8756667322834646
20
1.1204337401574802
11
0.8784534645669291
21
1.121775748031496
0
LINE
8
BLACK
6
CONTINUOUS
10
0.8784534645669291
20
1.121775748031496
11
0.8815465354330708
21
1.121775748031496
0
LINE
8
BLACK
6
CONTINUOUS
10
0.8815465354330708
20
1.121775748031496
11
0.8843332677165354
21
1.1204337401574802
0
LINE
8
BLACK
6
CONTINUOUS
10
0.8774055118110236
20
1.1131150000000001
11
0.8790089763779527
21
1.11195
0
LINE
8
BLACK
6
CONTINUOUS
10
0.8790089763779527
20
1.11195
11
0.8809910236220472
21
1.11195
0
LINE
8
BLACK
6
CONTINUOUS
10
0.8809910236220472
20
1.11195
11
0.8825944881889763
21
1.1131150000000001
0
LINE
8
BLACK
6
CONTINUOUS
10
0.8825944881889763
20
1.1131150000000001
11
0.883206968503937
21
1.115
0
LINE
8
BLACK
6
CONTINUOUS
10
0.883206968503937
20
1.115
11
0.8825944881889763
21
1.1168849999999999
0
LINE
8
BLACK
6
CONTINUOUS
10
0.8825944881889763
20
1.1168849999999999
11
0.8809910236220472
21
1.11805
0
LINE
8
BLACK
6
CONTINUOUS
10
0.8809910236220472
20
1.11805
11
0.8790089763779527
21
1.11805
0
LINE
8
BLACK
6
CONTINUOUS
10
0.8790089763779527
20
1.11805
11
0.8774055118110236
21
1.1168849999999999
0
LINE
8
BLACK
6
CONTINUOUS
10
0.8774055118110236
20
1.1168849999999999
11
0.876793031496063
21
1.115
0
LINE
8
BLACK
6
CONTINUOUS
10
0.876793031496063
20
1.115
11
0.8774055118110236
21
1.1131150000000001
0
LINE
8
BLACK
6
CONTINUOUS
10
0.9843332677165354
20
1.1204337401574802
11
0.9862617322834646
21
1.1180154724409448
0
LINE
8
BLACK
6
CONTINUOUS
10
0.9862617322834646
20
1.1180154724409448
11
0.98695
21
1.115
0
LINE
8
BLACK
6
CONTINUOUS
10
0.98695
20
1.115
11
0.9862617322834646
21
1.1119845275590552
0
LINE
8
BLACK
6
CONTINUOUS
10
0.9862617322834646
20
1.1119845275590552
11
0.9843332677165354
21
1.1095662598425196
0
LINE
8
BLACK
6
CONTINUOUS
10
0.9843332677165354
20
1.1095662598425196
11
0.98195
21
1.1084185433070866
0
LINE
8
BLACK
6
CONTINUOUS
10
0.98195
20
1.1084185433070866
11
0.98195
21
1.0700000000000001
0
LINE
8
BLACK
6
CONTINUOUS
10
0.98195
20
1.0700000000000001
11
0.9813788582677165
21
1.0686211417322835
0
LINE
8
BLACK
6
CONTINUOUS
10
0.9813788582677165
20
1.0686211417322835
11
0.98
21
1.0680499999999999
0
LINE
8
BLACK
6
CONTINUOUS
10
0.98
20
1.0680499999999999
11
0.9786211417322834
21
1.0686211417322835
0
LINE
8
BLACK
6
CONTINUOUS
10
0.9786211417322834
20
1.0686211417322835
11
0.97805
21
1.0700000000000001
0
LINE
8
BLACK
6
CONTINUOUS
10
0.97805
20
1.0700000000000001
11
0.97805
21
1.10805
0
LINE
8
BLACK
6
CONTINUOUS
10
0.97805
20
1.10805
11
0.9219499999999999
21
1.10805
0
LINE
8
BLACK
6
CONTINUOUS
10
0.9219499999999999
20
1.10805
11
0.9219499999999999
21
1.0700000000000001
0
LINE
8
BLACK
6
CONTINUOUS
10
0.9219499999999999
20
1.0700000000000001
11
0.9213788582677165
21
1.0686211417322835
0
LINE
8
BLACK
6
CONTINUOUS
10
0.9213788582677165
20
1.0686211417322835
11
0.9199999999999999
21
1.0680499999999999
0
LINE
8
BLACK
6
CONTINUOUS
10
0.9199999999999999
20
1.0680499999999999
11
0.9186211417322835
21
1.0686211417322835
0
LINE
8
BLACK
6
CONTINUOUS
10
0.9186211417322835
20
1.0686211417322835
11
0.91805
21
1.0700000000000001
0
LINE
8
BLACK
6
CONTINUOUS
10
0.91805
20
1.0700000000000001
11
0.91805
21
1.1099999999999999
0
LINE
8
BLACK
6
CONTINUOUS
10
0.91805
20
1.1099999999999999
11
0.9186211417322835
21
1.1113788582677164
0
LINE
8
BLACK
6
CONTINUOUS
10
0.9186211417322835
20
1.1113788582677164
11
0.9199999999999999
21
1.11195
0
LINE
8
BLACK
6
CONTINUOUS
10
0.9199999999999999
20
1.11195
11
0.9737657874015748
21
1.11195
0
LINE
8
BLACK
6
CONTINUOUS
10
0.9737657874015748
20
1.11195
11
0.9737382677165354
21
1.1119845275590552
0
LINE
8
BLACK
6
CONTINUOUS
10
0.9737382677165354
20
1.1119845275590552
11
0.97305
21
1.115
0
LINE
8
BLACK
6
CONTINUOUS
10
0.97305
20
1.115
11
0.9737382677165354
21
1.1180154724409448
0
LINE
8
BLACK
6
CONTINUOUS
10
0.9737382677165354
20
1.1180154724409448
11
0.9756667322834646
21
1.1204337401574802
0
LINE
8
BLACK
6
CONTINUOUS
10
0.9756667322834646
20
1.1204337401574802
11
0.9784534645669292
21
1.121775748031496
0
LINE
8
BLACK
6
CONTINUOUS
10
0.9784534645669292
20
1.121775748031496
11
0.9815465354330708
21
1.121775748031496
0
LINE
8
BLACK
6
CONTINUOUS
10
0.9815465354330708
20
1.121775748031496
11
0.9843332677165354
21
1.1204337401574802
0
LINE
8
BLACK
6
CONTINUOUS
10
0.9774055118110236
20
1.1131150000000001
11
0.9790089763779527
21
1.11195
0
LINE
8
BLACK
6
CONTINUOUS
10
0.9790089763779527
20
1.11195
11
0.9809910236220473
21
1.11195
0
LINE
8
BLACK
6
CONTINUOUS
10
0.9809910236220473
20
1.11195
11
0.9825944881889763
21
1.1131150000000001
0
LINE
8
BLACK
6
CONTINUOUS
10
0.9825944881889763
20
1.1131150000000001
11
0.983206968503937
21
1.115
0
LINE
8
BLACK
6
CONTINUOUS
10
0.983206968503937
20
1.115
11
0.9825944881889763
21
1.1168849999999999
0
LINE
8
BLACK
6
CONTINUOUS
10
0.9825944881889763
20
1.1168849999999999
11
0.9809910236220473
21
1.11805
0
LINE
8
BLACK
6
CONTINUOUS
10
0.9809910236220473
20
1.11805
11
0.9790089763779527
21
1.11805
0
LINE
8
BLACK
6
CONTINUOUS
10
0.9790089763779527
20
1.11805
11
0.9774055118110236
21
1.1168849999999999
0
LINE
8
BLACK
6
CONTINUOUS
10
0.9774055118110236
20
1.1168849999999999
11
0.976793031496063
21
1.115
0
LINE
8
BLACK
6
CONTINUOUS
10
0.976793031496063
20
1.115
11
0.9774055118110236
21
1.1131150000000001
0
LINE
8
BLACK
6
CONTINUOUS
10
1.0843332677165354
20
1.1204337401574802
11
1.0862617322834645
21
1.1180154724409448
0
LINE
8
BLACK
6
CONTINUOUS
10
1.0862617322834645
20
1.1180154724409448
11
1.0869500000000001
21
1.115
0
LINE
8
BLACK
6
CONTINUOUS
10
1.0869500000000001
20
1.115
11
1.0862617322834645
21
1.1119845275590552
0
LINE
8
BLACK
6
CONTINUOUS
10
1.0862617322834645
20
1.1119845275590552
11
1.0843332677165354
21
1.1095662598425196
0
LINE
8
BLACK
6
CONTINUOUS
10
1.0843332677165354
20
1.1095662598425196
11
1.08195
21
1.1084185433070866
0
LINE
8
BLACK
6
CONTINUOUS
10
1.08195
20
1.1084185433070866
11
1.08195
21
1.0700000000000001
0
LINE
8
BLACK
6
CONTINUOUS
10
1.08195
20
1.0700000000000001
11
1.0813788582677164
21
1.0686211417322835
0
LINE
8
BLACK
6
CONTINUOUS
10
1.0813788582677164
20
1.0686211417322835
11
1.0800000000000001
21
1.0680499999999999
0
LINE
8
BLACK
6
CONTINUOUS
10
1.0800000000000001
20
1.0680499999999999
11
1.0786211417322835
21
1.0686211417322835
0
LINE
8
BLACK
6
CONTINUOUS
10
1.0786211417322835
20
1.0686211417322835
11
1.07805
21
1.0700000000000001
0
LINE
8
BLACK
6
CONTINUOUS
10
1.07805
20
1.0700000000000001
11
1.07805
21
1.10805
0
LINE
8
BLACK
6
CONTINUOUS
10
1.07805
20
1.10805
11
1.0219499999999999
21
1.10805
0
LINE
8
BLACK
6
CONTINUOUS
10
1.0219499999999999
20
1.10805
11
1.0219499999999999
21
1.0700000000000001
0
LINE
8
BLACK
6
CONTINUOUS
10
1.0219499999999999
20
1.0700000000000001
11
1.0213788582677166
21
1.0686211417322835
0
LINE
8
BLACK
6
CONTINUOUS
10
1.0213788582677166
20
1.0686211417322835
11
1.02
21
1.0680499999999999
0
LINE
8
BLACK
6
CONTINUOUS
10
1.02
20
1.0680499999999999
11
1.0186211417322835
21
1.0686211417322835
0
LINE
8
BLACK
6
CONTINUOUS
10
1.0186211417322835
20
1.0686211417322835
11
1.0180499999999999
21
1.0700000000000001
0
LINE
8
BLACK
6
CONTINUOUS
10
1.0180499999999999
20
1.0700000000000001
11
1.0180499999999999
21
1.1099999999999999
0
LINE
8
BLACK
6
CONTINUOUS
10
1.0180499999999999
20
1.1099999999999999
11
1.0186211417322835
21
1.1113788582677164
0
LINE
8
BLACK
6
CONTINUOUS
10
1.0186211417322835
20
1.1113788582677164
11
1.02
21
1.11195
0
LINE
8
BLACK
6
CONTINUOUS
10
1.02
20
1.11195
11
1.0737657874015747
21
1.11195
0
LINE
8
BLACK
6
CONTINUOUS
10
1.0737657874015747
20
1.11195
11
1.0737382677165355
21
1.1119845275590552
0
LINE
8
BLACK
6
CONTINUOUS
10
1.0737382677165355
20
1.1119845275590552
11
1.0730500000000001
21
1.115
0
LINE
8
BLACK
6
CONTINUOUS
10
1.0730500000000001
20
1.115
11
1.0737382677165355
21
1.1180154724409448
0
LINE
8
BLACK
6
CONTINUOUS
10
1.0737382677165355
20
1.1180154724409448
11
1.0756667322834645
21
1.1204337401574802
0
LINE
8
BLACK
6
CONTINUOUS
10
1.0756667322834645
20
1.1204337401574802
11
1.078453464566929
21
1.121775748031496
0
LINE
8
BLACK
6
CONTINUOUS
10
1.078453464566929
20
1.121775748031496
11
1.0815465354330709
21
1.121775748031496
0
LINE
8
BLACK
6
CONTINUOUS
10
1.0815465354330709
20
1.121775748031496
11
1.0843332677165354
21
1.1204337401574802
0
LINE
8
BLACK
6
CONTINUOUS
10
1.0774055118110235
20
1.1131150000000001
11
1.0790089763779527
21
1.11195
0
LINE
8
BLACK
6
CONTINUOUS
10
1.0790089763779527
20
1.11195
11
1.0809910236220472
21
1.11195
0
LINE
8
BLACK
6
CONTINUOUS
10
1.0809910236220472
20
1.11195
11
1.0825944881889764
21
1.1131150000000001
0
LINE
8
BLACK
6
CONTINUOUS
10
1.0825944881889764
20
1.1131150000000001
11
1.0832069685039369
21
1.115
0
LINE
8
BLACK
6
CONTINUOUS
10
1.0832069685039369
20
1.115
11
1.0825944881889764
21
1.1168849999999999
0
LINE
8
BLACK
6
CONTINUOUS
10
1.0825944881889764
20
1.1168849999999999
11
1.0809910236220472
21
1.11805
0
LINE
8
BLACK
6
CONTINUOUS
10
1.0809910236220472
20
1.11805
11
1.0790089763779527
21
1.11805
0
LINE
8
BLACK
6
CONTINUOUS
10
1.0790089763779527
20
1.11805
11
1.0774055118110235
21
1.1168849999999999
0
LINE
8
BLACK
6
CONTINUOUS
10
1.0774055118110235
20
1.1168849999999999
11
1.076793031496063
21
1.115
0
LINE
8
BLACK
6
CONTINUOUS
10
1.076793031496063
20
1.115
11
1.0774055118110235
21
1.1131150000000001
0
LINE
8
BLACK
6
CONTINUOUS
10
1.1843332677165355
20
1.1204337401574802
11
1.1862617322834645
21
1.1180154724409448
0
LINE
8
BLACK
6
CONTINUOUS
10
1.1862617322834645
20
1.1180154724409448
11
1.1869499999999999
21
1.115
0
LINE
8
BLACK
6
CONTINUOUS
10
1.1869499999999999
20
1.115
11
1.1862617322834645
21
1.1119845275590552
0
LINE
8
BLACK
6
CONTINUOUS
10
1.1862617322834645
20
1.1119845275590552
11
1.1843332677165355
21
1.1095662598425196
0
LINE
8
BLACK
6
CONTINUOUS
10
1.1843332677165355
20
1.1095662598425196
11
1.1819500000000001
21
1.1084185433070866
0
LINE
8
BLACK
6
CONTINUOUS
10
1.1819500000000001
20
1.1084185433070866
11
1.1819500000000001
21
1.0700000000000001
0
LINE
8
BLACK
6
CONTINUOUS
10
1.1819500000000001
20
1.0700000000000001
11
1.1813788582677165
21
1.0686211417322835
0
LINE
8
BLACK
6
CONTINUOUS
10
1.1813788582677165
20
1.0686211417322835
11
1.1799999999999999
21
1.0680499999999999
0
LINE
8
BLACK
6
CONTINUOUS
10
1.1799999999999999
20
1.0680499999999999
11
1.1786211417322834
21
1.0686211417322835
0
LINE
8
BLACK
6
CONTINUOUS
10
1.1786211417322834
20
1.0686211417322835
11
1.17805
21
1.0700000000000001
0
LINE
8
BLACK
6
CONTINUOUS
10
1.17805
20
1.0700000000000001
11
1.17805
21
1.10805
0
LINE
8
BLACK
6
CONTINUOUS
10
1.17805
20
1.10805
11
1.12195
21
1.10805
0
LINE
8
BLACK
6
CONTINUOUS
10
1.12195
20
1.10805
11
1.12195
21
1.0700000000000001
0
LINE
8
BLACK
6
CONTINUOUS
10
1.12195
20
1.0700000000000001
11
1.1213788582677164
21
1.0686211417322835
0
LINE
8
BLACK
6
CONTINUOUS
10
1.1213788582677164
20
1.0686211417322835
11
1.1199999999999999
21
1.0680499999999999
0
LINE
8
BLACK
6
CONTINUOUS
10
1.1199999999999999
20
1.0680499999999999
11
1.1186211417322833
21
1.0686211417322835
0
LINE
8
BLACK
6
CONTINUOUS
10
1.1186211417322833
20
1.0686211417322835
11
1.11805
21
1.0700000000000001
0
LINE
8
BLACK
6
CONTINUOUS
10
1.11805
20
1.0700000000000001
11
1.11805
21
1.1099999999999999
0
LINE
8
BLACK
6
CONTINUOUS
10
1.11805
20
1.1099999999999999
11
1.1186211417322833
21
1.1113788582677164
0
LINE
8
BLACK
6
CONTINUOUS
10
1.1186211417322833
20
1.1113788582677164
11
1.1199999999999999
21
1.11195
0
LINE
8
BLACK
6
CONTINUOUS
10
1.1199999999999999
20
1.11195
11
1.1737657874015748
21
1.11195
0
LINE
8
BLACK
6
CONTINUOUS
10
1.1737657874015748
20
1.11195
11
1.1737382677165353
21
1.1119845275590552
0
LINE
8
BLACK
6
CONTINUOUS
10
1.1737382677165353
20
1.1119845275590552
11
1.1730499999999999
21
1.115
0
LINE
8
BLACK
6
CONTINUOUS
10
1.1730499999999999
20
1.115
11
1.1737382677165353
21
1.1180154724409448
0
LINE
8
BLACK
6
CONTINUOUS
10
1.1737382677165353
20
1.1180154724409448
11
1.1756667322834646
21
1.1204337401574802
0
LINE
8
BLACK
6
CONTINUOUS
10
1.1756667322834646
20
1.1204337401574802
11
1.1784534645669291
21
1.121775748031496
0
LINE
8
BLACK
6
CONTINUOUS
10
1.1784534645669291
20
1.121775748031496
11
1.1815465354330708
21
1.121775748031496
0
LINE
8
BLACK
6
CONTINUOUS
10
1.1815465354330708
20
1.121775748031496
11
1.1843332677165355
21
1.1204337401574802
0
LINE
8
BLACK
6
CONTINUOUS
10
1.1774055118110236
20
1.1131150000000001
11
1.1790089763779528
21
1.11195
0
LINE
8
BLACK
6
CONTINUOUS
10
1.1790089763779528
20
1.11195
11
1.1809910236220471
21
1.11195
0
LINE
8
BLACK
6
CONTINUOUS
10
1.1809910236220471
20
1.11195
11
1.1825944881889763
21
1.1131150000000001
0
LINE
8
BLACK
6
CONTINUOUS
10
1.1825944881889763
20
1.1131150000000001
11
1.183206968503937
21
1.115
0
LINE
8
BLACK
6
CONTINUOUS
10
1.183206968503937
20
1.115
11
1.1825944881889763
21
1.1168849999999999
0
LINE
8
BLACK
6
CONTINUOUS
10
1.1825944881889763
20
1.1168849999999999
11
1.1809910236220471
21
1.11805
0
LINE
8
BLACK
6
CONTINUOUS
10
1.1809910236220471
20
1.11805
11
1.1790089763779528
21
1.11805
0
LINE
8
BLACK
6
CONTINUOUS
10
1.1790089763779528
20
1.11805
11
1.1774055118110236
21
1.1168849999999999
0
LINE
8
BLACK
6
CONTINUOUS
10
1.1774055118110236
20
1.1168849999999999
11
1.1767930314960631
21
1.115
0
LINE
8
BLACK
6
CONTINUOUS
10
1.1767930314960631
20
1.115
11
1.1774055118110236
21
1.1131150000000001
0
CIRCLE
8
BLACK
10
0.45
20
0.29
40
0.0068897637795276
0
CIRCLE
8
BLACK
10
0.45
20
0.39
40
0.0068897637795276
0
CIRCLE
8
BLACK
10
0.2
20
-0.2
40
0.0068897637795276
0
CIRCLE
8
BLACK
10
1.3999999999999999
20
1.
40
0.0068897637795276
0
CIRCLE
8
BLACK
10
0.1988188976377953
20
1.
40
0.0068897637795276
0
CIRCLE
8
BLACK
10
1.3999999999999999
20
-0.2
40
0.0068897637795276
0
CIRCLE
8
BLACK
10
1.45
20
0.5
40
0.0068897637795276
0
CIRCLE
8
BLACK
10
1.45
20
0.6
40
0.0068897637795276
0
CIRCLE
8
BLACK
10
1.45
20
0.7
40
0.0068897637795276
0
CIRCLE
8
BLACK
10
1.3499999999999999
20
0.7
40
0.0068897637795276
0
CIRCLE
8
BLACK
10
1.3499999999999999
20
0.6
40
0.0068897637795276
0
CIRCLE
8
BLACK
10
1.3499999999999999
20
0.5
40
0.0068897637795276
0
CIRCLE
8
BLACK
10
0.15
20
0.7
40
0.0068897637795276
0
CIRCLE
8
BLACK
10
0.15
20
0.6
40
0.0068897637795276
0
CIRCLE
8
BLACK
10
0.25
20
0.6
40
0.0068897637795276
0
CIRCLE
8
BLACK
10
0.25
20
0.7
40
0.0068897637795276
0
CIRCLE
8
BLACK
10
0.25
20
0.05
40
0.0068897637795276
0
CIRCLE
8
BLACK
10
0.25
20
0.15
40
0.0068897637795276
0
CIRCLE
8
BLACK
10
0.25
20
0.25
40
0.0068897637795276
0
CIRCLE
8
BLACK
10
0.25
20
0.35
40
0.0068897637795276
0
CIRCLE
8
BLACK
10
0.25
20
0.45
40
0.0068897637795276
0
CIRCLE
8
BLACK
10
0.15
20
0.45
40
0.0068897637795276
0
CIRCLE
8
BLACK
10
0.15
20
0.35
40
0.0068897637795276
0
CIRCLE
8
BLACK
10
0.15
20
0.25
40
0.0068897637795276
0
CIRCLE
8
BLACK
10
0.15
20
0.15
40
0.0068897637795276
0
CIRCLE
8
BLACK
10
0.15
20
0.05
40
0.0068897637795276
0
CIRCLE
8
BLACK
10
0.5499999999999999
20
0.39
40
0.0068897637795276
0
CIRCLE
8
BLACK
10
0.5499999999999999
20
0.29
40
0.0068897637795276
0
CIRCLE
8
BLACK
10
0.45
20
0.7999999999999999
40
0.0068897637795276
0
CIRCLE
8
BLACK
10
0.5499999999999999
20
0.7999999999999999
40
0.0068897637795276
0
CIRCLE
8
BLACK
10
0.65
20
0.7999999999999999
40
0.0068897637795276
0
CIRCLE
8
BLACK
10
0.75
20
0.7999999999999999
40
0.0068897637795276
0
CIRCLE
8
BLACK
10
0.85
20
0.7999999999999999
40
0.0068897637795276
0
CIRCLE
8
BLACK
10
0.95
20
0.7999999999999999
40
0.0068897637795276
0
CIRCLE
8
BLACK
10
1.05
20
0.7999999999999999
40
0.0068897637795276
0
CIRCLE
8
BLACK
10
1.1499999999999999
20
0.7999999999999999
40
0.0068897637795276
0
CIRCLE
8
BLACK
10
1.1499999999999999
20
0.9
40
0.0068897637795276
0
CIRCLE
8
BLACK
10
1.05
20
0.9
40
0.0068897637795276
0
CIRCLE
8
BLACK
10
0.95
20
0.9
40
0.0068897637795276
0
CIRCLE
8
BLACK
10
0.85
20
0.9
40
0.0068897637795276
0
CIRCLE
8
BLACK
10
0.75
20
0.9
40
0.0068897637795276
0
CIRCLE
8
BLACK
10
0.65
20
0.9
40
0.0068897637795276
0
CIRCLE
8
BLACK
10
0.5499999999999999
20
0.9
40
0.0068897637795276
0
CIRCLE
8
BLACK
10
0.45
20
0.9
40
0.0068897637795276
0
CIRCLE
8
BLACK
10
1.1499999999999999
20
0.
40
0.0068897637795276
0
CIRCLE
8
BLACK
10
1.05
20
0.
40
0.0068897637795276
0
CIRCLE
8
BLACK
10
0.95
20
0.
40
0.0068897637795276
0
CIRCLE
8
BLACK
10
0.85
20
0.
40
0.0068897637795276
0
CIRCLE
8
BLACK
10
0.75
20
0.
40
0.0068897637795276
0
CIRCLE
8
BLACK
10
0.65
20
0.
40
0.0068897637795276
0
CIRCLE
8
BLACK
10
0.5499999999999999
20
0.
40
0.0068897637795276
0
CIRCLE
8
BLACK
10
0.45
20
0.
40
0.0068897637795276
0
CIRCLE
8
BLACK
10
0.45
20
-0.1
40
0.0068897637795276
0
CIRCLE
8
BLACK
10
0.5499999999999999
20
-0.1
40
0.0068897637795276
0
CIRCLE
8
BLACK
10
0.65
20
-0.1
40
0.0068897637795276
0
CIRCLE
8
BLACK
10
0.75
20
-0.1
40
0.0068897637795276
0
CIRCLE
8
BLACK
10
0.85
20
-0.1
40
0.0068897637795276
0
CIRCLE
8
BLACK
10
0.95
20
-0.1
40
0.0068897637795276
0
CIRCLE
8
BLACK
10
1.05
20
-0.1
40
0.0068897637795276
0
CIRCLE
8
BLACK
10
1.1499999999999999
20
-0.1
40
0.0068897637795276
0
CIRCLE
8
BLACK
10
1.3049999999999999
20
0.245
40
0.0068897637795276
0
CIRCLE
8
BLACK
10
1.405
20
0.245
40
0.0068897637795276
0
CIRCLE
8
BLACK
10
1.405
20
0.145
40
0.0068897637795276
0
CIRCLE
8
BLACK
10
1.3049999999999999
20
0.145
40
0.0068897637795276
  0
ENDSEC
  0
EOF
